..........................FFFFFFFFFFFFFFFFFFFFFFFFFFFFFFFFFF............ [ 14%]
..F.........FFFFFFF.....................FFFFF........................... [ 29%]
................................FFFFFF.................................. [ 44%]
.........F...FF.F....................................................... [ 59%]
................................................FFFFFFFFFFFFFFFFFFFF.... [ 74%]
.................FFFFFFFFFFFFFFFFFFFFFFFFFFFFFFFFFF..FFFFFF......F...... [ 89%]
.......F.............FFFFFFFFFFFFFFFFF............                       [100%]
=================================== FAILURES ===================================
_____________ test_a_decision_does_not_supply_a_missing_tick_count _____________

    def test_a_decision_does_not_supply_a_missing_tick_count():
        with pytest.raises(RunShapeReadError) as raised:
>           evaluate(readings(ticks=None, resolved=True))
                     ^^^^^^^^^^^^^^^^^^^^^^^^^^^^^^^^^^^

tests/domain/test_escalation_ageing.py:200: 
_ _ _ _ _ _ _ _ _ _ _ _ _ _ _ _ _ _ _ _ _ _ _ _ _ _ _ _ _ _ _ _ _ _ _ _ _ _ _ _ 

    def readings(
        *,
        commits=("before", "raised", "next", "last"),
        ticks=3,
        max_commits=1,
        max_ticks=5,
        resolved=False,
    ):
        escalation = {
            "issueId": "EXT/42",
            "escalationKey": "question-a",
            "raisedBy": "lane-holder",
            "raisedAtSha": "raised",
            "question": "A question?",
            "interimReading": "The recorded reading.",
            "interimBasis": "The recorded basis.",
        }
        return (
            AlarmReading(
                source_ref="comment/raise",
                value=EscalationEvidence(value=LaneEscalation.model_validate(escalation)),
                at_sha="raised",
            ),
            AlarmReading(
                source_ref="comment/raise",
                value=ResolutionEvidence(
                    value=EscalationResolution(
                        state=EscalationResolutionState.RESOLVED
                        if resolved
                        else EscalationResolutionState.UNRESOLVED,
                        decision_ref="comment/decision" if resolved else None,
                    )
                ),
            ),
            AlarmReading(
                source_ref="record/lane#commits",
                value=ReferencesEvidence(value=commits),
                at_sha="last",
            ),
            AlarmReading(
                source_ref="record/walker#ticks-since-question",
>               value=CountEvidence(value=ticks),
                      ^^^^^^^^^^^^^^^^^^^^^^^^^^
            ),
            AlarmReading(source_ref=COMMIT_FIELD, value=CountEvidence(value=max_commits)),
            AlarmReading(source_ref=TICK_FIELD, value=CountEvidence(value=max_ticks)),
        )
E       pydantic_core._pydantic_core.ValidationError: 1 validation error for CountEvidence
E       value
E         Input should be a valid integer [type=int_type, input_value=None, input_type=NoneType]
E           For further information visit https://errors.pydantic.dev/2.12/v/int_type

tests/domain/test_escalation_ageing.py:82: ValidationError
_____ test_malformed_readings_are_typed_errors_with_the_source[not-json-0] _____

slot = 0, value = 'not-json'

    @pytest.mark.parametrize("slot", range(6))
    @pytest.mark.parametrize("value", ["not-json", "null", "{}"])
    def test_malformed_readings_are_typed_errors_with_the_source(slot, value):
        original = readings()
        altered = tuple(
            item.model_copy(update={"value": value}) if position == slot else item
            for position, item in enumerate(original)
        )
        with pytest.raises(RunShapeReadError) as raised:
            evaluate(altered)
        assert raised.value.source_ref == original[slot].source_ref
>       assert isinstance(raised.value.__cause__, ValidationError)
E       assert False
E        +  where False = isinstance(None, ValidationError)
E        +    where None = RunShapeReadError("escalation_ageing cannot read 'comment/raise': another evidence kind was recorded").__cause__
E        +      where RunShapeReadError("escalation_ageing cannot read 'comment/raise': another evidence kind was recorded") = <ExceptionInfo RunShapeReadError("escalation_ageing cannot read 'comment/raise': another evidence kind was recorded") tblen=4>.value

tests/domain/test_escalation_ageing.py:215: AssertionError
_____ test_malformed_readings_are_typed_errors_with_the_source[not-json-1] _____

slot = 1, value = 'not-json'

    @pytest.mark.parametrize("slot", range(6))
    @pytest.mark.parametrize("value", ["not-json", "null", "{}"])
    def test_malformed_readings_are_typed_errors_with_the_source(slot, value):
        original = readings()
        altered = tuple(
            item.model_copy(update={"value": value}) if position == slot else item
            for position, item in enumerate(original)
        )
        with pytest.raises(RunShapeReadError) as raised:
            evaluate(altered)
        assert raised.value.source_ref == original[slot].source_ref
>       assert isinstance(raised.value.__cause__, ValidationError)
E       assert False
E        +  where False = isinstance(None, ValidationError)
E        +    where None = RunShapeReadError("escalation_ageing cannot read 'comment/raise': another evidence kind was recorded").__cause__
E        +      where RunShapeReadError("escalation_ageing cannot read 'comment/raise': another evidence kind was recorded") = <ExceptionInfo RunShapeReadError("escalation_ageing cannot read 'comment/raise': another evidence kind was recorded") tblen=4>.value

tests/domain/test_escalation_ageing.py:215: AssertionError
_____ test_malformed_readings_are_typed_errors_with_the_source[not-json-2] _____

slot = 2, value = 'not-json'

    @pytest.mark.parametrize("slot", range(6))
    @pytest.mark.parametrize("value", ["not-json", "null", "{}"])
    def test_malformed_readings_are_typed_errors_with_the_source(slot, value):
        original = readings()
        altered = tuple(
            item.model_copy(update={"value": value}) if position == slot else item
            for position, item in enumerate(original)
        )
        with pytest.raises(RunShapeReadError) as raised:
            evaluate(altered)
        assert raised.value.source_ref == original[slot].source_ref
>       assert isinstance(raised.value.__cause__, ValidationError)
E       assert False
E        +  where False = isinstance(None, ValidationError)
E        +    where None = RunShapeReadError("escalation_ageing cannot read 'record/lane#commits': another evidence kind was recorded").__cause__
E        +      where RunShapeReadError("escalation_ageing cannot read 'record/lane#commits': another evidence kind was recorded") = <ExceptionInfo RunShapeReadError("escalation_ageing cannot read 'record/lane#commits': another evidence kind was recorded") tblen=4>.value

tests/domain/test_escalation_ageing.py:215: AssertionError
_____ test_malformed_readings_are_typed_errors_with_the_source[not-json-3] _____

slot = 3, value = 'not-json'

    @pytest.mark.parametrize("slot", range(6))
    @pytest.mark.parametrize("value", ["not-json", "null", "{}"])
    def test_malformed_readings_are_typed_errors_with_the_source(slot, value):
        original = readings()
        altered = tuple(
            item.model_copy(update={"value": value}) if position == slot else item
            for position, item in enumerate(original)
        )
        with pytest.raises(RunShapeReadError) as raised:
            evaluate(altered)
        assert raised.value.source_ref == original[slot].source_ref
>       assert isinstance(raised.value.__cause__, ValidationError)
E       assert False
E        +  where False = isinstance(None, ValidationError)
E        +    where None = RunShapeReadError("escalation_ageing cannot read 'record/walker#ticks-since-question': another evidence kind was recorded").__cause__
E        +      where RunShapeReadError("escalation_ageing cannot read 'record/walker#ticks-since-question': another evidence kind was recorded") = <ExceptionInfo RunShapeReadError("escalation_ageing cannot read 'record/walker#ticks-since-question': another evidence kind was recorded") tblen=4>.value

tests/domain/test_escalation_ageing.py:215: AssertionError
_____ test_malformed_readings_are_typed_errors_with_the_source[not-json-4] _____

slot = 4, value = 'not-json'

    @pytest.mark.parametrize("slot", range(6))
    @pytest.mark.parametrize("value", ["not-json", "null", "{}"])
    def test_malformed_readings_are_typed_errors_with_the_source(slot, value):
        original = readings()
        altered = tuple(
            item.model_copy(update={"value": value}) if position == slot else item
            for position, item in enumerate(original)
        )
        with pytest.raises(RunShapeReadError) as raised:
            evaluate(altered)
        assert raised.value.source_ref == original[slot].source_ref
>       assert isinstance(raised.value.__cause__, ValidationError)
E       assert False
E        +  where False = isinstance(None, ValidationError)
E        +    where None = RunShapeReadError("escalation_ageing cannot read 'run_alarm_escalation_age_max_commits': another evidence kind was recorded").__cause__
E        +      where RunShapeReadError("escalation_ageing cannot read 'run_alarm_escalation_age_max_commits': another evidence kind was recorded") = <ExceptionInfo RunShapeReadError("escalation_ageing cannot read 'run_alarm_escalation_age_max_commits': another evidence kind was recorded") tblen=4>.value

tests/domain/test_escalation_ageing.py:215: AssertionError
_____ test_malformed_readings_are_typed_errors_with_the_source[not-json-5] _____

slot = 5, value = 'not-json'

    @pytest.mark.parametrize("slot", range(6))
    @pytest.mark.parametrize("value", ["not-json", "null", "{}"])
    def test_malformed_readings_are_typed_errors_with_the_source(slot, value):
        original = readings()
        altered = tuple(
            item.model_copy(update={"value": value}) if position == slot else item
            for position, item in enumerate(original)
        )
        with pytest.raises(RunShapeReadError) as raised:
            evaluate(altered)
        assert raised.value.source_ref == original[slot].source_ref
>       assert isinstance(raised.value.__cause__, ValidationError)
E       assert False
E        +  where False = isinstance(None, ValidationError)
E        +    where None = RunShapeReadError("escalation_ageing cannot read 'run_alarm_escalation_age_max_ticks': another evidence kind was recorded").__cause__
E        +      where RunShapeReadError("escalation_ageing cannot read 'run_alarm_escalation_age_max_ticks': another evidence kind was recorded") = <ExceptionInfo RunShapeReadError("escalation_ageing cannot read 'run_alarm_escalation_age_max_ticks': another evidence kind was recorded") tblen=4>.value

tests/domain/test_escalation_ageing.py:215: AssertionError
_______ test_malformed_readings_are_typed_errors_with_the_source[null-0] _______

slot = 0, value = 'null'

    @pytest.mark.parametrize("slot", range(6))
    @pytest.mark.parametrize("value", ["not-json", "null", "{}"])
    def test_malformed_readings_are_typed_errors_with_the_source(slot, value):
        original = readings()
        altered = tuple(
            item.model_copy(update={"value": value}) if position == slot else item
            for position, item in enumerate(original)
        )
        with pytest.raises(RunShapeReadError) as raised:
            evaluate(altered)
        assert raised.value.source_ref == original[slot].source_ref
>       assert isinstance(raised.value.__cause__, ValidationError)
E       assert False
E        +  where False = isinstance(None, ValidationError)
E        +    where None = RunShapeReadError("escalation_ageing cannot read 'comment/raise': another evidence kind was recorded").__cause__
E        +      where RunShapeReadError("escalation_ageing cannot read 'comment/raise': another evidence kind was recorded") = <ExceptionInfo RunShapeReadError("escalation_ageing cannot read 'comment/raise': another evidence kind was recorded") tblen=4>.value

tests/domain/test_escalation_ageing.py:215: AssertionError
_______ test_malformed_readings_are_typed_errors_with_the_source[null-1] _______

slot = 1, value = 'null'

    @pytest.mark.parametrize("slot", range(6))
    @pytest.mark.parametrize("value", ["not-json", "null", "{}"])
    def test_malformed_readings_are_typed_errors_with_the_source(slot, value):
        original = readings()
        altered = tuple(
            item.model_copy(update={"value": value}) if position == slot else item
            for position, item in enumerate(original)
        )
        with pytest.raises(RunShapeReadError) as raised:
            evaluate(altered)
        assert raised.value.source_ref == original[slot].source_ref
>       assert isinstance(raised.value.__cause__, ValidationError)
E       assert False
E        +  where False = isinstance(None, ValidationError)
E        +    where None = RunShapeReadError("escalation_ageing cannot read 'comment/raise': another evidence kind was recorded").__cause__
E        +      where RunShapeReadError("escalation_ageing cannot read 'comment/raise': another evidence kind was recorded") = <ExceptionInfo RunShapeReadError("escalation_ageing cannot read 'comment/raise': another evidence kind was recorded") tblen=4>.value

tests/domain/test_escalation_ageing.py:215: AssertionError
_______ test_malformed_readings_are_typed_errors_with_the_source[null-2] _______

slot = 2, value = 'null'

    @pytest.mark.parametrize("slot", range(6))
    @pytest.mark.parametrize("value", ["not-json", "null", "{}"])
    def test_malformed_readings_are_typed_errors_with_the_source(slot, value):
        original = readings()
        altered = tuple(
            item.model_copy(update={"value": value}) if position == slot else item
            for position, item in enumerate(original)
        )
        with pytest.raises(RunShapeReadError) as raised:
            evaluate(altered)
        assert raised.value.source_ref == original[slot].source_ref
>       assert isinstance(raised.value.__cause__, ValidationError)
E       assert False
E        +  where False = isinstance(None, ValidationError)
E        +    where None = RunShapeReadError("escalation_ageing cannot read 'record/lane#commits': another evidence kind was recorded").__cause__
E        +      where RunShapeReadError("escalation_ageing cannot read 'record/lane#commits': another evidence kind was recorded") = <ExceptionInfo RunShapeReadError("escalation_ageing cannot read 'record/lane#commits': another evidence kind was recorded") tblen=4>.value

tests/domain/test_escalation_ageing.py:215: AssertionError
_______ test_malformed_readings_are_typed_errors_with_the_source[null-3] _______

slot = 3, value = 'null'

    @pytest.mark.parametrize("slot", range(6))
    @pytest.mark.parametrize("value", ["not-json", "null", "{}"])
    def test_malformed_readings_are_typed_errors_with_the_source(slot, value):
        original = readings()
        altered = tuple(
            item.model_copy(update={"value": value}) if position == slot else item
            for position, item in enumerate(original)
        )
        with pytest.raises(RunShapeReadError) as raised:
            evaluate(altered)
        assert raised.value.source_ref == original[slot].source_ref
>       assert isinstance(raised.value.__cause__, ValidationError)
E       assert False
E        +  where False = isinstance(None, ValidationError)
E        +    where None = RunShapeReadError("escalation_ageing cannot read 'record/walker#ticks-since-question': another evidence kind was recorded").__cause__
E        +      where RunShapeReadError("escalation_ageing cannot read 'record/walker#ticks-since-question': another evidence kind was recorded") = <ExceptionInfo RunShapeReadError("escalation_ageing cannot read 'record/walker#ticks-since-question': another evidence kind was recorded") tblen=4>.value

tests/domain/test_escalation_ageing.py:215: AssertionError
_______ test_malformed_readings_are_typed_errors_with_the_source[null-4] _______

slot = 4, value = 'null'

    @pytest.mark.parametrize("slot", range(6))
    @pytest.mark.parametrize("value", ["not-json", "null", "{}"])
    def test_malformed_readings_are_typed_errors_with_the_source(slot, value):
        original = readings()
        altered = tuple(
            item.model_copy(update={"value": value}) if position == slot else item
            for position, item in enumerate(original)
        )
        with pytest.raises(RunShapeReadError) as raised:
            evaluate(altered)
        assert raised.value.source_ref == original[slot].source_ref
>       assert isinstance(raised.value.__cause__, ValidationError)
E       assert False
E        +  where False = isinstance(None, ValidationError)
E        +    where None = RunShapeReadError("escalation_ageing cannot read 'run_alarm_escalation_age_max_commits': another evidence kind was recorded").__cause__
E        +      where RunShapeReadError("escalation_ageing cannot read 'run_alarm_escalation_age_max_commits': another evidence kind was recorded") = <ExceptionInfo RunShapeReadError("escalation_ageing cannot read 'run_alarm_escalation_age_max_commits': another evidence kind was recorded") tblen=4>.value

tests/domain/test_escalation_ageing.py:215: AssertionError
_______ test_malformed_readings_are_typed_errors_with_the_source[null-5] _______

slot = 5, value = 'null'

    @pytest.mark.parametrize("slot", range(6))
    @pytest.mark.parametrize("value", ["not-json", "null", "{}"])
    def test_malformed_readings_are_typed_errors_with_the_source(slot, value):
        original = readings()
        altered = tuple(
            item.model_copy(update={"value": value}) if position == slot else item
            for position, item in enumerate(original)
        )
        with pytest.raises(RunShapeReadError) as raised:
            evaluate(altered)
        assert raised.value.source_ref == original[slot].source_ref
>       assert isinstance(raised.value.__cause__, ValidationError)
E       assert False
E        +  where False = isinstance(None, ValidationError)
E        +    where None = RunShapeReadError("escalation_ageing cannot read 'run_alarm_escalation_age_max_ticks': another evidence kind was recorded").__cause__
E        +      where RunShapeReadError("escalation_ageing cannot read 'run_alarm_escalation_age_max_ticks': another evidence kind was recorded") = <ExceptionInfo RunShapeReadError("escalation_ageing cannot read 'run_alarm_escalation_age_max_ticks': another evidence kind was recorded") tblen=4>.value

tests/domain/test_escalation_ageing.py:215: AssertionError
________ test_malformed_readings_are_typed_errors_with_the_source[{}-0] ________

slot = 0, value = '{}'

    @pytest.mark.parametrize("slot", range(6))
    @pytest.mark.parametrize("value", ["not-json", "null", "{}"])
    def test_malformed_readings_are_typed_errors_with_the_source(slot, value):
        original = readings()
        altered = tuple(
            item.model_copy(update={"value": value}) if position == slot else item
            for position, item in enumerate(original)
        )
        with pytest.raises(RunShapeReadError) as raised:
            evaluate(altered)
        assert raised.value.source_ref == original[slot].source_ref
>       assert isinstance(raised.value.__cause__, ValidationError)
E       assert False
E        +  where False = isinstance(None, ValidationError)
E        +    where None = RunShapeReadError("escalation_ageing cannot read 'comment/raise': another evidence kind was recorded").__cause__
E        +      where RunShapeReadError("escalation_ageing cannot read 'comment/raise': another evidence kind was recorded") = <ExceptionInfo RunShapeReadError("escalation_ageing cannot read 'comment/raise': another evidence kind was recorded") tblen=4>.value

tests/domain/test_escalation_ageing.py:215: AssertionError
________ test_malformed_readings_are_typed_errors_with_the_source[{}-1] ________

slot = 1, value = '{}'

    @pytest.mark.parametrize("slot", range(6))
    @pytest.mark.parametrize("value", ["not-json", "null", "{}"])
    def test_malformed_readings_are_typed_errors_with_the_source(slot, value):
        original = readings()
        altered = tuple(
            item.model_copy(update={"value": value}) if position == slot else item
            for position, item in enumerate(original)
        )
        with pytest.raises(RunShapeReadError) as raised:
            evaluate(altered)
        assert raised.value.source_ref == original[slot].source_ref
>       assert isinstance(raised.value.__cause__, ValidationError)
E       assert False
E        +  where False = isinstance(None, ValidationError)
E        +    where None = RunShapeReadError("escalation_ageing cannot read 'comment/raise': another evidence kind was recorded").__cause__
E        +      where RunShapeReadError("escalation_ageing cannot read 'comment/raise': another evidence kind was recorded") = <ExceptionInfo RunShapeReadError("escalation_ageing cannot read 'comment/raise': another evidence kind was recorded") tblen=4>.value

tests/domain/test_escalation_ageing.py:215: AssertionError
________ test_malformed_readings_are_typed_errors_with_the_source[{}-2] ________

slot = 2, value = '{}'

    @pytest.mark.parametrize("slot", range(6))
    @pytest.mark.parametrize("value", ["not-json", "null", "{}"])
    def test_malformed_readings_are_typed_errors_with_the_source(slot, value):
        original = readings()
        altered = tuple(
            item.model_copy(update={"value": value}) if position == slot else item
            for position, item in enumerate(original)
        )
        with pytest.raises(RunShapeReadError) as raised:
            evaluate(altered)
        assert raised.value.source_ref == original[slot].source_ref
>       assert isinstance(raised.value.__cause__, ValidationError)
E       assert False
E        +  where False = isinstance(None, ValidationError)
E        +    where None = RunShapeReadError("escalation_ageing cannot read 'record/lane#commits': another evidence kind was recorded").__cause__
E        +      where RunShapeReadError("escalation_ageing cannot read 'record/lane#commits': another evidence kind was recorded") = <ExceptionInfo RunShapeReadError("escalation_ageing cannot read 'record/lane#commits': another evidence kind was recorded") tblen=4>.value

tests/domain/test_escalation_ageing.py:215: AssertionError
________ test_malformed_readings_are_typed_errors_with_the_source[{}-3] ________

slot = 3, value = '{}'

    @pytest.mark.parametrize("slot", range(6))
    @pytest.mark.parametrize("value", ["not-json", "null", "{}"])
    def test_malformed_readings_are_typed_errors_with_the_source(slot, value):
        original = readings()
        altered = tuple(
            item.model_copy(update={"value": value}) if position == slot else item
            for position, item in enumerate(original)
        )
        with pytest.raises(RunShapeReadError) as raised:
            evaluate(altered)
        assert raised.value.source_ref == original[slot].source_ref
>       assert isinstance(raised.value.__cause__, ValidationError)
E       assert False
E        +  where False = isinstance(None, ValidationError)
E        +    where None = RunShapeReadError("escalation_ageing cannot read 'record/walker#ticks-since-question': another evidence kind was recorded").__cause__
E        +      where RunShapeReadError("escalation_ageing cannot read 'record/walker#ticks-since-question': another evidence kind was recorded") = <ExceptionInfo RunShapeReadError("escalation_ageing cannot read 'record/walker#ticks-since-question': another evidence kind was recorded") tblen=4>.value

tests/domain/test_escalation_ageing.py:215: AssertionError
________ test_malformed_readings_are_typed_errors_with_the_source[{}-4] ________

slot = 4, value = '{}'

    @pytest.mark.parametrize("slot", range(6))
    @pytest.mark.parametrize("value", ["not-json", "null", "{}"])
    def test_malformed_readings_are_typed_errors_with_the_source(slot, value):
        original = readings()
        altered = tuple(
            item.model_copy(update={"value": value}) if position == slot else item
            for position, item in enumerate(original)
        )
        with pytest.raises(RunShapeReadError) as raised:
            evaluate(altered)
        assert raised.value.source_ref == original[slot].source_ref
>       assert isinstance(raised.value.__cause__, ValidationError)
E       assert False
E        +  where False = isinstance(None, ValidationError)
E        +    where None = RunShapeReadError("escalation_ageing cannot read 'run_alarm_escalation_age_max_commits': another evidence kind was recorded").__cause__
E        +      where RunShapeReadError("escalation_ageing cannot read 'run_alarm_escalation_age_max_commits': another evidence kind was recorded") = <ExceptionInfo RunShapeReadError("escalation_ageing cannot read 'run_alarm_escalation_age_max_commits': another evidence kind was recorded") tblen=4>.value

tests/domain/test_escalation_ageing.py:215: AssertionError
________ test_malformed_readings_are_typed_errors_with_the_source[{}-5] ________

slot = 5, value = '{}'

    @pytest.mark.parametrize("slot", range(6))
    @pytest.mark.parametrize("value", ["not-json", "null", "{}"])
    def test_malformed_readings_are_typed_errors_with_the_source(slot, value):
        original = readings()
        altered = tuple(
            item.model_copy(update={"value": value}) if position == slot else item
            for position, item in enumerate(original)
        )
        with pytest.raises(RunShapeReadError) as raised:
            evaluate(altered)
        assert raised.value.source_ref == original[slot].source_ref
>       assert isinstance(raised.value.__cause__, ValidationError)
E       assert False
E        +  where False = isinstance(None, ValidationError)
E        +    where None = RunShapeReadError("escalation_ageing cannot read 'run_alarm_escalation_age_max_ticks': another evidence kind was recorded").__cause__
E        +      where RunShapeReadError("escalation_ageing cannot read 'run_alarm_escalation_age_max_ticks': another evidence kind was recorded") = <ExceptionInfo RunShapeReadError("escalation_ageing cannot read 'run_alarm_escalation_age_max_ticks': another evidence kind was recorded") tblen=4>.value

tests/domain/test_escalation_ageing.py:215: AssertionError
___________ test_recorded_counts_are_nonnegative_integers[-1-ticks] ____________

name = 'ticks', value = -1

    @pytest.mark.parametrize("name", ["ticks", "max_commits", "max_ticks"])
    @pytest.mark.parametrize("value", [-1, True, 1.5, "2"])
    def test_recorded_counts_are_nonnegative_integers(name, value):
        with pytest.raises(RunShapeReadError):
>           evaluate(readings(**{name: value}))
                     ^^^^^^^^^^^^^^^^^^^^^^^^^

tests/domain/test_escalation_ageing.py:222: 
_ _ _ _ _ _ _ _ _ _ _ _ _ _ _ _ _ _ _ _ _ _ _ _ _ _ _ _ _ _ _ _ _ _ _ _ _ _ _ _ 

    def readings(
        *,
        commits=("before", "raised", "next", "last"),
        ticks=3,
        max_commits=1,
        max_ticks=5,
        resolved=False,
    ):
        escalation = {
            "issueId": "EXT/42",
            "escalationKey": "question-a",
            "raisedBy": "lane-holder",
            "raisedAtSha": "raised",
            "question": "A question?",
            "interimReading": "The recorded reading.",
            "interimBasis": "The recorded basis.",
        }
        return (
            AlarmReading(
                source_ref="comment/raise",
                value=EscalationEvidence(value=LaneEscalation.model_validate(escalation)),
                at_sha="raised",
            ),
            AlarmReading(
                source_ref="comment/raise",
                value=ResolutionEvidence(
                    value=EscalationResolution(
                        state=EscalationResolutionState.RESOLVED
                        if resolved
                        else EscalationResolutionState.UNRESOLVED,
                        decision_ref="comment/decision" if resolved else None,
                    )
                ),
            ),
            AlarmReading(
                source_ref="record/lane#commits",
                value=ReferencesEvidence(value=commits),
                at_sha="last",
            ),
            AlarmReading(
                source_ref="record/walker#ticks-since-question",
>               value=CountEvidence(value=ticks),
                      ^^^^^^^^^^^^^^^^^^^^^^^^^^
            ),
            AlarmReading(source_ref=COMMIT_FIELD, value=CountEvidence(value=max_commits)),
            AlarmReading(source_ref=TICK_FIELD, value=CountEvidence(value=max_ticks)),
        )
E       pydantic_core._pydantic_core.ValidationError: 1 validation error for CountEvidence
E       value
E         Input should be greater than or equal to 0 [type=greater_than_equal, input_value=-1, input_type=int]
E           For further information visit https://errors.pydantic.dev/2.12/v/greater_than_equal

tests/domain/test_escalation_ageing.py:82: ValidationError
________ test_recorded_counts_are_nonnegative_integers[-1-max_commits] _________

name = 'max_commits', value = -1

    @pytest.mark.parametrize("name", ["ticks", "max_commits", "max_ticks"])
    @pytest.mark.parametrize("value", [-1, True, 1.5, "2"])
    def test_recorded_counts_are_nonnegative_integers(name, value):
        with pytest.raises(RunShapeReadError):
>           evaluate(readings(**{name: value}))
                     ^^^^^^^^^^^^^^^^^^^^^^^^^

tests/domain/test_escalation_ageing.py:222: 
_ _ _ _ _ _ _ _ _ _ _ _ _ _ _ _ _ _ _ _ _ _ _ _ _ _ _ _ _ _ _ _ _ _ _ _ _ _ _ _ 

    def readings(
        *,
        commits=("before", "raised", "next", "last"),
        ticks=3,
        max_commits=1,
        max_ticks=5,
        resolved=False,
    ):
        escalation = {
            "issueId": "EXT/42",
            "escalationKey": "question-a",
            "raisedBy": "lane-holder",
            "raisedAtSha": "raised",
            "question": "A question?",
            "interimReading": "The recorded reading.",
            "interimBasis": "The recorded basis.",
        }
        return (
            AlarmReading(
                source_ref="comment/raise",
                value=EscalationEvidence(value=LaneEscalation.model_validate(escalation)),
                at_sha="raised",
            ),
            AlarmReading(
                source_ref="comment/raise",
                value=ResolutionEvidence(
                    value=EscalationResolution(
                        state=EscalationResolutionState.RESOLVED
                        if resolved
                        else EscalationResolutionState.UNRESOLVED,
                        decision_ref="comment/decision" if resolved else None,
                    )
                ),
            ),
            AlarmReading(
                source_ref="record/lane#commits",
                value=ReferencesEvidence(value=commits),
                at_sha="last",
            ),
            AlarmReading(
                source_ref="record/walker#ticks-since-question",
                value=CountEvidence(value=ticks),
            ),
>           AlarmReading(source_ref=COMMIT_FIELD, value=CountEvidence(value=max_commits)),
                                                        ^^^^^^^^^^^^^^^^^^^^^^^^^^^^^^^^
            AlarmReading(source_ref=TICK_FIELD, value=CountEvidence(value=max_ticks)),
        )
E       pydantic_core._pydantic_core.ValidationError: 1 validation error for CountEvidence
E       value
E         Input should be greater than or equal to 0 [type=greater_than_equal, input_value=-1, input_type=int]
E           For further information visit https://errors.pydantic.dev/2.12/v/greater_than_equal

tests/domain/test_escalation_ageing.py:84: ValidationError
_________ test_recorded_counts_are_nonnegative_integers[-1-max_ticks] __________

name = 'max_ticks', value = -1

    @pytest.mark.parametrize("name", ["ticks", "max_commits", "max_ticks"])
    @pytest.mark.parametrize("value", [-1, True, 1.5, "2"])
    def test_recorded_counts_are_nonnegative_integers(name, value):
        with pytest.raises(RunShapeReadError):
>           evaluate(readings(**{name: value}))
                     ^^^^^^^^^^^^^^^^^^^^^^^^^

tests/domain/test_escalation_ageing.py:222: 
_ _ _ _ _ _ _ _ _ _ _ _ _ _ _ _ _ _ _ _ _ _ _ _ _ _ _ _ _ _ _ _ _ _ _ _ _ _ _ _ 

    def readings(
        *,
        commits=("before", "raised", "next", "last"),
        ticks=3,
        max_commits=1,
        max_ticks=5,
        resolved=False,
    ):
        escalation = {
            "issueId": "EXT/42",
            "escalationKey": "question-a",
            "raisedBy": "lane-holder",
            "raisedAtSha": "raised",
            "question": "A question?",
            "interimReading": "The recorded reading.",
            "interimBasis": "The recorded basis.",
        }
        return (
            AlarmReading(
                source_ref="comment/raise",
                value=EscalationEvidence(value=LaneEscalation.model_validate(escalation)),
                at_sha="raised",
            ),
            AlarmReading(
                source_ref="comment/raise",
                value=ResolutionEvidence(
                    value=EscalationResolution(
                        state=EscalationResolutionState.RESOLVED
                        if resolved
                        else EscalationResolutionState.UNRESOLVED,
                        decision_ref="comment/decision" if resolved else None,
                    )
                ),
            ),
            AlarmReading(
                source_ref="record/lane#commits",
                value=ReferencesEvidence(value=commits),
                at_sha="last",
            ),
            AlarmReading(
                source_ref="record/walker#ticks-since-question",
                value=CountEvidence(value=ticks),
            ),
            AlarmReading(source_ref=COMMIT_FIELD, value=CountEvidence(value=max_commits)),
>           AlarmReading(source_ref=TICK_FIELD, value=CountEvidence(value=max_ticks)),
                                                      ^^^^^^^^^^^^^^^^^^^^^^^^^^^^^^
        )
E       pydantic_core._pydantic_core.ValidationError: 1 validation error for CountEvidence
E       value
E         Input should be greater than or equal to 0 [type=greater_than_equal, input_value=-1, input_type=int]
E           For further information visit https://errors.pydantic.dev/2.12/v/greater_than_equal

tests/domain/test_escalation_ageing.py:85: ValidationError
__________ test_recorded_counts_are_nonnegative_integers[True-ticks] ___________

name = 'ticks', value = True

    @pytest.mark.parametrize("name", ["ticks", "max_commits", "max_ticks"])
    @pytest.mark.parametrize("value", [-1, True, 1.5, "2"])
    def test_recorded_counts_are_nonnegative_integers(name, value):
        with pytest.raises(RunShapeReadError):
>           evaluate(readings(**{name: value}))
                     ^^^^^^^^^^^^^^^^^^^^^^^^^

tests/domain/test_escalation_ageing.py:222: 
_ _ _ _ _ _ _ _ _ _ _ _ _ _ _ _ _ _ _ _ _ _ _ _ _ _ _ _ _ _ _ _ _ _ _ _ _ _ _ _ 

    def readings(
        *,
        commits=("before", "raised", "next", "last"),
        ticks=3,
        max_commits=1,
        max_ticks=5,
        resolved=False,
    ):
        escalation = {
            "issueId": "EXT/42",
            "escalationKey": "question-a",
            "raisedBy": "lane-holder",
            "raisedAtSha": "raised",
            "question": "A question?",
            "interimReading": "The recorded reading.",
            "interimBasis": "The recorded basis.",
        }
        return (
            AlarmReading(
                source_ref="comment/raise",
                value=EscalationEvidence(value=LaneEscalation.model_validate(escalation)),
                at_sha="raised",
            ),
            AlarmReading(
                source_ref="comment/raise",
                value=ResolutionEvidence(
                    value=EscalationResolution(
                        state=EscalationResolutionState.RESOLVED
                        if resolved
                        else EscalationResolutionState.UNRESOLVED,
                        decision_ref="comment/decision" if resolved else None,
                    )
                ),
            ),
            AlarmReading(
                source_ref="record/lane#commits",
                value=ReferencesEvidence(value=commits),
                at_sha="last",
            ),
            AlarmReading(
                source_ref="record/walker#ticks-since-question",
>               value=CountEvidence(value=ticks),
                      ^^^^^^^^^^^^^^^^^^^^^^^^^^
            ),
            AlarmReading(source_ref=COMMIT_FIELD, value=CountEvidence(value=max_commits)),
            AlarmReading(source_ref=TICK_FIELD, value=CountEvidence(value=max_ticks)),
        )
E       pydantic_core._pydantic_core.ValidationError: 1 validation error for CountEvidence
E       value
E         Input should be a valid integer [type=int_type, input_value=True, input_type=bool]
E           For further information visit https://errors.pydantic.dev/2.12/v/int_type

tests/domain/test_escalation_ageing.py:82: ValidationError
_______ test_recorded_counts_are_nonnegative_integers[True-max_commits] ________

name = 'max_commits', value = True

    @pytest.mark.parametrize("name", ["ticks", "max_commits", "max_ticks"])
    @pytest.mark.parametrize("value", [-1, True, 1.5, "2"])
    def test_recorded_counts_are_nonnegative_integers(name, value):
        with pytest.raises(RunShapeReadError):
>           evaluate(readings(**{name: value}))
                     ^^^^^^^^^^^^^^^^^^^^^^^^^

tests/domain/test_escalation_ageing.py:222: 
_ _ _ _ _ _ _ _ _ _ _ _ _ _ _ _ _ _ _ _ _ _ _ _ _ _ _ _ _ _ _ _ _ _ _ _ _ _ _ _ 

    def readings(
        *,
        commits=("before", "raised", "next", "last"),
        ticks=3,
        max_commits=1,
        max_ticks=5,
        resolved=False,
    ):
        escalation = {
            "issueId": "EXT/42",
            "escalationKey": "question-a",
            "raisedBy": "lane-holder",
            "raisedAtSha": "raised",
            "question": "A question?",
            "interimReading": "The recorded reading.",
            "interimBasis": "The recorded basis.",
        }
        return (
            AlarmReading(
                source_ref="comment/raise",
                value=EscalationEvidence(value=LaneEscalation.model_validate(escalation)),
                at_sha="raised",
            ),
            AlarmReading(
                source_ref="comment/raise",
                value=ResolutionEvidence(
                    value=EscalationResolution(
                        state=EscalationResolutionState.RESOLVED
                        if resolved
                        else EscalationResolutionState.UNRESOLVED,
                        decision_ref="comment/decision" if resolved else None,
                    )
                ),
            ),
            AlarmReading(
                source_ref="record/lane#commits",
                value=ReferencesEvidence(value=commits),
                at_sha="last",
            ),
            AlarmReading(
                source_ref="record/walker#ticks-since-question",
                value=CountEvidence(value=ticks),
            ),
>           AlarmReading(source_ref=COMMIT_FIELD, value=CountEvidence(value=max_commits)),
                                                        ^^^^^^^^^^^^^^^^^^^^^^^^^^^^^^^^
            AlarmReading(source_ref=TICK_FIELD, value=CountEvidence(value=max_ticks)),
        )
E       pydantic_core._pydantic_core.ValidationError: 1 validation error for CountEvidence
E       value
E         Input should be a valid integer [type=int_type, input_value=True, input_type=bool]
E           For further information visit https://errors.pydantic.dev/2.12/v/int_type

tests/domain/test_escalation_ageing.py:84: ValidationError
________ test_recorded_counts_are_nonnegative_integers[True-max_ticks] _________

name = 'max_ticks', value = True

    @pytest.mark.parametrize("name", ["ticks", "max_commits", "max_ticks"])
    @pytest.mark.parametrize("value", [-1, True, 1.5, "2"])
    def test_recorded_counts_are_nonnegative_integers(name, value):
        with pytest.raises(RunShapeReadError):
>           evaluate(readings(**{name: value}))
                     ^^^^^^^^^^^^^^^^^^^^^^^^^

tests/domain/test_escalation_ageing.py:222: 
_ _ _ _ _ _ _ _ _ _ _ _ _ _ _ _ _ _ _ _ _ _ _ _ _ _ _ _ _ _ _ _ _ _ _ _ _ _ _ _ 

    def readings(
        *,
        commits=("before", "raised", "next", "last"),
        ticks=3,
        max_commits=1,
        max_ticks=5,
        resolved=False,
    ):
        escalation = {
            "issueId": "EXT/42",
            "escalationKey": "question-a",
            "raisedBy": "lane-holder",
            "raisedAtSha": "raised",
            "question": "A question?",
            "interimReading": "The recorded reading.",
            "interimBasis": "The recorded basis.",
        }
        return (
            AlarmReading(
                source_ref="comment/raise",
                value=EscalationEvidence(value=LaneEscalation.model_validate(escalation)),
                at_sha="raised",
            ),
            AlarmReading(
                source_ref="comment/raise",
                value=ResolutionEvidence(
                    value=EscalationResolution(
                        state=EscalationResolutionState.RESOLVED
                        if resolved
                        else EscalationResolutionState.UNRESOLVED,
                        decision_ref="comment/decision" if resolved else None,
                    )
                ),
            ),
            AlarmReading(
                source_ref="record/lane#commits",
                value=ReferencesEvidence(value=commits),
                at_sha="last",
            ),
            AlarmReading(
                source_ref="record/walker#ticks-since-question",
                value=CountEvidence(value=ticks),
            ),
            AlarmReading(source_ref=COMMIT_FIELD, value=CountEvidence(value=max_commits)),
>           AlarmReading(source_ref=TICK_FIELD, value=CountEvidence(value=max_ticks)),
                                                      ^^^^^^^^^^^^^^^^^^^^^^^^^^^^^^
        )
E       pydantic_core._pydantic_core.ValidationError: 1 validation error for CountEvidence
E       value
E         Input should be a valid integer [type=int_type, input_value=True, input_type=bool]
E           For further information visit https://errors.pydantic.dev/2.12/v/int_type

tests/domain/test_escalation_ageing.py:85: ValidationError
___________ test_recorded_counts_are_nonnegative_integers[1.5-ticks] ___________

name = 'ticks', value = 1.5

    @pytest.mark.parametrize("name", ["ticks", "max_commits", "max_ticks"])
    @pytest.mark.parametrize("value", [-1, True, 1.5, "2"])
    def test_recorded_counts_are_nonnegative_integers(name, value):
        with pytest.raises(RunShapeReadError):
>           evaluate(readings(**{name: value}))
                     ^^^^^^^^^^^^^^^^^^^^^^^^^

tests/domain/test_escalation_ageing.py:222: 
_ _ _ _ _ _ _ _ _ _ _ _ _ _ _ _ _ _ _ _ _ _ _ _ _ _ _ _ _ _ _ _ _ _ _ _ _ _ _ _ 

    def readings(
        *,
        commits=("before", "raised", "next", "last"),
        ticks=3,
        max_commits=1,
        max_ticks=5,
        resolved=False,
    ):
        escalation = {
            "issueId": "EXT/42",
            "escalationKey": "question-a",
            "raisedBy": "lane-holder",
            "raisedAtSha": "raised",
            "question": "A question?",
            "interimReading": "The recorded reading.",
            "interimBasis": "The recorded basis.",
        }
        return (
            AlarmReading(
                source_ref="comment/raise",
                value=EscalationEvidence(value=LaneEscalation.model_validate(escalation)),
                at_sha="raised",
            ),
            AlarmReading(
                source_ref="comment/raise",
                value=ResolutionEvidence(
                    value=EscalationResolution(
                        state=EscalationResolutionState.RESOLVED
                        if resolved
                        else EscalationResolutionState.UNRESOLVED,
                        decision_ref="comment/decision" if resolved else None,
                    )
                ),
            ),
            AlarmReading(
                source_ref="record/lane#commits",
                value=ReferencesEvidence(value=commits),
                at_sha="last",
            ),
            AlarmReading(
                source_ref="record/walker#ticks-since-question",
>               value=CountEvidence(value=ticks),
                      ^^^^^^^^^^^^^^^^^^^^^^^^^^
            ),
            AlarmReading(source_ref=COMMIT_FIELD, value=CountEvidence(value=max_commits)),
            AlarmReading(source_ref=TICK_FIELD, value=CountEvidence(value=max_ticks)),
        )
E       pydantic_core._pydantic_core.ValidationError: 1 validation error for CountEvidence
E       value
E         Input should be a valid integer [type=int_type, input_value=1.5, input_type=float]
E           For further information visit https://errors.pydantic.dev/2.12/v/int_type

tests/domain/test_escalation_ageing.py:82: ValidationError
________ test_recorded_counts_are_nonnegative_integers[1.5-max_commits] ________

name = 'max_commits', value = 1.5

    @pytest.mark.parametrize("name", ["ticks", "max_commits", "max_ticks"])
    @pytest.mark.parametrize("value", [-1, True, 1.5, "2"])
    def test_recorded_counts_are_nonnegative_integers(name, value):
        with pytest.raises(RunShapeReadError):
>           evaluate(readings(**{name: value}))
                     ^^^^^^^^^^^^^^^^^^^^^^^^^

tests/domain/test_escalation_ageing.py:222: 
_ _ _ _ _ _ _ _ _ _ _ _ _ _ _ _ _ _ _ _ _ _ _ _ _ _ _ _ _ _ _ _ _ _ _ _ _ _ _ _ 

    def readings(
        *,
        commits=("before", "raised", "next", "last"),
        ticks=3,
        max_commits=1,
        max_ticks=5,
        resolved=False,
    ):
        escalation = {
            "issueId": "EXT/42",
            "escalationKey": "question-a",
            "raisedBy": "lane-holder",
            "raisedAtSha": "raised",
            "question": "A question?",
            "interimReading": "The recorded reading.",
            "interimBasis": "The recorded basis.",
        }
        return (
            AlarmReading(
                source_ref="comment/raise",
                value=EscalationEvidence(value=LaneEscalation.model_validate(escalation)),
                at_sha="raised",
            ),
            AlarmReading(
                source_ref="comment/raise",
                value=ResolutionEvidence(
                    value=EscalationResolution(
                        state=EscalationResolutionState.RESOLVED
                        if resolved
                        else EscalationResolutionState.UNRESOLVED,
                        decision_ref="comment/decision" if resolved else None,
                    )
                ),
            ),
            AlarmReading(
                source_ref="record/lane#commits",
                value=ReferencesEvidence(value=commits),
                at_sha="last",
            ),
            AlarmReading(
                source_ref="record/walker#ticks-since-question",
                value=CountEvidence(value=ticks),
            ),
>           AlarmReading(source_ref=COMMIT_FIELD, value=CountEvidence(value=max_commits)),
                                                        ^^^^^^^^^^^^^^^^^^^^^^^^^^^^^^^^
            AlarmReading(source_ref=TICK_FIELD, value=CountEvidence(value=max_ticks)),
        )
E       pydantic_core._pydantic_core.ValidationError: 1 validation error for CountEvidence
E       value
E         Input should be a valid integer [type=int_type, input_value=1.5, input_type=float]
E           For further information visit https://errors.pydantic.dev/2.12/v/int_type

tests/domain/test_escalation_ageing.py:84: ValidationError
_________ test_recorded_counts_are_nonnegative_integers[1.5-max_ticks] _________

name = 'max_ticks', value = 1.5

    @pytest.mark.parametrize("name", ["ticks", "max_commits", "max_ticks"])
    @pytest.mark.parametrize("value", [-1, True, 1.5, "2"])
    def test_recorded_counts_are_nonnegative_integers(name, value):
        with pytest.raises(RunShapeReadError):
>           evaluate(readings(**{name: value}))
                     ^^^^^^^^^^^^^^^^^^^^^^^^^

tests/domain/test_escalation_ageing.py:222: 
_ _ _ _ _ _ _ _ _ _ _ _ _ _ _ _ _ _ _ _ _ _ _ _ _ _ _ _ _ _ _ _ _ _ _ _ _ _ _ _ 

    def readings(
        *,
        commits=("before", "raised", "next", "last"),
        ticks=3,
        max_commits=1,
        max_ticks=5,
        resolved=False,
    ):
        escalation = {
            "issueId": "EXT/42",
            "escalationKey": "question-a",
            "raisedBy": "lane-holder",
            "raisedAtSha": "raised",
            "question": "A question?",
            "interimReading": "The recorded reading.",
            "interimBasis": "The recorded basis.",
        }
        return (
            AlarmReading(
                source_ref="comment/raise",
                value=EscalationEvidence(value=LaneEscalation.model_validate(escalation)),
                at_sha="raised",
            ),
            AlarmReading(
                source_ref="comment/raise",
                value=ResolutionEvidence(
                    value=EscalationResolution(
                        state=EscalationResolutionState.RESOLVED
                        if resolved
                        else EscalationResolutionState.UNRESOLVED,
                        decision_ref="comment/decision" if resolved else None,
                    )
                ),
            ),
            AlarmReading(
                source_ref="record/lane#commits",
                value=ReferencesEvidence(value=commits),
                at_sha="last",
            ),
            AlarmReading(
                source_ref="record/walker#ticks-since-question",
                value=CountEvidence(value=ticks),
            ),
            AlarmReading(source_ref=COMMIT_FIELD, value=CountEvidence(value=max_commits)),
>           AlarmReading(source_ref=TICK_FIELD, value=CountEvidence(value=max_ticks)),
                                                      ^^^^^^^^^^^^^^^^^^^^^^^^^^^^^^
        )
E       pydantic_core._pydantic_core.ValidationError: 1 validation error for CountEvidence
E       value
E         Input should be a valid integer [type=int_type, input_value=1.5, input_type=float]
E           For further information visit https://errors.pydantic.dev/2.12/v/int_type

tests/domain/test_escalation_ageing.py:85: ValidationError
____________ test_recorded_counts_are_nonnegative_integers[2-ticks] ____________

name = 'ticks', value = '2'

    @pytest.mark.parametrize("name", ["ticks", "max_commits", "max_ticks"])
    @pytest.mark.parametrize("value", [-1, True, 1.5, "2"])
    def test_recorded_counts_are_nonnegative_integers(name, value):
        with pytest.raises(RunShapeReadError):
>           evaluate(readings(**{name: value}))
                     ^^^^^^^^^^^^^^^^^^^^^^^^^

tests/domain/test_escalation_ageing.py:222: 
_ _ _ _ _ _ _ _ _ _ _ _ _ _ _ _ _ _ _ _ _ _ _ _ _ _ _ _ _ _ _ _ _ _ _ _ _ _ _ _ 

    def readings(
        *,
        commits=("before", "raised", "next", "last"),
        ticks=3,
        max_commits=1,
        max_ticks=5,
        resolved=False,
    ):
        escalation = {
            "issueId": "EXT/42",
            "escalationKey": "question-a",
            "raisedBy": "lane-holder",
            "raisedAtSha": "raised",
            "question": "A question?",
            "interimReading": "The recorded reading.",
            "interimBasis": "The recorded basis.",
        }
        return (
            AlarmReading(
                source_ref="comment/raise",
                value=EscalationEvidence(value=LaneEscalation.model_validate(escalation)),
                at_sha="raised",
            ),
            AlarmReading(
                source_ref="comment/raise",
                value=ResolutionEvidence(
                    value=EscalationResolution(
                        state=EscalationResolutionState.RESOLVED
                        if resolved
                        else EscalationResolutionState.UNRESOLVED,
                        decision_ref="comment/decision" if resolved else None,
                    )
                ),
            ),
            AlarmReading(
                source_ref="record/lane#commits",
                value=ReferencesEvidence(value=commits),
                at_sha="last",
            ),
            AlarmReading(
                source_ref="record/walker#ticks-since-question",
>               value=CountEvidence(value=ticks),
                      ^^^^^^^^^^^^^^^^^^^^^^^^^^
            ),
            AlarmReading(source_ref=COMMIT_FIELD, value=CountEvidence(value=max_commits)),
            AlarmReading(source_ref=TICK_FIELD, value=CountEvidence(value=max_ticks)),
        )
E       pydantic_core._pydantic_core.ValidationError: 1 validation error for CountEvidence
E       value
E         Input should be a valid integer [type=int_type, input_value='2', input_type=str]
E           For further information visit https://errors.pydantic.dev/2.12/v/int_type

tests/domain/test_escalation_ageing.py:82: ValidationError
_________ test_recorded_counts_are_nonnegative_integers[2-max_commits] _________

name = 'max_commits', value = '2'

    @pytest.mark.parametrize("name", ["ticks", "max_commits", "max_ticks"])
    @pytest.mark.parametrize("value", [-1, True, 1.5, "2"])
    def test_recorded_counts_are_nonnegative_integers(name, value):
        with pytest.raises(RunShapeReadError):
>           evaluate(readings(**{name: value}))
                     ^^^^^^^^^^^^^^^^^^^^^^^^^

tests/domain/test_escalation_ageing.py:222: 
_ _ _ _ _ _ _ _ _ _ _ _ _ _ _ _ _ _ _ _ _ _ _ _ _ _ _ _ _ _ _ _ _ _ _ _ _ _ _ _ 

    def readings(
        *,
        commits=("before", "raised", "next", "last"),
        ticks=3,
        max_commits=1,
        max_ticks=5,
        resolved=False,
    ):
        escalation = {
            "issueId": "EXT/42",
            "escalationKey": "question-a",
            "raisedBy": "lane-holder",
            "raisedAtSha": "raised",
            "question": "A question?",
            "interimReading": "The recorded reading.",
            "interimBasis": "The recorded basis.",
        }
        return (
            AlarmReading(
                source_ref="comment/raise",
                value=EscalationEvidence(value=LaneEscalation.model_validate(escalation)),
                at_sha="raised",
            ),
            AlarmReading(
                source_ref="comment/raise",
                value=ResolutionEvidence(
                    value=EscalationResolution(
                        state=EscalationResolutionState.RESOLVED
                        if resolved
                        else EscalationResolutionState.UNRESOLVED,
                        decision_ref="comment/decision" if resolved else None,
                    )
                ),
            ),
            AlarmReading(
                source_ref="record/lane#commits",
                value=ReferencesEvidence(value=commits),
                at_sha="last",
            ),
            AlarmReading(
                source_ref="record/walker#ticks-since-question",
                value=CountEvidence(value=ticks),
            ),
>           AlarmReading(source_ref=COMMIT_FIELD, value=CountEvidence(value=max_commits)),
                                                        ^^^^^^^^^^^^^^^^^^^^^^^^^^^^^^^^
            AlarmReading(source_ref=TICK_FIELD, value=CountEvidence(value=max_ticks)),
        )
E       pydantic_core._pydantic_core.ValidationError: 1 validation error for CountEvidence
E       value
E         Input should be a valid integer [type=int_type, input_value='2', input_type=str]
E           For further information visit https://errors.pydantic.dev/2.12/v/int_type

tests/domain/test_escalation_ageing.py:84: ValidationError
__________ test_recorded_counts_are_nonnegative_integers[2-max_ticks] __________

name = 'max_ticks', value = '2'

    @pytest.mark.parametrize("name", ["ticks", "max_commits", "max_ticks"])
    @pytest.mark.parametrize("value", [-1, True, 1.5, "2"])
    def test_recorded_counts_are_nonnegative_integers(name, value):
        with pytest.raises(RunShapeReadError):
>           evaluate(readings(**{name: value}))
                     ^^^^^^^^^^^^^^^^^^^^^^^^^

tests/domain/test_escalation_ageing.py:222: 
_ _ _ _ _ _ _ _ _ _ _ _ _ _ _ _ _ _ _ _ _ _ _ _ _ _ _ _ _ _ _ _ _ _ _ _ _ _ _ _ 

    def readings(
        *,
        commits=("before", "raised", "next", "last"),
        ticks=3,
        max_commits=1,
        max_ticks=5,
        resolved=False,
    ):
        escalation = {
            "issueId": "EXT/42",
            "escalationKey": "question-a",
            "raisedBy": "lane-holder",
            "raisedAtSha": "raised",
            "question": "A question?",
            "interimReading": "The recorded reading.",
            "interimBasis": "The recorded basis.",
        }
        return (
            AlarmReading(
                source_ref="comment/raise",
                value=EscalationEvidence(value=LaneEscalation.model_validate(escalation)),
                at_sha="raised",
            ),
            AlarmReading(
                source_ref="comment/raise",
                value=ResolutionEvidence(
                    value=EscalationResolution(
                        state=EscalationResolutionState.RESOLVED
                        if resolved
                        else EscalationResolutionState.UNRESOLVED,
                        decision_ref="comment/decision" if resolved else None,
                    )
                ),
            ),
            AlarmReading(
                source_ref="record/lane#commits",
                value=ReferencesEvidence(value=commits),
                at_sha="last",
            ),
            AlarmReading(
                source_ref="record/walker#ticks-since-question",
                value=CountEvidence(value=ticks),
            ),
            AlarmReading(source_ref=COMMIT_FIELD, value=CountEvidence(value=max_commits)),
>           AlarmReading(source_ref=TICK_FIELD, value=CountEvidence(value=max_ticks)),
                                                      ^^^^^^^^^^^^^^^^^^^^^^^^^^^^^^
        )
E       pydantic_core._pydantic_core.ValidationError: 1 validation error for CountEvidence
E       value
E         Input should be a valid integer [type=int_type, input_value='2', input_type=str]
E           For further information visit https://errors.pydantic.dev/2.12/v/int_type

tests/domain/test_escalation_ageing.py:85: ValidationError
_________ test_commit_identities_are_nonempty_opaque_strings[commits0] _________

commits = ('raised', '')

    @pytest.mark.parametrize("commits", [("raised", ""), ("raised", "  "), ("raised", 3)])
    def test_commit_identities_are_nonempty_opaque_strings(commits):
        with pytest.raises(RunShapeReadError):
>           evaluate(readings(commits=commits))
                     ^^^^^^^^^^^^^^^^^^^^^^^^^

tests/domain/test_escalation_ageing.py:228: 
_ _ _ _ _ _ _ _ _ _ _ _ _ _ _ _ _ _ _ _ _ _ _ _ _ _ _ _ _ _ _ _ _ _ _ _ _ _ _ _ 

    def readings(
        *,
        commits=("before", "raised", "next", "last"),
        ticks=3,
        max_commits=1,
        max_ticks=5,
        resolved=False,
    ):
        escalation = {
            "issueId": "EXT/42",
            "escalationKey": "question-a",
            "raisedBy": "lane-holder",
            "raisedAtSha": "raised",
            "question": "A question?",
            "interimReading": "The recorded reading.",
            "interimBasis": "The recorded basis.",
        }
        return (
            AlarmReading(
                source_ref="comment/raise",
                value=EscalationEvidence(value=LaneEscalation.model_validate(escalation)),
                at_sha="raised",
            ),
            AlarmReading(
                source_ref="comment/raise",
                value=ResolutionEvidence(
                    value=EscalationResolution(
                        state=EscalationResolutionState.RESOLVED
                        if resolved
                        else EscalationResolutionState.UNRESOLVED,
                        decision_ref="comment/decision" if resolved else None,
                    )
                ),
            ),
            AlarmReading(
                source_ref="record/lane#commits",
>               value=ReferencesEvidence(value=commits),
                      ^^^^^^^^^^^^^^^^^^^^^^^^^^^^^^^^^
                at_sha="last",
            ),
            AlarmReading(
                source_ref="record/walker#ticks-since-question",
                value=CountEvidence(value=ticks),
            ),
            AlarmReading(source_ref=COMMIT_FIELD, value=CountEvidence(value=max_commits)),
            AlarmReading(source_ref=TICK_FIELD, value=CountEvidence(value=max_ticks)),
        )
E       pydantic_core._pydantic_core.ValidationError: 1 validation error for ReferencesEvidence
E       value.1
E         String should have at least 1 character [type=string_too_short, input_value='', input_type=str]
E           For further information visit https://errors.pydantic.dev/2.12/v/string_too_short

tests/domain/test_escalation_ageing.py:77: ValidationError
_________ test_commit_identities_are_nonempty_opaque_strings[commits1] _________

commits = ('raised', '  ')

    @pytest.mark.parametrize("commits", [("raised", ""), ("raised", "  "), ("raised", 3)])
    def test_commit_identities_are_nonempty_opaque_strings(commits):
        with pytest.raises(RunShapeReadError):
>           evaluate(readings(commits=commits))
                     ^^^^^^^^^^^^^^^^^^^^^^^^^

tests/domain/test_escalation_ageing.py:228: 
_ _ _ _ _ _ _ _ _ _ _ _ _ _ _ _ _ _ _ _ _ _ _ _ _ _ _ _ _ _ _ _ _ _ _ _ _ _ _ _ 

    def readings(
        *,
        commits=("before", "raised", "next", "last"),
        ticks=3,
        max_commits=1,
        max_ticks=5,
        resolved=False,
    ):
        escalation = {
            "issueId": "EXT/42",
            "escalationKey": "question-a",
            "raisedBy": "lane-holder",
            "raisedAtSha": "raised",
            "question": "A question?",
            "interimReading": "The recorded reading.",
            "interimBasis": "The recorded basis.",
        }
        return (
            AlarmReading(
                source_ref="comment/raise",
                value=EscalationEvidence(value=LaneEscalation.model_validate(escalation)),
                at_sha="raised",
            ),
            AlarmReading(
                source_ref="comment/raise",
                value=ResolutionEvidence(
                    value=EscalationResolution(
                        state=EscalationResolutionState.RESOLVED
                        if resolved
                        else EscalationResolutionState.UNRESOLVED,
                        decision_ref="comment/decision" if resolved else None,
                    )
                ),
            ),
            AlarmReading(
                source_ref="record/lane#commits",
>               value=ReferencesEvidence(value=commits),
                      ^^^^^^^^^^^^^^^^^^^^^^^^^^^^^^^^^
                at_sha="last",
            ),
            AlarmReading(
                source_ref="record/walker#ticks-since-question",
                value=CountEvidence(value=ticks),
            ),
            AlarmReading(source_ref=COMMIT_FIELD, value=CountEvidence(value=max_commits)),
            AlarmReading(source_ref=TICK_FIELD, value=CountEvidence(value=max_ticks)),
        )
E       pydantic_core._pydantic_core.ValidationError: 1 validation error for ReferencesEvidence
E       value.1
E         String should match pattern '\S' [type=string_pattern_mismatch, input_value='  ', input_type=str]
E           For further information visit https://errors.pydantic.dev/2.12/v/string_pattern_mismatch

tests/domain/test_escalation_ageing.py:77: ValidationError
_________ test_commit_identities_are_nonempty_opaque_strings[commits2] _________

commits = ('raised', 3)

    @pytest.mark.parametrize("commits", [("raised", ""), ("raised", "  "), ("raised", 3)])
    def test_commit_identities_are_nonempty_opaque_strings(commits):
        with pytest.raises(RunShapeReadError):
>           evaluate(readings(commits=commits))
                     ^^^^^^^^^^^^^^^^^^^^^^^^^

tests/domain/test_escalation_ageing.py:228: 
_ _ _ _ _ _ _ _ _ _ _ _ _ _ _ _ _ _ _ _ _ _ _ _ _ _ _ _ _ _ _ _ _ _ _ _ _ _ _ _ 

    def readings(
        *,
        commits=("before", "raised", "next", "last"),
        ticks=3,
        max_commits=1,
        max_ticks=5,
        resolved=False,
    ):
        escalation = {
            "issueId": "EXT/42",
            "escalationKey": "question-a",
            "raisedBy": "lane-holder",
            "raisedAtSha": "raised",
            "question": "A question?",
            "interimReading": "The recorded reading.",
            "interimBasis": "The recorded basis.",
        }
        return (
            AlarmReading(
                source_ref="comment/raise",
                value=EscalationEvidence(value=LaneEscalation.model_validate(escalation)),
                at_sha="raised",
            ),
            AlarmReading(
                source_ref="comment/raise",
                value=ResolutionEvidence(
                    value=EscalationResolution(
                        state=EscalationResolutionState.RESOLVED
                        if resolved
                        else EscalationResolutionState.UNRESOLVED,
                        decision_ref="comment/decision" if resolved else None,
                    )
                ),
            ),
            AlarmReading(
                source_ref="record/lane#commits",
>               value=ReferencesEvidence(value=commits),
                      ^^^^^^^^^^^^^^^^^^^^^^^^^^^^^^^^^
                at_sha="last",
            ),
            AlarmReading(
                source_ref="record/walker#ticks-since-question",
                value=CountEvidence(value=ticks),
            ),
            AlarmReading(source_ref=COMMIT_FIELD, value=CountEvidence(value=max_commits)),
            AlarmReading(source_ref=TICK_FIELD, value=CountEvidence(value=max_ticks)),
        )
E       pydantic_core._pydantic_core.ValidationError: 1 validation error for ReferencesEvidence
E       value.1
E         Input should be a valid string [type=string_type, input_value=3, input_type=int]
E           For further information visit https://errors.pydantic.dev/2.12/v/string_type

tests/domain/test_escalation_ageing.py:77: ValidationError
____ test_signal_module_is_pure_and_count_comparisons_have_no_literal_bound ____

    def test_signal_module_is_pure_and_count_comparisons_have_no_literal_bound():
        tree = ast.parse(inspect.getsource(run_shape))
        allowed_imports = {
            "typing",
            "pydantic",
            "kodezart.domain.errors",
            "kodezart.types.domain.escalation",
            "kodezart.types.domain.run_alarm",
            "kodezart.types.domain.run_state",
            "kodezart.types.domain.surface",
            "kodezart.types.domain.scope",
            "kodezart.types.domain.organize",
        }
        imports = {
            node.module for node in ast.walk(tree) if isinstance(node, ast.ImportFrom)
        }
>       assert imports <= allowed_imports
E       AssertionError: assert {'kodezart.do...in.run_alarm'} <= {'kodezart.do...n.scope', ...}
E         
E         Extra items in the left set:
E         'kodezart.domain.run_alarm_record'

tests/domain/test_escalation_ageing.py:300: AssertionError
__ test_only_an_explicit_successful_lookup_boolean_can_answer_presence[None] ___

present = None

    @pytest.mark.parametrize("present", [None, 0, 1, "false", "true", {}, []])
    def test_only_an_explicit_successful_lookup_boolean_can_answer_presence(present):
        address = surface()
        with pytest.raises(RunShapeReadError) as raised:
            evaluate(
                write_back_missing,
                surface_subject(address),
>               write_readings(address, present=present),
                ^^^^^^^^^^^^^^^^^^^^^^^^^^^^^^^^^^^^^^^^
            )

tests/domain/test_record_consistency.py:152: 
_ _ _ _ _ _ _ _ _ _ _ _ _ _ _ _ _ _ _ _ _ _ _ _ _ _ _ _ _ _ _ _ _ _ _ _ _ _ _ _ 

address = WritableSurface(kind=<SurfaceKind.MARKER_COMMENT: 'marker_comment'>, ref=ScopeRef(kind=<ScopeKind.ISSUE: 'issue'>, key='issue/42'), marker='record:key')

    def write_readings(address, *, present=False):
        return (
            AlarmReading(
                source_ref="event/occurrence-7",
                value=SurfaceEvidence(value=address),
                at_sha="event-sha",
            ),
            AlarmReading(
                source_ref=surface_alarm_member_id(address),
>               value=PresenceEvidence(value=present),
                      ^^^^^^^^^^^^^^^^^^^^^^^^^^^^^^^
                at_sha="record-observed-sha",
            ),
        )
E       pydantic_core._pydantic_core.ValidationError: 1 validation error for PresenceEvidence
E       value
E         Input should be a valid boolean [type=bool_type, input_value=None, input_type=NoneType]
E           For further information visit https://errors.pydantic.dev/2.12/v/bool_type

tests/domain/test_record_consistency.py:58: ValidationError
____ test_only_an_explicit_successful_lookup_boolean_can_answer_presence[0] ____

present = 0

    @pytest.mark.parametrize("present", [None, 0, 1, "false", "true", {}, []])
    def test_only_an_explicit_successful_lookup_boolean_can_answer_presence(present):
        address = surface()
        with pytest.raises(RunShapeReadError) as raised:
            evaluate(
                write_back_missing,
                surface_subject(address),
>               write_readings(address, present=present),
                ^^^^^^^^^^^^^^^^^^^^^^^^^^^^^^^^^^^^^^^^
            )

tests/domain/test_record_consistency.py:152: 
_ _ _ _ _ _ _ _ _ _ _ _ _ _ _ _ _ _ _ _ _ _ _ _ _ _ _ _ _ _ _ _ _ _ _ _ _ _ _ _ 

address = WritableSurface(kind=<SurfaceKind.MARKER_COMMENT: 'marker_comment'>, ref=ScopeRef(kind=<ScopeKind.ISSUE: 'issue'>, key='issue/42'), marker='record:key')

    def write_readings(address, *, present=False):
        return (
            AlarmReading(
                source_ref="event/occurrence-7",
                value=SurfaceEvidence(value=address),
                at_sha="event-sha",
            ),
            AlarmReading(
                source_ref=surface_alarm_member_id(address),
>               value=PresenceEvidence(value=present),
                      ^^^^^^^^^^^^^^^^^^^^^^^^^^^^^^^
                at_sha="record-observed-sha",
            ),
        )
E       pydantic_core._pydantic_core.ValidationError: 1 validation error for PresenceEvidence
E       value
E         Input should be a valid boolean [type=bool_type, input_value=0, input_type=int]
E           For further information visit https://errors.pydantic.dev/2.12/v/bool_type

tests/domain/test_record_consistency.py:58: ValidationError
____ test_only_an_explicit_successful_lookup_boolean_can_answer_presence[1] ____

present = 1

    @pytest.mark.parametrize("present", [None, 0, 1, "false", "true", {}, []])
    def test_only_an_explicit_successful_lookup_boolean_can_answer_presence(present):
        address = surface()
        with pytest.raises(RunShapeReadError) as raised:
            evaluate(
                write_back_missing,
                surface_subject(address),
>               write_readings(address, present=present),
                ^^^^^^^^^^^^^^^^^^^^^^^^^^^^^^^^^^^^^^^^
            )

tests/domain/test_record_consistency.py:152: 
_ _ _ _ _ _ _ _ _ _ _ _ _ _ _ _ _ _ _ _ _ _ _ _ _ _ _ _ _ _ _ _ _ _ _ _ _ _ _ _ 

address = WritableSurface(kind=<SurfaceKind.MARKER_COMMENT: 'marker_comment'>, ref=ScopeRef(kind=<ScopeKind.ISSUE: 'issue'>, key='issue/42'), marker='record:key')

    def write_readings(address, *, present=False):
        return (
            AlarmReading(
                source_ref="event/occurrence-7",
                value=SurfaceEvidence(value=address),
                at_sha="event-sha",
            ),
            AlarmReading(
                source_ref=surface_alarm_member_id(address),
>               value=PresenceEvidence(value=present),
                      ^^^^^^^^^^^^^^^^^^^^^^^^^^^^^^^
                at_sha="record-observed-sha",
            ),
        )
E       pydantic_core._pydantic_core.ValidationError: 1 validation error for PresenceEvidence
E       value
E         Input should be a valid boolean [type=bool_type, input_value=1, input_type=int]
E           For further information visit https://errors.pydantic.dev/2.12/v/bool_type

tests/domain/test_record_consistency.py:58: ValidationError
__ test_only_an_explicit_successful_lookup_boolean_can_answer_presence[false] __

present = 'false'

    @pytest.mark.parametrize("present", [None, 0, 1, "false", "true", {}, []])
    def test_only_an_explicit_successful_lookup_boolean_can_answer_presence(present):
        address = surface()
        with pytest.raises(RunShapeReadError) as raised:
            evaluate(
                write_back_missing,
                surface_subject(address),
>               write_readings(address, present=present),
                ^^^^^^^^^^^^^^^^^^^^^^^^^^^^^^^^^^^^^^^^
            )

tests/domain/test_record_consistency.py:152: 
_ _ _ _ _ _ _ _ _ _ _ _ _ _ _ _ _ _ _ _ _ _ _ _ _ _ _ _ _ _ _ _ _ _ _ _ _ _ _ _ 

address = WritableSurface(kind=<SurfaceKind.MARKER_COMMENT: 'marker_comment'>, ref=ScopeRef(kind=<ScopeKind.ISSUE: 'issue'>, key='issue/42'), marker='record:key')

    def write_readings(address, *, present=False):
        return (
            AlarmReading(
                source_ref="event/occurrence-7",
                value=SurfaceEvidence(value=address),
                at_sha="event-sha",
            ),
            AlarmReading(
                source_ref=surface_alarm_member_id(address),
>               value=PresenceEvidence(value=present),
                      ^^^^^^^^^^^^^^^^^^^^^^^^^^^^^^^
                at_sha="record-observed-sha",
            ),
        )
E       pydantic_core._pydantic_core.ValidationError: 1 validation error for PresenceEvidence
E       value
E         Input should be a valid boolean [type=bool_type, input_value='false', input_type=str]
E           For further information visit https://errors.pydantic.dev/2.12/v/bool_type

tests/domain/test_record_consistency.py:58: ValidationError
__ test_only_an_explicit_successful_lookup_boolean_can_answer_presence[true] ___

present = 'true'

    @pytest.mark.parametrize("present", [None, 0, 1, "false", "true", {}, []])
    def test_only_an_explicit_successful_lookup_boolean_can_answer_presence(present):
        address = surface()
        with pytest.raises(RunShapeReadError) as raised:
            evaluate(
                write_back_missing,
                surface_subject(address),
>               write_readings(address, present=present),
                ^^^^^^^^^^^^^^^^^^^^^^^^^^^^^^^^^^^^^^^^
            )

tests/domain/test_record_consistency.py:152: 
_ _ _ _ _ _ _ _ _ _ _ _ _ _ _ _ _ _ _ _ _ _ _ _ _ _ _ _ _ _ _ _ _ _ _ _ _ _ _ _ 

address = WritableSurface(kind=<SurfaceKind.MARKER_COMMENT: 'marker_comment'>, ref=ScopeRef(kind=<ScopeKind.ISSUE: 'issue'>, key='issue/42'), marker='record:key')

    def write_readings(address, *, present=False):
        return (
            AlarmReading(
                source_ref="event/occurrence-7",
                value=SurfaceEvidence(value=address),
                at_sha="event-sha",
            ),
            AlarmReading(
                source_ref=surface_alarm_member_id(address),
>               value=PresenceEvidence(value=present),
                      ^^^^^^^^^^^^^^^^^^^^^^^^^^^^^^^
                at_sha="record-observed-sha",
            ),
        )
E       pydantic_core._pydantic_core.ValidationError: 1 validation error for PresenceEvidence
E       value
E         Input should be a valid boolean [type=bool_type, input_value='true', input_type=str]
E           For further information visit https://errors.pydantic.dev/2.12/v/bool_type

tests/domain/test_record_consistency.py:58: ValidationError
_ test_only_an_explicit_successful_lookup_boolean_can_answer_presence[present5] _

present = {}

    @pytest.mark.parametrize("present", [None, 0, 1, "false", "true", {}, []])
    def test_only_an_explicit_successful_lookup_boolean_can_answer_presence(present):
        address = surface()
        with pytest.raises(RunShapeReadError) as raised:
            evaluate(
                write_back_missing,
                surface_subject(address),
>               write_readings(address, present=present),
                ^^^^^^^^^^^^^^^^^^^^^^^^^^^^^^^^^^^^^^^^
            )

tests/domain/test_record_consistency.py:152: 
_ _ _ _ _ _ _ _ _ _ _ _ _ _ _ _ _ _ _ _ _ _ _ _ _ _ _ _ _ _ _ _ _ _ _ _ _ _ _ _ 

address = WritableSurface(kind=<SurfaceKind.MARKER_COMMENT: 'marker_comment'>, ref=ScopeRef(kind=<ScopeKind.ISSUE: 'issue'>, key='issue/42'), marker='record:key')

    def write_readings(address, *, present=False):
        return (
            AlarmReading(
                source_ref="event/occurrence-7",
                value=SurfaceEvidence(value=address),
                at_sha="event-sha",
            ),
            AlarmReading(
                source_ref=surface_alarm_member_id(address),
>               value=PresenceEvidence(value=present),
                      ^^^^^^^^^^^^^^^^^^^^^^^^^^^^^^^
                at_sha="record-observed-sha",
            ),
        )
E       pydantic_core._pydantic_core.ValidationError: 1 validation error for PresenceEvidence
E       value
E         Input should be a valid boolean [type=bool_type, input_value={}, input_type=dict]
E           For further information visit https://errors.pydantic.dev/2.12/v/bool_type

tests/domain/test_record_consistency.py:58: ValidationError
_ test_only_an_explicit_successful_lookup_boolean_can_answer_presence[present6] _

present = []

    @pytest.mark.parametrize("present", [None, 0, 1, "false", "true", {}, []])
    def test_only_an_explicit_successful_lookup_boolean_can_answer_presence(present):
        address = surface()
        with pytest.raises(RunShapeReadError) as raised:
            evaluate(
                write_back_missing,
                surface_subject(address),
>               write_readings(address, present=present),
                ^^^^^^^^^^^^^^^^^^^^^^^^^^^^^^^^^^^^^^^^
            )

tests/domain/test_record_consistency.py:152: 
_ _ _ _ _ _ _ _ _ _ _ _ _ _ _ _ _ _ _ _ _ _ _ _ _ _ _ _ _ _ _ _ _ _ _ _ _ _ _ _ 

address = WritableSurface(kind=<SurfaceKind.MARKER_COMMENT: 'marker_comment'>, ref=ScopeRef(kind=<ScopeKind.ISSUE: 'issue'>, key='issue/42'), marker='record:key')

    def write_readings(address, *, present=False):
        return (
            AlarmReading(
                source_ref="event/occurrence-7",
                value=SurfaceEvidence(value=address),
                at_sha="event-sha",
            ),
            AlarmReading(
                source_ref=surface_alarm_member_id(address),
>               value=PresenceEvidence(value=present),
                      ^^^^^^^^^^^^^^^^^^^^^^^^^^^^^^^
                at_sha="record-observed-sha",
            ),
        )
E       pydantic_core._pydantic_core.ValidationError: 1 validation error for PresenceEvidence
E       value
E         Input should be a valid boolean [type=bool_type, input_value=[], input_type=list]
E           For further information visit https://errors.pydantic.dev/2.12/v/bool_type

tests/domain/test_record_consistency.py:58: ValidationError
____________ test_declared_count_must_be_a_nonnegative_integer[-1] _____________

count = -1

    @pytest.mark.parametrize("count", [-1, True, "2", 2.5, None])
    def test_declared_count_must_be_a_nonnegative_integer(count):
        with pytest.raises(RunShapeReadError):
>           evaluate(commits_ahead_of_record, lane_subject(), commit_readings(count=count))
                                                              ^^^^^^^^^^^^^^^^^^^^^^^^^^^^

tests/domain/test_record_consistency.py:258: 
_ _ _ _ _ _ _ _ _ _ _ _ _ _ _ _ _ _ _ _ _ _ _ _ _ _ _ _ _ _ _ _ _ _ _ _ _ _ _ _ 

    def commit_readings(*, count=3, rows=None, head="declared-head"):
        if rows is None:
            rows = [
                {"sha": "old", "subject": "Recorded work", "issue_id": "issue/42"},
                {"sha": head, "subject": "", "issue_id": "another/7"},
            ]
        return tuple(
            AlarmReading(
                source_ref="lane-record/ref",
                value=value,
                at_sha=head,
            )
            for value in (
                TextEvidence(value="lane/42"),
                TextEvidence(value=head),
>               CountEvidence(value=count),
                ^^^^^^^^^^^^^^^^^^^^^^^^^^
                CommitsEvidence(
                    value=tuple(LaneCommit.model_validate(row) for row in rows)
                ),
            )
        )
E       pydantic_core._pydantic_core.ValidationError: 1 validation error for CountEvidence
E       value
E         Input should be greater than or equal to 0 [type=greater_than_equal, input_value=-1, input_type=int]
E           For further information visit https://errors.pydantic.dev/2.12/v/greater_than_equal

tests/domain/test_record_consistency.py:83: ValidationError
___________ test_declared_count_must_be_a_nonnegative_integer[True] ____________

count = True

    @pytest.mark.parametrize("count", [-1, True, "2", 2.5, None])
    def test_declared_count_must_be_a_nonnegative_integer(count):
        with pytest.raises(RunShapeReadError):
>           evaluate(commits_ahead_of_record, lane_subject(), commit_readings(count=count))
                                                              ^^^^^^^^^^^^^^^^^^^^^^^^^^^^

tests/domain/test_record_consistency.py:258: 
_ _ _ _ _ _ _ _ _ _ _ _ _ _ _ _ _ _ _ _ _ _ _ _ _ _ _ _ _ _ _ _ _ _ _ _ _ _ _ _ 

    def commit_readings(*, count=3, rows=None, head="declared-head"):
        if rows is None:
            rows = [
                {"sha": "old", "subject": "Recorded work", "issue_id": "issue/42"},
                {"sha": head, "subject": "", "issue_id": "another/7"},
            ]
        return tuple(
            AlarmReading(
                source_ref="lane-record/ref",
                value=value,
                at_sha=head,
            )
            for value in (
                TextEvidence(value="lane/42"),
                TextEvidence(value=head),
>               CountEvidence(value=count),
                ^^^^^^^^^^^^^^^^^^^^^^^^^^
                CommitsEvidence(
                    value=tuple(LaneCommit.model_validate(row) for row in rows)
                ),
            )
        )
E       pydantic_core._pydantic_core.ValidationError: 1 validation error for CountEvidence
E       value
E         Input should be a valid integer [type=int_type, input_value=True, input_type=bool]
E           For further information visit https://errors.pydantic.dev/2.12/v/int_type

tests/domain/test_record_consistency.py:83: ValidationError
_____________ test_declared_count_must_be_a_nonnegative_integer[2] _____________

count = '2'

    @pytest.mark.parametrize("count", [-1, True, "2", 2.5, None])
    def test_declared_count_must_be_a_nonnegative_integer(count):
        with pytest.raises(RunShapeReadError):
>           evaluate(commits_ahead_of_record, lane_subject(), commit_readings(count=count))
                                                              ^^^^^^^^^^^^^^^^^^^^^^^^^^^^

tests/domain/test_record_consistency.py:258: 
_ _ _ _ _ _ _ _ _ _ _ _ _ _ _ _ _ _ _ _ _ _ _ _ _ _ _ _ _ _ _ _ _ _ _ _ _ _ _ _ 

    def commit_readings(*, count=3, rows=None, head="declared-head"):
        if rows is None:
            rows = [
                {"sha": "old", "subject": "Recorded work", "issue_id": "issue/42"},
                {"sha": head, "subject": "", "issue_id": "another/7"},
            ]
        return tuple(
            AlarmReading(
                source_ref="lane-record/ref",
                value=value,
                at_sha=head,
            )
            for value in (
                TextEvidence(value="lane/42"),
                TextEvidence(value=head),
>               CountEvidence(value=count),
                ^^^^^^^^^^^^^^^^^^^^^^^^^^
                CommitsEvidence(
                    value=tuple(LaneCommit.model_validate(row) for row in rows)
                ),
            )
        )
E       pydantic_core._pydantic_core.ValidationError: 1 validation error for CountEvidence
E       value
E         Input should be a valid integer [type=int_type, input_value='2', input_type=str]
E           For further information visit https://errors.pydantic.dev/2.12/v/int_type

tests/domain/test_record_consistency.py:83: ValidationError
____________ test_declared_count_must_be_a_nonnegative_integer[2.5] ____________

count = 2.5

    @pytest.mark.parametrize("count", [-1, True, "2", 2.5, None])
    def test_declared_count_must_be_a_nonnegative_integer(count):
        with pytest.raises(RunShapeReadError):
>           evaluate(commits_ahead_of_record, lane_subject(), commit_readings(count=count))
                                                              ^^^^^^^^^^^^^^^^^^^^^^^^^^^^

tests/domain/test_record_consistency.py:258: 
_ _ _ _ _ _ _ _ _ _ _ _ _ _ _ _ _ _ _ _ _ _ _ _ _ _ _ _ _ _ _ _ _ _ _ _ _ _ _ _ 

    def commit_readings(*, count=3, rows=None, head="declared-head"):
        if rows is None:
            rows = [
                {"sha": "old", "subject": "Recorded work", "issue_id": "issue/42"},
                {"sha": head, "subject": "", "issue_id": "another/7"},
            ]
        return tuple(
            AlarmReading(
                source_ref="lane-record/ref",
                value=value,
                at_sha=head,
            )
            for value in (
                TextEvidence(value="lane/42"),
                TextEvidence(value=head),
>               CountEvidence(value=count),
                ^^^^^^^^^^^^^^^^^^^^^^^^^^
                CommitsEvidence(
                    value=tuple(LaneCommit.model_validate(row) for row in rows)
                ),
            )
        )
E       pydantic_core._pydantic_core.ValidationError: 1 validation error for CountEvidence
E       value
E         Input should be a valid integer [type=int_type, input_value=2.5, input_type=float]
E           For further information visit https://errors.pydantic.dev/2.12/v/int_type

tests/domain/test_record_consistency.py:83: ValidationError
___________ test_declared_count_must_be_a_nonnegative_integer[None] ____________

count = None

    @pytest.mark.parametrize("count", [-1, True, "2", 2.5, None])
    def test_declared_count_must_be_a_nonnegative_integer(count):
        with pytest.raises(RunShapeReadError):
>           evaluate(commits_ahead_of_record, lane_subject(), commit_readings(count=count))
                                                              ^^^^^^^^^^^^^^^^^^^^^^^^^^^^

tests/domain/test_record_consistency.py:258: 
_ _ _ _ _ _ _ _ _ _ _ _ _ _ _ _ _ _ _ _ _ _ _ _ _ _ _ _ _ _ _ _ _ _ _ _ _ _ _ _ 

    def commit_readings(*, count=3, rows=None, head="declared-head"):
        if rows is None:
            rows = [
                {"sha": "old", "subject": "Recorded work", "issue_id": "issue/42"},
                {"sha": head, "subject": "", "issue_id": "another/7"},
            ]
        return tuple(
            AlarmReading(
                source_ref="lane-record/ref",
                value=value,
                at_sha=head,
            )
            for value in (
                TextEvidence(value="lane/42"),
                TextEvidence(value=head),
>               CountEvidence(value=count),
                ^^^^^^^^^^^^^^^^^^^^^^^^^^
                CommitsEvidence(
                    value=tuple(LaneCommit.model_validate(row) for row in rows)
                ),
            )
        )
E       pydantic_core._pydantic_core.ValidationError: 1 validation error for CountEvidence
E       value
E         Input should be a valid integer [type=int_type, input_value=None, input_type=NoneType]
E           For further information visit https://errors.pydantic.dev/2.12/v/int_type

tests/domain/test_record_consistency.py:83: ValidationError
____________ test_required_author_is_a_closed_recorded_field[None] _____________

value = None

    @pytest.mark.parametrize("value", [None, 1, True, {}, "human", ""])
    def test_required_author_is_a_closed_recorded_field(value: object) -> None:
        row: dict[str, object] = dict(ruling("x"))
        row["authoredBy"] = value
        inputs = list(ruling_inputs())
        inputs[1] = reading(
            RulingsEvidence(
>               value=LaneRulingSnapshot.model_validate(
                    {"laneKey": "lane", "issueKeys": ["FIRE"], "rulings": [row]}
                )
            )
        )
E       pydantic_core._pydantic_core.ValidationError: 1 validation error for LaneRulingSnapshot
E       rulings.0.authoredBy
E         Input should be 'machine' or 'principal' [type=enum, input_value=None, input_type=NoneType]
E           For further information visit https://errors.pydantic.dev/2.12/v/enum

tests/domain/test_mandate_graph.py:208: ValidationError
______________ test_required_author_is_a_closed_recorded_field[1] ______________

value = 1

    @pytest.mark.parametrize("value", [None, 1, True, {}, "human", ""])
    def test_required_author_is_a_closed_recorded_field(value: object) -> None:
        row: dict[str, object] = dict(ruling("x"))
        row["authoredBy"] = value
        inputs = list(ruling_inputs())
        inputs[1] = reading(
            RulingsEvidence(
>               value=LaneRulingSnapshot.model_validate(
                    {"laneKey": "lane", "issueKeys": ["FIRE"], "rulings": [row]}
                )
            )
        )
E       pydantic_core._pydantic_core.ValidationError: 1 validation error for LaneRulingSnapshot
E       rulings.0.authoredBy
E         Input should be 'machine' or 'principal' [type=enum, input_value=1, input_type=int]
E           For further information visit https://errors.pydantic.dev/2.12/v/enum

tests/domain/test_mandate_graph.py:208: ValidationError
____________ test_required_author_is_a_closed_recorded_field[True] _____________

value = True

    @pytest.mark.parametrize("value", [None, 1, True, {}, "human", ""])
    def test_required_author_is_a_closed_recorded_field(value: object) -> None:
        row: dict[str, object] = dict(ruling("x"))
        row["authoredBy"] = value
        inputs = list(ruling_inputs())
        inputs[1] = reading(
            RulingsEvidence(
>               value=LaneRulingSnapshot.model_validate(
                    {"laneKey": "lane", "issueKeys": ["FIRE"], "rulings": [row]}
                )
            )
        )
E       pydantic_core._pydantic_core.ValidationError: 1 validation error for LaneRulingSnapshot
E       rulings.0.authoredBy
E         Input should be 'machine' or 'principal' [type=enum, input_value=True, input_type=bool]
E           For further information visit https://errors.pydantic.dev/2.12/v/enum

tests/domain/test_mandate_graph.py:208: ValidationError
___________ test_required_author_is_a_closed_recorded_field[value3] ____________

value = {}

    @pytest.mark.parametrize("value", [None, 1, True, {}, "human", ""])
    def test_required_author_is_a_closed_recorded_field(value: object) -> None:
        row: dict[str, object] = dict(ruling("x"))
        row["authoredBy"] = value
        inputs = list(ruling_inputs())
        inputs[1] = reading(
            RulingsEvidence(
>               value=LaneRulingSnapshot.model_validate(
                    {"laneKey": "lane", "issueKeys": ["FIRE"], "rulings": [row]}
                )
            )
        )
E       pydantic_core._pydantic_core.ValidationError: 1 validation error for LaneRulingSnapshot
E       rulings.0.authoredBy
E         Input should be 'machine' or 'principal' [type=enum, input_value={}, input_type=dict]
E           For further information visit https://errors.pydantic.dev/2.12/v/enum

tests/domain/test_mandate_graph.py:208: ValidationError
____________ test_required_author_is_a_closed_recorded_field[human] ____________

value = 'human'

    @pytest.mark.parametrize("value", [None, 1, True, {}, "human", ""])
    def test_required_author_is_a_closed_recorded_field(value: object) -> None:
        row: dict[str, object] = dict(ruling("x"))
        row["authoredBy"] = value
        inputs = list(ruling_inputs())
        inputs[1] = reading(
            RulingsEvidence(
>               value=LaneRulingSnapshot.model_validate(
                    {"laneKey": "lane", "issueKeys": ["FIRE"], "rulings": [row]}
                )
            )
        )
E       pydantic_core._pydantic_core.ValidationError: 1 validation error for LaneRulingSnapshot
E       rulings.0.authoredBy
E         Input should be 'machine' or 'principal' [type=enum, input_value='human', input_type=str]
E           For further information visit https://errors.pydantic.dev/2.12/v/enum

tests/domain/test_mandate_graph.py:208: ValidationError
______________ test_required_author_is_a_closed_recorded_field[] _______________

value = ''

    @pytest.mark.parametrize("value", [None, 1, True, {}, "human", ""])
    def test_required_author_is_a_closed_recorded_field(value: object) -> None:
        row: dict[str, object] = dict(ruling("x"))
        row["authoredBy"] = value
        inputs = list(ruling_inputs())
        inputs[1] = reading(
            RulingsEvidence(
>               value=LaneRulingSnapshot.model_validate(
                    {"laneKey": "lane", "issueKeys": ["FIRE"], "rulings": [row]}
                )
            )
        )
E       pydantic_core._pydantic_core.ValidationError: 1 validation error for LaneRulingSnapshot
E       rulings.0.authoredBy
E         Input should be 'machine' or 'principal' [type=enum, input_value='', input_type=str]
E           For further information visit https://errors.pydantic.dev/2.12/v/enum

tests/domain/test_mandate_graph.py:208: ValidationError
______ test_ruling_identity_cannot_change_owning_issue_between_snapshots _______

    def test_ruling_identity_cannot_change_owning_issue_between_snapshots() -> None:
        inputs = list(ruling_inputs(baseline=[ruling("a")]))
>       inputs[1] = reading(
            {
                "laneKey": "lane",
                "issueKeys": ["OTHER"],
                "rulings": [ruling("a", issue="OTHER")],
            }
        )

tests/domain/test_mandate_graph.py:369: 
_ _ _ _ _ _ _ _ _ _ _ _ _ _ _ _ _ _ _ _ _ _ _ _ _ _ _ _ _ _ _ _ _ _ _ _ _ _ _ _ 

value = {'issueKeys': ['OTHER'], 'laneKey': 'lane', 'rulings': [{'authoredBy': 'machine', 'issueKey': 'OTHER', 'rulingId': 'a'}]}
source = 'lane-record'

    def reading(value, source: str = "lane-record") -> AlarmReading:
>       return AlarmReading(source_ref=source, value=value)
               ^^^^^^^^^^^^^^^^^^^^^^^^^^^^^^^^^^^^^^^^^^^^
E       pydantic_core._pydantic_core.ValidationError: 1 validation error for AlarmReading
E       value
E         Unable to extract tag using discriminator 'kind' [type=union_tag_not_found, input_value={'laneKey': 'lane', 'issu..., 'issueKey': 'OTHER'}]}, input_type=dict]
E           For further information visit https://errors.pydantic.dev/2.12/v/union_tag_not_found

tests/domain/test_mandate_graph.py:39: ValidationError
_____________ test_both_predicates_require_the_lane_subject[scope] _____________

kind = <AlarmSubjectKind.SCOPE: 'scope'>

    @pytest.mark.parametrize("kind", [AlarmSubjectKind.SCOPE, AlarmSubjectKind.ISSUE])
    def test_both_predicates_require_the_lane_subject(kind: AlarmSubjectKind) -> None:
>       subject = AlarmSubject(
            kind=kind,
            scope_key="scope",
            issue_id="FIRE" if kind is AlarmSubjectKind.ISSUE else None,
        )

tests/domain/test_mandate_graph.py:396: 
_ _ _ _ _ _ _ _ _ _ _ _ _ _ _ _ _ _ _ _ _ _ _ _ _ _ _ _ _ _ _ _ _ _ _ _ _ _ _ _ 

self = typing.Annotated[kodezart.types.domain.run_alarm.ScopeSubject | kodezart.types.domain.run_alarm.LaneSubject | kodezart...kodezart.types.domain.run_alarm.EscalationSubject, FieldInfo(annotation=NoneType, required=True, discriminator='kind')]
args = ()
kwargs = {'issue_id': None, 'kind': <AlarmSubjectKind.SCOPE: 'scope'>, 'scope_key': 'scope'}

    def __call__(self, *args, **kwargs):
        if not self._inst:
            raise TypeError(f"Type {self._name} cannot be instantiated; "
                            f"use {self.__origin__.__name__}() instead")
>       result = self.__origin__(*args, **kwargs)
                 ^^^^^^^^^^^^^^^^^^^^^^^^^^^^^^^^
E       TypeError: 'types.UnionType' object is not callable

/Users/kodezart/.local/share/uv/python/cpython-3.12.13-macos-aarch64-none/lib/python3.12/typing.py:1184: TypeError
_____________ test_both_predicates_require_the_lane_subject[issue] _____________

kind = <AlarmSubjectKind.ISSUE: 'issue'>

    @pytest.mark.parametrize("kind", [AlarmSubjectKind.SCOPE, AlarmSubjectKind.ISSUE])
    def test_both_predicates_require_the_lane_subject(kind: AlarmSubjectKind) -> None:
>       subject = AlarmSubject(
            kind=kind,
            scope_key="scope",
            issue_id="FIRE" if kind is AlarmSubjectKind.ISSUE else None,
        )

tests/domain/test_mandate_graph.py:396: 
_ _ _ _ _ _ _ _ _ _ _ _ _ _ _ _ _ _ _ _ _ _ _ _ _ _ _ _ _ _ _ _ _ _ _ _ _ _ _ _ 

self = typing.Annotated[kodezart.types.domain.run_alarm.ScopeSubject | kodezart.types.domain.run_alarm.LaneSubject | kodezart...kodezart.types.domain.run_alarm.EscalationSubject, FieldInfo(annotation=NoneType, required=True, discriminator='kind')]
args = ()
kwargs = {'issue_id': 'FIRE', 'kind': <AlarmSubjectKind.ISSUE: 'issue'>, 'scope_key': 'scope'}

    def __call__(self, *args, **kwargs):
        if not self._inst:
            raise TypeError(f"Type {self._name} cannot be instantiated; "
                            f"use {self.__origin__.__name__}() instead")
>       result = self.__origin__(*args, **kwargs)
                 ^^^^^^^^^^^^^^^^^^^^^^^^^^^^^^^^
E       TypeError: 'types.UnionType' object is not callable

/Users/kodezart/.local/share/uv/python/cpython-3.12.13-macos-aarch64-none/lib/python3.12/typing.py:1184: TypeError
__________ test_omitted_authorship_cannot_inherit_machine_attribution __________

    def test_omitted_authorship_cannot_inherit_machine_attribution() -> None:
        row = ruling("x")
        del row["authoredBy"]
        with pytest.raises(RunShapeReadError):
>           count_alarm(ruling_inputs(rows=[row]))
                        ^^^^^^^^^^^^^^^^^^^^^^^^^

tests/domain/test_mandate_graph.py:430: 
_ _ _ _ _ _ _ _ _ _ _ _ _ _ _ _ _ _ _ _ _ _ _ _ _ _ _ _ _ _ _ _ _ _ _ _ _ _ _ _ 

    def ruling_inputs(
        *,
        rows: list[dict[str, str]] | None = None,
        baseline: list[dict[str, str]] | None = None,
        closed: tuple[str, ...] = (),
        bound: int = 1,
    ) -> tuple[AlarmReading, ...]:
        return (
            reading(
                RulingsEvidence(
                    value=LaneRulingSnapshot.model_validate(ruling_snapshot(baseline or []))
                )
            ),
            reading(
                RulingsEvidence(
>                   value=LaneRulingSnapshot.model_validate(
                        ruling_snapshot(
                            rows if rows is not None else [ruling("a"), ruling("b")]
                        )
                    )
                )
            ),
            reading(ReferencesEvidence(value=("criterion/open",))),
            reading(ReferencesEvidence(value=closed)),
            reading(CountEvidence(value=bound), RULINGS_BOUND),
        )
E       pydantic_core._pydantic_core.ValidationError: 1 validation error for LaneRulingSnapshot
E       rulings.0.authoredBy
E         Field required [type=missing, input_value={'rulingId': 'x', 'issueKey': 'FIRE'}, input_type=dict]
E           For further information visit https://errors.pydantic.dev/2.12/v/missing

tests/domain/test_mandate_graph.py:69: ValidationError
_ test_incomplete_or_ambiguous_history_never_manufactures_a_clean_read[order4] _

order = ('sha-z', 'sha-a', ' ')

    @pytest.mark.parametrize(
        "order",
        [
            (),
            ("sha-z",),
            ("sha-a",),
            (*ORDER, "sha-z"),
            ("sha-z", "sha-a", " "),
            ("sha-z", "sha-a", 2),
            ("sha-z", "sha-a", True),
        ],
    )
    def test_incomplete_or_ambiguous_history_never_manufactures_a_clean_read(order):
        original = readings(event_value="red")
        with pytest.raises(RunShapeReadError):
>           observe(replace(original, 2, value=ReferencesEvidence(value=order)))
                                               ^^^^^^^^^^^^^^^^^^^^^^^^^^^^^^^
E           pydantic_core._pydantic_core.ValidationError: 1 validation error for ReferencesEvidence
E           value.2
E             String should match pattern '\S' [type=string_pattern_mismatch, input_value=' ', input_type=str]
E               For further information visit https://errors.pydantic.dev/2.12/v/string_pattern_mismatch

tests/domain/test_record_superseded.py:223: ValidationError
_ test_incomplete_or_ambiguous_history_never_manufactures_a_clean_read[order5] _

order = ('sha-z', 'sha-a', 2)

    @pytest.mark.parametrize(
        "order",
        [
            (),
            ("sha-z",),
            ("sha-a",),
            (*ORDER, "sha-z"),
            ("sha-z", "sha-a", " "),
            ("sha-z", "sha-a", 2),
            ("sha-z", "sha-a", True),
        ],
    )
    def test_incomplete_or_ambiguous_history_never_manufactures_a_clean_read(order):
        original = readings(event_value="red")
        with pytest.raises(RunShapeReadError):
>           observe(replace(original, 2, value=ReferencesEvidence(value=order)))
                                               ^^^^^^^^^^^^^^^^^^^^^^^^^^^^^^^
E           pydantic_core._pydantic_core.ValidationError: 1 validation error for ReferencesEvidence
E           value.2
E             Input should be a valid string [type=string_type, input_value=2, input_type=int]
E               For further information visit https://errors.pydantic.dev/2.12/v/string_type

tests/domain/test_record_superseded.py:223: ValidationError
_ test_incomplete_or_ambiguous_history_never_manufactures_a_clean_read[order6] _

order = ('sha-z', 'sha-a', True)

    @pytest.mark.parametrize(
        "order",
        [
            (),
            ("sha-z",),
            ("sha-a",),
            (*ORDER, "sha-z"),
            ("sha-z", "sha-a", " "),
            ("sha-z", "sha-a", 2),
            ("sha-z", "sha-a", True),
        ],
    )
    def test_incomplete_or_ambiguous_history_never_manufactures_a_clean_read(order):
        original = readings(event_value="red")
        with pytest.raises(RunShapeReadError):
>           observe(replace(original, 2, value=ReferencesEvidence(value=order)))
                                               ^^^^^^^^^^^^^^^^^^^^^^^^^^^^^^^
E           pydantic_core._pydantic_core.ValidationError: 1 validation error for ReferencesEvidence
E           value.2
E             Input should be a valid string [type=string_type, input_value=True, input_type=bool]
E               For further information visit https://errors.pydantic.dev/2.12/v/string_type

tests/domain/test_record_superseded.py:223: ValidationError
_ test_malformed_readings_raise_with_signal_source_and_validation_cause[not-json-0] _

slot = 0, value = 'not-json'

    @pytest.mark.parametrize("slot", range(3))
    @pytest.mark.parametrize("value", ["not-json", "null", "{}", "7"])
    def test_malformed_readings_raise_with_signal_source_and_validation_cause(slot, value):
        original = readings()
        with pytest.raises(RunShapeReadError) as raised:
            observe(replace(original, slot, value=value))
        assert raised.value.signal == "record_superseded"
        assert raised.value.source_ref == original[slot].source_ref
>       assert isinstance(raised.value.__cause__, ValidationError)
E       assert False
E        +  where False = isinstance(None, ValidationError)
E        +    where None = RunShapeReadError("record_superseded cannot read 'record/ref': another evidence kind was recorded").__cause__
E        +      where RunShapeReadError("record_superseded cannot read 'record/ref': another evidence kind was recorded") = <ExceptionInfo RunShapeReadError("record_superseded cannot read 'record/ref': another evidence kind was recorded") tblen=4>.value

tests/domain/test_record_superseded.py:234: AssertionError
_ test_malformed_readings_raise_with_signal_source_and_validation_cause[not-json-1] _

slot = 1, value = 'not-json'

    @pytest.mark.parametrize("slot", range(3))
    @pytest.mark.parametrize("value", ["not-json", "null", "{}", "7"])
    def test_malformed_readings_raise_with_signal_source_and_validation_cause(slot, value):
        original = readings()
        with pytest.raises(RunShapeReadError) as raised:
            observe(replace(original, slot, value=value))
        assert raised.value.signal == "record_superseded"
        assert raised.value.source_ref == original[slot].source_ref
>       assert isinstance(raised.value.__cause__, ValidationError)
E       assert False
E        +  where False = isinstance(None, ValidationError)
E        +    where None = RunShapeReadError("record_superseded cannot read 'event/occurrence-7': another evidence kind was recorded").__cause__
E        +      where RunShapeReadError("record_superseded cannot read 'event/occurrence-7': another evidence kind was recorded") = <ExceptionInfo RunShapeReadError("record_superseded cannot read 'event/occurrence-7': another evidence kind was recorded") tblen=4>.value

tests/domain/test_record_superseded.py:234: AssertionError
_ test_malformed_readings_raise_with_signal_source_and_validation_cause[not-json-2] _

slot = 2, value = 'not-json'

    @pytest.mark.parametrize("slot", range(3))
    @pytest.mark.parametrize("value", ["not-json", "null", "{}", "7"])
    def test_malformed_readings_raise_with_signal_source_and_validation_cause(slot, value):
        original = readings()
        with pytest.raises(RunShapeReadError) as raised:
            observe(replace(original, slot, value=value))
        assert raised.value.signal == "record_superseded"
        assert raised.value.source_ref == original[slot].source_ref
>       assert isinstance(raised.value.__cause__, ValidationError)
E       assert False
E        +  where False = isinstance(None, ValidationError)
E        +    where None = RunShapeReadError("record_superseded cannot read 'record/ref': another evidence kind was recorded").__cause__
E        +      where RunShapeReadError("record_superseded cannot read 'record/ref': another evidence kind was recorded") = <ExceptionInfo RunShapeReadError("record_superseded cannot read 'record/ref': another evidence kind was recorded") tblen=4>.value

tests/domain/test_record_superseded.py:234: AssertionError
_ test_malformed_readings_raise_with_signal_source_and_validation_cause[null-0] _

slot = 0, value = 'null'

    @pytest.mark.parametrize("slot", range(3))
    @pytest.mark.parametrize("value", ["not-json", "null", "{}", "7"])
    def test_malformed_readings_raise_with_signal_source_and_validation_cause(slot, value):
        original = readings()
        with pytest.raises(RunShapeReadError) as raised:
            observe(replace(original, slot, value=value))
        assert raised.value.signal == "record_superseded"
        assert raised.value.source_ref == original[slot].source_ref
>       assert isinstance(raised.value.__cause__, ValidationError)
E       assert False
E        +  where False = isinstance(None, ValidationError)
E        +    where None = RunShapeReadError("record_superseded cannot read 'record/ref': another evidence kind was recorded").__cause__
E        +      where RunShapeReadError("record_superseded cannot read 'record/ref': another evidence kind was recorded") = <ExceptionInfo RunShapeReadError("record_superseded cannot read 'record/ref': another evidence kind was recorded") tblen=4>.value

tests/domain/test_record_superseded.py:234: AssertionError
_ test_malformed_readings_raise_with_signal_source_and_validation_cause[null-1] _

slot = 1, value = 'null'

    @pytest.mark.parametrize("slot", range(3))
    @pytest.mark.parametrize("value", ["not-json", "null", "{}", "7"])
    def test_malformed_readings_raise_with_signal_source_and_validation_cause(slot, value):
        original = readings()
        with pytest.raises(RunShapeReadError) as raised:
            observe(replace(original, slot, value=value))
        assert raised.value.signal == "record_superseded"
        assert raised.value.source_ref == original[slot].source_ref
>       assert isinstance(raised.value.__cause__, ValidationError)
E       assert False
E        +  where False = isinstance(None, ValidationError)
E        +    where None = RunShapeReadError("record_superseded cannot read 'event/occurrence-7': another evidence kind was recorded").__cause__
E        +      where RunShapeReadError("record_superseded cannot read 'event/occurrence-7': another evidence kind was recorded") = <ExceptionInfo RunShapeReadError("record_superseded cannot read 'event/occurrence-7': another evidence kind was recorded") tblen=4>.value

tests/domain/test_record_superseded.py:234: AssertionError
_ test_malformed_readings_raise_with_signal_source_and_validation_cause[null-2] _

slot = 2, value = 'null'

    @pytest.mark.parametrize("slot", range(3))
    @pytest.mark.parametrize("value", ["not-json", "null", "{}", "7"])
    def test_malformed_readings_raise_with_signal_source_and_validation_cause(slot, value):
        original = readings()
        with pytest.raises(RunShapeReadError) as raised:
            observe(replace(original, slot, value=value))
        assert raised.value.signal == "record_superseded"
        assert raised.value.source_ref == original[slot].source_ref
>       assert isinstance(raised.value.__cause__, ValidationError)
E       assert False
E        +  where False = isinstance(None, ValidationError)
E        +    where None = RunShapeReadError("record_superseded cannot read 'record/ref': another evidence kind was recorded").__cause__
E        +      where RunShapeReadError("record_superseded cannot read 'record/ref': another evidence kind was recorded") = <ExceptionInfo RunShapeReadError("record_superseded cannot read 'record/ref': another evidence kind was recorded") tblen=4>.value

tests/domain/test_record_superseded.py:234: AssertionError
_ test_malformed_readings_raise_with_signal_source_and_validation_cause[{}-0] __

slot = 0, value = '{}'

    @pytest.mark.parametrize("slot", range(3))
    @pytest.mark.parametrize("value", ["not-json", "null", "{}", "7"])
    def test_malformed_readings_raise_with_signal_source_and_validation_cause(slot, value):
        original = readings()
        with pytest.raises(RunShapeReadError) as raised:
            observe(replace(original, slot, value=value))
        assert raised.value.signal == "record_superseded"
        assert raised.value.source_ref == original[slot].source_ref
>       assert isinstance(raised.value.__cause__, ValidationError)
E       assert False
E        +  where False = isinstance(None, ValidationError)
E        +    where None = RunShapeReadError("record_superseded cannot read 'record/ref': another evidence kind was recorded").__cause__
E        +      where RunShapeReadError("record_superseded cannot read 'record/ref': another evidence kind was recorded") = <ExceptionInfo RunShapeReadError("record_superseded cannot read 'record/ref': another evidence kind was recorded") tblen=4>.value

tests/domain/test_record_superseded.py:234: AssertionError
_ test_malformed_readings_raise_with_signal_source_and_validation_cause[{}-1] __

slot = 1, value = '{}'

    @pytest.mark.parametrize("slot", range(3))
    @pytest.mark.parametrize("value", ["not-json", "null", "{}", "7"])
    def test_malformed_readings_raise_with_signal_source_and_validation_cause(slot, value):
        original = readings()
        with pytest.raises(RunShapeReadError) as raised:
            observe(replace(original, slot, value=value))
        assert raised.value.signal == "record_superseded"
        assert raised.value.source_ref == original[slot].source_ref
>       assert isinstance(raised.value.__cause__, ValidationError)
E       assert False
E        +  where False = isinstance(None, ValidationError)
E        +    where None = RunShapeReadError("record_superseded cannot read 'event/occurrence-7': another evidence kind was recorded").__cause__
E        +      where RunShapeReadError("record_superseded cannot read 'event/occurrence-7': another evidence kind was recorded") = <ExceptionInfo RunShapeReadError("record_superseded cannot read 'event/occurrence-7': another evidence kind was recorded") tblen=4>.value

tests/domain/test_record_superseded.py:234: AssertionError
_ test_malformed_readings_raise_with_signal_source_and_validation_cause[{}-2] __

slot = 2, value = '{}'

    @pytest.mark.parametrize("slot", range(3))
    @pytest.mark.parametrize("value", ["not-json", "null", "{}", "7"])
    def test_malformed_readings_raise_with_signal_source_and_validation_cause(slot, value):
        original = readings()
        with pytest.raises(RunShapeReadError) as raised:
            observe(replace(original, slot, value=value))
        assert raised.value.signal == "record_superseded"
        assert raised.value.source_ref == original[slot].source_ref
>       assert isinstance(raised.value.__cause__, ValidationError)
E       assert False
E        +  where False = isinstance(None, ValidationError)
E        +    where None = RunShapeReadError("record_superseded cannot read 'record/ref': another evidence kind was recorded").__cause__
E        +      where RunShapeReadError("record_superseded cannot read 'record/ref': another evidence kind was recorded") = <ExceptionInfo RunShapeReadError("record_superseded cannot read 'record/ref': another evidence kind was recorded") tblen=4>.value

tests/domain/test_record_superseded.py:234: AssertionError
__ test_malformed_readings_raise_with_signal_source_and_validation_cause[7-0] __

slot = 0, value = '7'

    @pytest.mark.parametrize("slot", range(3))
    @pytest.mark.parametrize("value", ["not-json", "null", "{}", "7"])
    def test_malformed_readings_raise_with_signal_source_and_validation_cause(slot, value):
        original = readings()
        with pytest.raises(RunShapeReadError) as raised:
            observe(replace(original, slot, value=value))
        assert raised.value.signal == "record_superseded"
        assert raised.value.source_ref == original[slot].source_ref
>       assert isinstance(raised.value.__cause__, ValidationError)
E       assert False
E        +  where False = isinstance(None, ValidationError)
E        +    where None = RunShapeReadError("record_superseded cannot read 'record/ref': another evidence kind was recorded").__cause__
E        +      where RunShapeReadError("record_superseded cannot read 'record/ref': another evidence kind was recorded") = <ExceptionInfo RunShapeReadError("record_superseded cannot read 'record/ref': another evidence kind was recorded") tblen=4>.value

tests/domain/test_record_superseded.py:234: AssertionError
__ test_malformed_readings_raise_with_signal_source_and_validation_cause[7-1] __

slot = 1, value = '7'

    @pytest.mark.parametrize("slot", range(3))
    @pytest.mark.parametrize("value", ["not-json", "null", "{}", "7"])
    def test_malformed_readings_raise_with_signal_source_and_validation_cause(slot, value):
        original = readings()
        with pytest.raises(RunShapeReadError) as raised:
            observe(replace(original, slot, value=value))
        assert raised.value.signal == "record_superseded"
        assert raised.value.source_ref == original[slot].source_ref
>       assert isinstance(raised.value.__cause__, ValidationError)
E       assert False
E        +  where False = isinstance(None, ValidationError)
E        +    where None = RunShapeReadError("record_superseded cannot read 'event/occurrence-7': another evidence kind was recorded").__cause__
E        +      where RunShapeReadError("record_superseded cannot read 'event/occurrence-7': another evidence kind was recorded") = <ExceptionInfo RunShapeReadError("record_superseded cannot read 'event/occurrence-7': another evidence kind was recorded") tblen=4>.value

tests/domain/test_record_superseded.py:234: AssertionError
__ test_malformed_readings_raise_with_signal_source_and_validation_cause[7-2] __

slot = 2, value = '7'

    @pytest.mark.parametrize("slot", range(3))
    @pytest.mark.parametrize("value", ["not-json", "null", "{}", "7"])
    def test_malformed_readings_raise_with_signal_source_and_validation_cause(slot, value):
        original = readings()
        with pytest.raises(RunShapeReadError) as raised:
            observe(replace(original, slot, value=value))
        assert raised.value.signal == "record_superseded"
        assert raised.value.source_ref == original[slot].source_ref
>       assert isinstance(raised.value.__cause__, ValidationError)
E       assert False
E        +  where False = isinstance(None, ValidationError)
E        +    where None = RunShapeReadError("record_superseded cannot read 'record/ref': another evidence kind was recorded").__cause__
E        +      where RunShapeReadError("record_superseded cannot read 'record/ref': another evidence kind was recorded") = <ExceptionInfo RunShapeReadError("record_superseded cannot read 'record/ref': another evidence kind was recorded") tblen=4>.value

tests/domain/test_record_superseded.py:234: AssertionError
_ test_assertion_projection_is_closed_and_carries_explicit_string_values[body0] _

body = {'lane_key': 'lane/42', 'value': 'green'}

    @pytest.mark.parametrize(
        "body",
        [
            {"lane_key": "lane/42", "value": "green"},
            assertion("green", field_key=""),
            assertion("green", lane_key=" "),
            assertion(True),
            {**assertion("green"), "diagnosis": "invented"},
        ],
    )
    def test_assertion_projection_is_closed_and_carries_explicit_string_values(body):
        with pytest.raises(RunShapeReadError):
            observe(
                replace(
                    readings(),
                    1,
>                   value=LaneFieldEvidence(value=LaneFieldValue.model_validate(body)),
                                                  ^^^^^^^^^^^^^^^^^^^^^^^^^^^^^^^^^^^
                )
            )
E           pydantic_core._pydantic_core.ValidationError: 1 validation error for LaneFieldValue
E           fieldKey
E             Field required [type=missing, input_value={'lane_key': 'lane/42', 'value': 'green'}, input_type=dict]
E               For further information visit https://errors.pydantic.dev/2.12/v/missing

tests/domain/test_record_superseded.py:253: ValidationError
_ test_assertion_projection_is_closed_and_carries_explicit_string_values[body1] _

body = {'field_key': '', 'lane_key': 'lane/42', 'value': 'green'}

    @pytest.mark.parametrize(
        "body",
        [
            {"lane_key": "lane/42", "value": "green"},
            assertion("green", field_key=""),
            assertion("green", lane_key=" "),
            assertion(True),
            {**assertion("green"), "diagnosis": "invented"},
        ],
    )
    def test_assertion_projection_is_closed_and_carries_explicit_string_values(body):
        with pytest.raises(RunShapeReadError):
            observe(
                replace(
                    readings(),
                    1,
>                   value=LaneFieldEvidence(value=LaneFieldValue.model_validate(body)),
                                                  ^^^^^^^^^^^^^^^^^^^^^^^^^^^^^^^^^^^
                )
            )
E           pydantic_core._pydantic_core.ValidationError: 1 validation error for LaneFieldValue
E           field_key
E             String should have at least 1 character [type=string_too_short, input_value='', input_type=str]
E               For further information visit https://errors.pydantic.dev/2.12/v/string_too_short

tests/domain/test_record_superseded.py:253: ValidationError
_ test_assertion_projection_is_closed_and_carries_explicit_string_values[body2] _

body = {'field_key': 'quality_gate', 'lane_key': ' ', 'value': 'green'}

    @pytest.mark.parametrize(
        "body",
        [
            {"lane_key": "lane/42", "value": "green"},
            assertion("green", field_key=""),
            assertion("green", lane_key=" "),
            assertion(True),
            {**assertion("green"), "diagnosis": "invented"},
        ],
    )
    def test_assertion_projection_is_closed_and_carries_explicit_string_values(body):
        with pytest.raises(RunShapeReadError):
            observe(
                replace(
                    readings(),
                    1,
>                   value=LaneFieldEvidence(value=LaneFieldValue.model_validate(body)),
                                                  ^^^^^^^^^^^^^^^^^^^^^^^^^^^^^^^^^^^
                )
            )
E           pydantic_core._pydantic_core.ValidationError: 1 validation error for LaneFieldValue
E           lane_key
E             String should match pattern '\S' [type=string_pattern_mismatch, input_value=' ', input_type=str]
E               For further information visit https://errors.pydantic.dev/2.12/v/string_pattern_mismatch

tests/domain/test_record_superseded.py:253: ValidationError
_ test_assertion_projection_is_closed_and_carries_explicit_string_values[body3] _

body = {'field_key': 'quality_gate', 'lane_key': 'lane/42', 'value': True}

    @pytest.mark.parametrize(
        "body",
        [
            {"lane_key": "lane/42", "value": "green"},
            assertion("green", field_key=""),
            assertion("green", lane_key=" "),
            assertion(True),
            {**assertion("green"), "diagnosis": "invented"},
        ],
    )
    def test_assertion_projection_is_closed_and_carries_explicit_string_values(body):
        with pytest.raises(RunShapeReadError):
            observe(
                replace(
                    readings(),
                    1,
>                   value=LaneFieldEvidence(value=LaneFieldValue.model_validate(body)),
                                                  ^^^^^^^^^^^^^^^^^^^^^^^^^^^^^^^^^^^
                )
            )
E           pydantic_core._pydantic_core.ValidationError: 1 validation error for LaneFieldValue
E           value
E             Input should be a valid string [type=string_type, input_value=True, input_type=bool]
E               For further information visit https://errors.pydantic.dev/2.12/v/string_type

tests/domain/test_record_superseded.py:253: ValidationError
_ test_assertion_projection_is_closed_and_carries_explicit_string_values[body4] _

body = {'diagnosis': 'invented', 'field_key': 'quality_gate', 'lane_key': 'lane/42', 'value': 'green'}

    @pytest.mark.parametrize(
        "body",
        [
            {"lane_key": "lane/42", "value": "green"},
            assertion("green", field_key=""),
            assertion("green", lane_key=" "),
            assertion(True),
            {**assertion("green"), "diagnosis": "invented"},
        ],
    )
    def test_assertion_projection_is_closed_and_carries_explicit_string_values(body):
        with pytest.raises(RunShapeReadError):
            observe(
                replace(
                    readings(),
                    1,
>                   value=LaneFieldEvidence(value=LaneFieldValue.model_validate(body)),
                                                  ^^^^^^^^^^^^^^^^^^^^^^^^^^^^^^^^^^^
                )
            )
E           pydantic_core._pydantic_core.ValidationError: 1 validation error for LaneFieldValue
E           diagnosis
E             Extra inputs are not permitted [type=extra_forbidden, input_value='invented', input_type=str]
E               For further information visit https://errors.pydantic.dev/2.12/v/extra_forbidden

tests/domain/test_record_superseded.py:253: ValidationError
_________ test_unreadable_input_is_not_a_clean_observation[bad-json-0] _________

slot = 0, value = 'bad-json'

    @pytest.mark.parametrize("slot", range(6))
    @pytest.mark.parametrize("value", ["bad-json", "null", "{}"])
    def test_unreadable_input_is_not_a_clean_observation(slot, value):
        original = readings()
        altered = tuple(
            item.model_copy(update={"value": value}) if index == slot else item
            for index, item in enumerate(original)
        )
        with pytest.raises(RunShapeReadError) as raised:
            evaluate(altered)
        assert raised.value.source_ref == original[slot].source_ref
        assert raised.value.signal == "barren_tick_with_diff_growth"
>       assert isinstance(raised.value.__cause__, ValidationError)
E       assert False
E        +  where False = isinstance(None, ValidationError)
E        +    where None = RunShapeReadError("barren_tick_with_diff_growth cannot read 'previous-tick#open': another evidence kind was recorded").__cause__
E        +      where RunShapeReadError("barren_tick_with_diff_growth cannot read 'previous-tick#open': another evidence kind was recorded") = <ExceptionInfo RunShapeReadError("barren_tick_with_diff_growth cannot read 'previous-tick#open': another evidence kind was recorded") tblen=4>.value

tests/domain/test_barren_tick.py:134: AssertionError
_________ test_unreadable_input_is_not_a_clean_observation[bad-json-1] _________

slot = 1, value = 'bad-json'

    @pytest.mark.parametrize("slot", range(6))
    @pytest.mark.parametrize("value", ["bad-json", "null", "{}"])
    def test_unreadable_input_is_not_a_clean_observation(slot, value):
        original = readings()
        altered = tuple(
            item.model_copy(update={"value": value}) if index == slot else item
            for index, item in enumerate(original)
        )
        with pytest.raises(RunShapeReadError) as raised:
            evaluate(altered)
        assert raised.value.source_ref == original[slot].source_ref
        assert raised.value.signal == "barren_tick_with_diff_growth"
>       assert isinstance(raised.value.__cause__, ValidationError)
E       assert False
E        +  where False = isinstance(None, ValidationError)
E        +    where None = RunShapeReadError("barren_tick_with_diff_growth cannot read 'current-criteria#closed': another evidence kind was recorded").__cause__
E        +      where RunShapeReadError("barren_tick_with_diff_growth cannot read 'current-criteria#closed': another evidence kind was recorded") = <ExceptionInfo RunShapeReadError("barren_tick_with_diff_growth cannot read 'current-criteria#closed': another evidence kind was recorded") tblen=4>.value

tests/domain/test_barren_tick.py:134: AssertionError
_________ test_unreadable_input_is_not_a_clean_observation[bad-json-2] _________

slot = 2, value = 'bad-json'

    @pytest.mark.parametrize("slot", range(6))
    @pytest.mark.parametrize("value", ["bad-json", "null", "{}"])
    def test_unreadable_input_is_not_a_clean_observation(slot, value):
        original = readings()
        altered = tuple(
            item.model_copy(update={"value": value}) if index == slot else item
            for index, item in enumerate(original)
        )
        with pytest.raises(RunShapeReadError) as raised:
            evaluate(altered)
        assert raised.value.source_ref == original[slot].source_ref
        assert raised.value.signal == "barren_tick_with_diff_growth"
>       assert isinstance(raised.value.__cause__, ValidationError)
E       assert False
E        +  where False = isinstance(None, ValidationError)
E        +    where None = RunShapeReadError("barren_tick_with_diff_growth cannot read 'lane-record#files-changed': another evidence kind was recorded").__cause__
E        +      where RunShapeReadError("barren_tick_with_diff_growth cannot read 'lane-record#files-changed': another evidence kind was recorded") = <ExceptionInfo RunShapeReadError("barren_tick_with_diff_growth cannot read 'lane-record#files-changed': another evidence kind was recorded") tblen=4>.value

tests/domain/test_barren_tick.py:134: AssertionError
_________ test_unreadable_input_is_not_a_clean_observation[bad-json-3] _________

slot = 3, value = 'bad-json'

    @pytest.mark.parametrize("slot", range(6))
    @pytest.mark.parametrize("value", ["bad-json", "null", "{}"])
    def test_unreadable_input_is_not_a_clean_observation(slot, value):
        original = readings()
        altered = tuple(
            item.model_copy(update={"value": value}) if index == slot else item
            for index, item in enumerate(original)
        )
        with pytest.raises(RunShapeReadError) as raised:
            evaluate(altered)
        assert raised.value.source_ref == original[slot].source_ref
        assert raised.value.signal == "barren_tick_with_diff_growth"
>       assert isinstance(raised.value.__cause__, ValidationError)
E       assert False
E        +  where False = isinstance(None, ValidationError)
E        +    where None = RunShapeReadError("barren_tick_with_diff_growth cannot read 'lane-record#commits-ahead': another evidence kind was recorded").__cause__
E        +      where RunShapeReadError("barren_tick_with_diff_growth cannot read 'lane-record#commits-ahead': another evidence kind was recorded") = <ExceptionInfo RunShapeReadError("barren_tick_with_diff_growth cannot read 'lane-record#commits-ahead': another evidence kind was recorded") tblen=4>.value

tests/domain/test_barren_tick.py:134: AssertionError
_________ test_unreadable_input_is_not_a_clean_observation[bad-json-4] _________

slot = 4, value = 'bad-json'

    @pytest.mark.parametrize("slot", range(6))
    @pytest.mark.parametrize("value", ["bad-json", "null", "{}"])
    def test_unreadable_input_is_not_a_clean_observation(slot, value):
        original = readings()
        altered = tuple(
            item.model_copy(update={"value": value}) if index == slot else item
            for index, item in enumerate(original)
        )
        with pytest.raises(RunShapeReadError) as raised:
            evaluate(altered)
        assert raised.value.source_ref == original[slot].source_ref
        assert raised.value.signal == "barren_tick_with_diff_growth"
>       assert isinstance(raised.value.__cause__, ValidationError)
E       assert False
E        +  where False = isinstance(None, ValidationError)
E        +    where None = RunShapeReadError("barren_tick_with_diff_growth cannot read 'run_alarm_barren_tick_max_files_changed': another evidence kind was recorded").__cause__
E        +      where RunShapeReadError("barren_tick_with_diff_growth cannot read 'run_alarm_barren_tick_max_files_changed': another evidence kind was recorded") = <ExceptionInfo RunShapeReadError("barren_tick_with_diff_growth cannot read 'run_alarm_barren_tick_max_files_changed': another evidence kind was recorded") tblen=4>.value

tests/domain/test_barren_tick.py:134: AssertionError
_________ test_unreadable_input_is_not_a_clean_observation[bad-json-5] _________

slot = 5, value = 'bad-json'

    @pytest.mark.parametrize("slot", range(6))
    @pytest.mark.parametrize("value", ["bad-json", "null", "{}"])
    def test_unreadable_input_is_not_a_clean_observation(slot, value):
        original = readings()
        altered = tuple(
            item.model_copy(update={"value": value}) if index == slot else item
            for index, item in enumerate(original)
        )
        with pytest.raises(RunShapeReadError) as raised:
            evaluate(altered)
        assert raised.value.source_ref == original[slot].source_ref
        assert raised.value.signal == "barren_tick_with_diff_growth"
>       assert isinstance(raised.value.__cause__, ValidationError)
E       assert False
E        +  where False = isinstance(None, ValidationError)
E        +    where None = RunShapeReadError("barren_tick_with_diff_growth cannot read 'run_alarm_barren_tick_max_commits_ahead': another evidence kind was recorded").__cause__
E        +      where RunShapeReadError("barren_tick_with_diff_growth cannot read 'run_alarm_barren_tick_max_commits_ahead': another evidence kind was recorded") = <ExceptionInfo RunShapeReadError("barren_tick_with_diff_growth cannot read 'run_alarm_barren_tick_max_commits_ahead': another evidence kind was recorded") tblen=4>.value

tests/domain/test_barren_tick.py:134: AssertionError
___________ test_unreadable_input_is_not_a_clean_observation[null-0] ___________

slot = 0, value = 'null'

    @pytest.mark.parametrize("slot", range(6))
    @pytest.mark.parametrize("value", ["bad-json", "null", "{}"])
    def test_unreadable_input_is_not_a_clean_observation(slot, value):
        original = readings()
        altered = tuple(
            item.model_copy(update={"value": value}) if index == slot else item
            for index, item in enumerate(original)
        )
        with pytest.raises(RunShapeReadError) as raised:
            evaluate(altered)
        assert raised.value.source_ref == original[slot].source_ref
        assert raised.value.signal == "barren_tick_with_diff_growth"
>       assert isinstance(raised.value.__cause__, ValidationError)
E       assert False
E        +  where False = isinstance(None, ValidationError)
E        +    where None = RunShapeReadError("barren_tick_with_diff_growth cannot read 'previous-tick#open': another evidence kind was recorded").__cause__
E        +      where RunShapeReadError("barren_tick_with_diff_growth cannot read 'previous-tick#open': another evidence kind was recorded") = <ExceptionInfo RunShapeReadError("barren_tick_with_diff_growth cannot read 'previous-tick#open': another evidence kind was recorded") tblen=4>.value

tests/domain/test_barren_tick.py:134: AssertionError
___________ test_unreadable_input_is_not_a_clean_observation[null-1] ___________

slot = 1, value = 'null'

    @pytest.mark.parametrize("slot", range(6))
    @pytest.mark.parametrize("value", ["bad-json", "null", "{}"])
    def test_unreadable_input_is_not_a_clean_observation(slot, value):
        original = readings()
        altered = tuple(
            item.model_copy(update={"value": value}) if index == slot else item
            for index, item in enumerate(original)
        )
        with pytest.raises(RunShapeReadError) as raised:
            evaluate(altered)
        assert raised.value.source_ref == original[slot].source_ref
        assert raised.value.signal == "barren_tick_with_diff_growth"
>       assert isinstance(raised.value.__cause__, ValidationError)
E       assert False
E        +  where False = isinstance(None, ValidationError)
E        +    where None = RunShapeReadError("barren_tick_with_diff_growth cannot read 'current-criteria#closed': another evidence kind was recorded").__cause__
E        +      where RunShapeReadError("barren_tick_with_diff_growth cannot read 'current-criteria#closed': another evidence kind was recorded") = <ExceptionInfo RunShapeReadError("barren_tick_with_diff_growth cannot read 'current-criteria#closed': another evidence kind was recorded") tblen=4>.value

tests/domain/test_barren_tick.py:134: AssertionError
___________ test_unreadable_input_is_not_a_clean_observation[null-2] ___________

slot = 2, value = 'null'

    @pytest.mark.parametrize("slot", range(6))
    @pytest.mark.parametrize("value", ["bad-json", "null", "{}"])
    def test_unreadable_input_is_not_a_clean_observation(slot, value):
        original = readings()
        altered = tuple(
            item.model_copy(update={"value": value}) if index == slot else item
            for index, item in enumerate(original)
        )
        with pytest.raises(RunShapeReadError) as raised:
            evaluate(altered)
        assert raised.value.source_ref == original[slot].source_ref
        assert raised.value.signal == "barren_tick_with_diff_growth"
>       assert isinstance(raised.value.__cause__, ValidationError)
E       assert False
E        +  where False = isinstance(None, ValidationError)
E        +    where None = RunShapeReadError("barren_tick_with_diff_growth cannot read 'lane-record#files-changed': another evidence kind was recorded").__cause__
E        +      where RunShapeReadError("barren_tick_with_diff_growth cannot read 'lane-record#files-changed': another evidence kind was recorded") = <ExceptionInfo RunShapeReadError("barren_tick_with_diff_growth cannot read 'lane-record#files-changed': another evidence kind was recorded") tblen=4>.value

tests/domain/test_barren_tick.py:134: AssertionError
___________ test_unreadable_input_is_not_a_clean_observation[null-3] ___________

slot = 3, value = 'null'

    @pytest.mark.parametrize("slot", range(6))
    @pytest.mark.parametrize("value", ["bad-json", "null", "{}"])
    def test_unreadable_input_is_not_a_clean_observation(slot, value):
        original = readings()
        altered = tuple(
            item.model_copy(update={"value": value}) if index == slot else item
            for index, item in enumerate(original)
        )
        with pytest.raises(RunShapeReadError) as raised:
            evaluate(altered)
        assert raised.value.source_ref == original[slot].source_ref
        assert raised.value.signal == "barren_tick_with_diff_growth"
>       assert isinstance(raised.value.__cause__, ValidationError)
E       assert False
E        +  where False = isinstance(None, ValidationError)
E        +    where None = RunShapeReadError("barren_tick_with_diff_growth cannot read 'lane-record#commits-ahead': another evidence kind was recorded").__cause__
E        +      where RunShapeReadError("barren_tick_with_diff_growth cannot read 'lane-record#commits-ahead': another evidence kind was recorded") = <ExceptionInfo RunShapeReadError("barren_tick_with_diff_growth cannot read 'lane-record#commits-ahead': another evidence kind was recorded") tblen=4>.value

tests/domain/test_barren_tick.py:134: AssertionError
___________ test_unreadable_input_is_not_a_clean_observation[null-4] ___________

slot = 4, value = 'null'

    @pytest.mark.parametrize("slot", range(6))
    @pytest.mark.parametrize("value", ["bad-json", "null", "{}"])
    def test_unreadable_input_is_not_a_clean_observation(slot, value):
        original = readings()
        altered = tuple(
            item.model_copy(update={"value": value}) if index == slot else item
            for index, item in enumerate(original)
        )
        with pytest.raises(RunShapeReadError) as raised:
            evaluate(altered)
        assert raised.value.source_ref == original[slot].source_ref
        assert raised.value.signal == "barren_tick_with_diff_growth"
>       assert isinstance(raised.value.__cause__, ValidationError)
E       assert False
E        +  where False = isinstance(None, ValidationError)
E        +    where None = RunShapeReadError("barren_tick_with_diff_growth cannot read 'run_alarm_barren_tick_max_files_changed': another evidence kind was recorded").__cause__
E        +      where RunShapeReadError("barren_tick_with_diff_growth cannot read 'run_alarm_barren_tick_max_files_changed': another evidence kind was recorded") = <ExceptionInfo RunShapeReadError("barren_tick_with_diff_growth cannot read 'run_alarm_barren_tick_max_files_changed': another evidence kind was recorded") tblen=4>.value

tests/domain/test_barren_tick.py:134: AssertionError
___________ test_unreadable_input_is_not_a_clean_observation[null-5] ___________

slot = 5, value = 'null'

    @pytest.mark.parametrize("slot", range(6))
    @pytest.mark.parametrize("value", ["bad-json", "null", "{}"])
    def test_unreadable_input_is_not_a_clean_observation(slot, value):
        original = readings()
        altered = tuple(
            item.model_copy(update={"value": value}) if index == slot else item
            for index, item in enumerate(original)
        )
        with pytest.raises(RunShapeReadError) as raised:
            evaluate(altered)
        assert raised.value.source_ref == original[slot].source_ref
        assert raised.value.signal == "barren_tick_with_diff_growth"
>       assert isinstance(raised.value.__cause__, ValidationError)
E       assert False
E        +  where False = isinstance(None, ValidationError)
E        +    where None = RunShapeReadError("barren_tick_with_diff_growth cannot read 'run_alarm_barren_tick_max_commits_ahead': another evidence kind was recorded").__cause__
E        +      where RunShapeReadError("barren_tick_with_diff_growth cannot read 'run_alarm_barren_tick_max_commits_ahead': another evidence kind was recorded") = <ExceptionInfo RunShapeReadError("barren_tick_with_diff_growth cannot read 'run_alarm_barren_tick_max_commits_ahead': another evidence kind was recorded") tblen=4>.value

tests/domain/test_barren_tick.py:134: AssertionError
____________ test_unreadable_input_is_not_a_clean_observation[{}-0] ____________

slot = 0, value = '{}'

    @pytest.mark.parametrize("slot", range(6))
    @pytest.mark.parametrize("value", ["bad-json", "null", "{}"])
    def test_unreadable_input_is_not_a_clean_observation(slot, value):
        original = readings()
        altered = tuple(
            item.model_copy(update={"value": value}) if index == slot else item
            for index, item in enumerate(original)
        )
        with pytest.raises(RunShapeReadError) as raised:
            evaluate(altered)
        assert raised.value.source_ref == original[slot].source_ref
        assert raised.value.signal == "barren_tick_with_diff_growth"
>       assert isinstance(raised.value.__cause__, ValidationError)
E       assert False
E        +  where False = isinstance(None, ValidationError)
E        +    where None = RunShapeReadError("barren_tick_with_diff_growth cannot read 'previous-tick#open': another evidence kind was recorded").__cause__
E        +      where RunShapeReadError("barren_tick_with_diff_growth cannot read 'previous-tick#open': another evidence kind was recorded") = <ExceptionInfo RunShapeReadError("barren_tick_with_diff_growth cannot read 'previous-tick#open': another evidence kind was recorded") tblen=4>.value

tests/domain/test_barren_tick.py:134: AssertionError
____________ test_unreadable_input_is_not_a_clean_observation[{}-1] ____________

slot = 1, value = '{}'

    @pytest.mark.parametrize("slot", range(6))
    @pytest.mark.parametrize("value", ["bad-json", "null", "{}"])
    def test_unreadable_input_is_not_a_clean_observation(slot, value):
        original = readings()
        altered = tuple(
            item.model_copy(update={"value": value}) if index == slot else item
            for index, item in enumerate(original)
        )
        with pytest.raises(RunShapeReadError) as raised:
            evaluate(altered)
        assert raised.value.source_ref == original[slot].source_ref
        assert raised.value.signal == "barren_tick_with_diff_growth"
>       assert isinstance(raised.value.__cause__, ValidationError)
E       assert False
E        +  where False = isinstance(None, ValidationError)
E        +    where None = RunShapeReadError("barren_tick_with_diff_growth cannot read 'current-criteria#closed': another evidence kind was recorded").__cause__
E        +      where RunShapeReadError("barren_tick_with_diff_growth cannot read 'current-criteria#closed': another evidence kind was recorded") = <ExceptionInfo RunShapeReadError("barren_tick_with_diff_growth cannot read 'current-criteria#closed': another evidence kind was recorded") tblen=4>.value

tests/domain/test_barren_tick.py:134: AssertionError
____________ test_unreadable_input_is_not_a_clean_observation[{}-2] ____________

slot = 2, value = '{}'

    @pytest.mark.parametrize("slot", range(6))
    @pytest.mark.parametrize("value", ["bad-json", "null", "{}"])
    def test_unreadable_input_is_not_a_clean_observation(slot, value):
        original = readings()
        altered = tuple(
            item.model_copy(update={"value": value}) if index == slot else item
            for index, item in enumerate(original)
        )
        with pytest.raises(RunShapeReadError) as raised:
            evaluate(altered)
        assert raised.value.source_ref == original[slot].source_ref
        assert raised.value.signal == "barren_tick_with_diff_growth"
>       assert isinstance(raised.value.__cause__, ValidationError)
E       assert False
E        +  where False = isinstance(None, ValidationError)
E        +    where None = RunShapeReadError("barren_tick_with_diff_growth cannot read 'lane-record#files-changed': another evidence kind was recorded").__cause__
E        +      where RunShapeReadError("barren_tick_with_diff_growth cannot read 'lane-record#files-changed': another evidence kind was recorded") = <ExceptionInfo RunShapeReadError("barren_tick_with_diff_growth cannot read 'lane-record#files-changed': another evidence kind was recorded") tblen=4>.value

tests/domain/test_barren_tick.py:134: AssertionError
____________ test_unreadable_input_is_not_a_clean_observation[{}-3] ____________

slot = 3, value = '{}'

    @pytest.mark.parametrize("slot", range(6))
    @pytest.mark.parametrize("value", ["bad-json", "null", "{}"])
    def test_unreadable_input_is_not_a_clean_observation(slot, value):
        original = readings()
        altered = tuple(
            item.model_copy(update={"value": value}) if index == slot else item
            for index, item in enumerate(original)
        )
        with pytest.raises(RunShapeReadError) as raised:
            evaluate(altered)
        assert raised.value.source_ref == original[slot].source_ref
        assert raised.value.signal == "barren_tick_with_diff_growth"
>       assert isinstance(raised.value.__cause__, ValidationError)
E       assert False
E        +  where False = isinstance(None, ValidationError)
E        +    where None = RunShapeReadError("barren_tick_with_diff_growth cannot read 'lane-record#commits-ahead': another evidence kind was recorded").__cause__
E        +      where RunShapeReadError("barren_tick_with_diff_growth cannot read 'lane-record#commits-ahead': another evidence kind was recorded") = <ExceptionInfo RunShapeReadError("barren_tick_with_diff_growth cannot read 'lane-record#commits-ahead': another evidence kind was recorded") tblen=4>.value

tests/domain/test_barren_tick.py:134: AssertionError
____________ test_unreadable_input_is_not_a_clean_observation[{}-4] ____________

slot = 4, value = '{}'

    @pytest.mark.parametrize("slot", range(6))
    @pytest.mark.parametrize("value", ["bad-json", "null", "{}"])
    def test_unreadable_input_is_not_a_clean_observation(slot, value):
        original = readings()
        altered = tuple(
            item.model_copy(update={"value": value}) if index == slot else item
            for index, item in enumerate(original)
        )
        with pytest.raises(RunShapeReadError) as raised:
            evaluate(altered)
        assert raised.value.source_ref == original[slot].source_ref
        assert raised.value.signal == "barren_tick_with_diff_growth"
>       assert isinstance(raised.value.__cause__, ValidationError)
E       assert False
E        +  where False = isinstance(None, ValidationError)
E        +    where None = RunShapeReadError("barren_tick_with_diff_growth cannot read 'run_alarm_barren_tick_max_files_changed': another evidence kind was recorded").__cause__
E        +      where RunShapeReadError("barren_tick_with_diff_growth cannot read 'run_alarm_barren_tick_max_files_changed': another evidence kind was recorded") = <ExceptionInfo RunShapeReadError("barren_tick_with_diff_growth cannot read 'run_alarm_barren_tick_max_files_changed': another evidence kind was recorded") tblen=4>.value

tests/domain/test_barren_tick.py:134: AssertionError
____________ test_unreadable_input_is_not_a_clean_observation[{}-5] ____________

slot = 5, value = '{}'

    @pytest.mark.parametrize("slot", range(6))
    @pytest.mark.parametrize("value", ["bad-json", "null", "{}"])
    def test_unreadable_input_is_not_a_clean_observation(slot, value):
        original = readings()
        altered = tuple(
            item.model_copy(update={"value": value}) if index == slot else item
            for index, item in enumerate(original)
        )
        with pytest.raises(RunShapeReadError) as raised:
            evaluate(altered)
        assert raised.value.source_ref == original[slot].source_ref
        assert raised.value.signal == "barren_tick_with_diff_growth"
>       assert isinstance(raised.value.__cause__, ValidationError)
E       assert False
E        +  where False = isinstance(None, ValidationError)
E        +    where None = RunShapeReadError("barren_tick_with_diff_growth cannot read 'run_alarm_barren_tick_max_commits_ahead': another evidence kind was recorded").__cause__
E        +      where RunShapeReadError("barren_tick_with_diff_growth cannot read 'run_alarm_barren_tick_max_commits_ahead': another evidence kind was recorded") = <ExceptionInfo RunShapeReadError("barren_tick_with_diff_growth cannot read 'run_alarm_barren_tick_max_commits_ahead': another evidence kind was recorded") tblen=4>.value

tests/domain/test_barren_tick.py:134: AssertionError
______________ test_all_counts_are_nonnegative_integers[-1-files] ______________

name = 'files', value = -1

    @pytest.mark.parametrize("name", ["files", "commits", "max_files", "max_commits"])
    @pytest.mark.parametrize("value", [-1, True, 1.5, "3"])
    def test_all_counts_are_nonnegative_integers(name, value):
        with pytest.raises(RunShapeReadError):
>           evaluate(readings(**{name: value}))
                     ^^^^^^^^^^^^^^^^^^^^^^^^^

tests/domain/test_barren_tick.py:141: 
_ _ _ _ _ _ _ _ _ _ _ _ _ _ _ _ _ _ _ _ _ _ _ _ _ _ _ _ _ _ _ _ _ _ _ _ _ _ _ _ 

    def readings(
        *,
        previous=("EXT/42", "EXT/43"),
        closed=(),
        files=8,
        commits=3,
        max_files=7,
        max_commits=5,
    ):
        return tuple(
            AlarmReading(source_ref=source, value=value, at_sha=sha)
            for source, value, sha in (
                ("previous-tick#open", ReferencesEvidence(value=previous), "previous-sha"),
                ("current-criteria#closed", ReferencesEvidence(value=closed), None),
>               ("lane-record#files-changed", CountEvidence(value=files), "current-sha"),
                                              ^^^^^^^^^^^^^^^^^^^^^^^^^^
                ("lane-record#commits-ahead", CountEvidence(value=commits), "current-sha"),
                (FILES_FIELD, CountEvidence(value=max_files), None),
                (COMMITS_FIELD, CountEvidence(value=max_commits), None),
            )
        )
E       pydantic_core._pydantic_core.ValidationError: 1 validation error for CountEvidence
E       value
E         Input should be greater than or equal to 0 [type=greater_than_equal, input_value=-1, input_type=int]
E           For further information visit https://errors.pydantic.dev/2.12/v/greater_than_equal

tests/domain/test_barren_tick.py:39: ValidationError
_____________ test_all_counts_are_nonnegative_integers[-1-commits] _____________

name = 'commits', value = -1

    @pytest.mark.parametrize("name", ["files", "commits", "max_files", "max_commits"])
    @pytest.mark.parametrize("value", [-1, True, 1.5, "3"])
    def test_all_counts_are_nonnegative_integers(name, value):
        with pytest.raises(RunShapeReadError):
>           evaluate(readings(**{name: value}))
                     ^^^^^^^^^^^^^^^^^^^^^^^^^

tests/domain/test_barren_tick.py:141: 
_ _ _ _ _ _ _ _ _ _ _ _ _ _ _ _ _ _ _ _ _ _ _ _ _ _ _ _ _ _ _ _ _ _ _ _ _ _ _ _ 

    def readings(
        *,
        previous=("EXT/42", "EXT/43"),
        closed=(),
        files=8,
        commits=3,
        max_files=7,
        max_commits=5,
    ):
        return tuple(
            AlarmReading(source_ref=source, value=value, at_sha=sha)
            for source, value, sha in (
                ("previous-tick#open", ReferencesEvidence(value=previous), "previous-sha"),
                ("current-criteria#closed", ReferencesEvidence(value=closed), None),
                ("lane-record#files-changed", CountEvidence(value=files), "current-sha"),
>               ("lane-record#commits-ahead", CountEvidence(value=commits), "current-sha"),
                                              ^^^^^^^^^^^^^^^^^^^^^^^^^^^^
                (FILES_FIELD, CountEvidence(value=max_files), None),
                (COMMITS_FIELD, CountEvidence(value=max_commits), None),
            )
        )
E       pydantic_core._pydantic_core.ValidationError: 1 validation error for CountEvidence
E       value
E         Input should be greater than or equal to 0 [type=greater_than_equal, input_value=-1, input_type=int]
E           For further information visit https://errors.pydantic.dev/2.12/v/greater_than_equal

tests/domain/test_barren_tick.py:40: ValidationError
____________ test_all_counts_are_nonnegative_integers[-1-max_files] ____________

name = 'max_files', value = -1

    @pytest.mark.parametrize("name", ["files", "commits", "max_files", "max_commits"])
    @pytest.mark.parametrize("value", [-1, True, 1.5, "3"])
    def test_all_counts_are_nonnegative_integers(name, value):
        with pytest.raises(RunShapeReadError):
>           evaluate(readings(**{name: value}))
                     ^^^^^^^^^^^^^^^^^^^^^^^^^

tests/domain/test_barren_tick.py:141: 
_ _ _ _ _ _ _ _ _ _ _ _ _ _ _ _ _ _ _ _ _ _ _ _ _ _ _ _ _ _ _ _ _ _ _ _ _ _ _ _ 

    def readings(
        *,
        previous=("EXT/42", "EXT/43"),
        closed=(),
        files=8,
        commits=3,
        max_files=7,
        max_commits=5,
    ):
        return tuple(
            AlarmReading(source_ref=source, value=value, at_sha=sha)
            for source, value, sha in (
                ("previous-tick#open", ReferencesEvidence(value=previous), "previous-sha"),
                ("current-criteria#closed", ReferencesEvidence(value=closed), None),
                ("lane-record#files-changed", CountEvidence(value=files), "current-sha"),
                ("lane-record#commits-ahead", CountEvidence(value=commits), "current-sha"),
>               (FILES_FIELD, CountEvidence(value=max_files), None),
                              ^^^^^^^^^^^^^^^^^^^^^^^^^^^^^^
                (COMMITS_FIELD, CountEvidence(value=max_commits), None),
            )
        )
E       pydantic_core._pydantic_core.ValidationError: 1 validation error for CountEvidence
E       value
E         Input should be greater than or equal to 0 [type=greater_than_equal, input_value=-1, input_type=int]
E           For further information visit https://errors.pydantic.dev/2.12/v/greater_than_equal

tests/domain/test_barren_tick.py:41: ValidationError
___________ test_all_counts_are_nonnegative_integers[-1-max_commits] ___________

name = 'max_commits', value = -1

    @pytest.mark.parametrize("name", ["files", "commits", "max_files", "max_commits"])
    @pytest.mark.parametrize("value", [-1, True, 1.5, "3"])
    def test_all_counts_are_nonnegative_integers(name, value):
        with pytest.raises(RunShapeReadError):
>           evaluate(readings(**{name: value}))
                     ^^^^^^^^^^^^^^^^^^^^^^^^^

tests/domain/test_barren_tick.py:141: 
_ _ _ _ _ _ _ _ _ _ _ _ _ _ _ _ _ _ _ _ _ _ _ _ _ _ _ _ _ _ _ _ _ _ _ _ _ _ _ _ 

    def readings(
        *,
        previous=("EXT/42", "EXT/43"),
        closed=(),
        files=8,
        commits=3,
        max_files=7,
        max_commits=5,
    ):
        return tuple(
            AlarmReading(source_ref=source, value=value, at_sha=sha)
            for source, value, sha in (
                ("previous-tick#open", ReferencesEvidence(value=previous), "previous-sha"),
                ("current-criteria#closed", ReferencesEvidence(value=closed), None),
                ("lane-record#files-changed", CountEvidence(value=files), "current-sha"),
                ("lane-record#commits-ahead", CountEvidence(value=commits), "current-sha"),
                (FILES_FIELD, CountEvidence(value=max_files), None),
>               (COMMITS_FIELD, CountEvidence(value=max_commits), None),
                                ^^^^^^^^^^^^^^^^^^^^^^^^^^^^^^^^
            )
        )
E       pydantic_core._pydantic_core.ValidationError: 1 validation error for CountEvidence
E       value
E         Input should be greater than or equal to 0 [type=greater_than_equal, input_value=-1, input_type=int]
E           For further information visit https://errors.pydantic.dev/2.12/v/greater_than_equal

tests/domain/test_barren_tick.py:42: ValidationError
_____________ test_all_counts_are_nonnegative_integers[True-files] _____________

name = 'files', value = True

    @pytest.mark.parametrize("name", ["files", "commits", "max_files", "max_commits"])
    @pytest.mark.parametrize("value", [-1, True, 1.5, "3"])
    def test_all_counts_are_nonnegative_integers(name, value):
        with pytest.raises(RunShapeReadError):
>           evaluate(readings(**{name: value}))
                     ^^^^^^^^^^^^^^^^^^^^^^^^^

tests/domain/test_barren_tick.py:141: 
_ _ _ _ _ _ _ _ _ _ _ _ _ _ _ _ _ _ _ _ _ _ _ _ _ _ _ _ _ _ _ _ _ _ _ _ _ _ _ _ 

    def readings(
        *,
        previous=("EXT/42", "EXT/43"),
        closed=(),
        files=8,
        commits=3,
        max_files=7,
        max_commits=5,
    ):
        return tuple(
            AlarmReading(source_ref=source, value=value, at_sha=sha)
            for source, value, sha in (
                ("previous-tick#open", ReferencesEvidence(value=previous), "previous-sha"),
                ("current-criteria#closed", ReferencesEvidence(value=closed), None),
>               ("lane-record#files-changed", CountEvidence(value=files), "current-sha"),
                                              ^^^^^^^^^^^^^^^^^^^^^^^^^^
                ("lane-record#commits-ahead", CountEvidence(value=commits), "current-sha"),
                (FILES_FIELD, CountEvidence(value=max_files), None),
                (COMMITS_FIELD, CountEvidence(value=max_commits), None),
            )
        )
E       pydantic_core._pydantic_core.ValidationError: 1 validation error for CountEvidence
E       value
E         Input should be a valid integer [type=int_type, input_value=True, input_type=bool]
E           For further information visit https://errors.pydantic.dev/2.12/v/int_type

tests/domain/test_barren_tick.py:39: ValidationError
____________ test_all_counts_are_nonnegative_integers[True-commits] ____________

name = 'commits', value = True

    @pytest.mark.parametrize("name", ["files", "commits", "max_files", "max_commits"])
    @pytest.mark.parametrize("value", [-1, True, 1.5, "3"])
    def test_all_counts_are_nonnegative_integers(name, value):
        with pytest.raises(RunShapeReadError):
>           evaluate(readings(**{name: value}))
                     ^^^^^^^^^^^^^^^^^^^^^^^^^

tests/domain/test_barren_tick.py:141: 
_ _ _ _ _ _ _ _ _ _ _ _ _ _ _ _ _ _ _ _ _ _ _ _ _ _ _ _ _ _ _ _ _ _ _ _ _ _ _ _ 

    def readings(
        *,
        previous=("EXT/42", "EXT/43"),
        closed=(),
        files=8,
        commits=3,
        max_files=7,
        max_commits=5,
    ):
        return tuple(
            AlarmReading(source_ref=source, value=value, at_sha=sha)
            for source, value, sha in (
                ("previous-tick#open", ReferencesEvidence(value=previous), "previous-sha"),
                ("current-criteria#closed", ReferencesEvidence(value=closed), None),
                ("lane-record#files-changed", CountEvidence(value=files), "current-sha"),
>               ("lane-record#commits-ahead", CountEvidence(value=commits), "current-sha"),
                                              ^^^^^^^^^^^^^^^^^^^^^^^^^^^^
                (FILES_FIELD, CountEvidence(value=max_files), None),
                (COMMITS_FIELD, CountEvidence(value=max_commits), None),
            )
        )
E       pydantic_core._pydantic_core.ValidationError: 1 validation error for CountEvidence
E       value
E         Input should be a valid integer [type=int_type, input_value=True, input_type=bool]
E           For further information visit https://errors.pydantic.dev/2.12/v/int_type

tests/domain/test_barren_tick.py:40: ValidationError
___________ test_all_counts_are_nonnegative_integers[True-max_files] ___________

name = 'max_files', value = True

    @pytest.mark.parametrize("name", ["files", "commits", "max_files", "max_commits"])
    @pytest.mark.parametrize("value", [-1, True, 1.5, "3"])
    def test_all_counts_are_nonnegative_integers(name, value):
        with pytest.raises(RunShapeReadError):
>           evaluate(readings(**{name: value}))
                     ^^^^^^^^^^^^^^^^^^^^^^^^^

tests/domain/test_barren_tick.py:141: 
_ _ _ _ _ _ _ _ _ _ _ _ _ _ _ _ _ _ _ _ _ _ _ _ _ _ _ _ _ _ _ _ _ _ _ _ _ _ _ _ 

    def readings(
        *,
        previous=("EXT/42", "EXT/43"),
        closed=(),
        files=8,
        commits=3,
        max_files=7,
        max_commits=5,
    ):
        return tuple(
            AlarmReading(source_ref=source, value=value, at_sha=sha)
            for source, value, sha in (
                ("previous-tick#open", ReferencesEvidence(value=previous), "previous-sha"),
                ("current-criteria#closed", ReferencesEvidence(value=closed), None),
                ("lane-record#files-changed", CountEvidence(value=files), "current-sha"),
                ("lane-record#commits-ahead", CountEvidence(value=commits), "current-sha"),
>               (FILES_FIELD, CountEvidence(value=max_files), None),
                              ^^^^^^^^^^^^^^^^^^^^^^^^^^^^^^
                (COMMITS_FIELD, CountEvidence(value=max_commits), None),
            )
        )
E       pydantic_core._pydantic_core.ValidationError: 1 validation error for CountEvidence
E       value
E         Input should be a valid integer [type=int_type, input_value=True, input_type=bool]
E           For further information visit https://errors.pydantic.dev/2.12/v/int_type

tests/domain/test_barren_tick.py:41: ValidationError
__________ test_all_counts_are_nonnegative_integers[True-max_commits] __________

name = 'max_commits', value = True

    @pytest.mark.parametrize("name", ["files", "commits", "max_files", "max_commits"])
    @pytest.mark.parametrize("value", [-1, True, 1.5, "3"])
    def test_all_counts_are_nonnegative_integers(name, value):
        with pytest.raises(RunShapeReadError):
>           evaluate(readings(**{name: value}))
                     ^^^^^^^^^^^^^^^^^^^^^^^^^

tests/domain/test_barren_tick.py:141: 
_ _ _ _ _ _ _ _ _ _ _ _ _ _ _ _ _ _ _ _ _ _ _ _ _ _ _ _ _ _ _ _ _ _ _ _ _ _ _ _ 

    def readings(
        *,
        previous=("EXT/42", "EXT/43"),
        closed=(),
        files=8,
        commits=3,
        max_files=7,
        max_commits=5,
    ):
        return tuple(
            AlarmReading(source_ref=source, value=value, at_sha=sha)
            for source, value, sha in (
                ("previous-tick#open", ReferencesEvidence(value=previous), "previous-sha"),
                ("current-criteria#closed", ReferencesEvidence(value=closed), None),
                ("lane-record#files-changed", CountEvidence(value=files), "current-sha"),
                ("lane-record#commits-ahead", CountEvidence(value=commits), "current-sha"),
                (FILES_FIELD, CountEvidence(value=max_files), None),
>               (COMMITS_FIELD, CountEvidence(value=max_commits), None),
                                ^^^^^^^^^^^^^^^^^^^^^^^^^^^^^^^^
            )
        )
E       pydantic_core._pydantic_core.ValidationError: 1 validation error for CountEvidence
E       value
E         Input should be a valid integer [type=int_type, input_value=True, input_type=bool]
E           For further information visit https://errors.pydantic.dev/2.12/v/int_type

tests/domain/test_barren_tick.py:42: ValidationError
_____________ test_all_counts_are_nonnegative_integers[1.5-files] ______________

name = 'files', value = 1.5

    @pytest.mark.parametrize("name", ["files", "commits", "max_files", "max_commits"])
    @pytest.mark.parametrize("value", [-1, True, 1.5, "3"])
    def test_all_counts_are_nonnegative_integers(name, value):
        with pytest.raises(RunShapeReadError):
>           evaluate(readings(**{name: value}))
                     ^^^^^^^^^^^^^^^^^^^^^^^^^

tests/domain/test_barren_tick.py:141: 
_ _ _ _ _ _ _ _ _ _ _ _ _ _ _ _ _ _ _ _ _ _ _ _ _ _ _ _ _ _ _ _ _ _ _ _ _ _ _ _ 

    def readings(
        *,
        previous=("EXT/42", "EXT/43"),
        closed=(),
        files=8,
        commits=3,
        max_files=7,
        max_commits=5,
    ):
        return tuple(
            AlarmReading(source_ref=source, value=value, at_sha=sha)
            for source, value, sha in (
                ("previous-tick#open", ReferencesEvidence(value=previous), "previous-sha"),
                ("current-criteria#closed", ReferencesEvidence(value=closed), None),
>               ("lane-record#files-changed", CountEvidence(value=files), "current-sha"),
                                              ^^^^^^^^^^^^^^^^^^^^^^^^^^
                ("lane-record#commits-ahead", CountEvidence(value=commits), "current-sha"),
                (FILES_FIELD, CountEvidence(value=max_files), None),
                (COMMITS_FIELD, CountEvidence(value=max_commits), None),
            )
        )
E       pydantic_core._pydantic_core.ValidationError: 1 validation error for CountEvidence
E       value
E         Input should be a valid integer [type=int_type, input_value=1.5, input_type=float]
E           For further information visit https://errors.pydantic.dev/2.12/v/int_type

tests/domain/test_barren_tick.py:39: ValidationError
____________ test_all_counts_are_nonnegative_integers[1.5-commits] _____________

name = 'commits', value = 1.5

    @pytest.mark.parametrize("name", ["files", "commits", "max_files", "max_commits"])
    @pytest.mark.parametrize("value", [-1, True, 1.5, "3"])
    def test_all_counts_are_nonnegative_integers(name, value):
        with pytest.raises(RunShapeReadError):
>           evaluate(readings(**{name: value}))
                     ^^^^^^^^^^^^^^^^^^^^^^^^^

tests/domain/test_barren_tick.py:141: 
_ _ _ _ _ _ _ _ _ _ _ _ _ _ _ _ _ _ _ _ _ _ _ _ _ _ _ _ _ _ _ _ _ _ _ _ _ _ _ _ 

    def readings(
        *,
        previous=("EXT/42", "EXT/43"),
        closed=(),
        files=8,
        commits=3,
        max_files=7,
        max_commits=5,
    ):
        return tuple(
            AlarmReading(source_ref=source, value=value, at_sha=sha)
            for source, value, sha in (
                ("previous-tick#open", ReferencesEvidence(value=previous), "previous-sha"),
                ("current-criteria#closed", ReferencesEvidence(value=closed), None),
                ("lane-record#files-changed", CountEvidence(value=files), "current-sha"),
>               ("lane-record#commits-ahead", CountEvidence(value=commits), "current-sha"),
                                              ^^^^^^^^^^^^^^^^^^^^^^^^^^^^
                (FILES_FIELD, CountEvidence(value=max_files), None),
                (COMMITS_FIELD, CountEvidence(value=max_commits), None),
            )
        )
E       pydantic_core._pydantic_core.ValidationError: 1 validation error for CountEvidence
E       value
E         Input should be a valid integer [type=int_type, input_value=1.5, input_type=float]
E           For further information visit https://errors.pydantic.dev/2.12/v/int_type

tests/domain/test_barren_tick.py:40: ValidationError
___________ test_all_counts_are_nonnegative_integers[1.5-max_files] ____________

name = 'max_files', value = 1.5

    @pytest.mark.parametrize("name", ["files", "commits", "max_files", "max_commits"])
    @pytest.mark.parametrize("value", [-1, True, 1.5, "3"])
    def test_all_counts_are_nonnegative_integers(name, value):
        with pytest.raises(RunShapeReadError):
>           evaluate(readings(**{name: value}))
                     ^^^^^^^^^^^^^^^^^^^^^^^^^

tests/domain/test_barren_tick.py:141: 
_ _ _ _ _ _ _ _ _ _ _ _ _ _ _ _ _ _ _ _ _ _ _ _ _ _ _ _ _ _ _ _ _ _ _ _ _ _ _ _ 

    def readings(
        *,
        previous=("EXT/42", "EXT/43"),
        closed=(),
        files=8,
        commits=3,
        max_files=7,
        max_commits=5,
    ):
        return tuple(
            AlarmReading(source_ref=source, value=value, at_sha=sha)
            for source, value, sha in (
                ("previous-tick#open", ReferencesEvidence(value=previous), "previous-sha"),
                ("current-criteria#closed", ReferencesEvidence(value=closed), None),
                ("lane-record#files-changed", CountEvidence(value=files), "current-sha"),
                ("lane-record#commits-ahead", CountEvidence(value=commits), "current-sha"),
>               (FILES_FIELD, CountEvidence(value=max_files), None),
                              ^^^^^^^^^^^^^^^^^^^^^^^^^^^^^^
                (COMMITS_FIELD, CountEvidence(value=max_commits), None),
            )
        )
E       pydantic_core._pydantic_core.ValidationError: 1 validation error for CountEvidence
E       value
E         Input should be a valid integer [type=int_type, input_value=1.5, input_type=float]
E           For further information visit https://errors.pydantic.dev/2.12/v/int_type

tests/domain/test_barren_tick.py:41: ValidationError
__________ test_all_counts_are_nonnegative_integers[1.5-max_commits] ___________

name = 'max_commits', value = 1.5

    @pytest.mark.parametrize("name", ["files", "commits", "max_files", "max_commits"])
    @pytest.mark.parametrize("value", [-1, True, 1.5, "3"])
    def test_all_counts_are_nonnegative_integers(name, value):
        with pytest.raises(RunShapeReadError):
>           evaluate(readings(**{name: value}))
                     ^^^^^^^^^^^^^^^^^^^^^^^^^

tests/domain/test_barren_tick.py:141: 
_ _ _ _ _ _ _ _ _ _ _ _ _ _ _ _ _ _ _ _ _ _ _ _ _ _ _ _ _ _ _ _ _ _ _ _ _ _ _ _ 

    def readings(
        *,
        previous=("EXT/42", "EXT/43"),
        closed=(),
        files=8,
        commits=3,
        max_files=7,
        max_commits=5,
    ):
        return tuple(
            AlarmReading(source_ref=source, value=value, at_sha=sha)
            for source, value, sha in (
                ("previous-tick#open", ReferencesEvidence(value=previous), "previous-sha"),
                ("current-criteria#closed", ReferencesEvidence(value=closed), None),
                ("lane-record#files-changed", CountEvidence(value=files), "current-sha"),
                ("lane-record#commits-ahead", CountEvidence(value=commits), "current-sha"),
                (FILES_FIELD, CountEvidence(value=max_files), None),
>               (COMMITS_FIELD, CountEvidence(value=max_commits), None),
                                ^^^^^^^^^^^^^^^^^^^^^^^^^^^^^^^^
            )
        )
E       pydantic_core._pydantic_core.ValidationError: 1 validation error for CountEvidence
E       value
E         Input should be a valid integer [type=int_type, input_value=1.5, input_type=float]
E           For further information visit https://errors.pydantic.dev/2.12/v/int_type

tests/domain/test_barren_tick.py:42: ValidationError
______________ test_all_counts_are_nonnegative_integers[3-files] _______________

name = 'files', value = '3'

    @pytest.mark.parametrize("name", ["files", "commits", "max_files", "max_commits"])
    @pytest.mark.parametrize("value", [-1, True, 1.5, "3"])
    def test_all_counts_are_nonnegative_integers(name, value):
        with pytest.raises(RunShapeReadError):
>           evaluate(readings(**{name: value}))
                     ^^^^^^^^^^^^^^^^^^^^^^^^^

tests/domain/test_barren_tick.py:141: 
_ _ _ _ _ _ _ _ _ _ _ _ _ _ _ _ _ _ _ _ _ _ _ _ _ _ _ _ _ _ _ _ _ _ _ _ _ _ _ _ 

    def readings(
        *,
        previous=("EXT/42", "EXT/43"),
        closed=(),
        files=8,
        commits=3,
        max_files=7,
        max_commits=5,
    ):
        return tuple(
            AlarmReading(source_ref=source, value=value, at_sha=sha)
            for source, value, sha in (
                ("previous-tick#open", ReferencesEvidence(value=previous), "previous-sha"),
                ("current-criteria#closed", ReferencesEvidence(value=closed), None),
>               ("lane-record#files-changed", CountEvidence(value=files), "current-sha"),
                                              ^^^^^^^^^^^^^^^^^^^^^^^^^^
                ("lane-record#commits-ahead", CountEvidence(value=commits), "current-sha"),
                (FILES_FIELD, CountEvidence(value=max_files), None),
                (COMMITS_FIELD, CountEvidence(value=max_commits), None),
            )
        )
E       pydantic_core._pydantic_core.ValidationError: 1 validation error for CountEvidence
E       value
E         Input should be a valid integer [type=int_type, input_value='3', input_type=str]
E           For further information visit https://errors.pydantic.dev/2.12/v/int_type

tests/domain/test_barren_tick.py:39: ValidationError
_____________ test_all_counts_are_nonnegative_integers[3-commits] ______________

name = 'commits', value = '3'

    @pytest.mark.parametrize("name", ["files", "commits", "max_files", "max_commits"])
    @pytest.mark.parametrize("value", [-1, True, 1.5, "3"])
    def test_all_counts_are_nonnegative_integers(name, value):
        with pytest.raises(RunShapeReadError):
>           evaluate(readings(**{name: value}))
                     ^^^^^^^^^^^^^^^^^^^^^^^^^

tests/domain/test_barren_tick.py:141: 
_ _ _ _ _ _ _ _ _ _ _ _ _ _ _ _ _ _ _ _ _ _ _ _ _ _ _ _ _ _ _ _ _ _ _ _ _ _ _ _ 

    def readings(
        *,
        previous=("EXT/42", "EXT/43"),
        closed=(),
        files=8,
        commits=3,
        max_files=7,
        max_commits=5,
    ):
        return tuple(
            AlarmReading(source_ref=source, value=value, at_sha=sha)
            for source, value, sha in (
                ("previous-tick#open", ReferencesEvidence(value=previous), "previous-sha"),
                ("current-criteria#closed", ReferencesEvidence(value=closed), None),
                ("lane-record#files-changed", CountEvidence(value=files), "current-sha"),
>               ("lane-record#commits-ahead", CountEvidence(value=commits), "current-sha"),
                                              ^^^^^^^^^^^^^^^^^^^^^^^^^^^^
                (FILES_FIELD, CountEvidence(value=max_files), None),
                (COMMITS_FIELD, CountEvidence(value=max_commits), None),
            )
        )
E       pydantic_core._pydantic_core.ValidationError: 1 validation error for CountEvidence
E       value
E         Input should be a valid integer [type=int_type, input_value='3', input_type=str]
E           For further information visit https://errors.pydantic.dev/2.12/v/int_type

tests/domain/test_barren_tick.py:40: ValidationError
____________ test_all_counts_are_nonnegative_integers[3-max_files] _____________

name = 'max_files', value = '3'

    @pytest.mark.parametrize("name", ["files", "commits", "max_files", "max_commits"])
    @pytest.mark.parametrize("value", [-1, True, 1.5, "3"])
    def test_all_counts_are_nonnegative_integers(name, value):
        with pytest.raises(RunShapeReadError):
>           evaluate(readings(**{name: value}))
                     ^^^^^^^^^^^^^^^^^^^^^^^^^

tests/domain/test_barren_tick.py:141: 
_ _ _ _ _ _ _ _ _ _ _ _ _ _ _ _ _ _ _ _ _ _ _ _ _ _ _ _ _ _ _ _ _ _ _ _ _ _ _ _ 

    def readings(
        *,
        previous=("EXT/42", "EXT/43"),
        closed=(),
        files=8,
        commits=3,
        max_files=7,
        max_commits=5,
    ):
        return tuple(
            AlarmReading(source_ref=source, value=value, at_sha=sha)
            for source, value, sha in (
                ("previous-tick#open", ReferencesEvidence(value=previous), "previous-sha"),
                ("current-criteria#closed", ReferencesEvidence(value=closed), None),
                ("lane-record#files-changed", CountEvidence(value=files), "current-sha"),
                ("lane-record#commits-ahead", CountEvidence(value=commits), "current-sha"),
>               (FILES_FIELD, CountEvidence(value=max_files), None),
                              ^^^^^^^^^^^^^^^^^^^^^^^^^^^^^^
                (COMMITS_FIELD, CountEvidence(value=max_commits), None),
            )
        )
E       pydantic_core._pydantic_core.ValidationError: 1 validation error for CountEvidence
E       value
E         Input should be a valid integer [type=int_type, input_value='3', input_type=str]
E           For further information visit https://errors.pydantic.dev/2.12/v/int_type

tests/domain/test_barren_tick.py:41: ValidationError
___________ test_all_counts_are_nonnegative_integers[3-max_commits] ____________

name = 'max_commits', value = '3'

    @pytest.mark.parametrize("name", ["files", "commits", "max_files", "max_commits"])
    @pytest.mark.parametrize("value", [-1, True, 1.5, "3"])
    def test_all_counts_are_nonnegative_integers(name, value):
        with pytest.raises(RunShapeReadError):
>           evaluate(readings(**{name: value}))
                     ^^^^^^^^^^^^^^^^^^^^^^^^^

tests/domain/test_barren_tick.py:141: 
_ _ _ _ _ _ _ _ _ _ _ _ _ _ _ _ _ _ _ _ _ _ _ _ _ _ _ _ _ _ _ _ _ _ _ _ _ _ _ _ 

    def readings(
        *,
        previous=("EXT/42", "EXT/43"),
        closed=(),
        files=8,
        commits=3,
        max_files=7,
        max_commits=5,
    ):
        return tuple(
            AlarmReading(source_ref=source, value=value, at_sha=sha)
            for source, value, sha in (
                ("previous-tick#open", ReferencesEvidence(value=previous), "previous-sha"),
                ("current-criteria#closed", ReferencesEvidence(value=closed), None),
                ("lane-record#files-changed", CountEvidence(value=files), "current-sha"),
                ("lane-record#commits-ahead", CountEvidence(value=commits), "current-sha"),
                (FILES_FIELD, CountEvidence(value=max_files), None),
>               (COMMITS_FIELD, CountEvidence(value=max_commits), None),
                                ^^^^^^^^^^^^^^^^^^^^^^^^^^^^^^^^
            )
        )
E       pydantic_core._pydantic_core.ValidationError: 1 validation error for CountEvidence
E       value
E         Input should be a valid integer [type=int_type, input_value='3', input_type=str]
E           For further information visit https://errors.pydantic.dev/2.12/v/int_type

tests/domain/test_barren_tick.py:42: ValidationError
___ test_reference_sets_require_unique_nonempty_opaque_keys[value1-previous] ___

name = 'previous', value = ('',)

    @pytest.mark.parametrize("name", ["previous", "closed"])
    @pytest.mark.parametrize("value", [("same", "same"), ("",), ("  ",), (1,)])
    def test_reference_sets_require_unique_nonempty_opaque_keys(name, value):
        with pytest.raises(RunShapeReadError):
>           evaluate(readings(**{name: value}))
                     ^^^^^^^^^^^^^^^^^^^^^^^^^

tests/domain/test_barren_tick.py:148: 
_ _ _ _ _ _ _ _ _ _ _ _ _ _ _ _ _ _ _ _ _ _ _ _ _ _ _ _ _ _ _ _ _ _ _ _ _ _ _ _ 

    def readings(
        *,
        previous=("EXT/42", "EXT/43"),
        closed=(),
        files=8,
        commits=3,
        max_files=7,
        max_commits=5,
    ):
        return tuple(
            AlarmReading(source_ref=source, value=value, at_sha=sha)
            for source, value, sha in (
>               ("previous-tick#open", ReferencesEvidence(value=previous), "previous-sha"),
                                       ^^^^^^^^^^^^^^^^^^^^^^^^^^^^^^^^^^
                ("current-criteria#closed", ReferencesEvidence(value=closed), None),
                ("lane-record#files-changed", CountEvidence(value=files), "current-sha"),
                ("lane-record#commits-ahead", CountEvidence(value=commits), "current-sha"),
                (FILES_FIELD, CountEvidence(value=max_files), None),
                (COMMITS_FIELD, CountEvidence(value=max_commits), None),
            )
        )
E       pydantic_core._pydantic_core.ValidationError: 1 validation error for ReferencesEvidence
E       value.0
E         String should have at least 1 character [type=string_too_short, input_value='', input_type=str]
E           For further information visit https://errors.pydantic.dev/2.12/v/string_too_short

tests/domain/test_barren_tick.py:37: ValidationError
____ test_reference_sets_require_unique_nonempty_opaque_keys[value1-closed] ____

name = 'closed', value = ('',)

    @pytest.mark.parametrize("name", ["previous", "closed"])
    @pytest.mark.parametrize("value", [("same", "same"), ("",), ("  ",), (1,)])
    def test_reference_sets_require_unique_nonempty_opaque_keys(name, value):
        with pytest.raises(RunShapeReadError):
>           evaluate(readings(**{name: value}))
                     ^^^^^^^^^^^^^^^^^^^^^^^^^

tests/domain/test_barren_tick.py:148: 
_ _ _ _ _ _ _ _ _ _ _ _ _ _ _ _ _ _ _ _ _ _ _ _ _ _ _ _ _ _ _ _ _ _ _ _ _ _ _ _ 

    def readings(
        *,
        previous=("EXT/42", "EXT/43"),
        closed=(),
        files=8,
        commits=3,
        max_files=7,
        max_commits=5,
    ):
        return tuple(
            AlarmReading(source_ref=source, value=value, at_sha=sha)
            for source, value, sha in (
                ("previous-tick#open", ReferencesEvidence(value=previous), "previous-sha"),
>               ("current-criteria#closed", ReferencesEvidence(value=closed), None),
                                            ^^^^^^^^^^^^^^^^^^^^^^^^^^^^^^^^
                ("lane-record#files-changed", CountEvidence(value=files), "current-sha"),
                ("lane-record#commits-ahead", CountEvidence(value=commits), "current-sha"),
                (FILES_FIELD, CountEvidence(value=max_files), None),
                (COMMITS_FIELD, CountEvidence(value=max_commits), None),
            )
        )
E       pydantic_core._pydantic_core.ValidationError: 1 validation error for ReferencesEvidence
E       value.0
E         String should have at least 1 character [type=string_too_short, input_value='', input_type=str]
E           For further information visit https://errors.pydantic.dev/2.12/v/string_too_short

tests/domain/test_barren_tick.py:38: ValidationError
___ test_reference_sets_require_unique_nonempty_opaque_keys[value2-previous] ___

name = 'previous', value = ('  ',)

    @pytest.mark.parametrize("name", ["previous", "closed"])
    @pytest.mark.parametrize("value", [("same", "same"), ("",), ("  ",), (1,)])
    def test_reference_sets_require_unique_nonempty_opaque_keys(name, value):
        with pytest.raises(RunShapeReadError):
>           evaluate(readings(**{name: value}))
                     ^^^^^^^^^^^^^^^^^^^^^^^^^

tests/domain/test_barren_tick.py:148: 
_ _ _ _ _ _ _ _ _ _ _ _ _ _ _ _ _ _ _ _ _ _ _ _ _ _ _ _ _ _ _ _ _ _ _ _ _ _ _ _ 

    def readings(
        *,
        previous=("EXT/42", "EXT/43"),
        closed=(),
        files=8,
        commits=3,
        max_files=7,
        max_commits=5,
    ):
        return tuple(
            AlarmReading(source_ref=source, value=value, at_sha=sha)
            for source, value, sha in (
>               ("previous-tick#open", ReferencesEvidence(value=previous), "previous-sha"),
                                       ^^^^^^^^^^^^^^^^^^^^^^^^^^^^^^^^^^
                ("current-criteria#closed", ReferencesEvidence(value=closed), None),
                ("lane-record#files-changed", CountEvidence(value=files), "current-sha"),
                ("lane-record#commits-ahead", CountEvidence(value=commits), "current-sha"),
                (FILES_FIELD, CountEvidence(value=max_files), None),
                (COMMITS_FIELD, CountEvidence(value=max_commits), None),
            )
        )
E       pydantic_core._pydantic_core.ValidationError: 1 validation error for ReferencesEvidence
E       value.0
E         String should match pattern '\S' [type=string_pattern_mismatch, input_value='  ', input_type=str]
E           For further information visit https://errors.pydantic.dev/2.12/v/string_pattern_mismatch

tests/domain/test_barren_tick.py:37: ValidationError
____ test_reference_sets_require_unique_nonempty_opaque_keys[value2-closed] ____

name = 'closed', value = ('  ',)

    @pytest.mark.parametrize("name", ["previous", "closed"])
    @pytest.mark.parametrize("value", [("same", "same"), ("",), ("  ",), (1,)])
    def test_reference_sets_require_unique_nonempty_opaque_keys(name, value):
        with pytest.raises(RunShapeReadError):
>           evaluate(readings(**{name: value}))
                     ^^^^^^^^^^^^^^^^^^^^^^^^^

tests/domain/test_barren_tick.py:148: 
_ _ _ _ _ _ _ _ _ _ _ _ _ _ _ _ _ _ _ _ _ _ _ _ _ _ _ _ _ _ _ _ _ _ _ _ _ _ _ _ 

    def readings(
        *,
        previous=("EXT/42", "EXT/43"),
        closed=(),
        files=8,
        commits=3,
        max_files=7,
        max_commits=5,
    ):
        return tuple(
            AlarmReading(source_ref=source, value=value, at_sha=sha)
            for source, value, sha in (
                ("previous-tick#open", ReferencesEvidence(value=previous), "previous-sha"),
>               ("current-criteria#closed", ReferencesEvidence(value=closed), None),
                                            ^^^^^^^^^^^^^^^^^^^^^^^^^^^^^^^^
                ("lane-record#files-changed", CountEvidence(value=files), "current-sha"),
                ("lane-record#commits-ahead", CountEvidence(value=commits), "current-sha"),
                (FILES_FIELD, CountEvidence(value=max_files), None),
                (COMMITS_FIELD, CountEvidence(value=max_commits), None),
            )
        )
E       pydantic_core._pydantic_core.ValidationError: 1 validation error for ReferencesEvidence
E       value.0
E         String should match pattern '\S' [type=string_pattern_mismatch, input_value='  ', input_type=str]
E           For further information visit https://errors.pydantic.dev/2.12/v/string_pattern_mismatch

tests/domain/test_barren_tick.py:38: ValidationError
___ test_reference_sets_require_unique_nonempty_opaque_keys[value3-previous] ___

name = 'previous', value = (1,)

    @pytest.mark.parametrize("name", ["previous", "closed"])
    @pytest.mark.parametrize("value", [("same", "same"), ("",), ("  ",), (1,)])
    def test_reference_sets_require_unique_nonempty_opaque_keys(name, value):
        with pytest.raises(RunShapeReadError):
>           evaluate(readings(**{name: value}))
                     ^^^^^^^^^^^^^^^^^^^^^^^^^

tests/domain/test_barren_tick.py:148: 
_ _ _ _ _ _ _ _ _ _ _ _ _ _ _ _ _ _ _ _ _ _ _ _ _ _ _ _ _ _ _ _ _ _ _ _ _ _ _ _ 

    def readings(
        *,
        previous=("EXT/42", "EXT/43"),
        closed=(),
        files=8,
        commits=3,
        max_files=7,
        max_commits=5,
    ):
        return tuple(
            AlarmReading(source_ref=source, value=value, at_sha=sha)
            for source, value, sha in (
>               ("previous-tick#open", ReferencesEvidence(value=previous), "previous-sha"),
                                       ^^^^^^^^^^^^^^^^^^^^^^^^^^^^^^^^^^
                ("current-criteria#closed", ReferencesEvidence(value=closed), None),
                ("lane-record#files-changed", CountEvidence(value=files), "current-sha"),
                ("lane-record#commits-ahead", CountEvidence(value=commits), "current-sha"),
                (FILES_FIELD, CountEvidence(value=max_files), None),
                (COMMITS_FIELD, CountEvidence(value=max_commits), None),
            )
        )
E       pydantic_core._pydantic_core.ValidationError: 1 validation error for ReferencesEvidence
E       value.0
E         Input should be a valid string [type=string_type, input_value=1, input_type=int]
E           For further information visit https://errors.pydantic.dev/2.12/v/string_type

tests/domain/test_barren_tick.py:37: ValidationError
____ test_reference_sets_require_unique_nonempty_opaque_keys[value3-closed] ____

name = 'closed', value = (1,)

    @pytest.mark.parametrize("name", ["previous", "closed"])
    @pytest.mark.parametrize("value", [("same", "same"), ("",), ("  ",), (1,)])
    def test_reference_sets_require_unique_nonempty_opaque_keys(name, value):
        with pytest.raises(RunShapeReadError):
>           evaluate(readings(**{name: value}))
                     ^^^^^^^^^^^^^^^^^^^^^^^^^

tests/domain/test_barren_tick.py:148: 
_ _ _ _ _ _ _ _ _ _ _ _ _ _ _ _ _ _ _ _ _ _ _ _ _ _ _ _ _ _ _ _ _ _ _ _ _ _ _ _ 

    def readings(
        *,
        previous=("EXT/42", "EXT/43"),
        closed=(),
        files=8,
        commits=3,
        max_files=7,
        max_commits=5,
    ):
        return tuple(
            AlarmReading(source_ref=source, value=value, at_sha=sha)
            for source, value, sha in (
                ("previous-tick#open", ReferencesEvidence(value=previous), "previous-sha"),
>               ("current-criteria#closed", ReferencesEvidence(value=closed), None),
                                            ^^^^^^^^^^^^^^^^^^^^^^^^^^^^^^^^
                ("lane-record#files-changed", CountEvidence(value=files), "current-sha"),
                ("lane-record#commits-ahead", CountEvidence(value=commits), "current-sha"),
                (FILES_FIELD, CountEvidence(value=max_files), None),
                (COMMITS_FIELD, CountEvidence(value=max_commits), None),
            )
        )
E       pydantic_core._pydantic_core.ValidationError: 1 validation error for ReferencesEvidence
E       value.0
E         Input should be a valid string [type=string_type, input_value=1, input_type=int]
E           For further information visit https://errors.pydantic.dev/2.12/v/string_type

tests/domain/test_barren_tick.py:38: ValidationError
____________ test_closure_does_not_supply_unreadable_growth_counts _____________

    def test_closure_does_not_supply_unreadable_growth_counts():
        with pytest.raises(RunShapeReadError):
>           evaluate(readings(closed=("EXT/42",), files=None))
                     ^^^^^^^^^^^^^^^^^^^^^^^^^^^^^^^^^^^^^^^^

tests/domain/test_barren_tick.py:182: 
_ _ _ _ _ _ _ _ _ _ _ _ _ _ _ _ _ _ _ _ _ _ _ _ _ _ _ _ _ _ _ _ _ _ _ _ _ _ _ _ 

    def readings(
        *,
        previous=("EXT/42", "EXT/43"),
        closed=(),
        files=8,
        commits=3,
        max_files=7,
        max_commits=5,
    ):
        return tuple(
            AlarmReading(source_ref=source, value=value, at_sha=sha)
            for source, value, sha in (
                ("previous-tick#open", ReferencesEvidence(value=previous), "previous-sha"),
                ("current-criteria#closed", ReferencesEvidence(value=closed), None),
>               ("lane-record#files-changed", CountEvidence(value=files), "current-sha"),
                                              ^^^^^^^^^^^^^^^^^^^^^^^^^^
                ("lane-record#commits-ahead", CountEvidence(value=commits), "current-sha"),
                (FILES_FIELD, CountEvidence(value=max_files), None),
                (COMMITS_FIELD, CountEvidence(value=max_commits), None),
            )
        )
E       pydantic_core._pydantic_core.ValidationError: 1 validation error for CountEvidence
E       value
E         Input should be a valid integer [type=int_type, input_value=None, input_type=NoneType]
E           For further information visit https://errors.pydantic.dev/2.12/v/int_type

tests/domain/test_barren_tick.py:39: ValidationError
_________ test_distinct_runs_under_the_same_marker_use_the_same_signal _________

    def test_distinct_runs_under_the_same_marker_use_the_same_signal():
        surface = address()
        original = readings(
            surface, holders=("run-1/holder-a", "run-1/holder-a", "run-2/holder-b")
        )
        alarm = evaluate(surface, original)
        assert alarm is not None
        assert alarm.signal is AlarmSignal.SURFACE_CONTENDED
        assert alarm.bound.observed_value == 2
        assert alarm.readings[1] == original[1]
>       assert alarm.subject.member_id == surface_alarm_member_id(surface)
               ^^^^^^^^^^^^^^^^^^^^^^^

tests/domain/test_surface_contention.py:108: 
_ _ _ _ _ _ _ _ _ _ _ _ _ _ _ _ _ _ _ _ _ _ _ _ _ _ _ _ _ _ _ _ _ _ _ _ _ _ _ _ 

self = SurfaceSubject(scope_key='scope-a', kind=<AlarmSubjectKind.SURFACE: 'surface'>, surface=WritableSurface(kind=<SurfaceK...'>, ref=ScopeRef(kind=<ScopeKind.ISSUE: 'issue'>, key='issue/42'), marker='same:marker'), lane_key=None, issue_id=None)
item = 'member_id'

    def __getattr__(self, item: str) -> Any:
        private_attributes = object.__getattribute__(self, '__private_attributes__')
        if item in private_attributes:
            attribute = private_attributes[item]
            if hasattr(attribute, '__get__'):
                return attribute.__get__(self, type(self))  # type: ignore
    
            try:
                # Note: self.__pydantic_private__ cannot be None if self.__private_attributes__ has items
                return self.__pydantic_private__[item]  # type: ignore
            except KeyError as exc:
                raise AttributeError(f'{type(self).__name__!r} object has no attribute {item!r}') from exc
        else:
            # `__pydantic_extra__` can fail to be set if the model is not yet fully initialized.
            # See `BaseModel.__repr_args__` for more details
            try:
                pydantic_extra = object.__getattribute__(self, '__pydantic_extra__')
            except AttributeError:
                pydantic_extra = None
    
            if pydantic_extra and item in pydantic_extra:
                return pydantic_extra[item]
            else:
                if hasattr(self.__class__, item):
                    return super().__getattribute__(item)  # Raises AttributeError if appropriate
                else:
                    # this is the current error
>                   raise AttributeError(f'{type(self).__name__!r} object has no attribute {item!r}')
E                   AttributeError: 'SurfaceSubject' object has no attribute 'member_id'

.venv/lib/python3.12/site-packages/pydantic/main.py:1026: AttributeError
______ test_unreadable_provenance_is_not_a_clean_observation[not-json-0] _______

slot = 0, value = 'not-json'

    @pytest.mark.parametrize("slot", range(3))
    @pytest.mark.parametrize("value", ["not-json", "null", "{}"])
    def test_unreadable_provenance_is_not_a_clean_observation(slot, value):
        surface = address()
        original = readings(surface)
        altered = tuple(
            reading.model_copy(update={"value": value}) if index == slot else reading
            for index, reading in enumerate(original)
        )
        with pytest.raises(RunShapeReadError) as raised:
            evaluate(surface, altered)
        assert raised.value.signal == "surface_contended"
        assert raised.value.source_ref == original[slot].source_ref
>       assert isinstance(raised.value.__cause__, ValidationError)
E       assert False
E        +  where False = isinstance(None, ValidationError)
E        +    where None = RunShapeReadError('surface_contended cannot read \'provenance/{"kind":"marker_comment","ref":{"kind":"issue","key":"issue/42"},"marker":"same:marker"}\': another evidence kind was recorded').__cause__
E        +      where RunShapeReadError('surface_contended cannot read \'provenance/{"kind":"marker_comment","ref":{"kind":"issue","key":"issue/42"},"marker":"same:marker"}\': another evidence kind was recorded') = <ExceptionInfo RunShapeReadError('surface_contended cannot read \'provenance/{"kind":"marker_comment","ref":{"kind":"issue","key":"issue/42"},"marker":"same:marker"}\': another evidence kind was recorded') tblen=4>.value

tests/domain/test_surface_contention.py:182: AssertionError
______ test_unreadable_provenance_is_not_a_clean_observation[not-json-1] _______

slot = 1, value = 'not-json'

    @pytest.mark.parametrize("slot", range(3))
    @pytest.mark.parametrize("value", ["not-json", "null", "{}"])
    def test_unreadable_provenance_is_not_a_clean_observation(slot, value):
        surface = address()
        original = readings(surface)
        altered = tuple(
            reading.model_copy(update={"value": value}) if index == slot else reading
            for index, reading in enumerate(original)
        )
        with pytest.raises(RunShapeReadError) as raised:
            evaluate(surface, altered)
        assert raised.value.signal == "surface_contended"
        assert raised.value.source_ref == original[slot].source_ref
>       assert isinstance(raised.value.__cause__, ValidationError)
E       assert False
E        +  where False = isinstance(None, ValidationError)
E        +    where None = RunShapeReadError('surface_contended cannot read \'provenance/{"kind":"marker_comment","ref":{"kind":"issue","key":"issue/42"},"marker":"same:marker"}\': another evidence kind was recorded').__cause__
E        +      where RunShapeReadError('surface_contended cannot read \'provenance/{"kind":"marker_comment","ref":{"kind":"issue","key":"issue/42"},"marker":"same:marker"}\': another evidence kind was recorded') = <ExceptionInfo RunShapeReadError('surface_contended cannot read \'provenance/{"kind":"marker_comment","ref":{"kind":"issue","key":"issue/42"},"marker":"same:marker"}\': another evidence kind was recorded') tblen=4>.value

tests/domain/test_surface_contention.py:182: AssertionError
______ test_unreadable_provenance_is_not_a_clean_observation[not-json-2] _______

slot = 2, value = 'not-json'

    @pytest.mark.parametrize("slot", range(3))
    @pytest.mark.parametrize("value", ["not-json", "null", "{}"])
    def test_unreadable_provenance_is_not_a_clean_observation(slot, value):
        surface = address()
        original = readings(surface)
        altered = tuple(
            reading.model_copy(update={"value": value}) if index == slot else reading
            for index, reading in enumerate(original)
        )
        with pytest.raises(RunShapeReadError) as raised:
            evaluate(surface, altered)
        assert raised.value.signal == "surface_contended"
        assert raised.value.source_ref == original[slot].source_ref
>       assert isinstance(raised.value.__cause__, ValidationError)
E       assert False
E        +  where False = isinstance(None, ValidationError)
E        +    where None = RunShapeReadError("surface_contended cannot read 'run_alarm_max_surface_holders': another evidence kind was recorded").__cause__
E        +      where RunShapeReadError("surface_contended cannot read 'run_alarm_max_surface_holders': another evidence kind was recorded") = <ExceptionInfo RunShapeReadError("surface_contended cannot read 'run_alarm_max_surface_holders': another evidence kind was recorded") tblen=4>.value

tests/domain/test_surface_contention.py:182: AssertionError
________ test_unreadable_provenance_is_not_a_clean_observation[null-0] _________

slot = 0, value = 'null'

    @pytest.mark.parametrize("slot", range(3))
    @pytest.mark.parametrize("value", ["not-json", "null", "{}"])
    def test_unreadable_provenance_is_not_a_clean_observation(slot, value):
        surface = address()
        original = readings(surface)
        altered = tuple(
            reading.model_copy(update={"value": value}) if index == slot else reading
            for index, reading in enumerate(original)
        )
        with pytest.raises(RunShapeReadError) as raised:
            evaluate(surface, altered)
        assert raised.value.signal == "surface_contended"
        assert raised.value.source_ref == original[slot].source_ref
>       assert isinstance(raised.value.__cause__, ValidationError)
E       assert False
E        +  where False = isinstance(None, ValidationError)
E        +    where None = RunShapeReadError('surface_contended cannot read \'provenance/{"kind":"marker_comment","ref":{"kind":"issue","key":"issue/42"},"marker":"same:marker"}\': another evidence kind was recorded').__cause__
E        +      where RunShapeReadError('surface_contended cannot read \'provenance/{"kind":"marker_comment","ref":{"kind":"issue","key":"issue/42"},"marker":"same:marker"}\': another evidence kind was recorded') = <ExceptionInfo RunShapeReadError('surface_contended cannot read \'provenance/{"kind":"marker_comment","ref":{"kind":"issue","key":"issue/42"},"marker":"same:marker"}\': another evidence kind was recorded') tblen=4>.value

tests/domain/test_surface_contention.py:182: AssertionError
________ test_unreadable_provenance_is_not_a_clean_observation[null-1] _________

slot = 1, value = 'null'

    @pytest.mark.parametrize("slot", range(3))
    @pytest.mark.parametrize("value", ["not-json", "null", "{}"])
    def test_unreadable_provenance_is_not_a_clean_observation(slot, value):
        surface = address()
        original = readings(surface)
        altered = tuple(
            reading.model_copy(update={"value": value}) if index == slot else reading
            for index, reading in enumerate(original)
        )
        with pytest.raises(RunShapeReadError) as raised:
            evaluate(surface, altered)
        assert raised.value.signal == "surface_contended"
        assert raised.value.source_ref == original[slot].source_ref
>       assert isinstance(raised.value.__cause__, ValidationError)
E       assert False
E        +  where False = isinstance(None, ValidationError)
E        +    where None = RunShapeReadError('surface_contended cannot read \'provenance/{"kind":"marker_comment","ref":{"kind":"issue","key":"issue/42"},"marker":"same:marker"}\': another evidence kind was recorded').__cause__
E        +      where RunShapeReadError('surface_contended cannot read \'provenance/{"kind":"marker_comment","ref":{"kind":"issue","key":"issue/42"},"marker":"same:marker"}\': another evidence kind was recorded') = <ExceptionInfo RunShapeReadError('surface_contended cannot read \'provenance/{"kind":"marker_comment","ref":{"kind":"issue","key":"issue/42"},"marker":"same:marker"}\': another evidence kind was recorded') tblen=4>.value

tests/domain/test_surface_contention.py:182: AssertionError
________ test_unreadable_provenance_is_not_a_clean_observation[null-2] _________

slot = 2, value = 'null'

    @pytest.mark.parametrize("slot", range(3))
    @pytest.mark.parametrize("value", ["not-json", "null", "{}"])
    def test_unreadable_provenance_is_not_a_clean_observation(slot, value):
        surface = address()
        original = readings(surface)
        altered = tuple(
            reading.model_copy(update={"value": value}) if index == slot else reading
            for index, reading in enumerate(original)
        )
        with pytest.raises(RunShapeReadError) as raised:
            evaluate(surface, altered)
        assert raised.value.signal == "surface_contended"
        assert raised.value.source_ref == original[slot].source_ref
>       assert isinstance(raised.value.__cause__, ValidationError)
E       assert False
E        +  where False = isinstance(None, ValidationError)
E        +    where None = RunShapeReadError("surface_contended cannot read 'run_alarm_max_surface_holders': another evidence kind was recorded").__cause__
E        +      where RunShapeReadError("surface_contended cannot read 'run_alarm_max_surface_holders': another evidence kind was recorded") = <ExceptionInfo RunShapeReadError("surface_contended cannot read 'run_alarm_max_surface_holders': another evidence kind was recorded") tblen=4>.value

tests/domain/test_surface_contention.py:182: AssertionError
_________ test_unreadable_provenance_is_not_a_clean_observation[{}-0] __________

slot = 0, value = '{}'

    @pytest.mark.parametrize("slot", range(3))
    @pytest.mark.parametrize("value", ["not-json", "null", "{}"])
    def test_unreadable_provenance_is_not_a_clean_observation(slot, value):
        surface = address()
        original = readings(surface)
        altered = tuple(
            reading.model_copy(update={"value": value}) if index == slot else reading
            for index, reading in enumerate(original)
        )
        with pytest.raises(RunShapeReadError) as raised:
            evaluate(surface, altered)
        assert raised.value.signal == "surface_contended"
        assert raised.value.source_ref == original[slot].source_ref
>       assert isinstance(raised.value.__cause__, ValidationError)
E       assert False
E        +  where False = isinstance(None, ValidationError)
E        +    where None = RunShapeReadError('surface_contended cannot read \'provenance/{"kind":"marker_comment","ref":{"kind":"issue","key":"issue/42"},"marker":"same:marker"}\': another evidence kind was recorded').__cause__
E        +      where RunShapeReadError('surface_contended cannot read \'provenance/{"kind":"marker_comment","ref":{"kind":"issue","key":"issue/42"},"marker":"same:marker"}\': another evidence kind was recorded') = <ExceptionInfo RunShapeReadError('surface_contended cannot read \'provenance/{"kind":"marker_comment","ref":{"kind":"issue","key":"issue/42"},"marker":"same:marker"}\': another evidence kind was recorded') tblen=4>.value

tests/domain/test_surface_contention.py:182: AssertionError
_________ test_unreadable_provenance_is_not_a_clean_observation[{}-1] __________

slot = 1, value = '{}'

    @pytest.mark.parametrize("slot", range(3))
    @pytest.mark.parametrize("value", ["not-json", "null", "{}"])
    def test_unreadable_provenance_is_not_a_clean_observation(slot, value):
        surface = address()
        original = readings(surface)
        altered = tuple(
            reading.model_copy(update={"value": value}) if index == slot else reading
            for index, reading in enumerate(original)
        )
        with pytest.raises(RunShapeReadError) as raised:
            evaluate(surface, altered)
        assert raised.value.signal == "surface_contended"
        assert raised.value.source_ref == original[slot].source_ref
>       assert isinstance(raised.value.__cause__, ValidationError)
E       assert False
E        +  where False = isinstance(None, ValidationError)
E        +    where None = RunShapeReadError('surface_contended cannot read \'provenance/{"kind":"marker_comment","ref":{"kind":"issue","key":"issue/42"},"marker":"same:marker"}\': another evidence kind was recorded').__cause__
E        +      where RunShapeReadError('surface_contended cannot read \'provenance/{"kind":"marker_comment","ref":{"kind":"issue","key":"issue/42"},"marker":"same:marker"}\': another evidence kind was recorded') = <ExceptionInfo RunShapeReadError('surface_contended cannot read \'provenance/{"kind":"marker_comment","ref":{"kind":"issue","key":"issue/42"},"marker":"same:marker"}\': another evidence kind was recorded') tblen=4>.value

tests/domain/test_surface_contention.py:182: AssertionError
_________ test_unreadable_provenance_is_not_a_clean_observation[{}-2] __________

slot = 2, value = '{}'

    @pytest.mark.parametrize("slot", range(3))
    @pytest.mark.parametrize("value", ["not-json", "null", "{}"])
    def test_unreadable_provenance_is_not_a_clean_observation(slot, value):
        surface = address()
        original = readings(surface)
        altered = tuple(
            reading.model_copy(update={"value": value}) if index == slot else reading
            for index, reading in enumerate(original)
        )
        with pytest.raises(RunShapeReadError) as raised:
            evaluate(surface, altered)
        assert raised.value.signal == "surface_contended"
        assert raised.value.source_ref == original[slot].source_ref
>       assert isinstance(raised.value.__cause__, ValidationError)
E       assert False
E        +  where False = isinstance(None, ValidationError)
E        +    where None = RunShapeReadError("surface_contended cannot read 'run_alarm_max_surface_holders': another evidence kind was recorded").__cause__
E        +      where RunShapeReadError("surface_contended cannot read 'run_alarm_max_surface_holders': another evidence kind was recorded") = <ExceptionInfo RunShapeReadError("surface_contended cannot read 'run_alarm_max_surface_holders': another evidence kind was recorded") tblen=4>.value

tests/domain/test_surface_contention.py:182: AssertionError
_ test_run_holders_cannot_be_inferred_from_invalid_or_vendor_shaped_rows[holders0] _

holders = ('',)

    @pytest.mark.parametrize(
        "holders", [("",), ("  ",), (1,), ({"author": "account", "updatedAt": "later"},)]
    )
    def test_run_holders_cannot_be_inferred_from_invalid_or_vendor_shaped_rows(holders):
        surface = address()
        with pytest.raises(RunShapeReadError):
>           evaluate(surface, readings(surface, holders=holders))
                              ^^^^^^^^^^^^^^^^^^^^^^^^^^^^^^^^^^

tests/domain/test_surface_contention.py:191: 
_ _ _ _ _ _ _ _ _ _ _ _ _ _ _ _ _ _ _ _ _ _ _ _ _ _ _ _ _ _ _ _ _ _ _ _ _ _ _ _ 

surface = WritableSurface(kind=<SurfaceKind.MARKER_COMMENT: 'marker_comment'>, ref=ScopeRef(kind=<ScopeKind.ISSUE: 'issue'>, key='issue/42'), marker='same:marker')

    def readings(surface, *, holders=("job/run-a", "job/run-b"), limit=1):
        source = "provenance/" + surface_alarm_member_id(surface)
        return (
            AlarmReading(
                source_ref=source,
                value=SurfaceEvidence(value=surface),
                at_sha="observed-sha",
            ),
            AlarmReading(
                source_ref=source,
>               value=ReferencesEvidence(value=holders),
                      ^^^^^^^^^^^^^^^^^^^^^^^^^^^^^^^^^
                at_sha="observed-sha",
            ),
            AlarmReading(source_ref=FIELD, value=CountEvidence(value=limit)),
        )
E       pydantic_core._pydantic_core.ValidationError: 1 validation error for ReferencesEvidence
E       value.0
E         String should have at least 1 character [type=string_too_short, input_value='', input_type=str]
E           For further information visit https://errors.pydantic.dev/2.12/v/string_too_short

tests/domain/test_surface_contention.py:58: ValidationError
_ test_run_holders_cannot_be_inferred_from_invalid_or_vendor_shaped_rows[holders1] _

holders = ('  ',)

    @pytest.mark.parametrize(
        "holders", [("",), ("  ",), (1,), ({"author": "account", "updatedAt": "later"},)]
    )
    def test_run_holders_cannot_be_inferred_from_invalid_or_vendor_shaped_rows(holders):
        surface = address()
        with pytest.raises(RunShapeReadError):
>           evaluate(surface, readings(surface, holders=holders))
                              ^^^^^^^^^^^^^^^^^^^^^^^^^^^^^^^^^^

tests/domain/test_surface_contention.py:191: 
_ _ _ _ _ _ _ _ _ _ _ _ _ _ _ _ _ _ _ _ _ _ _ _ _ _ _ _ _ _ _ _ _ _ _ _ _ _ _ _ 

surface = WritableSurface(kind=<SurfaceKind.MARKER_COMMENT: 'marker_comment'>, ref=ScopeRef(kind=<ScopeKind.ISSUE: 'issue'>, key='issue/42'), marker='same:marker')

    def readings(surface, *, holders=("job/run-a", "job/run-b"), limit=1):
        source = "provenance/" + surface_alarm_member_id(surface)
        return (
            AlarmReading(
                source_ref=source,
                value=SurfaceEvidence(value=surface),
                at_sha="observed-sha",
            ),
            AlarmReading(
                source_ref=source,
>               value=ReferencesEvidence(value=holders),
                      ^^^^^^^^^^^^^^^^^^^^^^^^^^^^^^^^^
                at_sha="observed-sha",
            ),
            AlarmReading(source_ref=FIELD, value=CountEvidence(value=limit)),
        )
E       pydantic_core._pydantic_core.ValidationError: 1 validation error for ReferencesEvidence
E       value.0
E         String should match pattern '\S' [type=string_pattern_mismatch, input_value='  ', input_type=str]
E           For further information visit https://errors.pydantic.dev/2.12/v/string_pattern_mismatch

tests/domain/test_surface_contention.py:58: ValidationError
_ test_run_holders_cannot_be_inferred_from_invalid_or_vendor_shaped_rows[holders2] _

holders = (1,)

    @pytest.mark.parametrize(
        "holders", [("",), ("  ",), (1,), ({"author": "account", "updatedAt": "later"},)]
    )
    def test_run_holders_cannot_be_inferred_from_invalid_or_vendor_shaped_rows(holders):
        surface = address()
        with pytest.raises(RunShapeReadError):
>           evaluate(surface, readings(surface, holders=holders))
                              ^^^^^^^^^^^^^^^^^^^^^^^^^^^^^^^^^^

tests/domain/test_surface_contention.py:191: 
_ _ _ _ _ _ _ _ _ _ _ _ _ _ _ _ _ _ _ _ _ _ _ _ _ _ _ _ _ _ _ _ _ _ _ _ _ _ _ _ 

surface = WritableSurface(kind=<SurfaceKind.MARKER_COMMENT: 'marker_comment'>, ref=ScopeRef(kind=<ScopeKind.ISSUE: 'issue'>, key='issue/42'), marker='same:marker')

    def readings(surface, *, holders=("job/run-a", "job/run-b"), limit=1):
        source = "provenance/" + surface_alarm_member_id(surface)
        return (
            AlarmReading(
                source_ref=source,
                value=SurfaceEvidence(value=surface),
                at_sha="observed-sha",
            ),
            AlarmReading(
                source_ref=source,
>               value=ReferencesEvidence(value=holders),
                      ^^^^^^^^^^^^^^^^^^^^^^^^^^^^^^^^^
                at_sha="observed-sha",
            ),
            AlarmReading(source_ref=FIELD, value=CountEvidence(value=limit)),
        )
E       pydantic_core._pydantic_core.ValidationError: 1 validation error for ReferencesEvidence
E       value.0
E         Input should be a valid string [type=string_type, input_value=1, input_type=int]
E           For further information visit https://errors.pydantic.dev/2.12/v/string_type

tests/domain/test_surface_contention.py:58: ValidationError
_ test_run_holders_cannot_be_inferred_from_invalid_or_vendor_shaped_rows[holders3] _

holders = ({'author': 'account', 'updatedAt': 'later'},)

    @pytest.mark.parametrize(
        "holders", [("",), ("  ",), (1,), ({"author": "account", "updatedAt": "later"},)]
    )
    def test_run_holders_cannot_be_inferred_from_invalid_or_vendor_shaped_rows(holders):
        surface = address()
        with pytest.raises(RunShapeReadError):
>           evaluate(surface, readings(surface, holders=holders))
                              ^^^^^^^^^^^^^^^^^^^^^^^^^^^^^^^^^^

tests/domain/test_surface_contention.py:191: 
_ _ _ _ _ _ _ _ _ _ _ _ _ _ _ _ _ _ _ _ _ _ _ _ _ _ _ _ _ _ _ _ _ _ _ _ _ _ _ _ 

surface = WritableSurface(kind=<SurfaceKind.MARKER_COMMENT: 'marker_comment'>, ref=ScopeRef(kind=<ScopeKind.ISSUE: 'issue'>, key='issue/42'), marker='same:marker')

    def readings(surface, *, holders=("job/run-a", "job/run-b"), limit=1):
        source = "provenance/" + surface_alarm_member_id(surface)
        return (
            AlarmReading(
                source_ref=source,
                value=SurfaceEvidence(value=surface),
                at_sha="observed-sha",
            ),
            AlarmReading(
                source_ref=source,
>               value=ReferencesEvidence(value=holders),
                      ^^^^^^^^^^^^^^^^^^^^^^^^^^^^^^^^^
                at_sha="observed-sha",
            ),
            AlarmReading(source_ref=FIELD, value=CountEvidence(value=limit)),
        )
E       pydantic_core._pydantic_core.ValidationError: 1 validation error for ReferencesEvidence
E       value.0
E         Input should be a valid string [type=string_type, input_value={'author': 'account', 'updatedAt': 'later'}, input_type=dict]
E           For further information visit https://errors.pydantic.dev/2.12/v/string_type

tests/domain/test_surface_contention.py:58: ValidationError
_______________ test_limit_is_a_recorded_nonnegative_integer[-1] _______________

limit = -1

    @pytest.mark.parametrize("limit", [-1, True, 1.5, "2"])
    def test_limit_is_a_recorded_nonnegative_integer(limit):
        surface = address()
        with pytest.raises(RunShapeReadError):
>           evaluate(surface, readings(surface, limit=limit))
                              ^^^^^^^^^^^^^^^^^^^^^^^^^^^^^^

tests/domain/test_surface_contention.py:198: 
_ _ _ _ _ _ _ _ _ _ _ _ _ _ _ _ _ _ _ _ _ _ _ _ _ _ _ _ _ _ _ _ _ _ _ _ _ _ _ _ 

surface = WritableSurface(kind=<SurfaceKind.MARKER_COMMENT: 'marker_comment'>, ref=ScopeRef(kind=<ScopeKind.ISSUE: 'issue'>, key='issue/42'), marker='same:marker')

    def readings(surface, *, holders=("job/run-a", "job/run-b"), limit=1):
        source = "provenance/" + surface_alarm_member_id(surface)
        return (
            AlarmReading(
                source_ref=source,
                value=SurfaceEvidence(value=surface),
                at_sha="observed-sha",
            ),
            AlarmReading(
                source_ref=source,
                value=ReferencesEvidence(value=holders),
                at_sha="observed-sha",
            ),
>           AlarmReading(source_ref=FIELD, value=CountEvidence(value=limit)),
                                                 ^^^^^^^^^^^^^^^^^^^^^^^^^^
        )
E       pydantic_core._pydantic_core.ValidationError: 1 validation error for CountEvidence
E       value
E         Input should be greater than or equal to 0 [type=greater_than_equal, input_value=-1, input_type=int]
E           For further information visit https://errors.pydantic.dev/2.12/v/greater_than_equal

tests/domain/test_surface_contention.py:61: ValidationError
______________ test_limit_is_a_recorded_nonnegative_integer[True] ______________

limit = True

    @pytest.mark.parametrize("limit", [-1, True, 1.5, "2"])
    def test_limit_is_a_recorded_nonnegative_integer(limit):
        surface = address()
        with pytest.raises(RunShapeReadError):
>           evaluate(surface, readings(surface, limit=limit))
                              ^^^^^^^^^^^^^^^^^^^^^^^^^^^^^^

tests/domain/test_surface_contention.py:198: 
_ _ _ _ _ _ _ _ _ _ _ _ _ _ _ _ _ _ _ _ _ _ _ _ _ _ _ _ _ _ _ _ _ _ _ _ _ _ _ _ 

surface = WritableSurface(kind=<SurfaceKind.MARKER_COMMENT: 'marker_comment'>, ref=ScopeRef(kind=<ScopeKind.ISSUE: 'issue'>, key='issue/42'), marker='same:marker')

    def readings(surface, *, holders=("job/run-a", "job/run-b"), limit=1):
        source = "provenance/" + surface_alarm_member_id(surface)
        return (
            AlarmReading(
                source_ref=source,
                value=SurfaceEvidence(value=surface),
                at_sha="observed-sha",
            ),
            AlarmReading(
                source_ref=source,
                value=ReferencesEvidence(value=holders),
                at_sha="observed-sha",
            ),
>           AlarmReading(source_ref=FIELD, value=CountEvidence(value=limit)),
                                                 ^^^^^^^^^^^^^^^^^^^^^^^^^^
        )
E       pydantic_core._pydantic_core.ValidationError: 1 validation error for CountEvidence
E       value
E         Input should be a valid integer [type=int_type, input_value=True, input_type=bool]
E           For further information visit https://errors.pydantic.dev/2.12/v/int_type

tests/domain/test_surface_contention.py:61: ValidationError
______________ test_limit_is_a_recorded_nonnegative_integer[1.5] _______________

limit = 1.5

    @pytest.mark.parametrize("limit", [-1, True, 1.5, "2"])
    def test_limit_is_a_recorded_nonnegative_integer(limit):
        surface = address()
        with pytest.raises(RunShapeReadError):
>           evaluate(surface, readings(surface, limit=limit))
                              ^^^^^^^^^^^^^^^^^^^^^^^^^^^^^^

tests/domain/test_surface_contention.py:198: 
_ _ _ _ _ _ _ _ _ _ _ _ _ _ _ _ _ _ _ _ _ _ _ _ _ _ _ _ _ _ _ _ _ _ _ _ _ _ _ _ 

surface = WritableSurface(kind=<SurfaceKind.MARKER_COMMENT: 'marker_comment'>, ref=ScopeRef(kind=<ScopeKind.ISSUE: 'issue'>, key='issue/42'), marker='same:marker')

    def readings(surface, *, holders=("job/run-a", "job/run-b"), limit=1):
        source = "provenance/" + surface_alarm_member_id(surface)
        return (
            AlarmReading(
                source_ref=source,
                value=SurfaceEvidence(value=surface),
                at_sha="observed-sha",
            ),
            AlarmReading(
                source_ref=source,
                value=ReferencesEvidence(value=holders),
                at_sha="observed-sha",
            ),
>           AlarmReading(source_ref=FIELD, value=CountEvidence(value=limit)),
                                                 ^^^^^^^^^^^^^^^^^^^^^^^^^^
        )
E       pydantic_core._pydantic_core.ValidationError: 1 validation error for CountEvidence
E       value
E         Input should be a valid integer [type=int_type, input_value=1.5, input_type=float]
E           For further information visit https://errors.pydantic.dev/2.12/v/int_type

tests/domain/test_surface_contention.py:61: ValidationError
_______________ test_limit_is_a_recorded_nonnegative_integer[2] ________________

limit = '2'

    @pytest.mark.parametrize("limit", [-1, True, 1.5, "2"])
    def test_limit_is_a_recorded_nonnegative_integer(limit):
        surface = address()
        with pytest.raises(RunShapeReadError):
>           evaluate(surface, readings(surface, limit=limit))
                              ^^^^^^^^^^^^^^^^^^^^^^^^^^^^^^

tests/domain/test_surface_contention.py:198: 
_ _ _ _ _ _ _ _ _ _ _ _ _ _ _ _ _ _ _ _ _ _ _ _ _ _ _ _ _ _ _ _ _ _ _ _ _ _ _ _ 

surface = WritableSurface(kind=<SurfaceKind.MARKER_COMMENT: 'marker_comment'>, ref=ScopeRef(kind=<ScopeKind.ISSUE: 'issue'>, key='issue/42'), marker='same:marker')

    def readings(surface, *, holders=("job/run-a", "job/run-b"), limit=1):
        source = "provenance/" + surface_alarm_member_id(surface)
        return (
            AlarmReading(
                source_ref=source,
                value=SurfaceEvidence(value=surface),
                at_sha="observed-sha",
            ),
            AlarmReading(
                source_ref=source,
                value=ReferencesEvidence(value=holders),
                at_sha="observed-sha",
            ),
>           AlarmReading(source_ref=FIELD, value=CountEvidence(value=limit)),
                                                 ^^^^^^^^^^^^^^^^^^^^^^^^^^
        )
E       pydantic_core._pydantic_core.ValidationError: 1 validation error for CountEvidence
E       value
E         Input should be a valid integer [type=int_type, input_value='2', input_type=str]
E           For further information visit https://errors.pydantic.dev/2.12/v/int_type

tests/domain/test_surface_contention.py:61: ValidationError
=========================== short test summary info ============================
FAILED tests/domain/test_escalation_ageing.py::test_a_decision_does_not_supply_a_missing_tick_count
FAILED tests/domain/test_escalation_ageing.py::test_malformed_readings_are_typed_errors_with_the_source[not-json-0]
FAILED tests/domain/test_escalation_ageing.py::test_malformed_readings_are_typed_errors_with_the_source[not-json-1]
FAILED tests/domain/test_escalation_ageing.py::test_malformed_readings_are_typed_errors_with_the_source[not-json-2]
FAILED tests/domain/test_escalation_ageing.py::test_malformed_readings_are_typed_errors_with_the_source[not-json-3]
FAILED tests/domain/test_escalation_ageing.py::test_malformed_readings_are_typed_errors_with_the_source[not-json-4]
FAILED tests/domain/test_escalation_ageing.py::test_malformed_readings_are_typed_errors_with_the_source[not-json-5]
FAILED tests/domain/test_escalation_ageing.py::test_malformed_readings_are_typed_errors_with_the_source[null-0]
FAILED tests/domain/test_escalation_ageing.py::test_malformed_readings_are_typed_errors_with_the_source[null-1]
FAILED tests/domain/test_escalation_ageing.py::test_malformed_readings_are_typed_errors_with_the_source[null-2]
FAILED tests/domain/test_escalation_ageing.py::test_malformed_readings_are_typed_errors_with_the_source[null-3]
FAILED tests/domain/test_escalation_ageing.py::test_malformed_readings_are_typed_errors_with_the_source[null-4]
FAILED tests/domain/test_escalation_ageing.py::test_malformed_readings_are_typed_errors_with_the_source[null-5]
FAILED tests/domain/test_escalation_ageing.py::test_malformed_readings_are_typed_errors_with_the_source[{}-0]
FAILED tests/domain/test_escalation_ageing.py::test_malformed_readings_are_typed_errors_with_the_source[{}-1]
FAILED tests/domain/test_escalation_ageing.py::test_malformed_readings_are_typed_errors_with_the_source[{}-2]
FAILED tests/domain/test_escalation_ageing.py::test_malformed_readings_are_typed_errors_with_the_source[{}-3]
FAILED tests/domain/test_escalation_ageing.py::test_malformed_readings_are_typed_errors_with_the_source[{}-4]
FAILED tests/domain/test_escalation_ageing.py::test_malformed_readings_are_typed_errors_with_the_source[{}-5]
FAILED tests/domain/test_escalation_ageing.py::test_recorded_counts_are_nonnegative_integers[-1-ticks]
FAILED tests/domain/test_escalation_ageing.py::test_recorded_counts_are_nonnegative_integers[-1-max_commits]
FAILED tests/domain/test_escalation_ageing.py::test_recorded_counts_are_nonnegative_integers[-1-max_ticks]
FAILED tests/domain/test_escalation_ageing.py::test_recorded_counts_are_nonnegative_integers[True-ticks]
FAILED tests/domain/test_escalation_ageing.py::test_recorded_counts_are_nonnegative_integers[True-max_commits]
FAILED tests/domain/test_escalation_ageing.py::test_recorded_counts_are_nonnegative_integers[True-max_ticks]
FAILED tests/domain/test_escalation_ageing.py::test_recorded_counts_are_nonnegative_integers[1.5-ticks]
FAILED tests/domain/test_escalation_ageing.py::test_recorded_counts_are_nonnegative_integers[1.5-max_commits]
FAILED tests/domain/test_escalation_ageing.py::test_recorded_counts_are_nonnegative_integers[1.5-max_ticks]
FAILED tests/domain/test_escalation_ageing.py::test_recorded_counts_are_nonnegative_integers[2-ticks]
FAILED tests/domain/test_escalation_ageing.py::test_recorded_counts_are_nonnegative_integers[2-max_commits]
FAILED tests/domain/test_escalation_ageing.py::test_recorded_counts_are_nonnegative_integers[2-max_ticks]
FAILED tests/domain/test_escalation_ageing.py::test_commit_identities_are_nonempty_opaque_strings[commits0]
FAILED tests/domain/test_escalation_ageing.py::test_commit_identities_are_nonempty_opaque_strings[commits1]
FAILED tests/domain/test_escalation_ageing.py::test_commit_identities_are_nonempty_opaque_strings[commits2]
FAILED tests/domain/test_escalation_ageing.py::test_signal_module_is_pure_and_count_comparisons_have_no_literal_bound
FAILED tests/domain/test_record_consistency.py::test_only_an_explicit_successful_lookup_boolean_can_answer_presence[None]
FAILED tests/domain/test_record_consistency.py::test_only_an_explicit_successful_lookup_boolean_can_answer_presence[0]
FAILED tests/domain/test_record_consistency.py::test_only_an_explicit_successful_lookup_boolean_can_answer_presence[1]
FAILED tests/domain/test_record_consistency.py::test_only_an_explicit_successful_lookup_boolean_can_answer_presence[false]
FAILED tests/domain/test_record_consistency.py::test_only_an_explicit_successful_lookup_boolean_can_answer_presence[true]
FAILED tests/domain/test_record_consistency.py::test_only_an_explicit_successful_lookup_boolean_can_answer_presence[present5]
FAILED tests/domain/test_record_consistency.py::test_only_an_explicit_successful_lookup_boolean_can_answer_presence[present6]
FAILED tests/domain/test_record_consistency.py::test_declared_count_must_be_a_nonnegative_integer[-1]
FAILED tests/domain/test_record_consistency.py::test_declared_count_must_be_a_nonnegative_integer[True]
FAILED tests/domain/test_record_consistency.py::test_declared_count_must_be_a_nonnegative_integer[2]
FAILED tests/domain/test_record_consistency.py::test_declared_count_must_be_a_nonnegative_integer[2.5]
FAILED tests/domain/test_record_consistency.py::test_declared_count_must_be_a_nonnegative_integer[None]
FAILED tests/domain/test_mandate_graph.py::test_required_author_is_a_closed_recorded_field[None]
FAILED tests/domain/test_mandate_graph.py::test_required_author_is_a_closed_recorded_field[1]
FAILED tests/domain/test_mandate_graph.py::test_required_author_is_a_closed_recorded_field[True]
FAILED tests/domain/test_mandate_graph.py::test_required_author_is_a_closed_recorded_field[value3]
FAILED tests/domain/test_mandate_graph.py::test_required_author_is_a_closed_recorded_field[human]
FAILED tests/domain/test_mandate_graph.py::test_required_author_is_a_closed_recorded_field[]
FAILED tests/domain/test_mandate_graph.py::test_ruling_identity_cannot_change_owning_issue_between_snapshots
FAILED tests/domain/test_mandate_graph.py::test_both_predicates_require_the_lane_subject[scope]
FAILED tests/domain/test_mandate_graph.py::test_both_predicates_require_the_lane_subject[issue]
FAILED tests/domain/test_mandate_graph.py::test_omitted_authorship_cannot_inherit_machine_attribution
FAILED tests/domain/test_record_superseded.py::test_incomplete_or_ambiguous_history_never_manufactures_a_clean_read[order4]
FAILED tests/domain/test_record_superseded.py::test_incomplete_or_ambiguous_history_never_manufactures_a_clean_read[order5]
FAILED tests/domain/test_record_superseded.py::test_incomplete_or_ambiguous_history_never_manufactures_a_clean_read[order6]
FAILED tests/domain/test_record_superseded.py::test_malformed_readings_raise_with_signal_source_and_validation_cause[not-json-0]
FAILED tests/domain/test_record_superseded.py::test_malformed_readings_raise_with_signal_source_and_validation_cause[not-json-1]
FAILED tests/domain/test_record_superseded.py::test_malformed_readings_raise_with_signal_source_and_validation_cause[not-json-2]
FAILED tests/domain/test_record_superseded.py::test_malformed_readings_raise_with_signal_source_and_validation_cause[null-0]
FAILED tests/domain/test_record_superseded.py::test_malformed_readings_raise_with_signal_source_and_validation_cause[null-1]
FAILED tests/domain/test_record_superseded.py::test_malformed_readings_raise_with_signal_source_and_validation_cause[null-2]
FAILED tests/domain/test_record_superseded.py::test_malformed_readings_raise_with_signal_source_and_validation_cause[{}-0]
FAILED tests/domain/test_record_superseded.py::test_malformed_readings_raise_with_signal_source_and_validation_cause[{}-1]
FAILED tests/domain/test_record_superseded.py::test_malformed_readings_raise_with_signal_source_and_validation_cause[{}-2]
FAILED tests/domain/test_record_superseded.py::test_malformed_readings_raise_with_signal_source_and_validation_cause[7-0]
FAILED tests/domain/test_record_superseded.py::test_malformed_readings_raise_with_signal_source_and_validation_cause[7-1]
FAILED tests/domain/test_record_superseded.py::test_malformed_readings_raise_with_signal_source_and_validation_cause[7-2]
FAILED tests/domain/test_record_superseded.py::test_assertion_projection_is_closed_and_carries_explicit_string_values[body0]
FAILED tests/domain/test_record_superseded.py::test_assertion_projection_is_closed_and_carries_explicit_string_values[body1]
FAILED tests/domain/test_record_superseded.py::test_assertion_projection_is_closed_and_carries_explicit_string_values[body2]
FAILED tests/domain/test_record_superseded.py::test_assertion_projection_is_closed_and_carries_explicit_string_values[body3]
FAILED tests/domain/test_record_superseded.py::test_assertion_projection_is_closed_and_carries_explicit_string_values[body4]
FAILED tests/domain/test_barren_tick.py::test_unreadable_input_is_not_a_clean_observation[bad-json-0]
FAILED tests/domain/test_barren_tick.py::test_unreadable_input_is_not_a_clean_observation[bad-json-1]
FAILED tests/domain/test_barren_tick.py::test_unreadable_input_is_not_a_clean_observation[bad-json-2]
FAILED tests/domain/test_barren_tick.py::test_unreadable_input_is_not_a_clean_observation[bad-json-3]
FAILED tests/domain/test_barren_tick.py::test_unreadable_input_is_not_a_clean_observation[bad-json-4]
FAILED tests/domain/test_barren_tick.py::test_unreadable_input_is_not_a_clean_observation[bad-json-5]
FAILED tests/domain/test_barren_tick.py::test_unreadable_input_is_not_a_clean_observation[null-0]
FAILED tests/domain/test_barren_tick.py::test_unreadable_input_is_not_a_clean_observation[null-1]
FAILED tests/domain/test_barren_tick.py::test_unreadable_input_is_not_a_clean_observation[null-2]
FAILED tests/domain/test_barren_tick.py::test_unreadable_input_is_not_a_clean_observation[null-3]
FAILED tests/domain/test_barren_tick.py::test_unreadable_input_is_not_a_clean_observation[null-4]
FAILED tests/domain/test_barren_tick.py::test_unreadable_input_is_not_a_clean_observation[null-5]
FAILED tests/domain/test_barren_tick.py::test_unreadable_input_is_not_a_clean_observation[{}-0]
FAILED tests/domain/test_barren_tick.py::test_unreadable_input_is_not_a_clean_observation[{}-1]
FAILED tests/domain/test_barren_tick.py::test_unreadable_input_is_not_a_clean_observation[{}-2]
FAILED tests/domain/test_barren_tick.py::test_unreadable_input_is_not_a_clean_observation[{}-3]
FAILED tests/domain/test_barren_tick.py::test_unreadable_input_is_not_a_clean_observation[{}-4]
FAILED tests/domain/test_barren_tick.py::test_unreadable_input_is_not_a_clean_observation[{}-5]
FAILED tests/domain/test_barren_tick.py::test_all_counts_are_nonnegative_integers[-1-files]
FAILED tests/domain/test_barren_tick.py::test_all_counts_are_nonnegative_integers[-1-commits]
FAILED tests/domain/test_barren_tick.py::test_all_counts_are_nonnegative_integers[-1-max_files]
FAILED tests/domain/test_barren_tick.py::test_all_counts_are_nonnegative_integers[-1-max_commits]
FAILED tests/domain/test_barren_tick.py::test_all_counts_are_nonnegative_integers[True-files]
FAILED tests/domain/test_barren_tick.py::test_all_counts_are_nonnegative_integers[True-commits]
FAILED tests/domain/test_barren_tick.py::test_all_counts_are_nonnegative_integers[True-max_files]
FAILED tests/domain/test_barren_tick.py::test_all_counts_are_nonnegative_integers[True-max_commits]
FAILED tests/domain/test_barren_tick.py::test_all_counts_are_nonnegative_integers[1.5-files]
FAILED tests/domain/test_barren_tick.py::test_all_counts_are_nonnegative_integers[1.5-commits]
FAILED tests/domain/test_barren_tick.py::test_all_counts_are_nonnegative_integers[1.5-max_files]
FAILED tests/domain/test_barren_tick.py::test_all_counts_are_nonnegative_integers[1.5-max_commits]
FAILED tests/domain/test_barren_tick.py::test_all_counts_are_nonnegative_integers[3-files]
FAILED tests/domain/test_barren_tick.py::test_all_counts_are_nonnegative_integers[3-commits]
FAILED tests/domain/test_barren_tick.py::test_all_counts_are_nonnegative_integers[3-max_files]
FAILED tests/domain/test_barren_tick.py::test_all_counts_are_nonnegative_integers[3-max_commits]
FAILED tests/domain/test_barren_tick.py::test_reference_sets_require_unique_nonempty_opaque_keys[value1-previous]
FAILED tests/domain/test_barren_tick.py::test_reference_sets_require_unique_nonempty_opaque_keys[value1-closed]
FAILED tests/domain/test_barren_tick.py::test_reference_sets_require_unique_nonempty_opaque_keys[value2-previous]
FAILED tests/domain/test_barren_tick.py::test_reference_sets_require_unique_nonempty_opaque_keys[value2-closed]
FAILED tests/domain/test_barren_tick.py::test_reference_sets_require_unique_nonempty_opaque_keys[value3-previous]
FAILED tests/domain/test_barren_tick.py::test_reference_sets_require_unique_nonempty_opaque_keys[value3-closed]
FAILED tests/domain/test_barren_tick.py::test_closure_does_not_supply_unreadable_growth_counts
FAILED tests/domain/test_surface_contention.py::test_distinct_runs_under_the_same_marker_use_the_same_signal
FAILED tests/domain/test_surface_contention.py::test_unreadable_provenance_is_not_a_clean_observation[not-json-0]
FAILED tests/domain/test_surface_contention.py::test_unreadable_provenance_is_not_a_clean_observation[not-json-1]
FAILED tests/domain/test_surface_contention.py::test_unreadable_provenance_is_not_a_clean_observation[not-json-2]
FAILED tests/domain/test_surface_contention.py::test_unreadable_provenance_is_not_a_clean_observation[null-0]
FAILED tests/domain/test_surface_contention.py::test_unreadable_provenance_is_not_a_clean_observation[null-1]
FAILED tests/domain/test_surface_contention.py::test_unreadable_provenance_is_not_a_clean_observation[null-2]
FAILED tests/domain/test_surface_contention.py::test_unreadable_provenance_is_not_a_clean_observation[{}-0]
FAILED tests/domain/test_surface_contention.py::test_unreadable_provenance_is_not_a_clean_observation[{}-1]
FAILED tests/domain/test_surface_contention.py::test_unreadable_provenance_is_not_a_clean_observation[{}-2]
FAILED tests/domain/test_surface_contention.py::test_run_holders_cannot_be_inferred_from_invalid_or_vendor_shaped_rows[holders0]
FAILED tests/domain/test_surface_contention.py::test_run_holders_cannot_be_inferred_from_invalid_or_vendor_shaped_rows[holders1]
FAILED tests/domain/test_surface_contention.py::test_run_holders_cannot_be_inferred_from_invalid_or_vendor_shaped_rows[holders2]
FAILED tests/domain/test_surface_contention.py::test_run_holders_cannot_be_inferred_from_invalid_or_vendor_shaped_rows[holders3]
FAILED tests/domain/test_surface_contention.py::test_limit_is_a_recorded_nonnegative_integer[-1]
FAILED tests/domain/test_surface_contention.py::test_limit_is_a_recorded_nonnegative_integer[True]
FAILED tests/domain/test_surface_contention.py::test_limit_is_a_recorded_nonnegative_integer[1.5]
FAILED tests/domain/test_surface_contention.py::test_limit_is_a_recorded_nonnegative_integer[2]
136 failed, 346 passed in 5.77s
