HEAD=b714b984112efd8471f73985300864d66a3eb814
2026-09-12T14:03:44.931839
['.venv/bin/python', '-m', 'pytest', '-q', 'tests/chains/test_workflow_phase_composition.py', 'tests/chains/test_ralph_workflow.py', 'tests/chains/test_ralph_loop.py', 'tests/api/v1/test_agent.py', 'tests/integration/test_criteria_oracle.py', 'tests/integration/test_issue_key_carriage.py', 'tests/integration/test_workflow_e2e.py', 'tests/chains/test_outbound_gating.py', 'tests/chains/test_shorthand_url_resolution.py', 'tests/services/test_fire_record_identity.py', 'tests/test_forge_origin_selection.py', '-m', 'not live and not postgres']
14:03  up 18 days, 21:06, 5 users, load averages: 20.81 19.89 19.97
......F................................................................. [ 26%]
........................................................................ [ 52%]
...........................................................FF........... [ 79%]
.........................................................                [100%]
=================================== FAILURES ===================================
_ test_production_phase_refusal_or_cancel_releases_native_workspaces[error-review-False] _

tmp_path = PosixPath('/private/var/folders/lv/b1m7q5dj1yd5gn9s9rknw43h0000gq/T/pytest-of-kodezart/pytest-1690/test_production_phase_refusal_4')
standalone = False, target = 'review', end = 'error'

    @pytest.mark.parametrize("standalone", [False, True])
    @pytest.mark.parametrize("target", ["branch", "validation", "review"])
    @pytest.mark.parametrize("end", ["error", "cancel"])
    async def test_production_phase_refusal_or_cancel_releases_native_workspaces(
        tmp_path, standalone, target, end
    ):
        failure = RuntimeError("The selected phase refused") if end == "error" else None
        executor = ObservedExecutor(target=target, failure=failure)
        router, workspace, repo, _, _, request = await setup(tmp_path, executor)
        events = []
    
        async def consume():
            async for event in drive(router, standalone, request):
                events.append(event)
    
        task = asyncio.create_task(consume())
        entered = asyncio.create_task(executor.entered.wait())
        try:
            done, _ = await asyncio.wait(
                {task, entered}, timeout=30, return_when=asyncio.FIRST_COMPLETED
            )
            if task in done:
                if end == "cancel" or not executor.entered.is_set():
                    await task
>           assert executor.entered.is_set(), "The actual phase was never entered"
E           AssertionError: The actual phase was never entered
E           assert False
E            +  where False = is_set()
E            +    where is_set = <asyncio.locks.Event object at 0x10c87a420 [unset, waiters:1]>.is_set
E            +      where <asyncio.locks.Event object at 0x10c87a420 [unset, waiters:1]> = <tests.chains.test_workflow_phase_composition.ObservedExecutor object at 0x10c87a390>.entered

tests/chains/test_workflow_phase_composition.py:267: AssertionError
----------------------------- Captured stdout call -----------------------------
2026-09-12 14:06:44 [info     ] forge_capabilities_selected    forge_less_origin=False repo_url=None
2026-09-12 14:06:44 [info     ] repo_visibility_resolved       repo_url=None visibility=unknown
2026-09-12 14:06:44 [info     ] scope_base_resolved            base_branch=main base_role=None input_count=0
2026-09-12 14:06:44 [debug    ] output_format_requested        format_type=json_schema
2026-09-12 14:06:45 [info     ] workspace_acquired             path=/var/folders/lv/b1m7q5dj1yd5gn9s9rknw43h0000gq/T/kodezart-3e3fc2578f0041da8c89ed46f641631c workspace_id=3e3fc2578f0041da8c89ed46f641631c
2026-09-12 14:06:46 [info     ] workspace_released             workspace_id=3e3fc2578f0041da8c89ed46f641631c
2026-09-12 14:06:46 [info     ] stream_drained                 duration_api_ms=1 duration_ms=1 event_count=2 events={'system': 1, 'result': 1} has_structured_output=True is_error=False num_turns=1 rate_limit_rejected=False result_event_observed=True result_tail=None session_id=observed-session-0 site=branch_name stop_reason=None subtype=result total_cost_usd=None usage=None
2026-09-12 14:06:46 [info     ] outbound_content_gated         categories=[] content_digest=7e8e5050e7fe15a7b92e5ee413452e654a20fe14c1c0b66eaf05e523ef6f9bc3 failure=None hits=[] surface=publication verdict=clean visibility=unknown writer=branch_name
2026-09-12 14:06:47 [info     ] workspace_acquired             path=/var/folders/lv/b1m7q5dj1yd5gn9s9rknw43h0000gq/T/kodezart-e302f002b934439eaafc60f3cb3eacec workspace_id=e302f002b934439eaafc60f3cb3eacec
2026-09-12 14:06:47 [info     ] ticket_loop_workspace_acquired cache_key=phase-run workspace_path=/var/folders/lv/b1m7q5dj1yd5gn9s9rknw43h0000gq/T/kodezart-e302f002b934439eaafc60f3cb3eacec
2026-09-12 14:06:47 [info     ] ticket_create_attempt          iteration=1 prompt_chars=2235 resumed_session_id=None suggestion_count=0
2026-09-12 14:06:47 [info     ] stream_drained                 duration_api_ms=1 duration_ms=1 event_count=2 events={'system': 1, 'result': 1} has_structured_output=True is_error=False num_turns=1 rate_limit_rejected=False result_event_observed=True result_tail=None session_id=observed-session-1 site=ticket_creator stop_reason=None subtype=result total_cost_usd=None usage=None
2026-09-12 14:06:47 [info     ] ticket_review_attempt          draft_iteration=1 iteration=1 prompt_chars=8928 resumed_session_id=None
2026-09-12 14:06:47 [info     ] stream_drained                 duration_api_ms=1 duration_ms=1 event_count=2 events={'system': 1, 'result': 1} has_structured_output=True is_error=False num_turns=1 rate_limit_rejected=False result_event_observed=True result_tail=None session_id=observed-session-2 site=ticket_reviewer stop_reason=None subtype=result total_cost_usd=None usage=None
2026-09-12 14:06:48 [info     ] workspace_released             workspace_id=e302f002b934439eaafc60f3cb3eacec
2026-09-12 14:06:48 [info     ] ticket_loop_workspace_released workspace_path=/var/folders/lv/b1m7q5dj1yd5gn9s9rknw43h0000gq/T/kodezart-e302f002b934439eaafc60f3cb3eacec
2026-09-12 14:06:49 [info     ] outbound_content_gated         categories=[] content_digest=7e8e6a3859cbc8ad231f782f939ac585b9b21ef2e5b31f8476e09fd07d75a829 failure=None hits=[] surface=repository verdict=clean visibility=unknown writer=artifact_ticket_json
2026-09-12 14:06:49 [info     ] ticket_persisted               branch=kodezart/scripted-branch-864334e1-ralph-a949035b title='Scripted ticket'
2026-09-12 14:06:49 [debug    ] output_format_requested        format_type=json_schema
2026-09-12 14:06:51 [info     ] workspace_acquired             path=/var/folders/lv/b1m7q5dj1yd5gn9s9rknw43h0000gq/T/kodezart-95041d98e3e349a6abc5d85948b86dfc workspace_id=95041d98e3e349a6abc5d85948b86dfc
2026-09-12 14:06:53 [info     ] workspace_released             workspace_id=95041d98e3e349a6abc5d85948b86dfc
2026-09-12 14:06:53 [info     ] stream_drained                 duration_api_ms=1 duration_ms=1 event_count=2 events={'system': 1, 'result': 1} has_structured_output=True is_error=False num_turns=1 rate_limit_rejected=False result_event_observed=True result_tail=None session_id=observed-session-3 site=acceptance_criteria stop_reason=None subtype=result total_cost_usd=None usage=None
2026-09-12 14:06:53 [debug    ] output_format_requested        format_type=json_schema
2026-09-12 14:06:58 [info     ] workspace_acquired             path=/var/folders/lv/b1m7q5dj1yd5gn9s9rknw43h0000gq/T/kodezart-f9a48556b419461090204fbb304ab146 workspace_id=f9a48556b419461090204fbb304ab146
2026-09-12 14:07:00 [info     ] workspace_released             workspace_id=f9a48556b419461090204fbb304ab146
2026-09-12 14:07:00 [info     ] stream_drained                 duration_api_ms=1 duration_ms=1 event_count=2 events={'system': 1, 'result': 1} has_structured_output=True is_error=False num_turns=1 rate_limit_rejected=False result_event_observed=True result_tail=None session_id=observed-session-4 site=criteria_validation stop_reason=None subtype=result total_cost_usd=None usage=None
2026-09-12 14:07:00 [info     ] criteria_sweep_complete        bound_exhausted=False regeneration_round=0 regeneration_targets=[] satisfiable=True
2026-09-12 14:07:00 [info     ] outbound_content_gated         categories=[] content_digest=7e8e6a3859cbc8ad231f782f939ac585b9b21ef2e5b31f8476e09fd07d75a829 failure=None hits=[] surface=repository verdict=clean visibility=unknown writer=artifact_ticket_json
2026-09-12 14:07:00 [info     ] outbound_content_gated         categories=[] content_digest=27e53037b59ed990b98c361eb9a227940449a351e0d3b0a1f142a61ce958e275 failure=None hits=[] surface=repository verdict=clean visibility=unknown writer=artifact_criteria_json
2026-09-12 14:07:08 [info     ] workspace_acquired             path=/var/folders/lv/b1m7q5dj1yd5gn9s9rknw43h0000gq/T/kodezart-a5d16001daf241a4a6550fd75c075763 workspace_id=a5d16001daf241a4a6550fd75c075763
2026-09-12 14:07:08 [info     ] stream_drained                 duration_api_ms=1 duration_ms=1 event_count=2 events={'system': 1, 'result': 1} has_structured_output=True is_error=False num_turns=1 rate_limit_rejected=False result_event_observed=True result_tail=None session_id=observed-session-6 site=commit_message stop_reason=None subtype=result total_cost_usd=None usage=None
2026-09-12 14:07:09 [info     ] outbound_content_gated         categories=[] content_digest=0e0e15b2d3728ed11890a1f4aa7fe1e4115a7ea069142cbd879971e625def336 failure=None hits=[] surface=repository verdict=clean visibility=unknown writer=commit_message
2026-09-12 14:07:16 [info     ] workspace_released             workspace_id=a5d16001daf241a4a6550fd75c075763
_______ test_the_appended_identity_can_block_the_entire_pr_write[False] ________

queue = <kodezart.adapters.asyncio_job_queue.AsyncioJobQueue object at 0x10ca389e0>
job_id = '0bc9cda8d33d431bb47f2004decfbf82'

    async def finish(queue: AsyncioJobQueue, job_id: str) -> list[AgentEvent]:
        async with asyncio.timeout(SETTLE_SECONDS):
>           return [event async for event in queue.attach(job_id=job_id)]
                   ^^^^^^^^^^^^^^^^^^^^^^^^^^^^^^^^^^^^^^^^^^^^^^^^^^^^^^

tests/integration/test_issue_key_carriage.py:188: 
_ _ _ _ _ _ _ _ _ _ _ _ _ _ _ _ _ _ _ _ _ _ _ _ _ _ _ _ _ _ _ _ _ _ _ _ _ _ _ _ 
src/kodezart/adapters/asyncio_job_queue.py:82: in stream
    item = await subscriber.get()
           ^^^^^^^^^^^^^^^^^^^^^^
_ _ _ _ _ _ _ _ _ _ _ _ _ _ _ _ _ _ _ _ _ _ _ _ _ _ _ _ _ _ _ _ _ _ _ _ _ _ _ _ 

self = <Queue at 0x10c8497c0 maxsize=0 tasks=9>

    async def get(self):
        """Remove and return an item from the queue.
    
        If queue is empty, wait until an item is available.
        """
        while self.empty():
            getter = self._get_loop().create_future()
            self._getters.append(getter)
            try:
>               await getter
E               asyncio.exceptions.CancelledError

/Users/kodezart/.local/share/uv/python/cpython-3.12.13-macos-aarch64-none/lib/python3.12/asyncio/queues.py:158: CancelledError

The above exception was the direct cause of the following exception:

stalled = False

    @pytest.mark.parametrize("stalled", [False, True])
    async def test_the_appended_identity_can_block_the_entire_pr_write(
        stalled: bool,
    ) -> None:
        gate = RecordingGate(block_identity=True)
        async with workflow_harness(gate, stalled=stalled) as harness:
            report = await harness.dispatcher.run_pass()
            assert report.job_id is not None
>           events = await finish(harness.queue, report.job_id)
                     ^^^^^^^^^^^^^^^^^^^^^^^^^^^^^^^^^^^^^^^^^^

tests/integration/test_issue_key_carriage.py:223: 
_ _ _ _ _ _ _ _ _ _ _ _ _ _ _ _ _ _ _ _ _ _ _ _ _ _ _ _ _ _ _ _ _ _ _ _ _ _ _ _ 
tests/integration/test_issue_key_carriage.py:187: in finish
    async with asyncio.timeout(SETTLE_SECONDS):
               ^^^^^^^^^^^^^^^^^^^^^^^^^^^^^^^
_ _ _ _ _ _ _ _ _ _ _ _ _ _ _ _ _ _ _ _ _ _ _ _ _ _ _ _ _ _ _ _ _ _ _ _ _ _ _ _ 

self = <Timeout [expired]>
exc_type = <class 'asyncio.exceptions.CancelledError'>
exc_val = CancelledError(), exc_tb = <traceback object at 0x10ca93800>

    async def __aexit__(
        self,
        exc_type: Optional[Type[BaseException]],
        exc_val: Optional[BaseException],
        exc_tb: Optional[TracebackType],
    ) -> Optional[bool]:
        assert self._state in (_State.ENTERED, _State.EXPIRING)
    
        if self._timeout_handler is not None:
            self._timeout_handler.cancel()
            self._timeout_handler = None
    
        if self._state is _State.EXPIRING:
            self._state = _State.EXPIRED
    
            if self._task.uncancel() <= self._cancelling and exc_type is exceptions.CancelledError:
                # Since there are no new cancel requests, we're
                # handling this.
>               raise TimeoutError from exc_val
E               TimeoutError

/Users/kodezart/.local/share/uv/python/cpython-3.12.13-macos-aarch64-none/lib/python3.12/asyncio/timeouts.py:115: TimeoutError
----------------------------- Captured stdout call -----------------------------
2026-09-12 14:10:37 [info     ] dispatch_ranked                order=['K-1'] tied=['K-1'] winner=K-1
2026-09-12 14:10:37 [info     ] fire_context_assembled         asset_keys=[] issue_key=K-1
2026-09-12 14:10:37 [info     ] job_submitted                  job_id=0bc9cda8d33d431bb47f2004decfbf82 lane=tracker queue_position=1
2026-09-12 14:10:37 [info     ] job_started                    job_id=0bc9cda8d33d431bb47f2004decfbf82 lane=tracker
2026-09-12 14:10:37 [info     ] dispatch_fire_enqueued         base_branch=trunk base_role=None issue_key=K-1 job_id=0bc9cda8d33d431bb47f2004decfbf82 outcome=fire_enqueued
2026-09-12 14:10:37 [info     ] forge_capabilities_selected    forge_less_origin=False repo_url=https://github.com/example/repository
2026-09-12 14:10:37 [info     ] repo_visibility_resolved       repo_url=https://github.com/example/repository.git visibility=unknown
2026-09-12 14:10:37 [info     ] scope_base_resolved            base_branch=trunk base_role=None input_count=0
2026-09-12 14:10:37 [debug    ] output_format_requested        format_type=json_schema
2026-09-12 14:10:37 [info     ] stream_drained                 duration_api_ms=1 duration_ms=1 event_count=1 events={'result': 1} has_structured_output=True is_error=False num_turns=1 rate_limit_rejected=False result_event_observed=True result_tail=None session_id=fake site=branch_name stop_reason=None subtype=result total_cost_usd=None usage=None
2026-09-12 14:10:37 [info     ] outbound_content_gated         categories=[] content_digest=23a116c5a2a543a9ec246e0f2e6a02ffad6700608ccf30ac8590785c69feebf6 failure=None hits=[] surface=publication verdict=clean visibility=unknown writer=branch_name
2026-09-12 14:10:37 [debug    ] output_format_requested        format_type=json_schema
2026-09-12 14:10:37 [info     ] stream_drained                 duration_api_ms=1 duration_ms=1 event_count=1 events={'result': 1} has_structured_output=True is_error=False num_turns=1 rate_limit_rejected=False result_event_observed=True result_tail=None session_id=fake site=acceptance_criteria stop_reason=None subtype=result total_cost_usd=None usage=None
2026-09-12 14:10:37 [debug    ] output_format_requested        format_type=json_schema
2026-09-12 14:10:37 [info     ] stream_drained                 duration_api_ms=1 duration_ms=1 event_count=1 events={'result': 1} has_structured_output=True is_error=False num_turns=1 rate_limit_rejected=False result_event_observed=True result_tail=None session_id=fake site=criteria_validation stop_reason=None subtype=result total_cost_usd=None usage=None
2026-09-12 14:10:37 [info     ] criteria_sweep_complete        bound_exhausted=False regeneration_round=0 regeneration_targets=[] satisfiable=True
2026-09-12 14:10:37 [debug    ] output_format_requested        format_type=json_schema
2026-09-12 14:10:37 [info     ] stream_drained                 duration_api_ms=1 duration_ms=1 event_count=1 events={'result': 1} has_structured_output=True is_error=False num_turns=1 rate_limit_rejected=False result_event_observed=True result_tail=None session_id=fake site=post_merge_review stop_reason=None subtype=result total_cost_usd=None usage=None
2026-09-12 14:10:37 [debug    ] output_format_requested        format_type=json_schema
2026-09-12 14:10:37 [info     ] stream_drained                 duration_api_ms=1 duration_ms=1 event_count=1 events={'result': 1} has_structured_output=True is_error=False num_turns=1 rate_limit_rejected=False result_event_observed=True result_tail=None session_id=fake site=pr_description stop_reason=None subtype=result total_cost_usd=None usage=None
2026-09-12 14:10:37 [info     ] outbound_content_gated         categories=[] content_digest=eb122d7b8735eaeed5d4d2e20e2197a7332385519bb8aea3e476efbbb03973b9 failure=None hits=[] surface=publication verdict=clean visibility=unknown writer=pr_title
2026-09-12 14:10:37 [info     ] outbound_content_gated         categories=['credentials'] content_digest=904cf76a2e63ad55e5afcce697184bb0da8536cb3dc9766422405e805158bd02 failure=None hits=[{'category': 'credentials', 'start': 22, 'end': 40, 'rationale': None}] surface=publication verdict=blocked visibility=unknown writer=pr_body
2026-09-12 14:10:48 [info     ] job_queue_stopped              abandoned=1 lanes=2 outcome=shutdown_abandoned
2026-09-12 14:10:37 [error    ] job_failed                     error='Outbound content blocked before write (writer: pr_body; categories: credentials)' error_kind=OutboundContentBlockedError job_id=0bc9cda8d33d431bb47f2004decfbf82 lane=tracker
╭───────────────────── [1mTraceback [0m[1;2m(most recent call last)[0m ──────────────────────╮
│ [2m/private/tmp/kodezart-v03-recovery-criterion-class/src/kodezart/adapters/[0m[1masy[0m │
│ [1mncio_job_queue.py[0m:292 in _run_job                                            │
│                                                                              │
│   [2m289 [0m[2m│   │   [0m                                                               │
│   [2m290 [0m[2m│   │   [0moutcome: WorkflowOutcome | None = None                         │
│   [2m291 [0m[2m│   │   [0mtry:                                                           │
│ ❱ 292 [2m│   │   │   [0masync for event in self._engine.run(                       │
│   [2m293 [0m[2m│   │   │   │   [0mprompt=request.prompt,                                 │
│   [2m294 [0m[2m│   │   │   │   [0missue_key=request.issue_key,                           │
│   [2m295 [0m[2m│   │   │   │   [0mrun_identity=(                                         │
│                                                                              │
│ ╭───────────────────────────────── locals ─────────────────────────────────╮ │
│ │   [3mevent[0m = [1mWorkflowReviewEvent[0m[1m([0m                                           │ │
│ │           [2m│   [0mtype='workflow_review',                                    │ │
│ │           [2m│   [0mpassed=[3mTrue[0m,                                               │ │
│ │           [2m│   [0mevaluation=[1mAcceptanceCriteriaOutput[0m[1m([0m                       │ │
│ │           [2m│   │   [0mcriteria_results=[1m[[0m                                     │ │
│ │           [2m│   │   │   [0m[1mCriterionResult[0m[1m([0m                                   │ │
│ │           [2m│   │   │   │   [0mcriterion_id='AC-1',                           │ │
│ │           [2m│   │   │   │   [0mcriterion='Tests pass',                        │ │
│ │           [2m│   │   │   │   [0mpassed=[3mTrue[0m,                                   │ │
│ │           [2m│   │   │   │   [0mreasoning='Fake passing review.'               │ │
│ │           [2m│   │   │   [0m[1m)[0m,                                                 │ │
│ │           [2m│   │   │   [0m[1mCriterionResult[0m[1m([0m                                   │ │
│ │           [2m│   │   │   │   [0mcriterion_id='AC-2',                           │ │
│ │           [2m│   │   │   │   [0mcriterion='No lint errors',                    │ │
│ │           [2m│   │   │   │   [0mpassed=[3mTrue[0m,                                   │ │
│ │           [2m│   │   │   │   [0mreasoning='Fake passing review.'               │ │
│ │           [2m│   │   │   [0m[1m)[0m                                                  │ │
│ │           [2m│   │   [0m[1m][0m,                                                     │ │
│ │           [2m│   │   [0msherlock_flags=[1m[[0m[1m][0m                                      │ │
│ │           [2m│   [0m[1m)[0m,                                                         │ │
│ │           [2m│   [0mfix_rounds_used=[1m0[0m,                                         │ │
│ │           [2m│   [0mfan_in=[3mNone[0m                                                │ │
│ │           [1m)[0m                                                              │ │
│ │     [3mexc[0m = [1mOutboundContentBlockedError[0m[1m([0m'Outbound content blocked before   │ │
│ │           write (writer: pr_body; categories: credentials)'[1m)[0m             │ │
│ │  [3mjob_id[0m = '0bc9cda8d33d431bb47f2004decfbf82'                             │ │
│ │    [3mlane[0m = 'tracker'                                                      │ │
│ │ [3moutcome[0m = [1m<[0m[1mWorkflowOutcome.engine_error:[0m 'engine_error'[1m>[0m                 │ │
│ │  [3mrecord[0m = [1mJobRecord[0m[1m([0m                                                     │ │
│ │           [2m│   [0mjob_id='0bc9cda8d33d431bb47f2004decfbf82',                 │ │
│ │           [2m│   [0mlane='tracker',                                            │ │
│ │           [2m│   [0mstate=[1m<[0m[1mJobState.QUEUED:[0m 'queued'[1m>[0m,                         │ │
│ │           [2m│   [0mqueue_position=[1m1[0m,                                          │ │
│ │           [2m│   [0msubmitted_at=[1mdatetime[0m[1m.datetime[0m[1m([0m[1m2026[0m, [1m9[0m, [1m12[0m, [1m12[0m, [1m10[0m, [1m37[0m,    │ │
│ │           [1m360840[0m, tzinfo=datetime.timezone.utc[1m)[0m,                         │ │
│ │           [2m│   [0moutcome=[3mNone[0m,                                              │ │
│ │           [2m│   [0mtruncated=[3mFalse[0m                                            │ │
│ │           [1m)[0m                                                              │ │
│ │ [3mrequest[0m = [1mWorkflowSubmission[0m[1m([0m                                            │ │
│ │           [2m│   [0mprompt='Tracker issue: K-1\n\nTracker issue:               │ │
│ │           DECOY-999\n\nImplement the described change.\n\n#'+[1m51[0m,         │ │
│ │           [2m│   [0missue_key='K-1',                                           │ │
│ │           [2m│   [0mrepo_path=[3mNone[0m,                                            │ │
│ │           [2m│   [0mrepo_url='https://github.com/example/repository',          │ │
│ │           [2m│   [0mbase_spec=[1mBaseSpec[0m[1m([0m                                        │ │
│ │           [2m│   │   [0minputs=[1m([0m[1m)[0m,                                             │ │
│ │           [2m│   │   [0mbase_branch='trunk',                                   │ │
│ │           [2m│   │   [0mbase_role=[3mNone[0m                                         │ │
│ │           [2m│   [0m[1m)[0m,                                                         │ │
│ │           [2m│   [0mimplied_base=[1mBaseSpec[0m[1m([0m                                     │ │
│ │           [2m│   │   [0minputs=[1m([0m[1m)[0m,                                             │ │
│ │           [2m│   │   [0mbase_branch='trunk',                                   │ │
│ │           [2m│   │   [0mbase_role=[3mNone[0m                                         │ │
│ │           [2m│   [0m[1m)[0m,                                                         │ │
│ │           [2m│   [0mscope=[3mNone[0m,                                                │ │
│ │           [2m│   [0mpermission_mode=[1m<[0m[1mPermissionMode.UNATTENDED:[0m 'unattended'>, │ │
│ │           [2m│   [0mallowed_tools=<ToolPreset.IMPLEMENTATION:                  │ │
│ │           'implementation'[1m>[0m                                              │ │
│ │           [1m)[0m                                                              │ │
│ │ [3mruntime[0m = [1m<[0m[1mkodezart.adapters.asyncio_job_queue._Lane[0m object at           │ │
│ │           [1m0x10c73f110[0m[1m>[0m                                                   │ │
│ │    [3mself[0m = [1m<[0m[1mkodezart.adapters.asyncio_job_queue.AsyncioJobQueue[0m object at │ │
│ │           [1m0x10ca389e0[0m[1m>[0m                                                   │ │
│ ╰──────────────────────────────────────────────────────────────────────────╯ │
│                                                                              │
│ [2m/private/tmp/kodezart-v03-recovery-criterion-class/src/kodezart/composition/[0m │
│ [1mengine.py[0m:119 in run                                                         │
│                                                                              │
│   [2m116 [0m[2m│   │   │   [0mrepo_url=repo_url,                                         │
│   [2m117 [0m[2m│   │   │   [0mforge_less_origin=arm is self._forge_less_arm,             │
│   [2m118 [0m[2m│   │   [0m)                                                              │
│ ❱ 119 [2m│   │   [0masync for event in [1;4marm.run([0m                                    │
│   [2m120 [0m[2m│   │   │   [0m[1;4mprompt=prompt,[0m                                             │
│   [2m121 [0m[2m│   │   │   [0m[1;4missue_key=issue_key,[0m                                       │
│   [2m122 [0m[2m│   │   │   [0m[1;4mrun_identity=run_identity,[0m                                 │
│                                                                              │
│ ╭───────────────────────────────── locals ─────────────────────────────────╮ │
│ │   [3mallowed_tools[0m = [1m<[0m[1mToolPreset.IMPLEMENTATION:[0m 'implementation'[1m>[0m          │ │
│ │             [3marm[0m = [1m<[0m[1mkodezart.chains.authored_delivery.AuthoredDeliveryCo…[0m │ │
│ │                   object at [1m0x10c80b650[0m[1m>[0m                                 │ │
│ │       [3mbase_spec[0m = [1mBaseSpec[0m[1m([0m                                              │ │
│ │                   [2m│   [0minputs=[1m([0m[1m)[0m,                                         │ │
│ │                   [2m│   [0mbase_branch='trunk',                               │ │
│ │                   [2m│   [0mbase_role=[3mNone[0m                                     │ │
│ │                   [1m)[0m                                                      │ │
│ │       [3mcache_key[0m = '0bc9cda8d33d431bb47f2004decfbf82'                     │ │
│ │           [3mevent[0m = [1mWorkflowReviewEvent[0m[1m([0m                                   │ │
│ │                   [2m│   [0mtype='workflow_review',                            │ │
│ │                   [2m│   [0mpassed=[3mTrue[0m,                                       │ │
│ │                   [2m│   [0mevaluation=[1mAcceptanceCriteriaOutput[0m[1m([0m               │ │
│ │                   [2m│   │   [0mcriteria_results=[1m[[0m                             │ │
│ │                   [2m│   │   │   [0m[1mCriterionResult[0m[1m([0m                           │ │
│ │                   [2m│   │   │   │   [0mcriterion_id='AC-1',                   │ │
│ │                   [2m│   │   │   │   [0mcriterion='Tests pass',                │ │
│ │                   [2m│   │   │   │   [0mpassed=[3mTrue[0m,                           │ │
│ │                   [2m│   │   │   │   [0mreasoning='Fake passing review.'       │ │
│ │                   [2m│   │   │   [0m[1m)[0m,                                         │ │
│ │                   [2m│   │   │   [0m[1mCriterionResult[0m[1m([0m                           │ │
│ │                   [2m│   │   │   │   [0mcriterion_id='AC-2',                   │ │
│ │                   [2m│   │   │   │   [0mcriterion='No lint errors',            │ │
│ │                   [2m│   │   │   │   [0mpassed=[3mTrue[0m,                           │ │
│ │                   [2m│   │   │   │   [0mreasoning='Fake passing review.'       │ │
│ │                   [2m│   │   │   [0m[1m)[0m                                          │ │
│ │                   [2m│   │   [0m[1m][0m,                                             │ │
│ │                   [2m│   │   [0msherlock_flags=[1m[[0m[1m][0m                              │ │
│ │                   [2m│   [0m[1m)[0m,                                                 │ │
│ │                   [2m│   [0mfix_rounds_used=[1m0[0m,                                 │ │
│ │                   [2m│   [0mfan_in=[3mNone[0m                                        │ │
│ │                   [1m)[0m                                                      │ │
│ │    [3mimplied_base[0m = [1mBaseSpec[0m[1m([0m                                              │ │
│ │                   [2m│   [0minputs=[1m([0m[1m)[0m,                                         │ │
│ │                   [2m│   [0mbase_branch='trunk',                               │ │
│ │                   [2m│   [0mbase_role=[3mNone[0m                                     │ │
│ │                   [1m)[0m                                                      │ │
│ │       [3missue_key[0m = 'K-1'                                                  │ │
│ │ [3mpermission_mode[0m = [1m<[0m[1mPermissionMode.UNATTENDED:[0m 'unattended'[1m>[0m              │ │
│ │          [3mprompt[0m = 'Tracker issue: K-1\n\nTracker issue:                  │ │
│ │                   DECOY-999\n\nImplement the described change.\n\n#'+[1m51[0m  │ │
│ │       [3mrepo_path[0m = [3mNone[0m                                                   │ │
│ │        [3mrepo_url[0m = 'https://github.com/example/repository'                │ │
│ │    [3mrun_identity[0m = [1mRunIdentity[0m[1m([0m                                           │ │
│ │                   [2m│   [0mkind=[1m<[0m[1mRunKind.FIRE:[0m 'fire'[1m>[0m,                       │ │
│ │                   [2m│   [0mname='K-1',                                        │ │
│ │                   [2m│   [0mstarted_at=[1mdatetime[0m[1m.datetime[0m[1m([0m[1m2026[0m, [1m9[0m, [1m12[0m, [1m12[0m, [1m10[0m,  │ │
│ │                   [1m37[0m, [1m360840[0m, tzinfo=datetime.timezone.utc[1m)[0m              │ │
│ │                   [1m)[0m                                                      │ │
│ │           [3mscope[0m = [3mNone[0m                                                   │ │
│ │            [3mself[0m = [1m<[0m[1mkodezart.composition.engine.OriginRoutedWorkflowEngi…[0m │ │
│ │                   object at [1m0x10c905be0[0m[1m>[0m                                 │ │
│ ╰──────────────────────────────────────────────────────────────────────────╯ │
│                                                                              │
│ [2m/private/tmp/kodezart-v03-recovery-criterion-class/src/kodezart/chains/[0m[1mautho[0m │
│ [1mred_delivery.py[0m:94 in run                                                    │
│                                                                              │
│   [2m 91 [0m[2m│   │   │   [0mci_run_absent=False,                                       │
│   [2m 92 [0m[2m│   │   [0m)                                                              │
│   [2m 93 [0m[2m│   │   [0mterminal: AuthoredWorkflowCompleteEvent | None = None          │
│ ❱  94 [2m│   │   [0masync for event in [1;4mself[0m[1;4m._delivery_compiled.astream([0m            │
│   [2m 95 [0m[2m│   │   │   [0m[1;4minitial_state,[0m                                             │
│   [2m 96 [0m[2m│   │   │   [0m[1;4mconfig=config,[0m                                             │
│   [2m 97 [0m[2m│   │   │   [0m[1;4mstream_mode=[0m[1;4m"[0m[1;4mcustom[0m[1;4m"[0m[1;4m,[0m                                      │
│                                                                              │
│ ╭───────────────────────────────── locals ─────────────────────────────────╮ │
│ │               [3m_[0m = [1m([0m'fire:93439b43-cd9b-b066-9afc-8fcfb8dcd579',[1m)[0m         │ │
│ │   [3mallowed_tools[0m = [1m<[0m[1mToolPreset.IMPLEMENTATION:[0m 'implementation'[1m>[0m          │ │
│ │       [3mbase_spec[0m = [1mBaseSpec[0m[1m([0m                                              │ │
│ │                   [2m│   [0minputs=[1m([0m[1m)[0m,                                         │ │
│ │                   [2m│   [0mbase_branch='trunk',                               │ │
│ │                   [2m│   [0mbase_role=[3mNone[0m                                     │ │
│ │                   [1m)[0m                                                      │ │
│ │       [3mcache_key[0m = '0bc9cda8d33d431bb47f2004decfbf82'                     │ │
│ │          [3mconfig[0m = [1m{[0m                                                      │ │
│ │                   [2m│   [0m'configurable': [1m{[0m                                  │ │
│ │                   [2m│   │   [0m'prompt': 'Tracker issue: K-1\n\nTracker       │ │
│ │                   issue: DECOY-999\n\nImplement the described            │ │
│ │                   change.\n\n#'+[1m51[0m,                                      │ │
│ │                   [2m│   │   [0m'repo_path': [3mNone[0m,                             │ │
│ │                   [2m│   │   [0m'repo_url':                                    │ │
│ │                   'https://github.com/example/repository.git',           │ │
│ │                   [2m│   │   [0m'cache_key':                                   │ │
│ │                   '0bc9cda8d33d431bb47f2004decfbf82',                    │ │
│ │                   [2m│   │   [0m'run_identity': [1m{[0m                              │ │
│ │                   [2m│   │   │   [0m'kind': [1m<[0m[1mRunKind.FIRE:[0m 'fire'>,            │ │
│ │                   [2m│   │   │   [0m'name': 'K-1',                             │ │
│ │                   [2m│   │   │   [0m'started_at': [1mdatetime.datetime[0m[1m([0m[1m2026[0m, [1m9[0m,   │ │
│ │                   [1m12[0m, [1m12[0m, [1m10[0m, [1m37[0m, [1m360840[0m, tzinfo=datetime.timezone.utc[1m)[0m  │ │
│ │                   [2m│   │   [0m[1m}[0m,                                             │ │
│ │                   [2m│   │   [0m'workspace_path': [3mNone[0m,                        │ │
│ │                   [2m│   │   [0m'base_spec': [1m{[0m                                 │ │
│ │                   [2m│   │   │   [0m'inputs': [1m([0m[1m)[0m,                              │ │
│ │                   [2m│   │   │   [0m'base_branch': 'trunk',                    │ │
│ │                   [2m│   │   │   [0m'base_role': [3mNone[0m                          │ │
│ │                   [2m│   │   [0m[1m}[0m,                                             │ │
│ │                   [2m│   │   [0m'permission_mode': <PermissionMode.UNATTENDED: │ │
│ │                   'unattended'>,                                         │ │
│ │                   [2m│   │   [0m'allowed_tools': <ToolPreset.IMPLEMENTATION:   │ │
│ │                   'implementation'[1m>[0m                                      │ │
│ │                   [2m│   [0m[1m}[0m                                                  │ │
│ │                   [1m}[0m                                                      │ │
│ │           [3mevent[0m = [1m([0m                                                      │ │
│ │                   [2m│   [0m[1m([0m'fire:93439b43-cd9b-b066-9afc-8fcfb8dcd579',[1m)[0m,    │ │
│ │                   [2m│   [0m[1mWorkflowCompleteEvent[0m[1m([0m                             │ │
│ │                   [2m│   │   [0mtype='workflow_complete',                      │ │
│ │                   [2m│   │   [0m                                               │ │
│ │                   feature_branch='kodezart/test-branch-82c5237e',        │ │
│ │                   [2m│   │   [0m                                               │ │
│ │                   ralph_branch='kodezart/test-branch-82c5237e-ralph-9f6… │ │
│ │                   [2m│   │   [0mtotal_iterations=[1m1[0m,                            │ │
│ │                   [2m│   │   [0maccepted=[3mTrue[0m,                                 │ │
│ │                   [2m│   │   [0m                                               │ │
│ │                   outcome=[1m<[0m[1mWorkflowOutcome.handed_off_for_delivery:[0m      │ │
│ │                   'handed_off_for_delivery'>,                            │ │
│ │                   [2m│   │   [0mmerged=[3mTrue[0m,                                   │ │
│ │                   [2m│   │   [0m                                               │ │
│ │                   final_commit_sha='mmmmmmmmmmmmmmmmmmmmmmmmmmmmmmmmmmm… │ │
│ │                   [2m│   │   [0mmerge_error=[3mNone[0m,                              │ │
│ │                   [2m│   │   [0mtrajectory=[1mLoopTrajectory[0m[1m([0m                     │ │
│ │                   [2m│   │   │   [0mrecords=[1m[[0m                                  │ │
│ │                   [2m│   │   │   │   [0m[1mIterationRecord[0m[1m([0m                       │ │
│ │                   [2m│   │   │   │   │   [0miteration=[1m1[0m,                       │ │
│ │                   [2m│   │   │   │   │   [0mpassed_count=[1m2[0m,                    │ │
│ │                   [2m│   │   │   │   │   [0mfailing_criterion_ids=[1m[[0m[1m][0m,          │ │
│ │                   [2m│   │   │   │   │   [0m                                   │ │
│ │                   commit_sha='aaaaaaaaaaaaaaaaaaaaaaaaaaaaaaaaaaaaaaaa'  │ │
│ │                   [2m│   │   │   │   [0m[1m)[0m                                      │ │
│ │                   [2m│   │   │   [0m[1m][0m,                                         │ │
│ │                   [2m│   │   │   [0mnever_passed_ids=[1m[[0m[1m][0m,                       │ │
│ │                   [2m│   │   │   [0mbest_passed_count=[1m2[0m,                       │ │
│ │                   [2m│   │   │   [0mbest_iteration=[1m1[0m,                          │ │
│ │                   [2m│   │   │   [0m                                           │ │
│ │                   best_commit_sha='aaaaaaaaaaaaaaaaaaaaaaaaaaaaaaaaaaaa… │ │
│ │                   [2m│   │   │   [0mplateaued=[3mFalse[0m                            │ │
│ │                   [2m│   │   [0m[1m)[0m,                                             │ │
│ │                   [2m│   │   [0mcriteria_validation=[1mCriteriaValidation[0m[1m([0m        │ │
│ │                   [2m│   │   │   [0mverdicts=[1m[[0m                                 │ │
│ │                   [2m│   │   │   │   [0m[1mCriterionFeasibility[0m[1m([0m                  │ │
│ │                   [2m│   │   │   │   │   [0mcriterion_id='AC-1',               │ │
│ │                   [2m│   │   │   │   │   [0m                                   │ │
│ │                   verdict=<CriterionVerdict.feasible: 'feasible'>,       │ │
│ │                   [2m│   │   │   │   │   [0mrefutation=[3mNone[0m,                   │ │
│ │                   [2m│   │   │   │   │   [0mmissing_resource=[3mNone[0m,             │ │
│ │                   [2m│   │   │   │   │   [0mcost_measurement=[3mNone[0m,             │ │
│ │                   [2m│   │   │   │   │   [0mflags=[1m[[0m[1m][0m,                          │ │
│ │                   [2m│   │   │   │   │   [0mforbidden_class=[3mNone[0m,              │ │
│ │                   [2m│   │   │   │   │   [0mundeclared_switch_arms=[1m[[0m[1m][0m          │ │
│ │                   [2m│   │   │   │   [0m[1m)[0m,                                     │ │
│ │                   [2m│   │   │   │   [0m[1mCriterionFeasibility[0m[1m([0m                  │ │
│ │                   [2m│   │   │   │   │   [0mcriterion_id='AC-2',               │ │
│ │                   [2m│   │   │   │   │   [0m                                   │ │
│ │                   verdict=<CriterionVerdict.feasible: 'feasible'[1m>[0m,       │ │
│ │                   [2m│   │   │   │   │   [0mrefutation=[3mNone[0m,                   │ │
│ │                   [2m│   │   │   │   │   [0mmissing_resource=[3mNone[0m,             │ │
│ │                   [2m│   │   │   │   │   [0mcost_measurement=[3mNone[0m,             │ │
│ │                   [2m│   │   │   │   │   [0mflags=[1m[[0m[1m][0m,                          │ │
│ │                   [2m│   │   │   │   │   [0mforbidden_class=[3mNone[0m,              │ │
│ │                   [2m│   │   │   │   │   [0mundeclared_switch_arms=[1m[[0m[1m][0m          │ │
│ │                   [2m│   │   │   │   [0m[1m)[0m                                      │ │
│ │                   [2m│   │   │   [0m[1m][0m,                                         │ │
│ │                   [2m│   │   │   [0mconjunction=[1mConjunctionVerdict[0m[1m([0m            │ │
│ │                   [2m│   │   │   │   [0msatisfiable=[3mTrue[0m,                      │ │
│ │                   [2m│   │   │   │   [0mcontradictions=[1m[[0m[1m][0m                      │ │
│ │                   [2m│   │   │   [0m[1m)[0m                                          │ │
│ │                   [2m│   │   [0m[1m)[0m                                              │ │
│ │                   [2m│   [0m[1m)[0m                                                  │ │
│ │                   [1m)[0m                                                      │ │
│ │      [3mfire_state[0m = [1m{[0m                                                      │ │
│ │                   [2m│   [0m'issue_key': 'K-1',                                │ │
│ │                   [2m│   [0m'feature_branch': '',                              │ │
│ │                   [2m│   [0m'ralph_branch': '',                                │ │
│ │                   [2m│   [0m'work_base_ref': 'trunk',                          │ │
│ │                   [2m│   [0m'ticket': [3mNone[0m,                                    │ │
│ │                   [2m│   [0m'acceptance_criteria': [1m[[0m[1m][0m,                         │ │
│ │                   [2m│   [0m'criteria_artifact': [3mNone[0m,                         │ │
│ │                   [2m│   [0m'criteria_validation': [3mNone[0m,                       │ │
│ │                   [2m│   [0m'criteria_regeneration_rounds': [1m0[0m,                 │ │
│ │                   [2m│   [0m'criteria_infeasible': [3mFalse[0m,                      │ │
│ │                   [2m│   [0m... +[1m17[0m                                            │ │
│ │                   [1m}[0m                                                      │ │
│ │    [3mimplied_base[0m = [1mBaseSpec[0m[1m([0m                                              │ │
│ │                   [2m│   [0minputs=[1m([0m[1m)[0m,                                         │ │
│ │                   [2m│   [0mbase_branch='trunk',                               │ │
│ │                   [2m│   [0mbase_role=[3mNone[0m                                     │ │
│ │                   [1m)[0m                                                      │ │
│ │   [3minitial_state[0m = [1m{[0m                                                      │ │
│ │                   [2m│   [0m'issue_key': 'K-1',                                │ │
│ │                   [2m│   [0m'feature_branch': '',                              │ │
│ │                   [2m│   [0m'ralph_branch': '',                                │ │
│ │                   [2m│   [0m'work_base_ref': 'trunk',                          │ │
│ │                   [2m│   [0m'ticket': [3mNone[0m,                                    │ │
│ │                   [2m│   [0m'acceptance_criteria': [1m[[0m[1m][0m,                         │ │
│ │                   [2m│   [0m'criteria_artifact': [3mNone[0m,                         │ │
│ │                   [2m│   [0m'criteria_validation': [3mNone[0m,                       │ │
│ │                   [2m│   [0m'criteria_regeneration_rounds': [1m0[0m,                 │ │
│ │                   [2m│   [0m'criteria_infeasible': [3mFalse[0m,                      │ │
│ │                   [2m│   [0m... +[1m23[0m                                            │ │
│ │                   [1m}[0m                                                      │ │
│ │       [3missue_key[0m = 'K-1'                                                  │ │
│ │         [3mpayload[0m = [1mWorkflowCompleteEvent[0m[1m([0m                                 │ │
│ │                   [2m│   [0mtype='workflow_complete',                          │ │
│ │                   [2m│   [0mfeature_branch='kodezart/test-branch-82c5237e',    │ │
│ │                   [2m│   [0m                                                   │ │
│ │                   ralph_branch='kodezart/test-branch-82c5237e-ralph-9f6… │ │
│ │                   [2m│   [0mtotal_iterations=[1m1[0m,                                │ │
│ │                   [2m│   [0maccepted=[3mTrue[0m,                                     │ │
│ │                   [2m│   [0moutcome=[1m<[0m[1mWorkflowOutcome.handed_off_for_delivery:[0m  │ │
│ │                   'handed_off_for_delivery'>,                            │ │
│ │                   [2m│   [0mmerged=[3mTrue[0m,                                       │ │
│ │                   [2m│   [0m                                                   │ │
│ │                   final_commit_sha='mmmmmmmmmmmmmmmmmmmmmmmmmmmmmmmmmmm… │ │
│ │                   [2m│   [0mmerge_error=[3mNone[0m,                                  │ │
│ │                   [2m│   [0mtrajectory=[1mLoopTrajectory[0m[1m([0m                         │ │
│ │                   [2m│   │   [0mrecords=[1m[[0m                                      │ │
│ │                   [2m│   │   │   [0m[1mIterationRecord[0m[1m([0m                           │ │
│ │                   [2m│   │   │   │   [0miteration=[1m1[0m,                           │ │
│ │                   [2m│   │   │   │   [0mpassed_count=[1m2[0m,                        │ │
│ │                   [2m│   │   │   │   [0mfailing_criterion_ids=[1m[[0m[1m][0m,              │ │
│ │                   [2m│   │   │   │   [0m                                       │ │
│ │                   commit_sha='aaaaaaaaaaaaaaaaaaaaaaaaaaaaaaaaaaaaaaaa'  │ │
│ │                   [2m│   │   │   [0m[1m)[0m                                          │ │
│ │                   [2m│   │   [0m[1m][0m,                                             │ │
│ │                   [2m│   │   [0mnever_passed_ids=[1m[[0m[1m][0m,                           │ │
│ │                   [2m│   │   [0mbest_passed_count=[1m2[0m,                           │ │
│ │                   [2m│   │   [0mbest_iteration=[1m1[0m,                              │ │
│ │                   [2m│   │   [0m                                               │ │
│ │                   best_commit_sha='aaaaaaaaaaaaaaaaaaaaaaaaaaaaaaaaaaaa… │ │
│ │                   [2m│   │   [0mplateaued=[3mFalse[0m                                │ │
│ │                   [2m│   [0m[1m)[0m,                                                 │ │
│ │                   [2m│   [0mcriteria_validation=[1mCriteriaValidation[0m[1m([0m            │ │
│ │                   [2m│   │   [0mverdicts=[1m[[0m                                     │ │
│ │                   [2m│   │   │   [0m[1mCriterionFeasibility[0m[1m([0m                      │ │
│ │                   [2m│   │   │   │   [0mcriterion_id='AC-1',                   │ │
│ │                   [2m│   │   │   │   [0mverdict=<CriterionVerdict.feasible:    │ │
│ │                   'feasible'>,                                           │ │
│ │                   [2m│   │   │   │   [0mrefutation=[3mNone[0m,                       │ │
│ │                   [2m│   │   │   │   [0mmissing_resource=[3mNone[0m,                 │ │
│ │                   [2m│   │   │   │   [0mcost_measurement=[3mNone[0m,                 │ │
│ │                   [2m│   │   │   │   [0mflags=[1m[[0m[1m][0m,                              │ │
│ │                   [2m│   │   │   │   [0mforbidden_class=[3mNone[0m,                  │ │
│ │                   [2m│   │   │   │   [0mundeclared_switch_arms=[1m[[0m[1m][0m              │ │
│ │                   [2m│   │   │   [0m[1m)[0m,                                         │ │
│ │                   [2m│   │   │   [0m[1mCriterionFeasibility[0m[1m([0m                      │ │
│ │                   [2m│   │   │   │   [0mcriterion_id='AC-2',                   │ │
│ │                   [2m│   │   │   │   [0mverdict=<CriterionVerdict.feasible:    │ │
│ │                   'feasible'[1m>[0m,                                           │ │
│ │                   [2m│   │   │   │   [0mrefutation=[3mNone[0m,                       │ │
│ │                   [2m│   │   │   │   [0mmissing_resource=[3mNone[0m,                 │ │
│ │                   [2m│   │   │   │   [0mcost_measurement=[3mNone[0m,                 │ │
│ │                   [2m│   │   │   │   [0mflags=[1m[[0m[1m][0m,                              │ │
│ │                   [2m│   │   │   │   [0mforbidden_class=[3mNone[0m,                  │ │
│ │                   [2m│   │   │   │   [0mundeclared_switch_arms=[1m[[0m[1m][0m              │ │
│ │                   [2m│   │   │   [0m[1m)[0m                                          │ │
│ │                   [2m│   │   [0m[1m][0m,                                             │ │
│ │                   [2m│   │   [0mconjunction=[1mConjunctionVerdict[0m[1m([0m                │ │
│ │                   [2m│   │   │   [0msatisfiable=[3mTrue[0m,                          │ │
│ │                   [2m│   │   │   [0mcontradictions=[1m[[0m[1m][0m                          │ │
│ │                   [2m│   │   [0m[1m)[0m                                              │ │
│ │                   [2m│   [0m[1m)[0m                                                  │ │
│ │                   [1m)[0m                                                      │ │
│ │ [3mpermission_mode[0m = [1m<[0m[1mPermissionMode.UNATTENDED:[0m 'unattended'[1m>[0m              │ │
│ │          [3mprompt[0m = 'Tracker issue: K-1\n\nTracker issue:                  │ │
│ │                   DECOY-999\n\nImplement the described change.\n\n#'+[1m51[0m  │ │
│ │       [3mrepo_path[0m = [3mNone[0m                                                   │ │
│ │        [3mrepo_url[0m = 'https://github.com/example/repository'                │ │
│ │    [3mrun_identity[0m = [1mRunIdentity[0m[1m([0m                                           │ │
│ │                   [2m│   [0mkind=[1m<[0m[1mRunKind.FIRE:[0m 'fire'[1m>[0m,                       │ │
│ │                   [2m│   [0mname='K-1',                                        │ │
│ │                   [2m│   [0mstarted_at=[1mdatetime[0m[1m.datetime[0m[1m([0m[1m2026[0m, [1m9[0m, [1m12[0m, [1m12[0m, [1m10[0m,  │ │
│ │                   [1m37[0m, [1m360840[0m, tzinfo=datetime.timezone.utc[1m)[0m              │ │
│ │                   [1m)[0m                                                      │ │
│ │           [3mscope[0m = [3mNone[0m                                                   │ │
│ │            [3mself[0m = [1m<[0m[1mkodezart.chains.authored_delivery.AuthoredDeliveryCo…[0m │ │
│ │                   object at [1m0x10c80b650[0m[1m>[0m                                 │ │
│ │        [3mterminal[0m = [3mNone[0m                                                   │ │
│ ╰──────────────────────────────────────────────────────────────────────────╯ │
│                                                                              │
│ [2m/private/tmp/kodezart-v03-recovery-criterion-class/.venv/lib/python3.12/site[0m │
│ [2m-packages/langgraph/pregel/[0m[1mmain.py[0m:2997 in astream                           │
│                                                                              │
│   [2m2994 [0m[2m│   │   │   │   │   [0mwhile loop.tick():                                │
│   [2m2995 [0m[2m│   │   │   │   │   │   [0mfor task in await loop.amatch_cached_writes() │
│   [2m2996 [0m[2m│   │   │   │   │   │   │   [0mloop.output_writes(task.id, task.writes,  │
│ ❱ 2997 [2m│   │   │   │   │   │   [0masync for _ in runner.atick(                  │
│   [2m2998 [0m[2m│   │   │   │   │   │   │   [0m[t for t in loop.tasks.values() if not t. │
│   [2m2999 [0m[2m│   │   │   │   │   │   │   [0mtimeout=self.step_timeout,                │
│   [2m3000 [0m[2m│   │   │   │   │   │   │   [0mget_waiter=get_waiter,                    │
│                                                                              │
│ ╭───────────────────────────────── locals ─────────────────────────────────╮ │
│ │                 [3m_[0m = [3mNone[0m                                                 │ │
│ │           [3maioloop[0m = [1m<[0m[1m_UnixSelectorEventLoop[0m running=[3mTrue[0m closed=[3mFalse[0m    │ │
│ │                     debug=[3mFalse[0m[1m>[0m                                         │ │
│ │             [3mcache[0m = [3mNone[0m                                                 │ │
│ │  [3mcallback_manager[0m = [1m<[0m[1mlangchain_core.callbacks.manager.AsyncCallbackMana…[0m │ │
│ │                     object at [1m0x10ca3af60[0m[1m>[0m                               │ │
│ │ [3mcheckpoint_during[0m = [3mNone[0m                                                 │ │
│ │      [3mcheckpointer[0m = [3mNone[0m                                                 │ │
│ │            [3mconfig[0m = [1m{[0m                                                    │ │
│ │                     [2m│   [0m'tags': [1m[[0m[1m][0m,                                      │ │
│ │                     [2m│   [0m'metadata': [1mChainMap[0m[1m([0m[1m{[0m'prompt': 'Tracker issue:  │ │
│ │                     K-1\n\nTracker issue: DECOY-999\n\nImplement the     │ │
│ │                     described change.\n\n## Fetched assets\n\nThis       │ │
│ │                     ticket references no assets.', 'repo_url':           │ │
│ │                     'https://github.com/example/repository.git',         │ │
│ │                     'permission_mode': [1m<[0m[1mPermissionMode.UNATTENDED:[0m       │ │
│ │                     'unattended'>, 'allowed_tools':                      │ │
│ │                     <ToolPreset.IMPLEMENTATION: 'implementation'>[1m}[0m[1m)[0m,     │ │
│ │                     [2m│   [0m'callbacks': [3mNone[0m,                               │ │
│ │                     [2m│   [0m'recursion_limit': [1m10000[0m,                        │ │
│ │                     [2m│   [0m'configurable': [1m{[0m                                │ │
│ │                     [2m│   │   [0m'prompt': 'Tracker issue: K-1\n\nTracker     │ │
│ │                     issue: DECOY-999\n\nImplement the described          │ │
│ │                     change.\n\n#'+[1m51[0m,                                    │ │
│ │                     [2m│   │   [0m'repo_path': [3mNone[0m,                           │ │
│ │                     [2m│   │   [0m'repo_url':                                  │ │
│ │                     'https://github.com/example/repository.git',         │ │
│ │                     [2m│   │   [0m'cache_key':                                 │ │
│ │                     '0bc9cda8d33d431bb47f2004decfbf82',                  │ │
│ │                     [2m│   │   [0m'run_identity': [1m{[0m                            │ │
│ │                     [2m│   │   │   [0m'kind': <RunKind.FIRE: 'fire'>,          │ │
│ │                     [2m│   │   │   [0m'name': 'K-1',                           │ │
│ │                     [2m│   │   │   [0m'started_at': [1mdatetime.datetime[0m[1m([0m[1m2026[0m, [1m9[0m, │ │
│ │                     [1m12[0m, [1m12[0m, [1m10[0m, [1m37[0m, [1m360840[0m,                              │ │
│ │                     tzinfo=datetime.timezone.utc[1m)[0m                        │ │
│ │                     [2m│   │   [0m[1m}[0m,                                           │ │
│ │                     [2m│   │   [0m'workspace_path': [3mNone[0m,                      │ │
│ │                     [2m│   │   [0m'base_spec': [1m{[0m                               │ │
│ │                     [2m│   │   │   [0m'inputs': [1m([0m[1m)[0m,                            │ │
│ │                     [2m│   │   │   [0m'base_branch': 'trunk',                  │ │
│ │                     [2m│   │   │   [0m'base_role': [3mNone[0m                        │ │
│ │                     [2m│   │   [0m[1m}[0m,                                           │ │
│ │                     [2m│   │   [0m'permission_mode':                           │ │
│ │                     <PermissionMode.UNATTENDED: 'unattended'>,           │ │
│ │                     [2m│   │   [0m'allowed_tools': <ToolPreset.IMPLEMENTATION: │ │
│ │                     'implementation'>,                                   │ │
│ │                     [2m│   │   [0m'__pregel_runtime': [1mRuntime[0m[1m([0m                 │ │
│ │                     [2m│   │   │   [0mcontext=[3mNone[0m,                            │ │
│ │                     [2m│   │   │   [0mstore=[3mNone[0m,                              │ │
│ │                     [2m│   │   │   [0mstream_writer=<function                  │ │
│ │                     Pregel.astream.<locals>.stream_writer at             │ │
│ │                     [1m0x10c941620[0m[1m>[0m,                                        │ │
│ │                     [2m│   │   │   [0mprevious=[3mNone[0m                            │ │
│ │                     [2m│   │   [0m[1m)[0m                                            │ │
│ │                     [2m│   [0m[1m}[0m                                                │ │
│ │                     [1m}[0m                                                    │ │
│ │           [3mcontext[0m = [3mNone[0m                                                 │ │
│ │             [3mdebug[0m = [3mNone[0m                                                 │ │
│ │         [3mdo_stream[0m = [3mFalse[0m                                                │ │
│ │        [3mdurability[0m = [3mNone[0m                                                 │ │
│ │       [3mdurability_[0m = 'async'                                              │ │
│ │             [3minput[0m = [1m{[0m                                                    │ │
│ │                     [2m│   [0m'issue_key': 'K-1',                              │ │
│ │                     [2m│   [0m'feature_branch': '',                            │ │
│ │                     [2m│   [0m'ralph_branch': '',                              │ │
│ │                     [2m│   [0m'work_base_ref': 'trunk',                        │ │
│ │                     [2m│   [0m'ticket': [3mNone[0m,                                  │ │
│ │                     [2m│   [0m'acceptance_criteria': [1m[[0m[1m][0m,                       │ │
│ │                     [2m│   [0m'criteria_artifact': [3mNone[0m,                       │ │
│ │                     [2m│   [0m'criteria_validation': [3mNone[0m,                     │ │
│ │                     [2m│   [0m'criteria_regeneration_rounds': [1m0[0m,               │ │
│ │                     [2m│   [0m'criteria_infeasible': [3mFalse[0m,                    │ │
│ │                     [2m│   [0m... +[1m23[0m                                          │ │
│ │                     [1m}[0m                                                    │ │
│ │   [3minterrupt_after[0m = [3mNone[0m                                                 │ │
│ │  [3minterrupt_after_[0m = [1m[[0m[1m][0m                                                   │ │
│ │  [3minterrupt_before[0m = [3mNone[0m                                                 │ │
│ │ [3minterrupt_before_[0m = [1m[[0m[1m][0m                                                   │ │
│ │            [3mkwargs[0m = [1m{[0m[1m}[0m                                                   │ │
│ │              [3mloop[0m = [1m<[0m[1mlanggraph.pregel._loop.AsyncPregelLoop[0m object at    │ │
│ │                     [1m0x10ca3a270[0m[1m>[0m                                         │ │
│ │                 [3mo[0m = [1m([0m                                                    │ │
│ │                     [2m│   [0m[1m([0m'fire:93439b43-cd9b-b066-9afc-8fcfb8dcd579',[1m)[0m,  │ │
│ │                     [2m│   [0m[1mWorkflowCompleteEvent[0m[1m([0m                           │ │
│ │                     [2m│   │   [0mtype='workflow_complete',                    │ │
│ │                     [2m│   │   [0m                                             │ │
│ │                     feature_branch='kodezart/test-branch-82c5237e',      │ │
│ │                     [2m│   │   [0m                                             │ │
│ │                     ralph_branch='kodezart/test-branch-82c5237e-ralph-9… │ │
│ │                     [2m│   │   [0mtotal_iterations=[1m1[0m,                          │ │
│ │                     [2m│   │   [0maccepted=[3mTrue[0m,                               │ │
│ │                     [2m│   │   [0m                                             │ │
│ │                     outcome=[1m<[0m[1mWorkflowOutcome.handed_off_for_delivery:[0m    │ │
│ │                     'handed_off_for_delivery'>,                          │ │
│ │                     [2m│   │   [0mmerged=[3mTrue[0m,                                 │ │
│ │                     [2m│   │   [0m                                             │ │
│ │                     final_commit_sha='mmmmmmmmmmmmmmmmmmmmmmmmmmmmmmmmm… │ │
│ │                     [2m│   │   [0mmerge_error=[3mNone[0m,                            │ │
│ │                     [2m│   │   [0mtrajectory=[1mLoopTrajectory[0m[1m([0m                   │ │
│ │                     [2m│   │   │   [0mrecords=[1m[[0m                                │ │
│ │                     [2m│   │   │   │   [0m[1mIterationRecord[0m[1m([0m                     │ │
│ │                     [2m│   │   │   │   │   [0miteration=[1m1[0m,                     │ │
│ │                     [2m│   │   │   │   │   [0mpassed_count=[1m2[0m,                  │ │
│ │                     [2m│   │   │   │   │   [0mfailing_criterion_ids=[1m[[0m[1m][0m,        │ │
│ │                     [2m│   │   │   │   │   [0m                                 │ │
│ │                     commit_sha='aaaaaaaaaaaaaaaaaaaaaaaaaaaaaaaaaaaaaaa… │ │
│ │                     [2m│   │   │   │   [0m[1m)[0m                                    │ │
│ │                     [2m│   │   │   [0m[1m][0m,                                       │ │
│ │                     [2m│   │   │   [0mnever_passed_ids=[1m[[0m[1m][0m,                     │ │
│ │                     [2m│   │   │   [0mbest_passed_count=[1m2[0m,                     │ │
│ │                     [2m│   │   │   [0mbest_iteration=[1m1[0m,                        │ │
│ │                     [2m│   │   │   [0m                                         │ │
│ │                     best_commit_sha='aaaaaaaaaaaaaaaaaaaaaaaaaaaaaaaaaa… │ │
│ │                     [2m│   │   │   [0mplateaued=[3mFalse[0m                          │ │
│ │                     [2m│   │   [0m[1m)[0m,                                           │ │
│ │                     [2m│   │   [0mcriteria_validation=[1mCriteriaValidation[0m[1m([0m      │ │
│ │                     [2m│   │   │   [0mverdicts=[1m[[0m                               │ │
│ │                     [2m│   │   │   │   [0m[1mCriterionFeasibility[0m[1m([0m                │ │
│ │                     [2m│   │   │   │   │   [0mcriterion_id='AC-1',             │ │
│ │                     [2m│   │   │   │   │   [0m                                 │ │
│ │                     verdict=<CriterionVerdict.feasible: 'feasible'>,     │ │
│ │                     [2m│   │   │   │   │   [0mrefutation=[3mNone[0m,                 │ │
│ │                     [2m│   │   │   │   │   [0mmissing_resource=[3mNone[0m,           │ │
│ │                     [2m│   │   │   │   │   [0mcost_measurement=[3mNone[0m,           │ │
│ │                     [2m│   │   │   │   │   [0mflags=[1m[[0m[1m][0m,                        │ │
│ │                     [2m│   │   │   │   │   [0mforbidden_class=[3mNone[0m,            │ │
│ │                     [2m│   │   │   │   │   [0mundeclared_switch_arms=[1m[[0m[1m][0m        │ │
│ │                     [2m│   │   │   │   [0m[1m)[0m,                                   │ │
│ │                     [2m│   │   │   │   [0m[1mCriterionFeasibility[0m[1m([0m                │ │
│ │                     [2m│   │   │   │   │   [0mcriterion_id='AC-2',             │ │
│ │                     [2m│   │   │   │   │   [0m                                 │ │
│ │                     verdict=<CriterionVerdict.feasible: 'feasible'[1m>[0m,     │ │
│ │                     [2m│   │   │   │   │   [0mrefutation=[3mNone[0m,                 │ │
│ │                     [2m│   │   │   │   │   [0mmissing_resource=[3mNone[0m,           │ │
│ │                     [2m│   │   │   │   │   [0mcost_measurement=[3mNone[0m,           │ │
│ │                     [2m│   │   │   │   │   [0mflags=[1m[[0m[1m][0m,                        │ │
│ │                     [2m│   │   │   │   │   [0mforbidden_class=[3mNone[0m,            │ │
│ │                     [2m│   │   │   │   │   [0mundeclared_switch_arms=[1m[[0m[1m][0m        │ │
│ │                     [2m│   │   │   │   [0m[1m)[0m                                    │ │
│ │                     [2m│   │   │   [0m[1m][0m,                                       │ │
│ │                     [2m│   │   │   [0mconjunction=[1mConjunctionVerdict[0m[1m([0m          │ │
│ │                     [2m│   │   │   │   [0msatisfiable=[3mTrue[0m,                    │ │
│ │                     [2m│   │   │   │   [0mcontradictions=[1m[[0m[1m][0m                    │ │
│ │                     [2m│   │   │   [0m[1m)[0m                                        │ │
│ │                     [2m│   │   [0m[1m)[0m                                            │ │
│ │                     [2m│   [0m[1m)[0m                                                │ │
│ │                     [1m)[0m                                                    │ │
│ │       [3moutput_keys[0m = [1m[[0m                                                    │ │
│ │                     [2m│   [0m'issue_key',                                     │ │
│ │                     [2m│   [0m'feature_branch',                                │ │
│ │                     [2m│   [0m'ralph_branch',                                  │ │
│ │                     [2m│   [0m'work_base_ref',                                 │ │
│ │                     [2m│   [0m'ticket',                                        │ │
│ │                     [2m│   [0m'acceptance_criteria',                           │ │
│ │                     [2m│   [0m'criteria_artifact',                             │ │
│ │                     [2m│   [0m'criteria_validation',                           │ │
│ │                     [2m│   [0m'criteria_regeneration_rounds',                  │ │
│ │                     [2m│   [0m'criteria_infeasible',                           │ │
│ │                     [2m│   [0m... +[1m23[0m                                          │ │
│ │                     [1m][0m                                                    │ │
│ │    [3mparent_runtime[0m = [1mRuntime[0m[1m([0m                                             │ │
│ │                     [2m│   [0mcontext=[3mNone[0m,                                    │ │
│ │                     [2m│   [0mstore=[3mNone[0m,                                      │ │
│ │                     [2m│   [0mstream_writer=[1m<[0m[1mfunction[0m _no_op_stream_writer at  │ │
│ │                     [1m0x10beb2840[0m[1m>[0m,                                        │ │
│ │                     [2m│   [0mprevious=[3mNone[0m                                    │ │
│ │                     [1m)[0m                                                    │ │
│ │        [3mprint_mode[0m = [1m([0m[1m)[0m                                                   │ │
│ │       [3mrun_manager[0m = [1m<[0m[1mlangchain_core.callbacks.manager.AsyncCallbackMana…[0m │ │
│ │                     object at [1m0x10ca3a000[0m[1m>[0m                               │ │
│ │            [3mrunner[0m = [1m<[0m[1mlanggraph.pregel._runner.PregelRunner[0m object at     │ │
│ │                     [1m0x10ca38050[0m[1m>[0m                                         │ │
│ │           [3mruntime[0m = [1mRuntime[0m[1m([0m                                             │ │
│ │                     [2m│   [0mcontext=[3mNone[0m,                                    │ │
│ │                     [2m│   [0mstore=[3mNone[0m,                                      │ │
│ │                     [2m│   [0mstream_writer=[1m<[0m[1mfunction[0m                          │ │
│ │                     Pregel.astream.<locals>.stream_writer at             │ │
│ │                     [1m0x10c941620[0m[1m>[0m,                                        │ │
│ │                     [2m│   [0mprevious=[3mNone[0m                                    │ │
│ │                     [1m)[0m                                                    │ │
│ │              [3mself[0m = [1m<[0m[1mlanggraph.graph.state.CompiledStateGraph[0m object at  │ │
│ │                     [1m0x10c809ee0[0m[1m>[0m                                         │ │
│ │             [3mstore[0m = [3mNone[0m                                                 │ │
│ │            [3mstream[0m = [1m<[0m[1mAsyncQueue[0m at [1m0x10ca38ad0[0m maxsize=[1m0[0m tasks=[1m10[0m[1m>[0m       │ │
│ │       [3mstream_mode[0m = 'custom'                                             │ │
│ │      [3mstream_modes[0m = [1m{[0m'custom'[1m}[0m                                           │ │
│ │        [3mstream_put[0m = [1mfunctools.partial[0m[1m([0m[1m<[0m[1mbound[0m method                      │ │
│ │                     BaseEventLoop.call_soon_threadsafe of                │ │
│ │                     <_UnixSelectorEventLoop running=[3mTrue[0m closed=[3mFalse[0m    │ │
│ │                     debug=[3mFalse[0m>>, <bound method Queue.put_nowait of     │ │
│ │                     <AsyncQueue at [1m0x10ca38ad0[0m maxsize=[1m0[0m tasks=[1m10[0m>[1m>[0m[1m)[0m     │ │
│ │         [3msubgraphs[0m = [3mTrue[0m                                                 │ │
│ │            [3mwaiter[0m = [3mNone[0m                                                 │ │
│ ╰──────────────────────────────────────────────────────────────────────────╯ │
│                                                                              │
│ [2m/private/tmp/kodezart-v03-recovery-criterion-class/.venv/lib/python3.12/site[0m │
│ [2m-packages/langgraph/pregel/[0m[1m_runner.py[0m:410 in atick                           │
│                                                                              │
│   [2m407 [0m[2m│   │   │   [0mfut.cancel()                                               │
│   [2m408 [0m[2m│   │   [0m[2m# panic on failure or timeout[0m                                  │
│   [2m409 [0m[2m│   │   [0mtry:                                                           │
│ ❱ 410 [2m│   │   │   [0m_panic_or_proceed(                                         │
│   [2m411 [0m[2m│   │   │   │   [0mfutures.done.union(f for f, t in futures.items() if t  │
│   [2m412 [0m[2m│   │   │   │   [0mtimeout_exc_cls=asyncio.TimeoutError,                  │
│   [2m413 [0m[2m│   │   │   │   [0mpanic=reraise,                                         │
│                                                                              │
│ ╭───────────────────────────────── locals ─────────────────────────────────╮ │
│ │          [3mdone[0m = [1m{[0m                                                        │ │
│ │                 [2m│   [0m[1m<[0m[1mTask[0m finished name='open_pr'                        │ │
│ │                 coro=<[1marun_with_retry[0m[1m([0m[1m)[0m done, defined at                 │ │
│ │                 /private/tmp/kodezart-v03-recovery-criterion-class/.ven… │ │
│ │                 exception=[1mOutboundContentBlockedError[0m[1m([0m'Outbound content  │ │
│ │                 blocked before write (writer: pr_body; categories:       │ │
│ │                 credentials)'[1m)[0m[1m>[0m                                          │ │
│ │                 [1m}[0m                                                        │ │
│ │      [3mend_time[0m = [3mNone[0m                                                     │ │
│ │           [3mfut[0m = [1m<[0m[1mTask[0m cancelled name='Task-10458'                        │ │
│ │                 coro=<[1mAsyncQueue.wait[0m[1m([0m[1m)[0m done, defined at                 │ │
│ │                 /private/tmp/kodezart-v03-recovery-criterion-class/.ven… │ │
│ │       [3mfutures[0m = [1m{[0m                                                        │ │
│ │                 [2m│   [0m[1m<[0m[1mTask[0m cancelled name='Task-10458'                    │ │
│ │                 coro=<[1mAsyncQueue.wait[0m[1m([0m[1m)[0m done, defined at                 │ │
│ │                 /private/tmp/kodezart-v03-recovery-criterion-class/.ven… │ │
│ │                 [3mNone[0m                                                     │ │
│ │                 [1m}[0m                                                        │ │
│ │      [3minflight[0m = [1m{[0m                                                        │ │
│ │                 [2m│   [0m[1m<[0m[1mTask[0m cancelled name='Task-10458'                    │ │
│ │                 coro=<[1mAsyncQueue.wait[0m[1m([0m[1m)[0m done, defined at                 │ │
│ │                 /private/tmp/kodezart-v03-recovery-criterion-class/.ven… │ │
│ │                 [1m}[0m                                                        │ │
│ │          [3mloop[0m = [1m<[0m[1m_UnixSelectorEventLoop[0m running=[3mTrue[0m closed=[3mFalse[0m        │ │
│ │                 debug=[3mFalse[0m[1m>[0m                                             │ │
│ │       [3mreraise[0m = [3mTrue[0m                                                     │ │
│ │  [3mretry_policy[0m = [3mNone[0m                                                     │ │
│ │ [3mschedule_task[0m = [1m<[0m[1mbound[0m method AsyncPregelLoop.aaccept_push of            │ │
│ │                 <langgraph.pregel._loop.AsyncPregelLoop object at        │ │
│ │                 [1m0x10ca3a270[0m>[1m>[0m                                            │ │
│ │          [3mself[0m = [1m<[0m[1mlanggraph.pregel._runner.PregelRunner[0m object at         │ │
│ │                 [1m0x10ca38050[0m[1m>[0m                                             │ │
│ │             [3mt[0m = [1mPregelExecutableTask[0m[1m([0m                                    │ │
│ │                 [2m│   [0mname='open_pr',                                      │ │
│ │                 [2m│   [0minput=[1m{[0m                                              │ │
│ │                 [2m│   │   [0m'issue_key': 'K-1',                              │ │
│ │                 [2m│   │   [0m'feature_branch':                                │ │
│ │                 'kodezart/test-branch-82c5237e',                         │ │
│ │                 [2m│   │   [0m'ralph_branch':                                  │ │
│ │                 'kodezart/test-branch-82c5237e-ralph-9f6109ec',          │ │
│ │                 [2m│   │   [0m'work_base_ref':                                 │ │
│ │                 'kodezart/test-branch-82c5237e',                         │ │
│ │                 [2m│   │   [0m'ticket': [1mTicketDraftOutput[0m[1m([0m                     │ │
│ │                 [2m│   │   │   [0mtitle='Test ticket',                         │ │
│ │                 [2m│   │   │   [0msummary='Test summary',                      │ │
│ │                 [2m│   │   │   [0mcontext='Test context',                      │ │
│ │                 [2m│   │   │   [0mreferences=[1m[[0m[1m][0m,                               │ │
│ │                 [2m│   │   │   [0mrequired_changes=[1m[[0m                           │ │
│ │                 [2m│   │   │   │   [0m[1mFileChange[0m[1m([0m                              │ │
│ │                 [2m│   │   │   │   │   [0mfile_path='test.py',                 │ │
│ │                 [2m│   │   │   │   │   [0mchange_type='modify',                │ │
│ │                 [2m│   │   │   │   │   [0mdescription='test change',           │ │
│ │                 [2m│   │   │   │   │   [0mrationale='test rationale'           │ │
│ │                 [2m│   │   │   │   [0m[1m)[0m                                        │ │
│ │                 [2m│   │   │   [0m[1m][0m,                                           │ │
│ │                 [2m│   │   │   [0mout_of_scope=[1m[[0m[1m][0m,                             │ │
│ │                 [2m│   │   │   [0mopen_questions=[1m[[0m[1m][0m,                           │ │
│ │                 [2m│   │   │   [0msherlock_flags=[1m[[0m[1m][0m                            │ │
│ │                 [2m│   │   [0m[1m)[0m,                                               │ │
│ │                 [2m│   │   [0m'acceptance_criteria': [1m[[0m                         │ │
│ │                 [2m│   │   │   [0m[1mGeneratedCriterion[0m[1m([0m                          │ │
│ │                 [2m│   │   │   │   [0mid='AC-1',                               │ │
│ │                 [2m│   │   │   │   [0mtext='Tests pass'                        │ │
│ │                 [2m│   │   │   [0m[1m)[0m,                                           │ │
│ │                 [2m│   │   │   [0m[1mGeneratedCriterion[0m[1m([0m                          │ │
│ │                 [2m│   │   │   │   [0mid='AC-2',                               │ │
│ │                 [2m│   │   │   │   [0mtext='No lint errors'                    │ │
│ │                 [2m│   │   │   [0m[1m)[0m                                            │ │
│ │                 [2m│   │   [0m[1m][0m,                                               │ │
│ │                 [2m│   │   [0m'criteria_artifact': [1mCriteriaArtifact[0m[1m([0m           │ │
│ │                 [2m│   │   │   [0mcriteria=[1m[[0m                                   │ │
│ │                 [2m│   │   │   │   [0m[1mValidatedCriterion[0m[1m([0m                      │ │
│ │                 [2m│   │   │   │   │   [0mid='AC-1',                           │ │
│ │                 [2m│   │   │   │   │   [0mtext='Tests pass',                   │ │
│ │                 [2m│   │   │   │   │   [0mfeasibility=[1mCriterionFeasibility[0m[1m([0m    │ │
│ │                 [2m│   │   │   │   │   │   [0mcriterion_id='AC-1',             │ │
│ │                 [2m│   │   │   │   │   │   [0m                                 │ │
│ │                 verdict=[1m<[0m[1mCriterionVerdict.feasible:[0m 'feasible'>,         │ │
│ │                 [2m│   │   │   │   │   │   [0mrefutation=[3mNone[0m,                 │ │
│ │                 [2m│   │   │   │   │   │   [0mmissing_resource=[3mNone[0m,           │ │
│ │                 [2m│   │   │   │   │   │   [0mcost_measurement=[3mNone[0m,           │ │
│ │                 [2m│   │   │   │   │   │   [0mflags=[1m[[0m[1m][0m,                        │ │
│ │                 [2m│   │   │   │   │   │   [0mforbidden_class=[3mNone[0m,            │ │
│ │                 [2m│   │   │   │   │   │   [0mundeclared_switch_arms=[1m[[0m[1m][0m        │ │
│ │                 [2m│   │   │   │   │   [0m[1m)[0m                                    │ │
│ │                 [2m│   │   │   │   [0m[1m)[0m,                                       │ │
│ │                 [2m│   │   │   │   [0m[1mValidatedCriterion[0m[1m([0m                      │ │
│ │                 [2m│   │   │   │   │   [0mid='AC-2',                           │ │
│ │                 [2m│   │   │   │   │   [0mtext='No lint errors',               │ │
│ │                 [2m│   │   │   │   │   [0mfeasibility=[1mCriterionFeasibility[0m[1m([0m    │ │
│ │                 [2m│   │   │   │   │   │   [0mcriterion_id='AC-2',             │ │
│ │                 [2m│   │   │   │   │   │   [0m                                 │ │
│ │                 verdict=<CriterionVerdict.feasible: 'feasible'>,         │ │
│ │                 [2m│   │   │   │   │   │   [0mrefutation=[3mNone[0m,                 │ │
│ │                 [2m│   │   │   │   │   │   [0mmissing_resource=[3mNone[0m,           │ │
│ │                 [2m│   │   │   │   │   │   [0mcost_measurement=[3mNone[0m,           │ │
│ │                 [2m│   │   │   │   │   │   [0mflags=[1m[[0m[1m][0m,                        │ │
│ │                 [2m│   │   │   │   │   │   [0mforbidden_class=[3mNone[0m,            │ │
│ │                 [2m│   │   │   │   │   │   [0mundeclared_switch_arms=[1m[[0m[1m][0m        │ │
│ │                 [2m│   │   │   │   │   [0m[1m)[0m                                    │ │
│ │                 [2m│   │   │   │   [0m[1m)[0m                                        │ │
│ │                 [2m│   │   │   [0m[1m][0m,                                           │ │
│ │                 [2m│   │   │   [0mconjunction=[1mConjunctionVerdict[0m[1m([0m              │ │
│ │                 [2m│   │   │   │   [0msatisfiable=[3mTrue[0m,                        │ │
│ │                 [2m│   │   │   │   [0mcontradictions=[1m[[0m[1m][0m                        │ │
│ │                 [2m│   │   │   [0m[1m)[0m                                            │ │
│ │                 [2m│   │   [0m[1m)[0m,                                               │ │
│ │                 [2m│   │   [0m'criteria_validation': [1mCriteriaValidation[0m[1m([0m       │ │
│ │                 [2m│   │   │   [0mverdicts=[1m[[0m                                   │ │
│ │                 [2m│   │   │   │   [0m[1mCriterionFeasibility[0m[1m([0m                    │ │
│ │                 [2m│   │   │   │   │   [0mcriterion_id='AC-1',                 │ │
│ │                 [2m│   │   │   │   │   [0mverdict=<CriterionVerdict.feasible:  │ │
│ │                 'feasible'>,                                             │ │
│ │                 [2m│   │   │   │   │   [0mrefutation=[3mNone[0m,                     │ │
│ │                 [2m│   │   │   │   │   [0mmissing_resource=[3mNone[0m,               │ │
│ │                 [2m│   │   │   │   │   [0mcost_measurement=[3mNone[0m,               │ │
│ │                 [2m│   │   │   │   │   [0mflags=[1m[[0m[1m][0m,                            │ │
│ │                 [2m│   │   │   │   │   [0mforbidden_class=[3mNone[0m,                │ │
│ │                 [2m│   │   │   │   │   [0mundeclared_switch_arms=[1m[[0m[1m][0m            │ │
│ │                 [2m│   │   │   │   [0m[1m)[0m,                                       │ │
│ │                 [2m│   │   │   │   [0m[1mCriterionFeasibility[0m[1m([0m                    │ │
│ │                 [2m│   │   │   │   │   [0mcriterion_id='AC-2',                 │ │
│ │                 [2m│   │   │   │   │   [0mverdict=<CriterionVerdict.feasible:  │ │
│ │                 'feasible'>,                                             │ │
│ │                 [2m│   │   │   │   │   [0mrefutation=[3mNone[0m,                     │ │
│ │                 [2m│   │   │   │   │   [0mmissing_resource=[3mNone[0m,               │ │
│ │                 [2m│   │   │   │   │   [0mcost_measurement=[3mNone[0m,               │ │
│ │                 [2m│   │   │   │   │   [0mflags=[1m[[0m[1m][0m,                            │ │
│ │                 [2m│   │   │   │   │   [0mforbidden_class=[3mNone[0m,                │ │
│ │                 [2m│   │   │   │   │   [0mundeclared_switch_arms=[1m[[0m[1m][0m            │ │
│ │                 [2m│   │   │   │   [0m[1m)[0m                                        │ │
│ │                 [2m│   │   │   [0m[1m][0m,                                           │ │
│ │                 [2m│   │   │   [0mconjunction=[1mConjunctionVerdict[0m[1m([0m              │ │
│ │                 [2m│   │   │   │   [0msatisfiable=[3mTrue[0m,                        │ │
│ │                 [2m│   │   │   │   [0mcontradictions=[1m[[0m[1m][0m                        │ │
│ │                 [2m│   │   │   [0m[1m)[0m                                            │ │
│ │                 [2m│   │   [0m[1m)[0m,                                               │ │
│ │                 [2m│   │   [0m'criteria_regeneration_rounds': [1m0[0m,               │ │
│ │                 [2m│   │   [0m'criteria_infeasible': [3mFalse[0m,                    │ │
│ │                 [2m│   │   [0m... +[1m23[0m                                          │ │
│ │                 [2m│   [0m[1m}[0m,                                                   │ │
│ │                 [2m│   [0mproc=<langgraph._internal._runnable.RunnableSeq      │ │
│ │                 object at [1m0x10c73f0b0[0m>,                                  │ │
│ │                 [2m│   [0mwrites=[1mdeque[0m[1m([0m[1m[[0m                                       │ │
│ │                 [2m│   │   [0m[1m([0m                                                │ │
│ │                 [2m│   │   │   [0m'__error__',                                 │ │
│ │                 [2m│   │   │   [0m[1mOutboundContentBlockedError[0m[1m([0m'Outbound        │ │
│ │                 content blocked before write (writer: pr_body;           │ │
│ │                 categories: credentials)'[1m)[0m                               │ │
│ │                 [2m│   │   [0m[1m)[0m                                                │ │
│ │                 [2m│   [0m[1m][0m[1m)[0m,                                                  │ │
│ │                 [2m│   [0mconfig=[1m{[0m                                             │ │
│ │                 [2m│   │   [0m'metadata': [1m{[0m                                    │ │
│ │                 [2m│   │   │   [0m'prompt': 'Tracker issue: K-1\n\nTracker     │ │
│ │                 issue: DECOY-999\n\nImplement the described              │ │
│ │                 change.\n\n#'+[1m51[0m,                                        │ │
│ │                 [2m│   │   │   [0m'repo_url':                                  │ │
│ │                 'https://github.com/example/repository.git',             │ │
│ │                 [2m│   │   │   [0m'permission_mode':                           │ │
│ │                 <PermissionMode.UNATTENDED: 'unattended'>,               │ │
│ │                 [2m│   │   │   [0m'allowed_tools': <ToolPreset.IMPLEMENTATION: │ │
│ │                 'implementation'>,                                       │ │
│ │                 [2m│   │   │   [0m'langgraph_step': [1m2[0m,                         │ │
│ │                 [2m│   │   │   [0m'langgraph_node': 'open_pr',                 │ │
│ │                 [2m│   │   │   [0m'langgraph_triggers': [1m([0m                      │ │
│ │                 [2m│   │   │   │   [0m'branch:to:open_pr',                     │ │
│ │                 [2m│   │   │   [0m[1m)[0m,                                           │ │
│ │                 [2m│   │   │   [0m'langgraph_path': [1m([0m                          │ │
│ │                 [2m│   │   │   │   [0m'__pregel_pull',                         │ │
│ │                 [2m│   │   │   │   [0m'open_pr'                                │ │
│ │                 [2m│   │   │   [0m[1m)[0m,                                           │ │
│ │                 [2m│   │   │   [0m'langgraph_checkpoint_ns':                   │ │
│ │                 'open_pr:2f7a8ced-565b-7923-323b-197ca619d09a'           │ │
│ │                 [2m│   │   [0m[1m}[0m,                                               │ │
│ │                 [2m│   │   [0m'configurable': [1m{[0m                                │ │
│ │                 [2m│   │   │   [0m'prompt': 'Tracker issue: K-1\n\nTracker     │ │
│ │                 issue: DECOY-999\n\nImplement the described              │ │
│ │                 change.\n\n#'+[1m51[0m,                                        │ │
│ │                 [2m│   │   │   [0m'repo_path': [3mNone[0m,                           │ │
│ │                 [2m│   │   │   [0m'repo_url':                                  │ │
│ │                 'https://github.com/example/repository.git',             │ │
│ │                 [2m│   │   │   [0m'cache_key':                                 │ │
│ │                 '0bc9cda8d33d431bb47f2004decfbf82',                      │ │
│ │                 [2m│   │   │   [0m'run_identity': [1m{[0m                            │ │
│ │                 [2m│   │   │   │   [0m'kind': <RunKind.FIRE: 'fire'>,          │ │
│ │                 [2m│   │   │   │   [0m'name': 'K-1',                           │ │
│ │                 [2m│   │   │   │   [0m'started_at': [1mdatetime.datetime[0m[1m([0m[1m2026[0m, [1m9[0m, │ │
│ │                 [1m12[0m, [1m12[0m, [1m10[0m, [1m37[0m, [1m360840[0m, tzinfo=datetime.timezone.utc[1m)[0m    │ │
│ │                 [2m│   │   │   [0m[1m}[0m,                                           │ │
│ │                 [2m│   │   │   [0m'workspace_path': [3mNone[0m,                      │ │
│ │                 [2m│   │   │   [0m'base_spec': [1m{[0m                               │ │
│ │                 [2m│   │   │   │   [0m'inputs': [1m([0m[1m)[0m,                            │ │
│ │                 [2m│   │   │   │   [0m'base_branch': 'trunk',                  │ │
│ │                 [2m│   │   │   │   [0m'base_role': [3mNone[0m                        │ │
│ │                 [2m│   │   │   [0m[1m}[0m,                                           │ │
│ │                 [2m│   │   │   [0m'permission_mode':                           │ │
│ │                 <PermissionMode.UNATTENDED: 'unattended'>,               │ │
│ │                 [2m│   │   │   [0m'allowed_tools': <ToolPreset.IMPLEMENTATION: │ │
│ │                 'implementation'>,                                       │ │
│ │                 [2m│   │   │   [0m'__pregel_runtime': [1mRuntime[0m[1m([0m                 │ │
│ │                 [2m│   │   │   │   [0mcontext=[3mNone[0m,                            │ │
│ │                 [2m│   │   │   │   [0mstore=[3mNone[0m,                              │ │
│ │                 [2m│   │   │   │   [0mstream_writer=<function                  │ │
│ │                 Pregel.astream.<locals>.stream_writer at [1m0x10c941620[0m>,   │ │
│ │                 [2m│   │   │   │   [0mprevious=[3mNone[0m                            │ │
│ │                 [2m│   │   │   [0m[1m)[0m,                                           │ │
│ │                 [2m│   │   │   [0m... +[1m9[0m                                       │ │
│ │                 [2m│   │   [0m[1m}[0m,                                               │ │
│ │                 [2m│   │   [0m'callbacks':                                     │ │
│ │                 <langchain_core.callbacks.manager.AsyncCallbackManager   │ │
│ │                 object at [1m0x10ca38a40[0m>,                                  │ │
│ │                 [2m│   │   [0m'run_name': 'open_pr'                            │ │
│ │                 [2m│   [0m[1m}[0m,                                                   │ │
│ │                 [2m│   [0mtriggers=[1m([0m'branch:to:open_pr',[1m)[0m,                     │ │
│ │                 [2m│   [0mretry_policy=[1m([0m                                       │ │
│ │                 [2m│   │   [0m[1mRetryPolicy[0m[1m([0m                                     │ │
│ │                 [2m│   │   │   [0minitial_interval=[1m1[0m[1m.0[0m,                        │ │
│ │                 [2m│   │   │   [0mbackoff_factor=[1m2[0m[1m.0[0m,                          │ │
│ │                 [2m│   │   │   [0mmax_interval=[1m128[0m[1m.0[0m,                          │ │
│ │                 [2m│   │   │   [0mmax_attempts=[1m3[0m,                              │ │
│ │                 [2m│   │   │   [0mjitter=[3mTrue[0m,                                 │ │
│ │                 [2m│   │   │   [0mretry_on=<function should_retry at           │ │
│ │                 [1m0x10bf11b20[0m>                                             │ │
│ │                 [2m│   │   [0m[1m)[0m,                                               │ │
│ │                 [2m│   [0m[1m)[0m,                                                   │ │
│ │                 [2m│   [0mcache_key=[3mNone[0m,                                      │ │
│ │                 [2m│   [0mid='2f7a8ced-565b-7923-323b-197ca619d09a',           │ │
│ │                 [2m│   [0mpath=[1m([0m'__pregel_pull', 'open_pr'[1m)[0m,                   │ │
│ │                 [2m│   [0mwriters=[1m[[0m                                            │ │
│ │                 [2m│   │   [0mChannelWrite<...,...>[1m([0mtags=[3mNone[0m, recurse=[3mTrue[0m,   │ │
│ │                 explode_args=[3mFalse[0m, func_accepts=[1m{[0m'config': [1m([0m'N/A',      │ │
│ │                 <class 'inspect._empty'>[1m)[0m[1m}[0m,                              │ │
│ │                 writes=[1m([0m[1mChannelWriteTupleEntry[0m[1m([0mmapper=<function          │ │
│ │                 CompiledStateGraph.attach_node.<locals>._get_updates at  │ │
│ │                 [1m0x10c91df80[0m>, value=<object object at [1m0x10a8622b0[0m>,      │ │
│ │                 static=[3mNone[0m[1m)[0m, [1mChannelWriteTupleEntry[0m[1m([0mmapper=<function    │ │
│ │                 _control_branch at [1m0x10befa3e0[0m>, value=<object object at │ │
│ │                 [1m0x10a8622b0[0m>, static=[1m[[0m[1m][0m[1m)[0m[1m)[0m[1m)[0m,                              │ │
│ │                 [2m│   │   [0m[1m_route[0m[1m([0mtags=[3mNone[0m, recurse=[3mTrue[0m,                  │ │
│ │                 explode_args=[3mFalse[0m, func_accepts=[1m{[0m'config': [1m([0m'N/A',      │ │
│ │                 <class 'inspect._empty'[1m>[0m[1m)[0m[1m}[0m,                              │ │
│ │                 _is_channel_writer=[1m[[0m[1m([0m[1mChannelWriteEntry[0m[1m([0mchannel='branch:… │ │
│ │                 value=[3mNone[0m, skip_none=[3mFalse[0m, mapper=[3mNone[0m[1m)[0m,               │ │
│ │                 'monitor_ci'[1m)[0m,                                           │ │
│ │                 [1m([0m[1mChannelWriteEntry[0m[1m([0mchannel='branch:to:complete',         │ │
│ │                 value=[3mNone[0m, skip_none=[3mFalse[0m, mapper=[3mNone[0m[1m)[0m, 'complete'[1m)[0m[1m][0m[1m)[0m │ │
│ │                 [2m│   [0m[1m][0m,                                                   │ │
│ │                 [2m│   [0msubgraphs=[1m[[0m[1m][0m                                         │ │
│ │                 [1m)[0m                                                        │ │
│ │         [3mtasks[0m = [1m([0m                                                        │ │
│ │                 [2m│   [0m[1mPregelExecutableTask[0m[1m([0m                                │ │
│ │                 [2m│   │   [0mname='open_pr',                                  │ │
│ │                 [2m│   │   [0minput=[1m{[0m                                          │ │
│ │                 [2m│   │   │   [0m'issue_key': 'K-1',                          │ │
│ │                 [2m│   │   │   [0m'feature_branch':                            │ │
│ │                 'kodezart/test-branch-82c5237e',                         │ │
│ │                 [2m│   │   │   [0m'ralph_branch':                              │ │
│ │                 'kodezart/test-branch-82c5237e-ralph-9f6109ec',          │ │
│ │                 [2m│   │   │   [0m'work_base_ref':                             │ │
│ │                 'kodezart/test-branch-82c5237e',                         │ │
│ │                 [2m│   │   │   [0m'ticket': [1mTicketDraftOutput[0m[1m([0m                 │ │
│ │                 [2m│   │   │   │   [0mtitle='Test ticket',                     │ │
│ │                 [2m│   │   │   │   [0msummary='Test summary',                  │ │
│ │                 [2m│   │   │   │   [0mcontext='Test context',                  │ │
│ │                 [2m│   │   │   │   [0mreferences=[1m[[0m[1m][0m,                           │ │
│ │                 [2m│   │   │   │   [0mrequired_changes=[1m[[0m                       │ │
│ │                 [2m│   │   │   │   │   [0m[1mFileChange[0m[1m([0m                          │ │
│ │                 [2m│   │   │   │   │   │   [0mfile_path='test.py',             │ │
│ │                 [2m│   │   │   │   │   │   [0mchange_type='modify',            │ │
│ │                 [2m│   │   │   │   │   │   [0mdescription='test change',       │ │
│ │                 [2m│   │   │   │   │   │   [0mrationale='test rationale'       │ │
│ │                 [2m│   │   │   │   │   [0m[1m)[0m                                    │ │
│ │                 [2m│   │   │   │   [0m[1m][0m,                                       │ │
│ │                 [2m│   │   │   │   [0mout_of_scope=[1m[[0m[1m][0m,                         │ │
│ │                 [2m│   │   │   │   [0mopen_questions=[1m[[0m[1m][0m,                       │ │
│ │                 [2m│   │   │   │   [0msherlock_flags=[1m[[0m[1m][0m                        │ │
│ │                 [2m│   │   │   [0m[1m)[0m,                                           │ │
│ │                 [2m│   │   │   [0m'acceptance_criteria': [1m[[0m                     │ │
│ │                 [2m│   │   │   │   [0m[1mGeneratedCriterion[0m[1m([0m                      │ │
│ │                 [2m│   │   │   │   │   [0mid='AC-1',                           │ │
│ │                 [2m│   │   │   │   │   [0mtext='Tests pass'                    │ │
│ │                 [2m│   │   │   │   [0m[1m)[0m,                                       │ │
│ │                 [2m│   │   │   │   [0m[1mGeneratedCriterion[0m[1m([0m                      │ │
│ │                 [2m│   │   │   │   │   [0mid='AC-2',                           │ │
│ │                 [2m│   │   │   │   │   [0mtext='No lint errors'                │ │
│ │                 [2m│   │   │   │   [0m[1m)[0m                                        │ │
│ │                 [2m│   │   │   [0m[1m][0m,                                           │ │
│ │                 [2m│   │   │   [0m'criteria_artifact': [1mCriteriaArtifact[0m[1m([0m       │ │
│ │                 [2m│   │   │   │   [0mcriteria=[1m[[0m                               │ │
│ │                 [2m│   │   │   │   │   [0m[1mValidatedCriterion[0m[1m([0m                  │ │
│ │                 [2m│   │   │   │   │   │   [0mid='AC-1',                       │ │
│ │                 [2m│   │   │   │   │   │   [0mtext='Tests pass',               │ │
│ │                 [2m│   │   │   │   │   │   [0m                                 │ │
│ │                 feasibility=[1mCriterionFeasibility[0m[1m([0m                        │ │
│ │                 [2m│   │   │   │   │   │   │   [0mcriterion_id='AC-1',         │ │
│ │                 [2m│   │   │   │   │   │   │   [0m                             │ │
│ │                 verdict=[1m<[0m[1mCriterionVerdict.feasible:[0m 'feasible'>,         │ │
│ │                 [2m│   │   │   │   │   │   │   [0mrefutation=[3mNone[0m,             │ │
│ │                 [2m│   │   │   │   │   │   │   [0mmissing_resource=[3mNone[0m,       │ │
│ │                 [2m│   │   │   │   │   │   │   [0mcost_measurement=[3mNone[0m,       │ │
│ │                 [2m│   │   │   │   │   │   │   [0mflags=[1m[[0m[1m][0m,                    │ │
│ │                 [2m│   │   │   │   │   │   │   [0mforbidden_class=[3mNone[0m,        │ │
│ │                 [2m│   │   │   │   │   │   │   [0mundeclared_switch_arms=[1m[[0m[1m][0m    │ │
│ │                 [2m│   │   │   │   │   │   [0m[1m)[0m                                │ │
│ │                 [2m│   │   │   │   │   [0m[1m)[0m,                                   │ │
│ │                 [2m│   │   │   │   │   [0m[1mValidatedCriterion[0m[1m([0m                  │ │
│ │                 [2m│   │   │   │   │   │   [0mid='AC-2',                       │ │
│ │                 [2m│   │   │   │   │   │   [0mtext='No lint errors',           │ │
│ │                 [2m│   │   │   │   │   │   [0m                                 │ │
│ │                 feasibility=[1mCriterionFeasibility[0m[1m([0m                        │ │
│ │                 [2m│   │   │   │   │   │   │   [0mcriterion_id='AC-2',         │ │
│ │                 [2m│   │   │   │   │   │   │   [0m                             │ │
│ │                 verdict=<CriterionVerdict.feasible: 'feasible'>,         │ │
│ │                 [2m│   │   │   │   │   │   │   [0mrefutation=[3mNone[0m,             │ │
│ │                 [2m│   │   │   │   │   │   │   [0mmissing_resource=[3mNone[0m,       │ │
│ │                 [2m│   │   │   │   │   │   │   [0mcost_measurement=[3mNone[0m,       │ │
│ │                 [2m│   │   │   │   │   │   │   [0mflags=[1m[[0m[1m][0m,                    │ │
│ │                 [2m│   │   │   │   │   │   │   [0mforbidden_class=[3mNone[0m,        │ │
│ │                 [2m│   │   │   │   │   │   │   [0mundeclared_switch_arms=[1m[[0m[1m][0m    │ │
│ │                 [2m│   │   │   │   │   │   [0m[1m)[0m                                │ │
│ │                 [2m│   │   │   │   │   [0m[1m)[0m                                    │ │
│ │                 [2m│   │   │   │   [0m[1m][0m,                                       │ │
│ │                 [2m│   │   │   │   [0mconjunction=[1mConjunctionVerdict[0m[1m([0m          │ │
│ │                 [2m│   │   │   │   │   [0msatisfiable=[3mTrue[0m,                    │ │
│ │                 [2m│   │   │   │   │   [0mcontradictions=[1m[[0m[1m][0m                    │ │
│ │                 [2m│   │   │   │   [0m[1m)[0m                                        │ │
│ │                 [2m│   │   │   [0m[1m)[0m,                                           │ │
│ │                 [2m│   │   │   [0m'criteria_validation': [1mCriteriaValidation[0m[1m([0m   │ │
│ │                 [2m│   │   │   │   [0mverdicts=[1m[[0m                               │ │
│ │                 [2m│   │   │   │   │   [0m[1mCriterionFeasibility[0m[1m([0m                │ │
│ │                 [2m│   │   │   │   │   │   [0mcriterion_id='AC-1',             │ │
│ │                 [2m│   │   │   │   │   │   [0m                                 │ │
│ │                 verdict=<CriterionVerdict.feasible: 'feasible'>,         │ │
│ │                 [2m│   │   │   │   │   │   [0mrefutation=[3mNone[0m,                 │ │
│ │                 [2m│   │   │   │   │   │   [0mmissing_resource=[3mNone[0m,           │ │
│ │                 [2m│   │   │   │   │   │   [0mcost_measurement=[3mNone[0m,           │ │
│ │                 [2m│   │   │   │   │   │   [0mflags=[1m[[0m[1m][0m,                        │ │
│ │                 [2m│   │   │   │   │   │   [0mforbidden_class=[3mNone[0m,            │ │
│ │                 [2m│   │   │   │   │   │   [0mundeclared_switch_arms=[1m[[0m[1m][0m        │ │
│ │                 [2m│   │   │   │   │   [0m[1m)[0m,                                   │ │
│ │                 [2m│   │   │   │   │   [0m[1mCriterionFeasibility[0m[1m([0m                │ │
│ │                 [2m│   │   │   │   │   │   [0mcriterion_id='AC-2',             │ │
│ │                 [2m│   │   │   │   │   │   [0m                                 │ │
│ │                 verdict=<CriterionVerdict.feasible: 'feasible'>,         │ │
│ │                 [2m│   │   │   │   │   │   [0mrefutation=[3mNone[0m,                 │ │
│ │                 [2m│   │   │   │   │   │   [0mmissing_resource=[3mNone[0m,           │ │
│ │                 [2m│   │   │   │   │   │   [0mcost_measurement=[3mNone[0m,           │ │
│ │                 [2m│   │   │   │   │   │   [0mflags=[1m[[0m[1m][0m,                        │ │
│ │                 [2m│   │   │   │   │   │   [0mforbidden_class=[3mNone[0m,            │ │
│ │                 [2m│   │   │   │   │   │   [0mundeclared_switch_arms=[1m[[0m[1m][0m        │ │
│ │                 [2m│   │   │   │   │   [0m[1m)[0m                                    │ │
│ │                 [2m│   │   │   │   [0m[1m][0m,                                       │ │
│ │                 [2m│   │   │   │   [0mconjunction=[1mConjunctionVerdict[0m[1m([0m          │ │
│ │                 [2m│   │   │   │   │   [0msatisfiable=[3mTrue[0m,                    │ │
│ │                 [2m│   │   │   │   │   [0mcontradictions=[1m[[0m[1m][0m                    │ │
│ │                 [2m│   │   │   │   [0m[1m)[0m                                        │ │
│ │                 [2m│   │   │   [0m[1m)[0m,                                           │ │
│ │                 [2m│   │   │   [0m'criteria_regeneration_rounds': [1m0[0m,           │ │
│ │                 [2m│   │   │   [0m'criteria_infeasible': [3mFalse[0m,                │ │
│ │                 [2m│   │   │   [0m... +[1m23[0m                                      │ │
│ │                 [2m│   │   [0m[1m}[0m,                                               │ │
│ │                 [2m│   │   [0mproc=<langgraph._internal._runnable.RunnableSeq  │ │
│ │                 object at [1m0x10c73f0b0[0m>,                                  │ │
│ │                 [2m│   │   [0mwrites=[1mdeque[0m[1m([0m[1m[[0m                                   │ │
│ │                 [2m│   │   │   [0m[1m([0m                                            │ │
│ │                 [2m│   │   │   │   [0m'__error__',                             │ │
│ │                 [2m│   │   │   │   [0m[1mOutboundContentBlockedError[0m[1m([0m'Outbound    │ │
│ │                 content blocked before write (writer: pr_body;           │ │
│ │                 categories: credentials)'[1m)[0m                               │ │
│ │                 [2m│   │   │   [0m[1m)[0m                                            │ │
│ │                 [2m│   │   [0m[1m][0m[1m)[0m,                                              │ │
│ │                 [2m│   │   [0mconfig=[1m{[0m                                         │ │
│ │                 [2m│   │   │   [0m'metadata': [1m{[0m                                │ │
│ │                 [2m│   │   │   │   [0m'prompt': 'Tracker issue: K-1\n\nTracker │ │
│ │                 issue: DECOY-999\n\nImplement the described              │ │
│ │                 change.\n\n#'+[1m51[0m,                                        │ │
│ │                 [2m│   │   │   │   [0m'repo_url':                              │ │
│ │                 'https://github.com/example/repository.git',             │ │
│ │                 [2m│   │   │   │   [0m'permission_mode':                       │ │
│ │                 <PermissionMode.UNATTENDED: 'unattended'>,               │ │
│ │                 [2m│   │   │   │   [0m'allowed_tools':                         │ │
│ │                 <ToolPreset.IMPLEMENTATION: 'implementation'>,           │ │
│ │                 [2m│   │   │   │   [0m'langgraph_step': [1m2[0m,                     │ │
│ │                 [2m│   │   │   │   [0m'langgraph_node': 'open_pr',             │ │
│ │                 [2m│   │   │   │   [0m'langgraph_triggers': [1m([0m                  │ │
│ │                 [2m│   │   │   │   │   [0m'branch:to:open_pr',                 │ │
│ │                 [2m│   │   │   │   [0m[1m)[0m,                                       │ │
│ │                 [2m│   │   │   │   [0m'langgraph_path': [1m([0m                      │ │
│ │                 [2m│   │   │   │   │   [0m'__pregel_pull',                     │ │
│ │                 [2m│   │   │   │   │   [0m'open_pr'                            │ │
│ │                 [2m│   │   │   │   [0m[1m)[0m,                                       │ │
│ │                 [2m│   │   │   │   [0m'langgraph_checkpoint_ns':               │ │
│ │                 'open_pr:2f7a8ced-565b-7923-323b-197ca619d09a'           │ │
│ │                 [2m│   │   │   [0m[1m}[0m,                                           │ │
│ │                 [2m│   │   │   [0m'configurable': [1m{[0m                            │ │
│ │                 [2m│   │   │   │   [0m'prompt': 'Tracker issue: K-1\n\nTracker │ │
│ │                 issue: DECOY-999\n\nImplement the described              │ │
│ │                 change.\n\n#'+[1m51[0m,                                        │ │
│ │                 [2m│   │   │   │   [0m'repo_path': [3mNone[0m,                       │ │
│ │                 [2m│   │   │   │   [0m'repo_url':                              │ │
│ │                 'https://github.com/example/repository.git',             │ │
│ │                 [2m│   │   │   │   [0m'cache_key':                             │ │
│ │                 '0bc9cda8d33d431bb47f2004decfbf82',                      │ │
│ │                 [2m│   │   │   │   [0m'run_identity': [1m{[0m                        │ │
│ │                 [2m│   │   │   │   │   [0m'kind': <RunKind.FIRE: 'fire'>,      │ │
│ │                 [2m│   │   │   │   │   [0m'name': 'K-1',                       │ │
│ │                 [2m│   │   │   │   │   [0m'started_at':                        │ │
│ │                 [1mdatetime.datetime[0m[1m([0m[1m2026[0m, [1m9[0m, [1m12[0m, [1m12[0m, [1m10[0m, [1m37[0m, [1m360840[0m,       │ │
│ │                 tzinfo=datetime.timezone.utc[1m)[0m                            │ │
│ │                 [2m│   │   │   │   [0m[1m}[0m,                                       │ │
│ │                 [2m│   │   │   │   [0m'workspace_path': [3mNone[0m,                  │ │
│ │                 [2m│   │   │   │   [0m'base_spec': [1m{[0m                           │ │
│ │                 [2m│   │   │   │   │   [0m'inputs': [1m([0m[1m)[0m,                        │ │
│ │                 [2m│   │   │   │   │   [0m'base_branch': 'trunk',              │ │
│ │                 [2m│   │   │   │   │   [0m'base_role': [3mNone[0m                    │ │
│ │                 [2m│   │   │   │   [0m[1m}[0m,                                       │ │
│ │                 [2m│   │   │   │   [0m'permission_mode':                       │ │
│ │                 <PermissionMode.UNATTENDED: 'unattended'>,               │ │
│ │                 [2m│   │   │   │   [0m'allowed_tools':                         │ │
│ │                 <ToolPreset.IMPLEMENTATION: 'implementation'>,           │ │
│ │                 [2m│   │   │   │   [0m'__pregel_runtime': [1mRuntime[0m[1m([0m             │ │
│ │                 [2m│   │   │   │   │   [0mcontext=[3mNone[0m,                        │ │
│ │                 [2m│   │   │   │   │   [0mstore=[3mNone[0m,                          │ │
│ │                 [2m│   │   │   │   │   [0mstream_writer=<function              │ │
│ │                 Pregel.astream.<locals>.stream_writer at [1m0x10c941620[0m>,   │ │
│ │                 [2m│   │   │   │   │   [0mprevious=[3mNone[0m                        │ │
│ │                 [2m│   │   │   │   [0m[1m)[0m,                                       │ │
│ │                 [2m│   │   │   │   [0m... +[1m9[0m                                   │ │
│ │                 [2m│   │   │   [0m[1m}[0m,                                           │ │
│ │                 [2m│   │   │   [0m'callbacks':                                 │ │
│ │                 <langchain_core.callbacks.manager.AsyncCallbackManager   │ │
│ │                 object at [1m0x10ca38a40[0m>,                                  │ │
│ │                 [2m│   │   │   [0m'run_name': 'open_pr'                        │ │
│ │                 [2m│   │   [0m[1m}[0m,                                               │ │
│ │                 [2m│   │   [0mtriggers=[1m([0m'branch:to:open_pr',[1m)[0m,                 │ │
│ │                 [2m│   │   [0mretry_policy=[1m([0m                                   │ │
│ │                 [2m│   │   │   [0m[1mRetryPolicy[0m[1m([0m                                 │ │
│ │                 [2m│   │   │   │   [0minitial_interval=[1m1[0m[1m.0[0m,                    │ │
│ │                 [2m│   │   │   │   [0mbackoff_factor=[1m2[0m[1m.0[0m,                      │ │
│ │                 [2m│   │   │   │   [0mmax_interval=[1m128[0m[1m.0[0m,                      │ │
│ │                 [2m│   │   │   │   [0mmax_attempts=[1m3[0m,                          │ │
│ │                 [2m│   │   │   │   [0mjitter=[3mTrue[0m,                             │ │
│ │                 [2m│   │   │   │   [0mretry_on=<function should_retry at       │ │
│ │                 [1m0x10bf11b20[0m>                                             │ │
│ │                 [2m│   │   │   [0m[1m)[0m,                                           │ │
│ │                 [2m│   │   [0m[1m)[0m,                                               │ │
│ │                 [2m│   │   [0mcache_key=[3mNone[0m,                                  │ │
│ │                 [2m│   │   [0mid='2f7a8ced-565b-7923-323b-197ca619d09a',       │ │
│ │                 [2m│   │   [0mpath=[1m([0m'__pregel_pull', 'open_pr'[1m)[0m,               │ │
│ │                 [2m│   │   [0mwriters=[1m[[0m                                        │ │
│ │                 [2m│   │   │   [0mChannelWrite<...,...>[1m([0mtags=[3mNone[0m,             │ │
│ │                 recurse=[3mTrue[0m, explode_args=[3mFalse[0m,                        │ │
│ │                 func_accepts=[1m{[0m'config': [1m([0m'N/A', <class                   │ │
│ │                 'inspect._empty'>[1m)[0m[1m}[0m,                                     │ │
│ │                 writes=[1m([0m[1mChannelWriteTupleEntry[0m[1m([0mmapper=<function          │ │
│ │                 CompiledStateGraph.attach_node.<locals>._get_updates at  │ │
│ │                 [1m0x10c91df80[0m>, value=<object object at [1m0x10a8622b0[0m>,      │ │
│ │                 static=[3mNone[0m[1m)[0m, [1mChannelWriteTupleEntry[0m[1m([0mmapper=<function    │ │
│ │                 _control_branch at [1m0x10befa3e0[0m>, value=<object object at │ │
│ │                 [1m0x10a8622b0[0m>, static=[1m[[0m[1m][0m[1m)[0m[1m)[0m[1m)[0m,                              │ │
│ │                 [2m│   │   │   [0m[1m_route[0m[1m([0mtags=[3mNone[0m, recurse=[3mTrue[0m,              │ │
│ │                 explode_args=[3mFalse[0m, func_accepts=[1m{[0m'config': [1m([0m'N/A',      │ │
│ │                 <class 'inspect._empty'[1m>[0m[1m)[0m[1m}[0m,                              │ │
│ │                 _is_channel_writer=[1m[[0m[1m([0m[1mChannelWriteEntry[0m[1m([0mchannel='branch:… │ │
│ │                 value=[3mNone[0m, skip_none=[3mFalse[0m, mapper=[3mNone[0m[1m)[0m,               │ │
│ │                 'monitor_ci'[1m)[0m,                                           │ │
│ │                 [1m([0m[1mChannelWriteEntry[0m[1m([0mchannel='branch:to:complete',         │ │
│ │                 value=[3mNone[0m, skip_none=[3mFalse[0m, mapper=[3mNone[0m[1m)[0m, 'complete'[1m)[0m[1m][0m[1m)[0m │ │
│ │                 [2m│   │   [0m[1m][0m,                                               │ │
│ │                 [2m│   │   [0msubgraphs=[1m[[0m[1m][0m                                     │ │
│ │                 [2m│   [0m[1m)[0m,                                                   │ │
│ │                 [1m)[0m                                                        │ │
│ │            [3mtb[0m = [1m<[0m[1mtraceback[0m object at [1m0x10c5c0b00[0m[1m>[0m                        │ │
│ │       [3mtimeout[0m = [3mNone[0m                                                     │ │
│ ╰──────────────────────────────────────────────────────────────────────────╯ │
│                                                                              │
│ [2m/private/tmp/kodezart-v03-recovery-criterion-class/.venv/lib/python3.12/site[0m │
│ [2m-packages/langgraph/pregel/[0m[1m_runner.py[0m:520 in _panic_or_proceed               │
│                                                                              │
│   [2m517 [0m[2m│   │   │   │   │   [0m[2m# collect interrupts[0m                               │
│   [2m518 [0m[2m│   │   │   │   │   [0minterrupts.append(exc)                             │
│   [2m519 [0m[2m│   │   │   │   [0melif fut not in SKIP_RERAISE_SET:                      │
│ ❱ 520 [2m│   │   │   │   │   [0m[1;4mraise[0m[1;4m exc[0m                                          │
│   [2m521 [0m[2m│   [0m[2m# raise combined interrupts[0m                                        │
│   [2m522 [0m[2m│   [0mif interrupts:                                                     │
│   [2m523 [0m[2m│   │   [0mraise GraphInterrupt(tuple(i for exc in interrupts for i in ex │
│                                                                              │
│ ╭───────────────────────────────── locals ─────────────────────────────────╮ │
│ │       [3mdone[0m = [1mset[0m[1m([0m[1m)[0m                                                       │ │
│ │        [3mexc[0m = [1mOutboundContentBlockedError[0m[1m([0m'Outbound content blocked       │ │
│ │              before write (writer: pr_body; categories: credentials)'[1m)[0m   │ │
│ │        [3mfut[0m = [1m<[0m[1mTask[0m finished name='open_pr' coro=<[1marun_with_retry[0m[1m([0m[1m)[0m done, │ │
│ │              defined at                                                  │ │
│ │              /private/tmp/kodezart-v03-recovery-criterion-class/.venv/l… │ │
│ │              exception=[1mOutboundContentBlockedError[0m[1m([0m'Outbound content     │ │
│ │              blocked before write (writer: pr_body; categories:          │ │
│ │              credentials)'[1m)[0m[1m>[0m                                             │ │
│ │       [3mfuts[0m = [1m{[0m                                                           │ │
│ │              [2m│   [0m[1m<[0m[1mTask[0m finished name='open_pr' coro=<[1marun_with_retry[0m[1m([0m[1m)[0m   │ │
│ │              done, defined at                                            │ │
│ │              /private/tmp/kodezart-v03-recovery-criterion-class/.venv/l… │ │
│ │              exception=[1mOutboundContentBlockedError[0m[1m([0m'Outbound content     │ │
│ │              blocked before write (writer: pr_body; categories:          │ │
│ │              credentials)'[1m)[0m[1m>[0m                                             │ │
│ │              [1m}[0m                                                           │ │
│ │   [3minflight[0m = [1mset[0m[1m([0m[1m)[0m                                                       │ │
│ │ [3minterrupts[0m = [1m[[0m[1m][0m                                                          │ │
│ │      [3mpanic[0m = [3mTrue[0m                                                        │ │
│ ╰──────────────────────────────────────────────────────────────────────────╯ │
│                                                                              │
│ [2m/private/tmp/kodezart-v03-recovery-criterion-class/.venv/lib/python3.12/site[0m │
│ [2m-packages/langgraph/pregel/[0m[1m_retry.py[0m:163 in arun_with_retry                  │
│                                                                              │
│   [2m160 [0m[2m│   │   │   │   [0m[2m# if successful, end[0m                                   │
│   [2m161 [0m[2m│   │   │   │   [0mbreak                                                  │
│   [2m162 [0m[2m│   │   │   [0melse:                                                      │
│ ❱ 163 [2m│   │   │   │   [0mreturn await task.proc.ainvoke(task.input, config)     │
│   [2m164 [0m[2m│   │   [0mexcept ParentCommand as exc:                                   │
│   [2m165 [0m[2m│   │   │   [0mns: str = config[CONF][CONFIG_KEY_CHECKPOINT_NS]           │
│   [2m166 [0m[2m│   │   │   [0mcmd = exc.args[0]                                          │
│                                                                              │
│ ╭───────────────────────────────── locals ─────────────────────────────────╮ │
│ │            [3mattempts[0m = [1m0[0m                                                  │ │
│ │              [3mconfig[0m = [1m{[0m                                                  │ │
│ │                       [2m│   [0m'metadata': [1m{[0m                                  │ │
│ │                       [2m│   │   [0m'prompt': 'Tracker issue: K-1\n\nTracker   │ │
│ │                       issue: DECOY-999\n\nImplement the described        │ │
│ │                       change.\n\n#'+[1m51[0m,                                  │ │
│ │                       [2m│   │   [0m'repo_url':                                │ │
│ │                       'https://github.com/example/repository.git',       │ │
│ │                       [2m│   │   [0m'permission_mode':                         │ │
│ │                       [1m<[0m[1mPermissionMode.UNATTENDED:[0m 'unattended'>,         │ │
│ │                       [2m│   │   [0m'allowed_tools':                           │ │
│ │                       <ToolPreset.IMPLEMENTATION: 'implementation'>,     │ │
│ │                       [2m│   │   [0m'langgraph_step': [1m2[0m,                       │ │
│ │                       [2m│   │   [0m'langgraph_node': 'open_pr',               │ │
│ │                       [2m│   │   [0m'langgraph_triggers': [1m([0m                    │ │
│ │                       [2m│   │   │   [0m'branch:to:open_pr',                   │ │
│ │                       [2m│   │   [0m[1m)[0m,                                         │ │
│ │                       [2m│   │   [0m'langgraph_path': [1m([0m                        │ │
│ │                       [2m│   │   │   [0m'__pregel_pull',                       │ │
│ │                       [2m│   │   │   [0m'open_pr'                              │ │
│ │                       [2m│   │   [0m[1m)[0m,                                         │ │
│ │                       [2m│   │   [0m'langgraph_checkpoint_ns':                 │ │
│ │                       'open_pr:2f7a8ced-565b-7923-323b-197ca619d09a'     │ │
│ │                       [2m│   [0m[1m}[0m,                                             │ │
│ │                       [2m│   [0m'configurable': [1m{[0m                              │ │
│ │                       [2m│   │   [0m'prompt': 'Tracker issue: K-1\n\nTracker   │ │
│ │                       issue: DECOY-999\n\nImplement the described        │ │
│ │                       change.\n\n#'+[1m51[0m,                                  │ │
│ │                       [2m│   │   [0m'repo_path': [3mNone[0m,                         │ │
│ │                       [2m│   │   [0m'repo_url':                                │ │
│ │                       'https://github.com/example/repository.git',       │ │
│ │                       [2m│   │   [0m'cache_key':                               │ │
│ │                       '0bc9cda8d33d431bb47f2004decfbf82',                │ │
│ │                       [2m│   │   [0m'run_identity': [1m{[0m                          │ │
│ │                       [2m│   │   │   [0m'kind': <RunKind.FIRE: 'fire'>,        │ │
│ │                       [2m│   │   │   [0m'name': 'K-1',                         │ │
│ │                       [2m│   │   │   [0m'started_at': [1mdatetime.datetime[0m[1m([0m[1m2026[0m,  │ │
│ │                       [1m9[0m, [1m12[0m, [1m12[0m, [1m10[0m, [1m37[0m, [1m360840[0m,                         │ │
│ │                       tzinfo=datetime.timezone.utc[1m)[0m                      │ │
│ │                       [2m│   │   [0m[1m}[0m,                                         │ │
│ │                       [2m│   │   [0m'workspace_path': [3mNone[0m,                    │ │
│ │                       [2m│   │   [0m'base_spec': [1m{[0m                             │ │
│ │                       [2m│   │   │   [0m'inputs': [1m([0m[1m)[0m,                          │ │
│ │                       [2m│   │   │   [0m'base_branch': 'trunk',                │ │
│ │                       [2m│   │   │   [0m'base_role': [3mNone[0m                      │ │
│ │                       [2m│   │   [0m[1m}[0m,                                         │ │
│ │                       [2m│   │   [0m'permission_mode':                         │ │
│ │                       <PermissionMode.UNATTENDED: 'unattended'>,         │ │
│ │                       [2m│   │   [0m'allowed_tools':                           │ │
│ │                       <ToolPreset.IMPLEMENTATION: 'implementation'>,     │ │
│ │                       [2m│   │   [0m'__pregel_runtime': [1mRuntime[0m[1m([0m               │ │
│ │                       [2m│   │   │   [0mcontext=[3mNone[0m,                          │ │
│ │                       [2m│   │   │   [0mstore=[3mNone[0m,                            │ │
│ │                       [2m│   │   │   [0mstream_writer=<function                │ │
│ │                       Pregel.astream.<locals>.stream_writer at           │ │
│ │                       [1m0x10c941620[0m>,                                      │ │
│ │                       [2m│   │   │   [0mprevious=[3mNone[0m                          │ │
│ │                       [2m│   │   [0m[1m)[0m,                                         │ │
│ │                       [2m│   │   [0m... +[1m10[0m                                    │ │
│ │                       [2m│   [0m[1m}[0m,                                             │ │
│ │                       [2m│   [0m'callbacks':                                   │ │
│ │                       <langchain_core.callbacks.manager.AsyncCallbackMa… │ │
│ │                       object at [1m0x10ca38a40[0m[1m>[0m,                            │ │
│ │                       [2m│   [0m'run_name': 'open_pr'                          │ │
│ │                       [1m}[0m                                                  │ │
│ │        [3mconfigurable[0m = [1m{[0m                                                  │ │
│ │                       [2m│   [0m'__pregel_call': [1mfunctools.partial[0m[1m([0m[1m<[0m[1mfunction[0m   │ │
│ │                       _acall at [1m0x10bee6020[0m>, <weakref at [1m0x10c6ca7f0[0m;   │ │
│ │                       to 'PregelExecutableTask' at [1m0x10c40dac0[0m>,         │ │
│ │                       retry_policy=[3mNone[0m, stream=[3mFalse[0m, futures=<weakref  │ │
│ │                       at [1m0x10c6c9f80[0m; to 'FuturesDict' at [1m0x10c6cb340[0m>,  │ │
│ │                       schedule_task=<bound method                        │ │
│ │                       AsyncPregelLoop.aaccept_push of                    │ │
│ │                       <langgraph.pregel._loop.AsyncPregelLoop object at  │ │
│ │                       [1m0x10ca3a270[0m>>, submit=<weakref at [1m0x10c7163d0[0m; to  │ │
│ │                       'AsyncBackgroundExecutor' at [1m0x10ca252b0[0m>,         │ │
│ │                       loop=<_UnixSelectorEventLoop running=[3mTrue[0m          │ │
│ │                       closed=[3mFalse[0m debug=[3mFalse[0m[1m>[0m[1m)[0m                         │ │
│ │                       [1m}[0m                                                  │ │
│ │ [3mmatch_cached_writes[0m = [3mNone[0m                                               │ │
│ │     [3mmatching_policy[0m = [3mNone[0m                                               │ │
│ │              [3mpolicy[0m = [1mRetryPolicy[0m[1m([0m                                       │ │
│ │                       [2m│   [0minitial_interval=[1m1[0m[1m.0[0m,                          │ │
│ │                       [2m│   [0mbackoff_factor=[1m2[0m[1m.0[0m,                            │ │
│ │                       [2m│   [0mmax_interval=[1m128[0m[1m.0[0m,                            │ │
│ │                       [2m│   [0mmax_attempts=[1m3[0m,                                │ │
│ │                       [2m│   [0mjitter=[3mTrue[0m,                                   │ │
│ │                       [2m│   [0mretry_on=[1m<[0m[1mfunction[0m should_retry at             │ │
│ │                       [1m0x10bf11b20[0m[1m>[0m                                       │ │
│ │                       [1m)[0m                                                  │ │
│ │        [3mretry_policy[0m = [1m([0m                                                  │ │
│ │                       [2m│   [0m[1mRetryPolicy[0m[1m([0m                                   │ │
│ │                       [2m│   │   [0minitial_interval=[1m1[0m[1m.0[0m,                      │ │
│ │                       [2m│   │   [0mbackoff_factor=[1m2[0m[1m.0[0m,                        │ │
│ │                       [2m│   │   [0mmax_interval=[1m128[0m[1m.0[0m,                        │ │
│ │                       [2m│   │   [0mmax_attempts=[1m3[0m,                            │ │
│ │                       [2m│   │   [0mjitter=[3mTrue[0m,                               │ │
│ │                       [2m│   │   [0mretry_on=[1m<[0m[1mfunction[0m should_retry at         │ │
│ │                       [1m0x10bf11b20[0m[1m>[0m                                       │ │
│ │                       [2m│   [0m[1m)[0m,                                             │ │
│ │                       [1m)[0m                                                  │ │
│ │              [3mstream[0m = [3mFalse[0m                                              │ │
│ │                [3mtask[0m = [1mPregelExecutableTask[0m[1m([0m                              │ │
│ │                       [2m│   [0mname='open_pr',                                │ │
│ │                       [2m│   [0minput=[1m{[0m                                        │ │
│ │                       [2m│   │   [0m'issue_key': 'K-1',                        │ │
│ │                       [2m│   │   [0m'feature_branch':                          │ │
│ │                       'kodezart/test-branch-82c5237e',                   │ │
│ │                       [2m│   │   [0m'ralph_branch':                            │ │
│ │                       'kodezart/test-branch-82c5237e-ralph-9f6109ec',    │ │
│ │                       [2m│   │   [0m'work_base_ref':                           │ │
│ │                       'kodezart/test-branch-82c5237e',                   │ │
│ │                       [2m│   │   [0m'ticket': [1mTicketDraftOutput[0m[1m([0m               │ │
│ │                       [2m│   │   │   [0mtitle='Test ticket',                   │ │
│ │                       [2m│   │   │   [0msummary='Test summary',                │ │
│ │                       [2m│   │   │   [0mcontext='Test context',                │ │
│ │                       [2m│   │   │   [0mreferences=[1m[[0m[1m][0m,                         │ │
│ │                       [2m│   │   │   [0mrequired_changes=[1m[[0m                     │ │
│ │                       [2m│   │   │   │   [0m[1mFileChange[0m[1m([0m                        │ │
│ │                       [2m│   │   │   │   │   [0mfile_path='test.py',           │ │
│ │                       [2m│   │   │   │   │   [0mchange_type='modify',          │ │
│ │                       [2m│   │   │   │   │   [0mdescription='test change',     │ │
│ │                       [2m│   │   │   │   │   [0mrationale='test rationale'     │ │
│ │                       [2m│   │   │   │   [0m[1m)[0m                                  │ │
│ │                       [2m│   │   │   [0m[1m][0m,                                     │ │
│ │                       [2m│   │   │   [0mout_of_scope=[1m[[0m[1m][0m,                       │ │
│ │                       [2m│   │   │   [0mopen_questions=[1m[[0m[1m][0m,                     │ │
│ │                       [2m│   │   │   [0msherlock_flags=[1m[[0m[1m][0m                      │ │
│ │                       [2m│   │   [0m[1m)[0m,                                         │ │
│ │                       [2m│   │   [0m'acceptance_criteria': [1m[[0m                   │ │
│ │                       [2m│   │   │   [0m[1mGeneratedCriterion[0m[1m([0m                    │ │
│ │                       [2m│   │   │   │   [0mid='AC-1',                         │ │
│ │                       [2m│   │   │   │   [0mtext='Tests pass'                  │ │
│ │                       [2m│   │   │   [0m[1m)[0m,                                     │ │
│ │                       [2m│   │   │   [0m[1mGeneratedCriterion[0m[1m([0m                    │ │
│ │                       [2m│   │   │   │   [0mid='AC-2',                         │ │
│ │                       [2m│   │   │   │   [0mtext='No lint errors'              │ │
│ │                       [2m│   │   │   [0m[1m)[0m                                      │ │
│ │                       [2m│   │   [0m[1m][0m,                                         │ │
│ │                       [2m│   │   [0m'criteria_artifact': [1mCriteriaArtifact[0m[1m([0m     │ │
│ │                       [2m│   │   │   [0mcriteria=[1m[[0m                             │ │
│ │                       [2m│   │   │   │   [0m[1mValidatedCriterion[0m[1m([0m                │ │
│ │                       [2m│   │   │   │   │   [0mid='AC-1',                     │ │
│ │                       [2m│   │   │   │   │   [0mtext='Tests pass',             │ │
│ │                       [2m│   │   │   │   │   [0m                               │ │
│ │                       feasibility=[1mCriterionFeasibility[0m[1m([0m                  │ │
│ │                       [2m│   │   │   │   │   │   [0mcriterion_id='AC-1',       │ │
│ │                       [2m│   │   │   │   │   │   [0m                           │ │
│ │                       verdict=[1m<[0m[1mCriterionVerdict.feasible:[0m 'feasible'>,   │ │
│ │                       [2m│   │   │   │   │   │   [0mrefutation=[3mNone[0m,           │ │
│ │                       [2m│   │   │   │   │   │   [0mmissing_resource=[3mNone[0m,     │ │
│ │                       [2m│   │   │   │   │   │   [0mcost_measurement=[3mNone[0m,     │ │
│ │                       [2m│   │   │   │   │   │   [0mflags=[1m[[0m[1m][0m,                  │ │
│ │                       [2m│   │   │   │   │   │   [0mforbidden_class=[3mNone[0m,      │ │
│ │                       [2m│   │   │   │   │   │   [0mundeclared_switch_arms=[1m[[0m[1m][0m  │ │
│ │                       [2m│   │   │   │   │   [0m[1m)[0m                              │ │
│ │                       [2m│   │   │   │   [0m[1m)[0m,                                 │ │
│ │                       [2m│   │   │   │   [0m[1mValidatedCriterion[0m[1m([0m                │ │
│ │                       [2m│   │   │   │   │   [0mid='AC-2',                     │ │
│ │                       [2m│   │   │   │   │   [0mtext='No lint errors',         │ │
│ │                       [2m│   │   │   │   │   [0m                               │ │
│ │                       feasibility=[1mCriterionFeasibility[0m[1m([0m                  │ │
│ │                       [2m│   │   │   │   │   │   [0mcriterion_id='AC-2',       │ │
│ │                       [2m│   │   │   │   │   │   [0m                           │ │
│ │                       verdict=<CriterionVerdict.feasible: 'feasible'>,   │ │
│ │                       [2m│   │   │   │   │   │   [0mrefutation=[3mNone[0m,           │ │
│ │                       [2m│   │   │   │   │   │   [0mmissing_resource=[3mNone[0m,     │ │
│ │                       [2m│   │   │   │   │   │   [0mcost_measurement=[3mNone[0m,     │ │
│ │                       [2m│   │   │   │   │   │   [0mflags=[1m[[0m[1m][0m,                  │ │
│ │                       [2m│   │   │   │   │   │   [0mforbidden_class=[3mNone[0m,      │ │
│ │                       [2m│   │   │   │   │   │   [0mundeclared_switch_arms=[1m[[0m[1m][0m  │ │
│ │                       [2m│   │   │   │   │   [0m[1m)[0m                              │ │
│ │                       [2m│   │   │   │   [0m[1m)[0m                                  │ │
│ │                       [2m│   │   │   [0m[1m][0m,                                     │ │
│ │                       [2m│   │   │   [0mconjunction=[1mConjunctionVerdict[0m[1m([0m        │ │
│ │                       [2m│   │   │   │   [0msatisfiable=[3mTrue[0m,                  │ │
│ │                       [2m│   │   │   │   [0mcontradictions=[1m[[0m[1m][0m                  │ │
│ │                       [2m│   │   │   [0m[1m)[0m                                      │ │
│ │                       [2m│   │   [0m[1m)[0m,                                         │ │
│ │                       [2m│   │   [0m'criteria_validation': [1mCriteriaValidation[0m[1m([0m │ │
│ │                       [2m│   │   │   [0mverdicts=[1m[[0m                             │ │
│ │                       [2m│   │   │   │   [0m[1mCriterionFeasibility[0m[1m([0m              │ │
│ │                       [2m│   │   │   │   │   [0mcriterion_id='AC-1',           │ │
│ │                       [2m│   │   │   │   │   [0m                               │ │
│ │                       verdict=<CriterionVerdict.feasible: 'feasible'>,   │ │
│ │                       [2m│   │   │   │   │   [0mrefutation=[3mNone[0m,               │ │
│ │                       [2m│   │   │   │   │   [0mmissing_resource=[3mNone[0m,         │ │
│ │                       [2m│   │   │   │   │   [0mcost_measurement=[3mNone[0m,         │ │
│ │                       [2m│   │   │   │   │   [0mflags=[1m[[0m[1m][0m,                      │ │
│ │                       [2m│   │   │   │   │   [0mforbidden_class=[3mNone[0m,          │ │
│ │                       [2m│   │   │   │   │   [0mundeclared_switch_arms=[1m[[0m[1m][0m      │ │
│ │                       [2m│   │   │   │   [0m[1m)[0m,                                 │ │
│ │                       [2m│   │   │   │   [0m[1mCriterionFeasibility[0m[1m([0m              │ │
│ │                       [2m│   │   │   │   │   [0mcriterion_id='AC-2',           │ │
│ │                       [2m│   │   │   │   │   [0m                               │ │
│ │                       verdict=<CriterionVerdict.feasible: 'feasible'>,   │ │
│ │                       [2m│   │   │   │   │   [0mrefutation=[3mNone[0m,               │ │
│ │                       [2m│   │   │   │   │   [0mmissing_resource=[3mNone[0m,         │ │
│ │                       [2m│   │   │   │   │   [0mcost_measurement=[3mNone[0m,         │ │
│ │                       [2m│   │   │   │   │   [0mflags=[1m[[0m[1m][0m,                      │ │
│ │                       [2m│   │   │   │   │   [0mforbidden_class=[3mNone[0m,          │ │
│ │                       [2m│   │   │   │   │   [0mundeclared_switch_arms=[1m[[0m[1m][0m      │ │
│ │                       [2m│   │   │   │   [0m[1m)[0m                                  │ │
│ │                       [2m│   │   │   [0m[1m][0m,                                     │ │
│ │                       [2m│   │   │   [0mconjunction=[1mConjunctionVerdict[0m[1m([0m        │ │
│ │                       [2m│   │   │   │   [0msatisfiable=[3mTrue[0m,                  │ │
│ │                       [2m│   │   │   │   [0mcontradictions=[1m[[0m[1m][0m                  │ │
│ │                       [2m│   │   │   [0m[1m)[0m                                      │ │
│ │                       [2m│   │   [0m[1m)[0m,                                         │ │
│ │                       [2m│   │   [0m'criteria_regeneration_rounds': [1m0[0m,         │ │
│ │                       [2m│   │   [0m'criteria_infeasible': [3mFalse[0m,              │ │
│ │                       [2m│   │   [0m... +[1m23[0m                                    │ │
│ │                       [2m│   [0m[1m}[0m,                                             │ │
│ │                       [2m│   [0m                                               │ │
│ │                       proc=<langgraph._internal._runnable.RunnableSeq    │ │
│ │                       object at [1m0x10c73f0b0[0m>,                            │ │
│ │                       [2m│   [0mwrites=[1mdeque[0m[1m([0m[1m[[0m                                 │ │
│ │                       [2m│   │   [0m[1m([0m                                          │ │
│ │                       [2m│   │   │   [0m'__error__',                           │ │
│ │                       [2m│   │   │   [0m[1mOutboundContentBlockedError[0m[1m([0m'Outbound  │ │
│ │                       content blocked before write (writer: pr_body;     │ │
│ │                       categories: credentials)'[1m)[0m                         │ │
│ │                       [2m│   │   [0m[1m)[0m                                          │ │
│ │                       [2m│   [0m[1m][0m[1m)[0m,                                            │ │
│ │                       [2m│   [0mconfig=[1m{[0m                                       │ │
│ │                       [2m│   │   [0m'metadata': [1m{[0m                              │ │
│ │                       [2m│   │   │   [0m'prompt': 'Tracker issue:              │ │
│ │                       K-1\n\nTracker issue: DECOY-999\n\nImplement the   │ │
│ │                       described change.\n\n#'+[1m51[0m,                        │ │
│ │                       [2m│   │   │   [0m'repo_url':                            │ │
│ │                       'https://github.com/example/repository.git',       │ │
│ │                       [2m│   │   │   [0m'permission_mode':                     │ │
│ │                       <PermissionMode.UNATTENDED: 'unattended'>,         │ │
│ │                       [2m│   │   │   [0m'allowed_tools':                       │ │
│ │                       <ToolPreset.IMPLEMENTATION: 'implementation'>,     │ │
│ │                       [2m│   │   │   [0m'langgraph_step': [1m2[0m,                   │ │
│ │                       [2m│   │   │   [0m'langgraph_node': 'open_pr',           │ │
│ │                       [2m│   │   │   [0m'langgraph_triggers': [1m([0m                │ │
│ │                       [2m│   │   │   │   [0m'branch:to:open_pr',               │ │
│ │                       [2m│   │   │   [0m[1m)[0m,                                     │ │
│ │                       [2m│   │   │   [0m'langgraph_path': [1m([0m                    │ │
│ │                       [2m│   │   │   │   [0m'__pregel_pull',                   │ │
│ │                       [2m│   │   │   │   [0m'open_pr'                          │ │
│ │                       [2m│   │   │   [0m[1m)[0m,                                     │ │
│ │                       [2m│   │   │   [0m'langgraph_checkpoint_ns':             │ │
│ │                       'open_pr:2f7a8ced-565b-7923-323b-197ca619d09a'     │ │
│ │                       [2m│   │   [0m[1m}[0m,                                         │ │
│ │                       [2m│   │   [0m'configurable': [1m{[0m                          │ │
│ │                       [2m│   │   │   [0m'prompt': 'Tracker issue:              │ │
│ │                       K-1\n\nTracker issue: DECOY-999\n\nImplement the   │ │
│ │                       described change.\n\n#'+[1m51[0m,                        │ │
│ │                       [2m│   │   │   [0m'repo_path': [3mNone[0m,                     │ │
│ │                       [2m│   │   │   [0m'repo_url':                            │ │
│ │                       'https://github.com/example/repository.git',       │ │
│ │                       [2m│   │   │   [0m'cache_key':                           │ │
│ │                       '0bc9cda8d33d431bb47f2004decfbf82',                │ │
│ │                       [2m│   │   │   [0m'run_identity': [1m{[0m                      │ │
│ │                       [2m│   │   │   │   [0m'kind': <RunKind.FIRE: 'fire'>,    │ │
│ │                       [2m│   │   │   │   [0m'name': 'K-1',                     │ │
│ │                       [2m│   │   │   │   [0m'started_at':                      │ │
│ │                       [1mdatetime.datetime[0m[1m([0m[1m2026[0m, [1m9[0m, [1m12[0m, [1m12[0m, [1m10[0m, [1m37[0m, [1m360840[0m, │ │
│ │                       tzinfo=datetime.timezone.utc[1m)[0m                      │ │
│ │                       [2m│   │   │   [0m[1m}[0m,                                     │ │
│ │                       [2m│   │   │   [0m'workspace_path': [3mNone[0m,                │ │
│ │                       [2m│   │   │   [0m'base_spec': [1m{[0m                         │ │
│ │                       [2m│   │   │   │   [0m'inputs': [1m([0m[1m)[0m,                      │ │
│ │                       [2m│   │   │   │   [0m'base_branch': 'trunk',            │ │
│ │                       [2m│   │   │   │   [0m'base_role': [3mNone[0m                  │ │
│ │                       [2m│   │   │   [0m[1m}[0m,                                     │ │
│ │                       [2m│   │   │   [0m'permission_mode':                     │ │
│ │                       <PermissionMode.UNATTENDED: 'unattended'>,         │ │
│ │                       [2m│   │   │   [0m'allowed_tools':                       │ │
│ │                       <ToolPreset.IMPLEMENTATION: 'implementation'>,     │ │
│ │                       [2m│   │   │   [0m'__pregel_runtime': [1mRuntime[0m[1m([0m           │ │
│ │                       [2m│   │   │   │   [0mcontext=[3mNone[0m,                      │ │
│ │                       [2m│   │   │   │   [0mstore=[3mNone[0m,                        │ │
│ │                       [2m│   │   │   │   [0mstream_writer=<function            │ │
│ │                       Pregel.astream.<locals>.stream_writer at           │ │
│ │                       [1m0x10c941620[0m>,                                      │ │
│ │                       [2m│   │   │   │   [0mprevious=[3mNone[0m                      │ │
│ │                       [2m│   │   │   [0m[1m)[0m,                                     │ │
│ │                       [2m│   │   │   [0m... +[1m9[0m                                 │ │
│ │                       [2m│   │   [0m[1m}[0m,                                         │ │
│ │                       [2m│   │   [0m'callbacks':                               │ │
│ │                       <langchain_core.callbacks.manager.AsyncCallbackMa… │ │
│ │                       object at [1m0x10ca38a40[0m>,                            │ │
│ │                       [2m│   │   [0m'run_name': 'open_pr'                      │ │
│ │                       [2m│   [0m[1m}[0m,                                             │ │
│ │                       [2m│   [0mtriggers=[1m([0m'branch:to:open_pr',[1m)[0m,               │ │
│ │                       [2m│   [0mretry_policy=[1m([0m                                 │ │
│ │                       [2m│   │   [0m[1mRetryPolicy[0m[1m([0m                               │ │
│ │                       [2m│   │   │   [0minitial_interval=[1m1[0m[1m.0[0m,                  │ │
│ │                       [2m│   │   │   [0mbackoff_factor=[1m2[0m[1m.0[0m,                    │ │
│ │                       [2m│   │   │   [0mmax_interval=[1m128[0m[1m.0[0m,                    │ │
│ │                       [2m│   │   │   [0mmax_attempts=[1m3[0m,                        │ │
│ │                       [2m│   │   │   [0mjitter=[3mTrue[0m,                           │ │
│ │                       [2m│   │   │   [0mretry_on=<function should_retry at     │ │
│ │                       [1m0x10bf11b20[0m>                                       │ │
│ │                       [2m│   │   [0m[1m)[0m,                                         │ │
│ │                       [2m│   [0m[1m)[0m,                                             │ │
│ │                       [2m│   [0mcache_key=[3mNone[0m,                                │ │
│ │                       [2m│   [0mid='2f7a8ced-565b-7923-323b-197ca619d09a',     │ │
│ │                       [2m│   [0mpath=[1m([0m'__pregel_pull', 'open_pr'[1m)[0m,             │ │
│ │                       [2m│   [0mwriters=[1m[[0m                                      │ │
│ │                       [2m│   │   [0mChannelWrite<...,...>[1m([0mtags=[3mNone[0m,           │ │
│ │                       recurse=[3mTrue[0m, explode_args=[3mFalse[0m,                  │ │
│ │                       func_accepts=[1m{[0m'config': [1m([0m'N/A', <class             │ │
│ │                       'inspect._empty'>[1m)[0m[1m}[0m,                               │ │
│ │                       writes=[1m([0m[1mChannelWriteTupleEntry[0m[1m([0mmapper=<function    │ │
│ │                       CompiledStateGraph.attach_node.<locals>._get_upda… │ │
│ │                       at [1m0x10c91df80[0m>, value=<object object at           │ │
│ │                       [1m0x10a8622b0[0m>, static=[3mNone[0m[1m)[0m,                        │ │
│ │                       [1mChannelWriteTupleEntry[0m[1m([0mmapper=<function            │ │
│ │                       _control_branch at [1m0x10befa3e0[0m>, value=<object     │ │
│ │                       object at [1m0x10a8622b0[0m>, static=[1m[[0m[1m][0m[1m)[0m[1m)[0m[1m)[0m,              │ │
│ │                       [2m│   │   [0m[1m_route[0m[1m([0mtags=[3mNone[0m, recurse=[3mTrue[0m,            │ │
│ │                       explode_args=[3mFalse[0m, func_accepts=[1m{[0m'config':        │ │
│ │                       [1m([0m'N/A', <class 'inspect._empty'[1m>[0m[1m)[0m[1m}[0m,                │ │
│ │                       _is_channel_writer=[1m[[0m[1m([0m[1mChannelWriteEntry[0m[1m([0mchannel='b… │ │
│ │                       value=[3mNone[0m, skip_none=[3mFalse[0m, mapper=[3mNone[0m[1m)[0m,         │ │
│ │                       'monitor_ci'[1m)[0m,                                     │ │
│ │                       [1m([0m[1mChannelWriteEntry[0m[1m([0mchannel='branch:to:complete',   │ │
│ │                       value=[3mNone[0m, skip_none=[3mFalse[0m, mapper=[3mNone[0m[1m)[0m,         │ │
│ │                       'complete'[1m)[0m[1m][0m[1m)[0m                                      │ │
│ │                       [2m│   [0m[1m][0m,                                             │ │
│ │                       [2m│   [0msubgraphs=[1m[[0m[1m][0m                                   │ │
│ │                       [1m)[0m                                                  │ │
│ ╰──────────────────────────────────────────────────────────────────────────╯ │
│                                                                              │
│ [2m/private/tmp/kodezart-v03-recovery-criterion-class/.venv/lib/python3.12/site[0m │
│ [2m-packages/langgraph/_internal/[0m[1m_runnable.py[0m:705 in ainvoke                    │
│                                                                              │
│   [2m702 [0m[2m│   │   │   │   │   │   │   [0mrun = None                                 │
│   [2m703 [0m[2m│   │   │   │   │   │   [0m[2m# run in context[0m                               │
│   [2m704 [0m[2m│   │   │   │   │   │   [0mwith set_config_context(config, run) as contex │
│ ❱ 705 [2m│   │   │   │   │   │   │   [0minput = await asyncio.create_task(         │
│   [2m706 [0m[2m│   │   │   │   │   │   │   │   [0mstep.ainvoke(input, config, **kwargs), │
│   [2m707 [0m[2m│   │   │   │   │   │   │   [0m)                                          │
│   [2m708 [0m[2m│   │   │   │   │   [0melse:                                              │
│                                                                              │
│ ╭───────────────────────────────── locals ─────────────────────────────────╮ │
│ │ [3mcallback_manager[0m = [1m<[0m[1mlangchain_core.callbacks.manager.AsyncCallbackManag…[0m │ │
│ │                    object at [1m0x10ca38a40[0m[1m>[0m                                │ │
│ │           [3mconfig[0m = [1m{[0m                                                     │ │
│ │                    [2m│   [0m'metadata': [1m{[0m                                     │ │
│ │                    [2m│   │   [0m'prompt': 'Tracker issue: K-1\n\nTracker      │ │
│ │                    issue: DECOY-999\n\nImplement the described           │ │
│ │                    change.\n\n#'+[1m51[0m,                                     │ │
│ │                    [2m│   │   [0m'repo_url':                                   │ │
│ │                    'https://github.com/example/repository.git',          │ │
│ │                    [2m│   │   [0m'permission_mode':                            │ │
│ │                    [1m<[0m[1mPermissionMode.UNATTENDED:[0m 'unattended'>,            │ │
│ │                    [2m│   │   [0m'allowed_tools': <ToolPreset.IMPLEMENTATION:  │ │
│ │                    'implementation'>,                                    │ │
│ │                    [2m│   │   [0m'langgraph_step': [1m2[0m,                          │ │
│ │                    [2m│   │   [0m'langgraph_node': 'open_pr',                  │ │
│ │                    [2m│   │   [0m'langgraph_triggers': [1m([0m                       │ │
│ │                    [2m│   │   │   [0m'branch:to:open_pr',                      │ │
│ │                    [2m│   │   [0m[1m)[0m,                                            │ │
│ │                    [2m│   │   [0m'langgraph_path': [1m([0m                           │ │
│ │                    [2m│   │   │   [0m'__pregel_pull',                          │ │
│ │                    [2m│   │   │   [0m'open_pr'                                 │ │
│ │                    [2m│   │   [0m[1m)[0m,                                            │ │
│ │                    [2m│   │   [0m'langgraph_checkpoint_ns':                    │ │
│ │                    'open_pr:2f7a8ced-565b-7923-323b-197ca619d09a'        │ │
│ │                    [2m│   [0m[1m}[0m,                                                │ │
│ │                    [2m│   [0m'configurable': [1m{[0m                                 │ │
│ │                    [2m│   │   [0m'prompt': 'Tracker issue: K-1\n\nTracker      │ │
│ │                    issue: DECOY-999\n\nImplement the described           │ │
│ │                    change.\n\n#'+[1m51[0m,                                     │ │
│ │                    [2m│   │   [0m'repo_path': [3mNone[0m,                            │ │
│ │                    [2m│   │   [0m'repo_url':                                   │ │
│ │                    'https://github.com/example/repository.git',          │ │
│ │                    [2m│   │   [0m'cache_key':                                  │ │
│ │                    '0bc9cda8d33d431bb47f2004decfbf82',                   │ │
│ │                    [2m│   │   [0m'run_identity': [1m{[0m                             │ │
│ │                    [2m│   │   │   [0m'kind': <RunKind.FIRE: 'fire'>,           │ │
│ │                    [2m│   │   │   [0m'name': 'K-1',                            │ │
│ │                    [2m│   │   │   [0m'started_at': [1mdatetime.datetime[0m[1m([0m[1m2026[0m, [1m9[0m,  │ │
│ │                    [1m12[0m, [1m12[0m, [1m10[0m, [1m37[0m, [1m360840[0m, tzinfo=datetime.timezone.utc[1m)[0m │ │
│ │                    [2m│   │   [0m[1m}[0m,                                            │ │
│ │                    [2m│   │   [0m'workspace_path': [3mNone[0m,                       │ │
│ │                    [2m│   │   [0m'base_spec': [1m{[0m                                │ │
│ │                    [2m│   │   │   [0m'inputs': [1m([0m[1m)[0m,                             │ │
│ │                    [2m│   │   │   [0m'base_branch': 'trunk',                   │ │
│ │                    [2m│   │   │   [0m'base_role': [3mNone[0m                         │ │
│ │                    [2m│   │   [0m[1m}[0m,                                            │ │
│ │                    [2m│   │   [0m'permission_mode':                            │ │
│ │                    <PermissionMode.UNATTENDED: 'unattended'>,            │ │
│ │                    [2m│   │   [0m'allowed_tools': <ToolPreset.IMPLEMENTATION:  │ │
│ │                    'implementation'>,                                    │ │
│ │                    [2m│   │   [0m'__pregel_runtime': [1mRuntime[0m[1m([0m                  │ │
│ │                    [2m│   │   │   [0mcontext=[3mNone[0m,                             │ │
│ │                    [2m│   │   │   [0mstore=[3mNone[0m,                               │ │
│ │                    [2m│   │   │   [0mstream_writer=<function                   │ │
│ │                    Pregel.astream.<locals>.stream_writer at              │ │
│ │                    [1m0x10c941620[0m>,                                         │ │
│ │                    [2m│   │   │   [0mprevious=[3mNone[0m                             │ │
│ │                    [2m│   │   [0m[1m)[0m,                                            │ │
│ │                    [2m│   │   [0m... +[1m10[0m                                       │ │
│ │                    [2m│   [0m[1m}[0m,                                                │ │
│ │                    [2m│   [0m'callbacks':                                      │ │
│ │                    <langchain_core.callbacks.manager.AsyncCallbackManag… │ │
│ │                    object at [1m0x10ca3b110[0m[1m>[0m                                │ │
│ │                    [1m}[0m                                                     │ │
│ │          [3mcontext[0m = [1m<[0m[1m_contextvars.Context[0m object at [1m0x10c70d1c0[0m[1m>[0m          │ │
│ │                [3mi[0m = [1m0[0m                                                     │ │
│ │            [3minput[0m = [1m{[0m                                                     │ │
│ │                    [2m│   [0m'issue_key': 'K-1',                               │ │
│ │                    [2m│   [0m'feature_branch':                                 │ │
│ │                    'kodezart/test-branch-82c5237e',                      │ │
│ │                    [2m│   [0m'ralph_branch':                                   │ │
│ │                    'kodezart/test-branch-82c5237e-ralph-9f6109ec',       │ │
│ │                    [2m│   [0m'work_base_ref': 'kodezart/test-branch-82c5237e', │ │
│ │                    [2m│   [0m'ticket': [1mTicketDraftOutput[0m[1m([0m                      │ │
│ │                    [2m│   │   [0mtitle='Test ticket',                          │ │
│ │                    [2m│   │   [0msummary='Test summary',                       │ │
│ │                    [2m│   │   [0mcontext='Test context',                       │ │
│ │                    [2m│   │   [0mreferences=[1m[[0m[1m][0m,                                │ │
│ │                    [2m│   │   [0mrequired_changes=[1m[[0m                            │ │
│ │                    [2m│   │   │   [0m[1mFileChange[0m[1m([0m                               │ │
│ │                    [2m│   │   │   │   [0mfile_path='test.py',                  │ │
│ │                    [2m│   │   │   │   [0mchange_type='modify',                 │ │
│ │                    [2m│   │   │   │   [0mdescription='test change',            │ │
│ │                    [2m│   │   │   │   [0mrationale='test rationale'            │ │
│ │                    [2m│   │   │   [0m[1m)[0m                                         │ │
│ │                    [2m│   │   [0m[1m][0m,                                            │ │
│ │                    [2m│   │   [0mout_of_scope=[1m[[0m[1m][0m,                              │ │
│ │                    [2m│   │   [0mopen_questions=[1m[[0m[1m][0m,                            │ │
│ │                    [2m│   │   [0msherlock_flags=[1m[[0m[1m][0m                             │ │
│ │                    [2m│   [0m[1m)[0m,                                                │ │
│ │                    [2m│   [0m'acceptance_criteria': [1m[[0m                          │ │
│ │                    [2m│   │   [0m[1mGeneratedCriterion[0m[1m([0m                           │ │
│ │                    [2m│   │   │   [0mid='AC-1',                                │ │
│ │                    [2m│   │   │   [0mtext='Tests pass'                         │ │
│ │                    [2m│   │   [0m[1m)[0m,                                            │ │
│ │                    [2m│   │   [0m[1mGeneratedCriterion[0m[1m([0m                           │ │
│ │                    [2m│   │   │   [0mid='AC-2',                                │ │
│ │                    [2m│   │   │   [0mtext='No lint errors'                     │ │
│ │                    [2m│   │   [0m[1m)[0m                                             │ │
│ │                    [2m│   [0m[1m][0m,                                                │ │
│ │                    [2m│   [0m'criteria_artifact': [1mCriteriaArtifact[0m[1m([0m            │ │
│ │                    [2m│   │   [0mcriteria=[1m[[0m                                    │ │
│ │                    [2m│   │   │   [0m[1mValidatedCriterion[0m[1m([0m                       │ │
│ │                    [2m│   │   │   │   [0mid='AC-1',                            │ │
│ │                    [2m│   │   │   │   [0mtext='Tests pass',                    │ │
│ │                    [2m│   │   │   │   [0mfeasibility=[1mCriterionFeasibility[0m[1m([0m     │ │
│ │                    [2m│   │   │   │   │   [0mcriterion_id='AC-1',              │ │
│ │                    [2m│   │   │   │   │   [0m                                  │ │
│ │                    verdict=[1m<[0m[1mCriterionVerdict.feasible:[0m 'feasible'>,      │ │
│ │                    [2m│   │   │   │   │   [0mrefutation=[3mNone[0m,                  │ │
│ │                    [2m│   │   │   │   │   [0mmissing_resource=[3mNone[0m,            │ │
│ │                    [2m│   │   │   │   │   [0mcost_measurement=[3mNone[0m,            │ │
│ │                    [2m│   │   │   │   │   [0mflags=[1m[[0m[1m][0m,                         │ │
│ │                    [2m│   │   │   │   │   [0mforbidden_class=[3mNone[0m,             │ │
│ │                    [2m│   │   │   │   │   [0mundeclared_switch_arms=[1m[[0m[1m][0m         │ │
│ │                    [2m│   │   │   │   [0m[1m)[0m                                     │ │
│ │                    [2m│   │   │   [0m[1m)[0m,                                        │ │
│ │                    [2m│   │   │   [0m[1mValidatedCriterion[0m[1m([0m                       │ │
│ │                    [2m│   │   │   │   [0mid='AC-2',                            │ │
│ │                    [2m│   │   │   │   [0mtext='No lint errors',                │ │
│ │                    [2m│   │   │   │   [0mfeasibility=[1mCriterionFeasibility[0m[1m([0m     │ │
│ │                    [2m│   │   │   │   │   [0mcriterion_id='AC-2',              │ │
│ │                    [2m│   │   │   │   │   [0m                                  │ │
│ │                    verdict=<CriterionVerdict.feasible: 'feasible'>,      │ │
│ │                    [2m│   │   │   │   │   [0mrefutation=[3mNone[0m,                  │ │
│ │                    [2m│   │   │   │   │   [0mmissing_resource=[3mNone[0m,            │ │
│ │                    [2m│   │   │   │   │   [0mcost_measurement=[3mNone[0m,            │ │
│ │                    [2m│   │   │   │   │   [0mflags=[1m[[0m[1m][0m,                         │ │
│ │                    [2m│   │   │   │   │   [0mforbidden_class=[3mNone[0m,             │ │
│ │                    [2m│   │   │   │   │   [0mundeclared_switch_arms=[1m[[0m[1m][0m         │ │
│ │                    [2m│   │   │   │   [0m[1m)[0m                                     │ │
│ │                    [2m│   │   │   [0m[1m)[0m                                         │ │
│ │                    [2m│   │   [0m[1m][0m,                                            │ │
│ │                    [2m│   │   [0mconjunction=[1mConjunctionVerdict[0m[1m([0m               │ │
│ │                    [2m│   │   │   [0msatisfiable=[3mTrue[0m,                         │ │
│ │                    [2m│   │   │   [0mcontradictions=[1m[[0m[1m][0m                         │ │
│ │                    [2m│   │   [0m[1m)[0m                                             │ │
│ │                    [2m│   [0m[1m)[0m,                                                │ │
│ │                    [2m│   [0m'criteria_validation': [1mCriteriaValidation[0m[1m([0m        │ │
│ │                    [2m│   │   [0mverdicts=[1m[[0m                                    │ │
│ │                    [2m│   │   │   [0m[1mCriterionFeasibility[0m[1m([0m                     │ │
│ │                    [2m│   │   │   │   [0mcriterion_id='AC-1',                  │ │
│ │                    [2m│   │   │   │   [0mverdict=<CriterionVerdict.feasible:   │ │
│ │                    'feasible'>,                                          │ │
│ │                    [2m│   │   │   │   [0mrefutation=[3mNone[0m,                      │ │
│ │                    [2m│   │   │   │   [0mmissing_resource=[3mNone[0m,                │ │
│ │                    [2m│   │   │   │   [0mcost_measurement=[3mNone[0m,                │ │
│ │                    [2m│   │   │   │   [0mflags=[1m[[0m[1m][0m,                             │ │
│ │                    [2m│   │   │   │   [0mforbidden_class=[3mNone[0m,                 │ │
│ │                    [2m│   │   │   │   [0mundeclared_switch_arms=[1m[[0m[1m][0m             │ │
│ │                    [2m│   │   │   [0m[1m)[0m,                                        │ │
│ │                    [2m│   │   │   [0m[1mCriterionFeasibility[0m[1m([0m                     │ │
│ │                    [2m│   │   │   │   [0mcriterion_id='AC-2',                  │ │
│ │                    [2m│   │   │   │   [0mverdict=<CriterionVerdict.feasible:   │ │
│ │                    'feasible'[1m>[0m,                                          │ │
│ │                    [2m│   │   │   │   [0mrefutation=[3mNone[0m,                      │ │
│ │                    [2m│   │   │   │   [0mmissing_resource=[3mNone[0m,                │ │
│ │                    [2m│   │   │   │   [0mcost_measurement=[3mNone[0m,                │ │
│ │                    [2m│   │   │   │   [0mflags=[1m[[0m[1m][0m,                             │ │
│ │                    [2m│   │   │   │   [0mforbidden_class=[3mNone[0m,                 │ │
│ │                    [2m│   │   │   │   [0mundeclared_switch_arms=[1m[[0m[1m][0m             │ │
│ │                    [2m│   │   │   [0m[1m)[0m                                         │ │
│ │                    [2m│   │   [0m[1m][0m,                                            │ │
│ │                    [2m│   │   [0mconjunction=[1mConjunctionVerdict[0m[1m([0m               │ │
│ │                    [2m│   │   │   [0msatisfiable=[3mTrue[0m,                         │ │
│ │                    [2m│   │   │   [0mcontradictions=[1m[[0m[1m][0m                         │ │
│ │                    [2m│   │   [0m[1m)[0m                                             │ │
│ │                    [2m│   [0m[1m)[0m,                                                │ │
│ │                    [2m│   [0m'criteria_regeneration_rounds': [1m0[0m,                │ │
│ │                    [2m│   [0m'criteria_infeasible': [3mFalse[0m,                     │ │
│ │                    [2m│   [0m... +[1m23[0m                                           │ │
│ │                    [1m}[0m                                                     │ │
│ │           [3mkwargs[0m = [1m{[0m[1m}[0m                                                    │ │
│ │              [3mrun[0m = [3mNone[0m                                                  │ │
│ │      [3mrun_manager[0m = [1m<[0m[1mlangchain_core.callbacks.manager.AsyncCallbackManag…[0m │ │
│ │                    object at [1m0x10ca3b680[0m[1m>[0m                                │ │
│ │             [3mself[0m = [1m<[0m[1mlanggraph._internal._runnable.RunnableSeq[0m object at  │ │
│ │                    [1m0x10c73f0b0[0m[1m>[0m                                          │ │
│ │             [3mstep[0m = [1mopen_pr[0m[1m([0mtags=[3mNone[0m, recurse=[3mTrue[0m, explode_args=[3mFalse[0m,  │ │
│ │                    func_accepts=[1m{[0m'config': [1m([0m'N/A', [1m<[0m[1mclass[0m                │ │
│ │                    'inspect._empty'[1m>[0m[1m)[0m[1m}[0m[1m)[0m                                  │ │
│ ╰──────────────────────────────────────────────────────────────────────────╯ │
│                                                                              │
│ [2m/private/tmp/kodezart-v03-recovery-criterion-class/.venv/lib/python3.12/site[0m │
│ [2m-packages/langgraph/_internal/[0m[1m_runnable.py[0m:473 in ainvoke                    │
│                                                                              │
│   [2m470 [0m[2m│   │   │   [0melse:                                                      │
│   [2m471 [0m[2m│   │   │   │   [0mawait run_manager.on_chain_end(ret)                    │
│   [2m472 [0m[2m│   │   [0melse:                                                          │
│ ❱ 473 [2m│   │   │   [0mret = [1;4mawait[0m[1;4m [0m[1;4mself[0m[1;4m.afunc(*args, **kwargs)[0m                    │
│   [2m474 [0m[2m│   │   [0mif self.recurse and isinstance(ret, Runnable):                 │
│   [2m475 [0m[2m│   │   │   [0mreturn await ret.ainvoke(input, config)                    │
│   [2m476 [0m[2m│   │   [0mreturn ret                                                     │
│                                                                              │
│ ╭───────────────────────────────── locals ─────────────────────────────────╮ │
│ │        [3margs[0m = [1m([0m                                                          │ │
│ │               [2m│   [0m[1m{[0m                                                      │ │
│ │               [2m│   │   [0m'issue_key': 'K-1',                                │ │
│ │               [2m│   │   [0m'feature_branch': 'kodezart/test-branch-82c5237e', │ │
│ │               [2m│   │   [0m'ralph_branch':                                    │ │
│ │               'kodezart/test-branch-82c5237e-ralph-9f6109ec',            │ │
│ │               [2m│   │   [0m'work_base_ref': 'kodezart/test-branch-82c5237e',  │ │
│ │               [2m│   │   [0m'ticket': [1mTicketDraftOutput[0m[1m([0m                       │ │
│ │               [2m│   │   │   [0mtitle='Test ticket',                           │ │
│ │               [2m│   │   │   [0msummary='Test summary',                        │ │
│ │               [2m│   │   │   [0mcontext='Test context',                        │ │
│ │               [2m│   │   │   [0mreferences=[1m[[0m[1m][0m,                                 │ │
│ │               [2m│   │   │   [0mrequired_changes=[1m[[0m                             │ │
│ │               [2m│   │   │   │   [0m[1mFileChange[0m[1m([0m                                │ │
│ │               [2m│   │   │   │   │   [0mfile_path='test.py',                   │ │
│ │               [2m│   │   │   │   │   [0mchange_type='modify',                  │ │
│ │               [2m│   │   │   │   │   [0mdescription='test change',             │ │
│ │               [2m│   │   │   │   │   [0mrationale='test rationale'             │ │
│ │               [2m│   │   │   │   [0m[1m)[0m                                          │ │
│ │               [2m│   │   │   [0m[1m][0m,                                             │ │
│ │               [2m│   │   │   [0mout_of_scope=[1m[[0m[1m][0m,                               │ │
│ │               [2m│   │   │   [0mopen_questions=[1m[[0m[1m][0m,                             │ │
│ │               [2m│   │   │   [0msherlock_flags=[1m[[0m[1m][0m                              │ │
│ │               [2m│   │   [0m[1m)[0m,                                                 │ │
│ │               [2m│   │   [0m'acceptance_criteria': [1m[[0m                           │ │
│ │               [2m│   │   │   [0m[1mGeneratedCriterion[0m[1m([0m                            │ │
│ │               [2m│   │   │   │   [0mid='AC-1',                                 │ │
│ │               [2m│   │   │   │   [0mtext='Tests pass'                          │ │
│ │               [2m│   │   │   [0m[1m)[0m,                                             │ │
│ │               [2m│   │   │   [0m[1mGeneratedCriterion[0m[1m([0m                            │ │
│ │               [2m│   │   │   │   [0mid='AC-2',                                 │ │
│ │               [2m│   │   │   │   [0mtext='No lint errors'                      │ │
│ │               [2m│   │   │   [0m[1m)[0m                                              │ │
│ │               [2m│   │   [0m[1m][0m,                                                 │ │
│ │               [2m│   │   [0m'criteria_artifact': [1mCriteriaArtifact[0m[1m([0m             │ │
│ │               [2m│   │   │   [0mcriteria=[1m[[0m                                     │ │
│ │               [2m│   │   │   │   [0m[1mValidatedCriterion[0m[1m([0m                        │ │
│ │               [2m│   │   │   │   │   [0mid='AC-1',                             │ │
│ │               [2m│   │   │   │   │   [0mtext='Tests pass',                     │ │
│ │               [2m│   │   │   │   │   [0mfeasibility=[1mCriterionFeasibility[0m[1m([0m      │ │
│ │               [2m│   │   │   │   │   │   [0mcriterion_id='AC-1',               │ │
│ │               [2m│   │   │   │   │   │   [0m                                   │ │
│ │               verdict=[1m<[0m[1mCriterionVerdict.feasible:[0m 'feasible'>,           │ │
│ │               [2m│   │   │   │   │   │   [0mrefutation=[3mNone[0m,                   │ │
│ │               [2m│   │   │   │   │   │   [0mmissing_resource=[3mNone[0m,             │ │
│ │               [2m│   │   │   │   │   │   [0mcost_measurement=[3mNone[0m,             │ │
│ │               [2m│   │   │   │   │   │   [0mflags=[1m[[0m[1m][0m,                          │ │
│ │               [2m│   │   │   │   │   │   [0mforbidden_class=[3mNone[0m,              │ │
│ │               [2m│   │   │   │   │   │   [0mundeclared_switch_arms=[1m[[0m[1m][0m          │ │
│ │               [2m│   │   │   │   │   [0m[1m)[0m                                      │ │
│ │               [2m│   │   │   │   [0m[1m)[0m,                                         │ │
│ │               [2m│   │   │   │   [0m[1mValidatedCriterion[0m[1m([0m                        │ │
│ │               [2m│   │   │   │   │   [0mid='AC-2',                             │ │
│ │               [2m│   │   │   │   │   [0mtext='No lint errors',                 │ │
│ │               [2m│   │   │   │   │   [0mfeasibility=[1mCriterionFeasibility[0m[1m([0m      │ │
│ │               [2m│   │   │   │   │   │   [0mcriterion_id='AC-2',               │ │
│ │               [2m│   │   │   │   │   │   [0m                                   │ │
│ │               verdict=<CriterionVerdict.feasible: 'feasible'>,           │ │
│ │               [2m│   │   │   │   │   │   [0mrefutation=[3mNone[0m,                   │ │
│ │               [2m│   │   │   │   │   │   [0mmissing_resource=[3mNone[0m,             │ │
│ │               [2m│   │   │   │   │   │   [0mcost_measurement=[3mNone[0m,             │ │
│ │               [2m│   │   │   │   │   │   [0mflags=[1m[[0m[1m][0m,                          │ │
│ │               [2m│   │   │   │   │   │   [0mforbidden_class=[3mNone[0m,              │ │
│ │               [2m│   │   │   │   │   │   [0mundeclared_switch_arms=[1m[[0m[1m][0m          │ │
│ │               [2m│   │   │   │   │   [0m[1m)[0m                                      │ │
│ │               [2m│   │   │   │   [0m[1m)[0m                                          │ │
│ │               [2m│   │   │   [0m[1m][0m,                                             │ │
│ │               [2m│   │   │   [0mconjunction=[1mConjunctionVerdict[0m[1m([0m                │ │
│ │               [2m│   │   │   │   [0msatisfiable=[3mTrue[0m,                          │ │
│ │               [2m│   │   │   │   [0mcontradictions=[1m[[0m[1m][0m                          │ │
│ │               [2m│   │   │   [0m[1m)[0m                                              │ │
│ │               [2m│   │   [0m[1m)[0m,                                                 │ │
│ │               [2m│   │   [0m'criteria_validation': [1mCriteriaValidation[0m[1m([0m         │ │
│ │               [2m│   │   │   [0mverdicts=[1m[[0m                                     │ │
│ │               [2m│   │   │   │   [0m[1mCriterionFeasibility[0m[1m([0m                      │ │
│ │               [2m│   │   │   │   │   [0mcriterion_id='AC-1',                   │ │
│ │               [2m│   │   │   │   │   [0mverdict=<CriterionVerdict.feasible:    │ │
│ │               'feasible'>,                                               │ │
│ │               [2m│   │   │   │   │   [0mrefutation=[3mNone[0m,                       │ │
│ │               [2m│   │   │   │   │   [0mmissing_resource=[3mNone[0m,                 │ │
│ │               [2m│   │   │   │   │   [0mcost_measurement=[3mNone[0m,                 │ │
│ │               [2m│   │   │   │   │   [0mflags=[1m[[0m[1m][0m,                              │ │
│ │               [2m│   │   │   │   │   [0mforbidden_class=[3mNone[0m,                  │ │
│ │               [2m│   │   │   │   │   [0mundeclared_switch_arms=[1m[[0m[1m][0m              │ │
│ │               [2m│   │   │   │   [0m[1m)[0m,                                         │ │
│ │               [2m│   │   │   │   [0m[1mCriterionFeasibility[0m[1m([0m                      │ │
│ │               [2m│   │   │   │   │   [0mcriterion_id='AC-2',                   │ │
│ │               [2m│   │   │   │   │   [0mverdict=<CriterionVerdict.feasible:    │ │
│ │               'feasible'[1m>[0m,                                               │ │
│ │               [2m│   │   │   │   │   [0mrefutation=[3mNone[0m,                       │ │
│ │               [2m│   │   │   │   │   [0mmissing_resource=[3mNone[0m,                 │ │
│ │               [2m│   │   │   │   │   [0mcost_measurement=[3mNone[0m,                 │ │
│ │               [2m│   │   │   │   │   [0mflags=[1m[[0m[1m][0m,                              │ │
│ │               [2m│   │   │   │   │   [0mforbidden_class=[3mNone[0m,                  │ │
│ │               [2m│   │   │   │   │   [0mundeclared_switch_arms=[1m[[0m[1m][0m              │ │
│ │               [2m│   │   │   │   [0m[1m)[0m                                          │ │
│ │               [2m│   │   │   [0m[1m][0m,                                             │ │
│ │               [2m│   │   │   [0mconjunction=[1mConjunctionVerdict[0m[1m([0m                │ │
│ │               [2m│   │   │   │   [0msatisfiable=[3mTrue[0m,                          │ │
│ │               [2m│   │   │   │   [0mcontradictions=[1m[[0m[1m][0m                          │ │
│ │               [2m│   │   │   [0m[1m)[0m                                              │ │
│ │               [2m│   │   [0m[1m)[0m,                                                 │ │
│ │               [2m│   │   [0m'criteria_regeneration_rounds': [1m0[0m,                 │ │
│ │               [2m│   │   [0m'criteria_infeasible': [3mFalse[0m,                      │ │
│ │               [2m│   │   [0m... +[1m23[0m                                            │ │
│ │               [2m│   [0m[1m}[0m,                                                     │ │
│ │               [1m)[0m                                                          │ │
│ │      [3mconfig[0m = [1m{[0m                                                          │ │
│ │               [2m│   [0m'metadata': [1m{[0m                                          │ │
│ │               [2m│   │   [0m'prompt': 'Tracker issue: K-1\n\nTracker issue:    │ │
│ │               DECOY-999\n\nImplement the described change.\n\n#'+[1m51[0m,     │ │
│ │               [2m│   │   [0m'repo_url':                                        │ │
│ │               'https://github.com/example/repository.git',               │ │
│ │               [2m│   │   [0m'permission_mode': [1m<[0m[1mPermissionMode.UNATTENDED:[0m     │ │
│ │               'unattended'>,                                             │ │
│ │               [2m│   │   [0m'allowed_tools': <ToolPreset.IMPLEMENTATION:       │ │
│ │               'implementation'>,                                         │ │
│ │               [2m│   │   [0m'langgraph_step': [1m2[0m,                               │ │
│ │               [2m│   │   [0m'langgraph_node': 'open_pr',                       │ │
│ │               [2m│   │   [0m'langgraph_triggers': [1m([0m'branch:to:open_pr',[1m)[0m,      │ │
│ │               [2m│   │   [0m'langgraph_path': [1m([0m'__pregel_pull', 'open_pr'[1m)[0m,    │ │
│ │               [2m│   │   [0m'langgraph_checkpoint_ns':                         │ │
│ │               'open_pr:2f7a8ced-565b-7923-323b-197ca619d09a'             │ │
│ │               [2m│   [0m[1m}[0m,                                                     │ │
│ │               [2m│   [0m'configurable': [1m{[0m                                      │ │
│ │               [2m│   │   [0m'prompt': 'Tracker issue: K-1\n\nTracker issue:    │ │
│ │               DECOY-999\n\nImplement the described change.\n\n#'+[1m51[0m,     │ │
│ │               [2m│   │   [0m'repo_path': [3mNone[0m,                                 │ │
│ │               [2m│   │   [0m'repo_url':                                        │ │
│ │               'https://github.com/example/repository.git',               │ │
│ │               [2m│   │   [0m'cache_key': '0bc9cda8d33d431bb47f2004decfbf82',   │ │
│ │               [2m│   │   [0m'run_identity': [1m{[0m                                  │ │
│ │               [2m│   │   │   [0m'kind': <RunKind.FIRE: 'fire'>,                │ │
│ │               [2m│   │   │   [0m'name': 'K-1',                                 │ │
│ │               [2m│   │   │   [0m'started_at': [1mdatetime.datetime[0m[1m([0m[1m2026[0m, [1m9[0m, [1m12[0m,   │ │
│ │               [1m12[0m, [1m10[0m, [1m37[0m, [1m360840[0m, tzinfo=datetime.timezone.utc[1m)[0m          │ │
│ │               [2m│   │   [0m[1m}[0m,                                                 │ │
│ │               [2m│   │   [0m'workspace_path': [3mNone[0m,                            │ │
│ │               [2m│   │   [0m'base_spec': [1m{[0m                                     │ │
│ │               [2m│   │   │   [0m'inputs': [1m([0m[1m)[0m,                                  │ │
│ │               [2m│   │   │   [0m'base_branch': 'trunk',                        │ │
│ │               [2m│   │   │   [0m'base_role': [3mNone[0m                              │ │
│ │               [2m│   │   [0m[1m}[0m,                                                 │ │
│ │               [2m│   │   [0m'permission_mode': <PermissionMode.UNATTENDED:     │ │
│ │               'unattended'>,                                             │ │
│ │               [2m│   │   [0m'allowed_tools': <ToolPreset.IMPLEMENTATION:       │ │
│ │               'implementation'>,                                         │ │
│ │               [2m│   │   [0m'__pregel_runtime': [1mRuntime[0m[1m([0m                       │ │
│ │               [2m│   │   │   [0mcontext=[3mNone[0m,                                  │ │
│ │               [2m│   │   │   [0mstore=[3mNone[0m,                                    │ │
│ │               [2m│   │   │   [0mstream_writer=<function                        │ │
│ │               Pregel.astream.<locals>.stream_writer at [1m0x10c941620[0m>,     │ │
│ │               [2m│   │   │   [0mprevious=[3mNone[0m                                  │ │
│ │               [2m│   │   [0m[1m)[0m,                                                 │ │
│ │               [2m│   │   [0m... +[1m10[0m                                            │ │
│ │               [2m│   [0m[1m}[0m,                                                     │ │
│ │               [2m│   [0m'callbacks':                                           │ │
│ │               <langchain_core.callbacks.manager.AsyncCallbackManager     │ │
│ │               object at [1m0x10ca3b110[0m[1m>[0m                                     │ │
│ │               [1m}[0m                                                          │ │
│ │       [3minput[0m = [1m{[0m                                                          │ │
│ │               [2m│   [0m'issue_key': 'K-1',                                    │ │
│ │               [2m│   [0m'feature_branch': 'kodezart/test-branch-82c5237e',     │ │
│ │               [2m│   [0m'ralph_branch':                                        │ │
│ │               'kodezart/test-branch-82c5237e-ralph-9f6109ec',            │ │
│ │               [2m│   [0m'work_base_ref': 'kodezart/test-branch-82c5237e',      │ │
│ │               [2m│   [0m'ticket': [1mTicketDraftOutput[0m[1m([0m                           │ │
│ │               [2m│   │   [0mtitle='Test ticket',                               │ │
│ │               [2m│   │   [0msummary='Test summary',                            │ │
│ │               [2m│   │   [0mcontext='Test context',                            │ │
│ │               [2m│   │   [0mreferences=[1m[[0m[1m][0m,                                     │ │
│ │               [2m│   │   [0mrequired_changes=[1m[[0m                                 │ │
│ │               [2m│   │   │   [0m[1mFileChange[0m[1m([0m                                    │ │
│ │               [2m│   │   │   │   [0mfile_path='test.py',                       │ │
│ │               [2m│   │   │   │   [0mchange_type='modify',                      │ │
│ │               [2m│   │   │   │   [0mdescription='test change',                 │ │
│ │               [2m│   │   │   │   [0mrationale='test rationale'                 │ │
│ │               [2m│   │   │   [0m[1m)[0m                                              │ │
│ │               [2m│   │   [0m[1m][0m,                                                 │ │
│ │               [2m│   │   [0mout_of_scope=[1m[[0m[1m][0m,                                   │ │
│ │               [2m│   │   [0mopen_questions=[1m[[0m[1m][0m,                                 │ │
│ │               [2m│   │   [0msherlock_flags=[1m[[0m[1m][0m                                  │ │
│ │               [2m│   [0m[1m)[0m,                                                     │ │
│ │               [2m│   [0m'acceptance_criteria': [1m[[0m                               │ │
│ │               [2m│   │   [0m[1mGeneratedCriterion[0m[1m([0mid='AC-1', text='Tests pass'[1m)[0m,  │ │
│ │               [2m│   │   [0m[1mGeneratedCriterion[0m[1m([0m                                │ │
│ │               [2m│   │   │   [0mid='AC-2',                                     │ │
│ │               [2m│   │   │   [0mtext='No lint errors'                          │ │
│ │               [2m│   │   [0m[1m)[0m                                                  │ │
│ │               [2m│   [0m[1m][0m,                                                     │ │
│ │               [2m│   [0m'criteria_artifact': [1mCriteriaArtifact[0m[1m([0m                 │ │
│ │               [2m│   │   [0mcriteria=[1m[[0m                                         │ │
│ │               [2m│   │   │   [0m[1mValidatedCriterion[0m[1m([0m                            │ │
│ │               [2m│   │   │   │   [0mid='AC-1',                                 │ │
│ │               [2m│   │   │   │   [0mtext='Tests pass',                         │ │
│ │               [2m│   │   │   │   [0mfeasibility=[1mCriterionFeasibility[0m[1m([0m          │ │
│ │               [2m│   │   │   │   │   [0mcriterion_id='AC-1',                   │ │
│ │               [2m│   │   │   │   │   [0mverdict=[1m<[0m[1mCriterionVerdict.feasible:[0m    │ │
│ │               'feasible'>,                                               │ │
│ │               [2m│   │   │   │   │   [0mrefutation=[3mNone[0m,                       │ │
│ │               [2m│   │   │   │   │   [0mmissing_resource=[3mNone[0m,                 │ │
│ │               [2m│   │   │   │   │   [0mcost_measurement=[3mNone[0m,                 │ │
│ │               [2m│   │   │   │   │   [0mflags=[1m[[0m[1m][0m,                              │ │
│ │               [2m│   │   │   │   │   [0mforbidden_class=[3mNone[0m,                  │ │
│ │               [2m│   │   │   │   │   [0mundeclared_switch_arms=[1m[[0m[1m][0m              │ │
│ │               [2m│   │   │   │   [0m[1m)[0m                                          │ │
│ │               [2m│   │   │   [0m[1m)[0m,                                             │ │
│ │               [2m│   │   │   [0m[1mValidatedCriterion[0m[1m([0m                            │ │
│ │               [2m│   │   │   │   [0mid='AC-2',                                 │ │
│ │               [2m│   │   │   │   [0mtext='No lint errors',                     │ │
│ │               [2m│   │   │   │   [0mfeasibility=[1mCriterionFeasibility[0m[1m([0m          │ │
│ │               [2m│   │   │   │   │   [0mcriterion_id='AC-2',                   │ │
│ │               [2m│   │   │   │   │   [0mverdict=<CriterionVerdict.feasible:    │ │
│ │               'feasible'>,                                               │ │
│ │               [2m│   │   │   │   │   [0mrefutation=[3mNone[0m,                       │ │
│ │               [2m│   │   │   │   │   [0mmissing_resource=[3mNone[0m,                 │ │
│ │               [2m│   │   │   │   │   [0mcost_measurement=[3mNone[0m,                 │ │
│ │               [2m│   │   │   │   │   [0mflags=[1m[[0m[1m][0m,                              │ │
│ │               [2m│   │   │   │   │   [0mforbidden_class=[3mNone[0m,                  │ │
│ │               [2m│   │   │   │   │   [0mundeclared_switch_arms=[1m[[0m[1m][0m              │ │
│ │               [2m│   │   │   │   [0m[1m)[0m                                          │ │
│ │               [2m│   │   │   [0m[1m)[0m                                              │ │
│ │               [2m│   │   [0m[1m][0m,                                                 │ │
│ │               [2m│   │   [0mconjunction=[1mConjunctionVerdict[0m[1m([0m                    │ │
│ │               [2m│   │   │   [0msatisfiable=[3mTrue[0m,                              │ │
│ │               [2m│   │   │   [0mcontradictions=[1m[[0m[1m][0m                              │ │
│ │               [2m│   │   [0m[1m)[0m                                                  │ │
│ │               [2m│   [0m[1m)[0m,                                                     │ │
│ │               [2m│   [0m'criteria_validation': [1mCriteriaValidation[0m[1m([0m             │ │
│ │               [2m│   │   [0mverdicts=[1m[[0m                                         │ │
│ │               [2m│   │   │   [0m[1mCriterionFeasibility[0m[1m([0m                          │ │
│ │               [2m│   │   │   │   [0mcriterion_id='AC-1',                       │ │
│ │               [2m│   │   │   │   [0mverdict=<CriterionVerdict.feasible:        │ │
│ │               'feasible'>,                                               │ │
│ │               [2m│   │   │   │   [0mrefutation=[3mNone[0m,                           │ │
│ │               [2m│   │   │   │   [0mmissing_resource=[3mNone[0m,                     │ │
│ │               [2m│   │   │   │   [0mcost_measurement=[3mNone[0m,                     │ │
│ │               [2m│   │   │   │   [0mflags=[1m[[0m[1m][0m,                                  │ │
│ │               [2m│   │   │   │   [0mforbidden_class=[3mNone[0m,                      │ │
│ │               [2m│   │   │   │   [0mundeclared_switch_arms=[1m[[0m[1m][0m                  │ │
│ │               [2m│   │   │   [0m[1m)[0m,                                             │ │
│ │               [2m│   │   │   [0m[1mCriterionFeasibility[0m[1m([0m                          │ │
│ │               [2m│   │   │   │   [0mcriterion_id='AC-2',                       │ │
│ │               [2m│   │   │   │   [0mverdict=<CriterionVerdict.feasible:        │ │
│ │               'feasible'[1m>[0m,                                               │ │
│ │               [2m│   │   │   │   [0mrefutation=[3mNone[0m,                           │ │
│ │               [2m│   │   │   │   [0mmissing_resource=[3mNone[0m,                     │ │
│ │               [2m│   │   │   │   [0mcost_measurement=[3mNone[0m,                     │ │
│ │               [2m│   │   │   │   [0mflags=[1m[[0m[1m][0m,                                  │ │
│ │               [2m│   │   │   │   [0mforbidden_class=[3mNone[0m,                      │ │
│ │               [2m│   │   │   │   [0mundeclared_switch_arms=[1m[[0m[1m][0m                  │ │
│ │               [2m│   │   │   [0m[1m)[0m                                              │ │
│ │               [2m│   │   [0m[1m][0m,                                                 │ │
│ │               [2m│   │   [0mconjunction=[1mConjunctionVerdict[0m[1m([0m                    │ │
│ │               [2m│   │   │   [0msatisfiable=[3mTrue[0m,                              │ │
│ │               [2m│   │   │   [0mcontradictions=[1m[[0m[1m][0m                              │ │
│ │               [2m│   │   [0m[1m)[0m                                                  │ │
│ │               [2m│   [0m[1m)[0m,                                                     │ │
│ │               [2m│   [0m'criteria_regeneration_rounds': [1m0[0m,                     │ │
│ │               [2m│   [0m'criteria_infeasible': [3mFalse[0m,                          │ │
│ │               [2m│   [0m... +[1m23[0m                                                │ │
│ │               [1m}[0m                                                          │ │
│ │          [3mkw[0m = 'config'                                                   │ │
│ │    [3mkw_value[0m = [1m{[0m                                                          │ │
│ │               [2m│   [0m'metadata': [1m{[0m                                          │ │
│ │               [2m│   │   [0m'prompt': 'Tracker issue: K-1\n\nTracker issue:    │ │
│ │               DECOY-999\n\nImplement the described change.\n\n#'+[1m51[0m,     │ │
│ │               [2m│   │   [0m'repo_url':                                        │ │
│ │               'https://github.com/example/repository.git',               │ │
│ │               [2m│   │   [0m'permission_mode': [1m<[0m[1mPermissionMode.UNATTENDED:[0m     │ │
│ │               'unattended'>,                                             │ │
│ │               [2m│   │   [0m'allowed_tools': <ToolPreset.IMPLEMENTATION:       │ │
│ │               'implementation'>,                                         │ │
│ │               [2m│   │   [0m'langgraph_step': [1m2[0m,                               │ │
│ │               [2m│   │   [0m'langgraph_node': 'open_pr',                       │ │
│ │               [2m│   │   [0m'langgraph_triggers': [1m([0m'branch:to:open_pr',[1m)[0m,      │ │
│ │               [2m│   │   [0m'langgraph_path': [1m([0m'__pregel_pull', 'open_pr'[1m)[0m,    │ │
│ │               [2m│   │   [0m'langgraph_checkpoint_ns':                         │ │
│ │               'open_pr:2f7a8ced-565b-7923-323b-197ca619d09a'             │ │
│ │               [2m│   [0m[1m}[0m,                                                     │ │
│ │               [2m│   [0m'configurable': [1m{[0m                                      │ │
│ │               [2m│   │   [0m'prompt': 'Tracker issue: K-1\n\nTracker issue:    │ │
│ │               DECOY-999\n\nImplement the described change.\n\n#'+[1m51[0m,     │ │
│ │               [2m│   │   [0m'repo_path': [3mNone[0m,                                 │ │
│ │               [2m│   │   [0m'repo_url':                                        │ │
│ │               'https://github.com/example/repository.git',               │ │
│ │               [2m│   │   [0m'cache_key': '0bc9cda8d33d431bb47f2004decfbf82',   │ │
│ │               [2m│   │   [0m'run_identity': [1m{[0m                                  │ │
│ │               [2m│   │   │   [0m'kind': <RunKind.FIRE: 'fire'>,                │ │
│ │               [2m│   │   │   [0m'name': 'K-1',                                 │ │
│ │               [2m│   │   │   [0m'started_at': [1mdatetime.datetime[0m[1m([0m[1m2026[0m, [1m9[0m, [1m12[0m,   │ │
│ │               [1m12[0m, [1m10[0m, [1m37[0m, [1m360840[0m, tzinfo=datetime.timezone.utc[1m)[0m          │ │
│ │               [2m│   │   [0m[1m}[0m,                                                 │ │
│ │               [2m│   │   [0m'workspace_path': [3mNone[0m,                            │ │
│ │               [2m│   │   [0m'base_spec': [1m{[0m                                     │ │
│ │               [2m│   │   │   [0m'inputs': [1m([0m[1m)[0m,                                  │ │
│ │               [2m│   │   │   [0m'base_branch': 'trunk',                        │ │
│ │               [2m│   │   │   [0m'base_role': [3mNone[0m                              │ │
│ │               [2m│   │   [0m[1m}[0m,                                                 │ │
│ │               [2m│   │   [0m'permission_mode': <PermissionMode.UNATTENDED:     │ │
│ │               'unattended'>,                                             │ │
│ │               [2m│   │   [0m'allowed_tools': <ToolPreset.IMPLEMENTATION:       │ │
│ │               'implementation'>,                                         │ │
│ │               [2m│   │   [0m'__pregel_runtime': [1mRuntime[0m[1m([0m                       │ │
│ │               [2m│   │   │   [0mcontext=[3mNone[0m,                                  │ │
│ │               [2m│   │   │   [0mstore=[3mNone[0m,                                    │ │
│ │               [2m│   │   │   [0mstream_writer=<function                        │ │
│ │               Pregel.astream.<locals>.stream_writer at [1m0x10c941620[0m>,     │ │
│ │               [2m│   │   │   [0mprevious=[3mNone[0m                                  │ │
│ │               [2m│   │   [0m[1m)[0m,                                                 │ │
│ │               [2m│   │   [0m... +[1m10[0m                                            │ │
│ │               [2m│   [0m[1m}[0m,                                                     │ │
│ │               [2m│   [0m'callbacks':                                           │ │
│ │               <langchain_core.callbacks.manager.AsyncCallbackManager     │ │
│ │               object at [1m0x10ca3b110[0m[1m>[0m                                     │ │
│ │               [1m}[0m                                                          │ │
│ │      [3mkwargs[0m = [1m{[0m                                                          │ │
│ │               [2m│   [0m'config': [1m{[0m                                            │ │
│ │               [2m│   │   [0m'metadata': [1m{[0m                                      │ │
│ │               [2m│   │   │   [0m'prompt': 'Tracker issue: K-1\n\nTracker       │ │
│ │               issue: DECOY-999\n\nImplement the described                │ │
│ │               change.\n\n#'+[1m51[0m,                                          │ │
│ │               [2m│   │   │   [0m'repo_url':                                    │ │
│ │               'https://github.com/example/repository.git',               │ │
│ │               [2m│   │   │   [0m'permission_mode': [1m<[0m[1mPermissionMode.UNATTENDED:[0m │ │
│ │               'unattended'>,                                             │ │
│ │               [2m│   │   │   [0m'allowed_tools': <ToolPreset.IMPLEMENTATION:   │ │
│ │               'implementation'>,                                         │ │
│ │               [2m│   │   │   [0m'langgraph_step': [1m2[0m,                           │ │
│ │               [2m│   │   │   [0m'langgraph_node': 'open_pr',                   │ │
│ │               [2m│   │   │   [0m'langgraph_triggers': [1m([0m'branch:to:open_pr',[1m)[0m,  │ │
│ │               [2m│   │   │   [0m'langgraph_path': [1m([0m                            │ │
│ │               [2m│   │   │   │   [0m'__pregel_pull',                           │ │
│ │               [2m│   │   │   │   [0m'open_pr'                                  │ │
│ │               [2m│   │   │   [0m[1m)[0m,                                             │ │
│ │               [2m│   │   │   [0m'langgraph_checkpoint_ns':                     │ │
│ │               'open_pr:2f7a8ced-565b-7923-323b-197ca619d09a'             │ │
│ │               [2m│   │   [0m[1m}[0m,                                                 │ │
│ │               [2m│   │   [0m'configurable': [1m{[0m                                  │ │
│ │               [2m│   │   │   [0m'prompt': 'Tracker issue: K-1\n\nTracker       │ │
│ │               issue: DECOY-999\n\nImplement the described                │ │
│ │               change.\n\n#'+[1m51[0m,                                          │ │
│ │               [2m│   │   │   [0m'repo_path': [3mNone[0m,                             │ │
│ │               [2m│   │   │   [0m'repo_url':                                    │ │
│ │               'https://github.com/example/repository.git',               │ │
│ │               [2m│   │   │   [0m'cache_key':                                   │ │
│ │               '0bc9cda8d33d431bb47f2004decfbf82',                        │ │
│ │               [2m│   │   │   [0m'run_identity': [1m{[0m                              │ │
│ │               [2m│   │   │   │   [0m'kind': <RunKind.FIRE: 'fire'>,            │ │
│ │               [2m│   │   │   │   [0m'name': 'K-1',                             │ │
│ │               [2m│   │   │   │   [0m'started_at': [1mdatetime.datetime[0m[1m([0m[1m2026[0m, [1m9[0m,   │ │
│ │               [1m12[0m, [1m12[0m, [1m10[0m, [1m37[0m, [1m360840[0m, tzinfo=datetime.timezone.utc[1m)[0m      │ │
│ │               [2m│   │   │   [0m[1m}[0m,                                             │ │
│ │               [2m│   │   │   [0m'workspace_path': [3mNone[0m,                        │ │
│ │               [2m│   │   │   [0m'base_spec': [1m{[0m                                 │ │
│ │               [2m│   │   │   │   [0m'inputs': [1m([0m[1m)[0m,                              │ │
│ │               [2m│   │   │   │   [0m'base_branch': 'trunk',                    │ │
│ │               [2m│   │   │   │   [0m'base_role': [3mNone[0m                          │ │
│ │               [2m│   │   │   [0m[1m}[0m,                                             │ │
│ │               [2m│   │   │   [0m'permission_mode': <PermissionMode.UNATTENDED: │ │
│ │               'unattended'>,                                             │ │
│ │               [2m│   │   │   [0m'allowed_tools': <ToolPreset.IMPLEMENTATION:   │ │
│ │               'implementation'>,                                         │ │
│ │               [2m│   │   │   [0m'__pregel_runtime': [1mRuntime[0m[1m([0m                   │ │
│ │               [2m│   │   │   │   [0mcontext=[3mNone[0m,                              │ │
│ │               [2m│   │   │   │   [0mstore=[3mNone[0m,                                │ │
│ │               [2m│   │   │   │   [0mstream_writer=<function                    │ │
│ │               Pregel.astream.<locals>.stream_writer at [1m0x10c941620[0m>,     │ │
│ │               [2m│   │   │   │   [0mprevious=[3mNone[0m                              │ │
│ │               [2m│   │   │   [0m[1m)[0m,                                             │ │
│ │               [2m│   │   │   [0m... +[1m10[0m                                        │ │
│ │               [2m│   │   [0m[1m}[0m,                                                 │ │
│ │               [2m│   │   [0m'callbacks':                                       │ │
│ │               <langchain_core.callbacks.manager.AsyncCallbackManager     │ │
│ │               object at [1m0x10ca3b110[0m[1m>[0m                                     │ │
│ │               [2m│   [0m[1m}[0m                                                      │ │
│ │               [1m}[0m                                                          │ │
│ │     [3mruntime[0m = [1mRuntime[0m[1m([0m                                                   │ │
│ │               [2m│   [0mcontext=[3mNone[0m,                                          │ │
│ │               [2m│   [0mstore=[3mNone[0m,                                            │ │
│ │               [2m│   [0mstream_writer=[1m<[0m[1mfunction[0m                                │ │
│ │               Pregel.astream.<locals>.stream_writer at [1m0x10c941620[0m[1m>[0m,     │ │
│ │               [2m│   [0mprevious=[3mNone[0m                                          │ │
│ │               [1m)[0m                                                          │ │
│ │ [3mruntime_key[0m = 'N/A'                                                      │ │
│ │        [3mself[0m = [1mopen_pr[0m[1m([0mtags=[3mNone[0m, recurse=[3mTrue[0m, explode_args=[3mFalse[0m,       │ │
│ │               func_accepts=[1m{[0m'config': [1m([0m'N/A', [1m<[0m[1mclass[0m                     │ │
│ │               'inspect._empty'[1m>[0m[1m)[0m[1m}[0m[1m)[0m                                       │ │
│ ╰──────────────────────────────────────────────────────────────────────────╯ │
│                                                                              │
│ [2m/private/tmp/kodezart-v03-recovery-criterion-class/src/kodezart/core/[0m[1mretry.p[0m │
│ [1my[0m:109 in guarded                                                             │
│                                                                              │
│   [2m106 [0m[2m│   │   [0m[1m@functools[0m.wraps(node)                                         │
│   [2m107 [0m[2m│   │   [0masync def guarded(state: _StateT, config: RunnableConfig) -> _ │
│   [2m108 [0m[2m│   │   │   [0mtry:                                                       │
│ ❱ 109 [2m│   │   │   │   [0mreturn await node(state, config)                       │
│   [2m110 [0m[2m│   │   │   [0mexcept Exception as exc:                                   │
│   [2m111 [0m[2m│   │   │   │   [0mif not getattr(exc, _FLOOR_PAID, False):               │
│   [2m112 [0m[2m│   │   │   │   │   [0mfloor = resolve(exc)                               │
│                                                                              │
│ ╭───────────────────────────────── locals ─────────────────────────────────╮ │
│ │ [3mconfig[0m = [1m{[0m                                                               │ │
│ │          [2m│   [0m'metadata': [1m{[0m                                               │ │
│ │          [2m│   │   [0m'prompt': 'Tracker issue: K-1\n\nTracker issue:         │ │
│ │          DECOY-999\n\nImplement the described change.\n\n#'+[1m51[0m,          │ │
│ │          [2m│   │   [0m'repo_url':                                             │ │
│ │          'https://github.com/example/repository.git',                    │ │
│ │          [2m│   │   [0m'permission_mode': [1m<[0m[1mPermissionMode.UNATTENDED:[0m          │ │
│ │          'unattended'>,                                                  │ │
│ │          [2m│   │   [0m'allowed_tools': <ToolPreset.IMPLEMENTATION:            │ │
│ │          'implementation'>,                                              │ │
│ │          [2m│   │   [0m'langgraph_step': [1m2[0m,                                    │ │
│ │          [2m│   │   [0m'langgraph_node': 'open_pr',                            │ │
│ │          [2m│   │   [0m'langgraph_triggers': [1m([0m'branch:to:open_pr',[1m)[0m,           │ │
│ │          [2m│   │   [0m'langgraph_path': [1m([0m'__pregel_pull', 'open_pr'[1m)[0m,         │ │
│ │          [2m│   │   [0m'langgraph_checkpoint_ns':                              │ │
│ │          'open_pr:2f7a8ced-565b-7923-323b-197ca619d09a'                  │ │
│ │          [2m│   [0m[1m}[0m,                                                          │ │
│ │          [2m│   [0m'configurable': [1m{[0m                                           │ │
│ │          [2m│   │   [0m'prompt': 'Tracker issue: K-1\n\nTracker issue:         │ │
│ │          DECOY-999\n\nImplement the described change.\n\n#'+[1m51[0m,          │ │
│ │          [2m│   │   [0m'repo_path': [3mNone[0m,                                      │ │
│ │          [2m│   │   [0m'repo_url':                                             │ │
│ │          'https://github.com/example/repository.git',                    │ │
│ │          [2m│   │   [0m'cache_key': '0bc9cda8d33d431bb47f2004decfbf82',        │ │
│ │          [2m│   │   [0m'run_identity': [1m{[0m                                       │ │
│ │          [2m│   │   │   [0m'kind': <RunKind.FIRE: 'fire'>,                     │ │
│ │          [2m│   │   │   [0m'name': 'K-1',                                      │ │
│ │          [2m│   │   │   [0m'started_at': [1mdatetime.datetime[0m[1m([0m[1m2026[0m, [1m9[0m, [1m12[0m, [1m12[0m,    │ │
│ │          [1m10[0m, [1m37[0m, [1m360840[0m, tzinfo=datetime.timezone.utc[1m)[0m                   │ │
│ │          [2m│   │   [0m[1m}[0m,                                                      │ │
│ │          [2m│   │   [0m'workspace_path': [3mNone[0m,                                 │ │
│ │          [2m│   │   [0m'base_spec': [1m{[0m                                          │ │
│ │          [2m│   │   │   [0m'inputs': [1m([0m[1m)[0m,                                       │ │
│ │          [2m│   │   │   [0m'base_branch': 'trunk',                             │ │
│ │          [2m│   │   │   [0m'base_role': [3mNone[0m                                   │ │
│ │          [2m│   │   [0m[1m}[0m,                                                      │ │
│ │          [2m│   │   [0m'permission_mode': <PermissionMode.UNATTENDED:          │ │
│ │          'unattended'>,                                                  │ │
│ │          [2m│   │   [0m'allowed_tools': <ToolPreset.IMPLEMENTATION:            │ │
│ │          'implementation'>,                                              │ │
│ │          [2m│   │   [0m'__pregel_runtime': [1mRuntime[0m[1m([0m                            │ │
│ │          [2m│   │   │   [0mcontext=[3mNone[0m,                                       │ │
│ │          [2m│   │   │   [0mstore=[3mNone[0m,                                         │ │
│ │          [2m│   │   │   [0mstream_writer=<function                             │ │
│ │          Pregel.astream.<locals>.stream_writer at [1m0x10c941620[0m>,          │ │
│ │          [2m│   │   │   [0mprevious=[3mNone[0m                                       │ │
│ │          [2m│   │   [0m[1m)[0m,                                                      │ │
│ │          [2m│   │   [0m... +[1m10[0m                                                 │ │
│ │          [2m│   [0m[1m}[0m,                                                          │ │
│ │          [2m│   [0m'callbacks':                                                │ │
│ │          <langchain_core.callbacks.manager.AsyncCallbackManager object   │ │
│ │          at [1m0x10ca3b110[0m[1m>[0m                                                 │ │
│ │          [1m}[0m                                                               │ │
│ │  [3mfloor[0m = [3mNone[0m                                                            │ │
│ │   [3mnode[0m = [1m<[0m[1mbound[0m method AuthoredPublication.open_pr of                    │ │
│ │          <kodezart.chains.authored_publication.AuthoredPublication       │ │
│ │          object at [1m0x10c80b7d0[0m>[1m>[0m                                         │ │
│ │  [3mstate[0m = [1m{[0m                                                               │ │
│ │          [2m│   [0m'issue_key': 'K-1',                                         │ │
│ │          [2m│   [0m'feature_branch': 'kodezart/test-branch-82c5237e',          │ │
│ │          [2m│   [0m'ralph_branch':                                             │ │
│ │          'kodezart/test-branch-82c5237e-ralph-9f6109ec',                 │ │
│ │          [2m│   [0m'work_base_ref': 'kodezart/test-branch-82c5237e',           │ │
│ │          [2m│   [0m'ticket': [1mTicketDraftOutput[0m[1m([0m                                │ │
│ │          [2m│   │   [0mtitle='Test ticket',                                    │ │
│ │          [2m│   │   [0msummary='Test summary',                                 │ │
│ │          [2m│   │   [0mcontext='Test context',                                 │ │
│ │          [2m│   │   [0mreferences=[1m[[0m[1m][0m,                                          │ │
│ │          [2m│   │   [0mrequired_changes=[1m[[0m                                      │ │
│ │          [2m│   │   │   [0m[1mFileChange[0m[1m([0m                                         │ │
│ │          [2m│   │   │   │   [0mfile_path='test.py',                            │ │
│ │          [2m│   │   │   │   [0mchange_type='modify',                           │ │
│ │          [2m│   │   │   │   [0mdescription='test change',                      │ │
│ │          [2m│   │   │   │   [0mrationale='test rationale'                      │ │
│ │          [2m│   │   │   [0m[1m)[0m                                                   │ │
│ │          [2m│   │   [0m[1m][0m,                                                      │ │
│ │          [2m│   │   [0mout_of_scope=[1m[[0m[1m][0m,                                        │ │
│ │          [2m│   │   [0mopen_questions=[1m[[0m[1m][0m,                                      │ │
│ │          [2m│   │   [0msherlock_flags=[1m[[0m[1m][0m                                       │ │
│ │          [2m│   [0m[1m)[0m,                                                          │ │
│ │          [2m│   [0m'acceptance_criteria': [1m[[0m                                    │ │
│ │          [2m│   │   [0m[1mGeneratedCriterion[0m[1m([0mid='AC-1', text='Tests pass'[1m)[0m,       │ │
│ │          [2m│   │   [0m[1mGeneratedCriterion[0m[1m([0mid='AC-2', text='No lint errors'[1m)[0m    │ │
│ │          [2m│   [0m[1m][0m,                                                          │ │
│ │          [2m│   [0m'criteria_artifact': [1mCriteriaArtifact[0m[1m([0m                      │ │
│ │          [2m│   │   [0mcriteria=[1m[[0m                                              │ │
│ │          [2m│   │   │   [0m[1mValidatedCriterion[0m[1m([0m                                 │ │
│ │          [2m│   │   │   │   [0mid='AC-1',                                      │ │
│ │          [2m│   │   │   │   [0mtext='Tests pass',                              │ │
│ │          [2m│   │   │   │   [0mfeasibility=[1mCriterionFeasibility[0m[1m([0m               │ │
│ │          [2m│   │   │   │   │   [0mcriterion_id='AC-1',                        │ │
│ │          [2m│   │   │   │   │   [0mverdict=[1m<[0m[1mCriterionVerdict.feasible:[0m         │ │
│ │          'feasible'>,                                                    │ │
│ │          [2m│   │   │   │   │   [0mrefutation=[3mNone[0m,                            │ │
│ │          [2m│   │   │   │   │   [0mmissing_resource=[3mNone[0m,                      │ │
│ │          [2m│   │   │   │   │   [0mcost_measurement=[3mNone[0m,                      │ │
│ │          [2m│   │   │   │   │   [0mflags=[1m[[0m[1m][0m,                                   │ │
│ │          [2m│   │   │   │   │   [0mforbidden_class=[3mNone[0m,                       │ │
│ │          [2m│   │   │   │   │   [0mundeclared_switch_arms=[1m[[0m[1m][0m                   │ │
│ │          [2m│   │   │   │   [0m[1m)[0m                                               │ │
│ │          [2m│   │   │   [0m[1m)[0m,                                                  │ │
│ │          [2m│   │   │   [0m[1mValidatedCriterion[0m[1m([0m                                 │ │
│ │          [2m│   │   │   │   [0mid='AC-2',                                      │ │
│ │          [2m│   │   │   │   [0mtext='No lint errors',                          │ │
│ │          [2m│   │   │   │   [0mfeasibility=[1mCriterionFeasibility[0m[1m([0m               │ │
│ │          [2m│   │   │   │   │   [0mcriterion_id='AC-2',                        │ │
│ │          [2m│   │   │   │   │   [0mverdict=<CriterionVerdict.feasible:         │ │
│ │          'feasible'>,                                                    │ │
│ │          [2m│   │   │   │   │   [0mrefutation=[3mNone[0m,                            │ │
│ │          [2m│   │   │   │   │   [0mmissing_resource=[3mNone[0m,                      │ │
│ │          [2m│   │   │   │   │   [0mcost_measurement=[3mNone[0m,                      │ │
│ │          [2m│   │   │   │   │   [0mflags=[1m[[0m[1m][0m,                                   │ │
│ │          [2m│   │   │   │   │   [0mforbidden_class=[3mNone[0m,                       │ │
│ │          [2m│   │   │   │   │   [0mundeclared_switch_arms=[1m[[0m[1m][0m                   │ │
│ │          [2m│   │   │   │   [0m[1m)[0m                                               │ │
│ │          [2m│   │   │   [0m[1m)[0m                                                   │ │
│ │          [2m│   │   [0m[1m][0m,                                                      │ │
│ │          [2m│   │   [0mconjunction=[1mConjunctionVerdict[0m[1m([0m                         │ │
│ │          [2m│   │   │   [0msatisfiable=[3mTrue[0m,                                   │ │
│ │          [2m│   │   │   [0mcontradictions=[1m[[0m[1m][0m                                   │ │
│ │          [2m│   │   [0m[1m)[0m                                                       │ │
│ │          [2m│   [0m[1m)[0m,                                                          │ │
│ │          [2m│   [0m'criteria_validation': [1mCriteriaValidation[0m[1m([0m                  │ │
│ │          [2m│   │   [0mverdicts=[1m[[0m                                              │ │
│ │          [2m│   │   │   [0m[1mCriterionFeasibility[0m[1m([0m                               │ │
│ │          [2m│   │   │   │   [0mcriterion_id='AC-1',                            │ │
│ │          [2m│   │   │   │   [0mverdict=<CriterionVerdict.feasible:             │ │
│ │          'feasible'>,                                                    │ │
│ │          [2m│   │   │   │   [0mrefutation=[3mNone[0m,                                │ │
│ │          [2m│   │   │   │   [0mmissing_resource=[3mNone[0m,                          │ │
│ │          [2m│   │   │   │   [0mcost_measurement=[3mNone[0m,                          │ │
│ │          [2m│   │   │   │   [0mflags=[1m[[0m[1m][0m,                                       │ │
│ │          [2m│   │   │   │   [0mforbidden_class=[3mNone[0m,                           │ │
│ │          [2m│   │   │   │   [0mundeclared_switch_arms=[1m[[0m[1m][0m                       │ │
│ │          [2m│   │   │   [0m[1m)[0m,                                                  │ │
│ │          [2m│   │   │   [0m[1mCriterionFeasibility[0m[1m([0m                               │ │
│ │          [2m│   │   │   │   [0mcriterion_id='AC-2',                            │ │
│ │          [2m│   │   │   │   [0mverdict=<CriterionVerdict.feasible:             │ │
│ │          'feasible'[1m>[0m,                                                    │ │
│ │          [2m│   │   │   │   [0mrefutation=[3mNone[0m,                                │ │
│ │          [2m│   │   │   │   [0mmissing_resource=[3mNone[0m,                          │ │
│ │          [2m│   │   │   │   [0mcost_measurement=[3mNone[0m,                          │ │
│ │          [2m│   │   │   │   [0mflags=[1m[[0m[1m][0m,                                       │ │
│ │          [2m│   │   │   │   [0mforbidden_class=[3mNone[0m,                           │ │
│ │          [2m│   │   │   │   [0mundeclared_switch_arms=[1m[[0m[1m][0m                       │ │
│ │          [2m│   │   │   [0m[1m)[0m                                                   │ │
│ │          [2m│   │   [0m[1m][0m,                                                      │ │
│ │          [2m│   │   [0mconjunction=[1mConjunctionVerdict[0m[1m([0m                         │ │
│ │          [2m│   │   │   [0msatisfiable=[3mTrue[0m,                                   │ │
│ │          [2m│   │   │   [0mcontradictions=[1m[[0m[1m][0m                                   │ │
│ │          [2m│   │   [0m[1m)[0m                                                       │ │
│ │          [2m│   [0m[1m)[0m,                                                          │ │
│ │          [2m│   [0m'criteria_regeneration_rounds': [1m0[0m,                          │ │
│ │          [2m│   [0m'criteria_infeasible': [3mFalse[0m,                               │ │
│ │          [2m│   [0m... +[1m23[0m                                                     │ │
│ │          [1m}[0m                                                               │ │
│ ╰──────────────────────────────────────────────────────────────────────────╯ │
│                                                                              │
│ [2m/private/tmp/kodezart-v03-recovery-criterion-class/src/kodezart/chains/[0m[1mautho[0m │
│ [1mred_publication.py[0m:247 in open_pr                                            │
│                                                                              │
│   [2m244 [0m[2m│   │   │   │   [0mcontent_class=ContentClass.AUTHORED,                   │
│   [2m245 [0m[2m│   │   │   [0m),                                                         │
│   [2m246 [0m[2m│   │   │   [0mbody=require_tracker_issue(                                │
│ ❱ 247 [2m│   │   │   │   [0m[1;4mawait[0m[1;4m gated_write([0m                                     │
│   [2m248 [0m[2m│   │   │   │   │   [0m[1;4mgate=[0m[1;4mself[0m[1;4m._gate,[0m                                   │
│   [2m249 [0m[2m│   │   │   │   │   [0m[1;4mlog=[0m[1;4mself[0m[1;4m._log,[0m                                     │
│   [2m250 [0m[2m│   │   │   │   │   [0m[1;4mcontent=body,[0m                                      │
│                                                                              │
│ ╭───────────────────────────────── locals ─────────────────────────────────╮ │
│ │                [3mbody[0m = 'Test PR description.\n\nTracker issue: K-1'       │ │
│ │              [3mconfig[0m = [1m{[0m                                                  │ │
│ │                       [2m│   [0m'metadata': [1m{[0m                                  │ │
│ │                       [2m│   │   [0m'prompt': 'Tracker issue: K-1\n\nTracker   │ │
│ │                       issue: DECOY-999\n\nImplement the described        │ │
│ │                       change.\n\n#'+[1m51[0m,                                  │ │
│ │                       [2m│   │   [0m'repo_url':                                │ │
│ │                       'https://github.com/example/repository.git',       │ │
│ │                       [2m│   │   [0m'permission_mode':                         │ │
│ │                       [1m<[0m[1mPermissionMode.UNATTENDED:[0m 'unattended'>,         │ │
│ │                       [2m│   │   [0m'allowed_tools':                           │ │
│ │                       <ToolPreset.IMPLEMENTATION: 'implementation'>,     │ │
│ │                       [2m│   │   [0m'langgraph_step': [1m2[0m,                       │ │
│ │                       [2m│   │   [0m'langgraph_node': 'open_pr',               │ │
│ │                       [2m│   │   [0m'langgraph_triggers': [1m([0m                    │ │
│ │                       [2m│   │   │   [0m'branch:to:open_pr',                   │ │
│ │                       [2m│   │   [0m[1m)[0m,                                         │ │
│ │                       [2m│   │   [0m'langgraph_path': [1m([0m                        │ │
│ │                       [2m│   │   │   [0m'__pregel_pull',                       │ │
│ │                       [2m│   │   │   [0m'open_pr'                              │ │
│ │                       [2m│   │   [0m[1m)[0m,                                         │ │
│ │                       [2m│   │   [0m'langgraph_checkpoint_ns':                 │ │
│ │                       'open_pr:2f7a8ced-565b-7923-323b-197ca619d09a'     │ │
│ │                       [2m│   [0m[1m}[0m,                                             │ │
│ │                       [2m│   [0m'configurable': [1m{[0m                              │ │
│ │                       [2m│   │   [0m'prompt': 'Tracker issue: K-1\n\nTracker   │ │
│ │                       issue: DECOY-999\n\nImplement the described        │ │
│ │                       change.\n\n#'+[1m51[0m,                                  │ │
│ │                       [2m│   │   [0m'repo_path': [3mNone[0m,                         │ │
│ │                       [2m│   │   [0m'repo_url':                                │ │
│ │                       'https://github.com/example/repository.git',       │ │
│ │                       [2m│   │   [0m'cache_key':                               │ │
│ │                       '0bc9cda8d33d431bb47f2004decfbf82',                │ │
│ │                       [2m│   │   [0m'run_identity': [1m{[0m                          │ │
│ │                       [2m│   │   │   [0m'kind': <RunKind.FIRE: 'fire'>,        │ │
│ │                       [2m│   │   │   [0m'name': 'K-1',                         │ │
│ │                       [2m│   │   │   [0m'started_at': [1mdatetime.datetime[0m[1m([0m[1m2026[0m,  │ │
│ │                       [1m9[0m, [1m12[0m, [1m12[0m, [1m10[0m, [1m37[0m, [1m360840[0m,                         │ │
│ │                       tzinfo=datetime.timezone.utc[1m)[0m                      │ │
│ │                       [2m│   │   [0m[1m}[0m,                                         │ │
│ │                       [2m│   │   [0m'workspace_path': [3mNone[0m,                    │ │
│ │                       [2m│   │   [0m'base_spec': [1m{[0m                             │ │
│ │                       [2m│   │   │   [0m'inputs': [1m([0m[1m)[0m,                          │ │
│ │                       [2m│   │   │   [0m'base_branch': 'trunk',                │ │
│ │                       [2m│   │   │   [0m'base_role': [3mNone[0m                      │ │
│ │                       [2m│   │   [0m[1m}[0m,                                         │ │
│ │                       [2m│   │   [0m'permission_mode':                         │ │
│ │                       <PermissionMode.UNATTENDED: 'unattended'>,         │ │
│ │                       [2m│   │   [0m'allowed_tools':                           │ │
│ │                       <ToolPreset.IMPLEMENTATION: 'implementation'>,     │ │
│ │                       [2m│   │   [0m'__pregel_runtime': [1mRuntime[0m[1m([0m               │ │
│ │                       [2m│   │   │   [0mcontext=[3mNone[0m,                          │ │
│ │                       [2m│   │   │   [0mstore=[3mNone[0m,                            │ │
│ │                       [2m│   │   │   [0mstream_writer=<function                │ │
│ │                       Pregel.astream.<locals>.stream_writer at           │ │
│ │                       [1m0x10c941620[0m>,                                      │ │
│ │                       [2m│   │   │   [0mprevious=[3mNone[0m                          │ │
│ │                       [2m│   │   [0m[1m)[0m,                                         │ │
│ │                       [2m│   │   [0m... +[1m10[0m                                    │ │
│ │                       [2m│   [0m[1m}[0m,                                             │ │
│ │                       [2m│   [0m'callbacks':                                   │ │
│ │                       <langchain_core.callbacks.manager.AsyncCallbackMa… │ │
│ │                       object at [1m0x10ca3b110[0m[1m>[0m                             │ │
│ │                       [1m}[0m                                                  │ │
│ │                 [3mctx[0m = [1mExecutionContext[0m[1m([0m                                  │ │
│ │                       [2m│   [0mprompt='Tracker issue: K-1\n\nTracker issue:   │ │
│ │                       DECOY-999\n\nImplement the described               │ │
│ │                       change.\n\n#'+[1m51[0m,                                  │ │
│ │                       [2m│   [0mrepo_path=[3mNone[0m,                                │ │
│ │                       [2m│   [0m                                               │ │
│ │                       repo_url='https://github.com/example/repository.g… │ │
│ │                       [2m│   [0mcache_key='0bc9cda8d33d431bb47f2004decfbf82',  │ │
│ │                       [2m│   [0mrun_identity=[1mRunIdentity[0m[1m([0m                      │ │
│ │                       [2m│   │   [0mkind=[1m<[0m[1mRunKind.FIRE:[0m 'fire'>,               │ │
│ │                       [2m│   │   [0mname='K-1',                                │ │
│ │                       [2m│   │   [0mstarted_at=[1mdatetime[0m[1m.datetime[0m[1m([0m[1m2026[0m, [1m9[0m, [1m12[0m,  │ │
│ │                       [1m12[0m, [1m10[0m, [1m37[0m, [1m360840[0m, tzinfo=datetime.timezone.utc[1m)[0m  │ │
│ │                       [2m│   [0m[1m)[0m,                                             │ │
│ │                       [2m│   [0mworkspace_path=[3mNone[0m,                           │ │
│ │                       [2m│   [0mbase_spec=[1mBaseSpec[0m[1m([0m                            │ │
│ │                       [2m│   │   [0minputs=[1m([0m[1m)[0m,                                 │ │
│ │                       [2m│   │   [0mbase_branch='trunk',                       │ │
│ │                       [2m│   │   [0mbase_role=[3mNone[0m                             │ │
│ │                       [2m│   [0m[1m)[0m,                                             │ │
│ │                       [2m│   [0mpermission_mode=<PermissionMode.UNATTENDED:    │ │
│ │                       'unattended'>,                                     │ │
│ │                       [2m│   [0mallowed_tools=<ToolPreset.IMPLEMENTATION:      │ │
│ │                       'implementation'[1m>[0m                                  │ │
│ │                       [1m)[0m                                                  │ │
│ │     [3mfeature_tip_sha[0m = 'mmmmmmmmmmmmmmmmmmmmmmmmmmmmmmmmmmmmmmmm'         │ │
│ │          [3mpr_creator[0m = [1m<[0m[1mtests.fakes.FakePRCreator[0m object at [1m0x10c8b1e50[0m[1m>[0m  │ │
│ │           [3mpr_output[0m = [1mPRDescriptionOutput[0m[1m([0m                               │ │
│ │                       [2m│   [0mtitle='feat: test PR',                         │ │
│ │                       [2m│   [0mdescription='Test PR description.'             │ │
│ │                       [1m)[0m                                                  │ │
│ │              [3mprompt[0m = 'Write a pull request title and description for    │ │
│ │                       the following implementation work'+[1m631[0m             │ │
│ │ [3mrate_limit_rejected[0m = [3mFalse[0m                                              │ │
│ │            [3mrepo_url[0m = 'https://github.com/example/repository.git'        │ │
│ │        [3mresult_event[0m = [1mResultEvent[0m[1m([0m                                       │ │
│ │                       [2m│   [0mtype='result',                                 │ │
│ │                       [2m│   [0mfailure_kind=[3mNone[0m,                             │ │
│ │                       [2m│   [0msubtype='result',                              │ │
│ │                       [2m│   [0mduration_ms=[1m1[0m,                                 │ │
│ │                       [2m│   [0mduration_api_ms=[1m1[0m,                             │ │
│ │                       [2m│   [0mis_error=[3mFalse[0m,                                │ │
│ │                       [2m│   [0mnum_turns=[1m1[0m,                                   │ │
│ │                       [2m│   [0msession_id='fake',                             │ │
│ │                       [2m│   [0mstop_reason=[3mNone[0m,                              │ │
│ │                       [2m│   [0mtotal_cost_usd=[3mNone[0m,                           │ │
│ │                       [2m│   [0musage=[3mNone[0m,                                    │ │
│ │                       [2m│   [0mresult=[3mNone[0m,                                   │ │
│ │                       [2m│   [0mbranch=[3mNone[0m,                                   │ │
│ │                       [2m│   [0mcommit_sha=[3mNone[0m,                               │ │
│ │                       [2m│   [0mstructured_output=[1m{[0m                            │ │
│ │                       [2m│   │   [0m'title': 'feat: test PR',                  │ │
│ │                       [2m│   │   [0m'description': 'Test PR description.'      │ │
│ │                       [2m│   [0m[1m}[0m                                              │ │
│ │                       [1m)[0m                                                  │ │
│ │                [3mself[0m = [1m<[0m[1mkodezart.chains.authored_publication.AuthoredPub…[0m │ │
│ │                       object at [1m0x10c80b7d0[0m[1m>[0m                             │ │
│ │               [3mstate[0m = [1m{[0m                                                  │ │
│ │                       [2m│   [0m'issue_key': 'K-1',                            │ │
│ │                       [2m│   [0m'feature_branch':                              │ │
│ │                       'kodezart/test-branch-82c5237e',                   │ │
│ │                       [2m│   [0m'ralph_branch':                                │ │
│ │                       'kodezart/test-branch-82c5237e-ralph-9f6109ec',    │ │
│ │                       [2m│   [0m'work_base_ref':                               │ │
│ │                       'kodezart/test-branch-82c5237e',                   │ │
│ │                       [2m│   [0m'ticket': [1mTicketDraftOutput[0m[1m([0m                   │ │
│ │                       [2m│   │   [0mtitle='Test ticket',                       │ │
│ │                       [2m│   │   [0msummary='Test summary',                    │ │
│ │                       [2m│   │   [0mcontext='Test context',                    │ │
│ │                       [2m│   │   [0mreferences=[1m[[0m[1m][0m,                             │ │
│ │                       [2m│   │   [0mrequired_changes=[1m[[0m                         │ │
│ │                       [2m│   │   │   [0m[1mFileChange[0m[1m([0m                            │ │
│ │                       [2m│   │   │   │   [0mfile_path='test.py',               │ │
│ │                       [2m│   │   │   │   [0mchange_type='modify',              │ │
│ │                       [2m│   │   │   │   [0mdescription='test change',         │ │
│ │                       [2m│   │   │   │   [0mrationale='test rationale'         │ │
│ │                       [2m│   │   │   [0m[1m)[0m                                      │ │
│ │                       [2m│   │   [0m[1m][0m,                                         │ │
│ │                       [2m│   │   [0mout_of_scope=[1m[[0m[1m][0m,                           │ │
│ │                       [2m│   │   [0mopen_questions=[1m[[0m[1m][0m,                         │ │
│ │                       [2m│   │   [0msherlock_flags=[1m[[0m[1m][0m                          │ │
│ │                       [2m│   [0m[1m)[0m,                                             │ │
│ │                       [2m│   [0m'acceptance_criteria': [1m[[0m                       │ │
│ │                       [2m│   │   [0m[1mGeneratedCriterion[0m[1m([0m                        │ │
│ │                       [2m│   │   │   [0mid='AC-1',                             │ │
│ │                       [2m│   │   │   [0mtext='Tests pass'                      │ │
│ │                       [2m│   │   [0m[1m)[0m,                                         │ │
│ │                       [2m│   │   [0m[1mGeneratedCriterion[0m[1m([0m                        │ │
│ │                       [2m│   │   │   [0mid='AC-2',                             │ │
│ │                       [2m│   │   │   [0mtext='No lint errors'                  │ │
│ │                       [2m│   │   [0m[1m)[0m                                          │ │
│ │                       [2m│   [0m[1m][0m,                                             │ │
│ │                       [2m│   [0m'criteria_artifact': [1mCriteriaArtifact[0m[1m([0m         │ │
│ │                       [2m│   │   [0mcriteria=[1m[[0m                                 │ │
│ │                       [2m│   │   │   [0m[1mValidatedCriterion[0m[1m([0m                    │ │
│ │                       [2m│   │   │   │   [0mid='AC-1',                         │ │
│ │                       [2m│   │   │   │   [0mtext='Tests pass',                 │ │
│ │                       [2m│   │   │   │   [0mfeasibility=[1mCriterionFeasibility[0m[1m([0m  │ │
│ │                       [2m│   │   │   │   │   [0mcriterion_id='AC-1',           │ │
│ │                       [2m│   │   │   │   │   [0m                               │ │
│ │                       verdict=[1m<[0m[1mCriterionVerdict.feasible:[0m 'feasible'>,   │ │
│ │                       [2m│   │   │   │   │   [0mrefutation=[3mNone[0m,               │ │
│ │                       [2m│   │   │   │   │   [0mmissing_resource=[3mNone[0m,         │ │
│ │                       [2m│   │   │   │   │   [0mcost_measurement=[3mNone[0m,         │ │
│ │                       [2m│   │   │   │   │   [0mflags=[1m[[0m[1m][0m,                      │ │
│ │                       [2m│   │   │   │   │   [0mforbidden_class=[3mNone[0m,          │ │
│ │                       [2m│   │   │   │   │   [0mundeclared_switch_arms=[1m[[0m[1m][0m      │ │
│ │                       [2m│   │   │   │   [0m[1m)[0m                                  │ │
│ │                       [2m│   │   │   [0m[1m)[0m,                                     │ │
│ │                       [2m│   │   │   [0m[1mValidatedCriterion[0m[1m([0m                    │ │
│ │                       [2m│   │   │   │   [0mid='AC-2',                         │ │
│ │                       [2m│   │   │   │   [0mtext='No lint errors',             │ │
│ │                       [2m│   │   │   │   [0mfeasibility=[1mCriterionFeasibility[0m[1m([0m  │ │
│ │                       [2m│   │   │   │   │   [0mcriterion_id='AC-2',           │ │
│ │                       [2m│   │   │   │   │   [0m                               │ │
│ │                       verdict=<CriterionVerdict.feasible: 'feasible'>,   │ │
│ │                       [2m│   │   │   │   │   [0mrefutation=[3mNone[0m,               │ │
│ │                       [2m│   │   │   │   │   [0mmissing_resource=[3mNone[0m,         │ │
│ │                       [2m│   │   │   │   │   [0mcost_measurement=[3mNone[0m,         │ │
│ │                       [2m│   │   │   │   │   [0mflags=[1m[[0m[1m][0m,                      │ │
│ │                       [2m│   │   │   │   │   [0mforbidden_class=[3mNone[0m,          │ │
│ │                       [2m│   │   │   │   │   [0mundeclared_switch_arms=[1m[[0m[1m][0m      │ │
│ │                       [2m│   │   │   │   [0m[1m)[0m                                  │ │
│ │                       [2m│   │   │   [0m[1m)[0m                                      │ │
│ │                       [2m│   │   [0m[1m][0m,                                         │ │
│ │                       [2m│   │   [0mconjunction=[1mConjunctionVerdict[0m[1m([0m            │ │
│ │                       [2m│   │   │   [0msatisfiable=[3mTrue[0m,                      │ │
│ │                       [2m│   │   │   [0mcontradictions=[1m[[0m[1m][0m                      │ │
│ │                       [2m│   │   [0m[1m)[0m                                          │ │
│ │                       [2m│   [0m[1m)[0m,                                             │ │
│ │                       [2m│   [0m'criteria_validation': [1mCriteriaValidation[0m[1m([0m     │ │
│ │                       [2m│   │   [0mverdicts=[1m[[0m                                 │ │
│ │                       [2m│   │   │   [0m[1mCriterionFeasibility[0m[1m([0m                  │ │
│ │                       [2m│   │   │   │   [0mcriterion_id='AC-1',               │ │
│ │                       [2m│   │   │   │   [0m                                   │ │
│ │                       verdict=<CriterionVerdict.feasible: 'feasible'>,   │ │
│ │                       [2m│   │   │   │   [0mrefutation=[3mNone[0m,                   │ │
│ │                       [2m│   │   │   │   [0mmissing_resource=[3mNone[0m,             │ │
│ │                       [2m│   │   │   │   [0mcost_measurement=[3mNone[0m,             │ │
│ │                       [2m│   │   │   │   [0mflags=[1m[[0m[1m][0m,                          │ │
│ │                       [2m│   │   │   │   [0mforbidden_class=[3mNone[0m,              │ │
│ │                       [2m│   │   │   │   [0mundeclared_switch_arms=[1m[[0m[1m][0m          │ │
│ │                       [2m│   │   │   [0m[1m)[0m,                                     │ │
│ │                       [2m│   │   │   [0m[1mCriterionFeasibility[0m[1m([0m                  │ │
│ │                       [2m│   │   │   │   [0mcriterion_id='AC-2',               │ │
│ │                       [2m│   │   │   │   [0m                                   │ │
│ │                       verdict=<CriterionVerdict.feasible: 'feasible'[1m>[0m,   │ │
│ │                       [2m│   │   │   │   [0mrefutation=[3mNone[0m,                   │ │
│ │                       [2m│   │   │   │   [0mmissing_resource=[3mNone[0m,             │ │
│ │                       [2m│   │   │   │   [0mcost_measurement=[3mNone[0m,             │ │
│ │                       [2m│   │   │   │   [0mflags=[1m[[0m[1m][0m,                          │ │
│ │                       [2m│   │   │   │   [0mforbidden_class=[3mNone[0m,              │ │
│ │                       [2m│   │   │   │   [0mundeclared_switch_arms=[1m[[0m[1m][0m          │ │
│ │                       [2m│   │   │   [0m[1m)[0m                                      │ │
│ │                       [2m│   │   [0m[1m][0m,                                         │ │
│ │                       [2m│   │   [0mconjunction=[1mConjunctionVerdict[0m[1m([0m            │ │
│ │                       [2m│   │   │   [0msatisfiable=[3mTrue[0m,                      │ │
│ │                       [2m│   │   │   [0mcontradictions=[1m[[0m[1m][0m                      │ │
│ │                       [2m│   │   [0m[1m)[0m                                          │ │
│ │                       [2m│   [0m[1m)[0m,                                             │ │
│ │                       [2m│   [0m'criteria_regeneration_rounds': [1m0[0m,             │ │
│ │                       [2m│   [0m'criteria_infeasible': [3mFalse[0m,                  │ │
│ │                       [2m│   [0m... +[1m23[0m                                        │ │
│ │                       [1m}[0m                                                  │ │
│ │              [3mticket[0m = [1mTicketDraftOutput[0m[1m([0m                                 │ │
│ │                       [2m│   [0mtitle='Test ticket',                           │ │
│ │                       [2m│   [0msummary='Test summary',                        │ │
│ │                       [2m│   [0mcontext='Test context',                        │ │
│ │                       [2m│   [0mreferences=[1m[[0m[1m][0m,                                 │ │
│ │                       [2m│   [0mrequired_changes=[1m[[0m                             │ │
│ │                       [2m│   │   [0m[1mFileChange[0m[1m([0m                                │ │
│ │                       [2m│   │   │   [0mfile_path='test.py',                   │ │
│ │                       [2m│   │   │   [0mchange_type='modify',                  │ │
│ │                       [2m│   │   │   [0mdescription='test change',             │ │
│ │                       [2m│   │   │   [0mrationale='test rationale'             │ │
│ │                       [2m│   │   [0m[1m)[0m                                          │ │
│ │                       [2m│   [0m[1m][0m,                                             │ │
│ │                       [2m│   [0mout_of_scope=[1m[[0m[1m][0m,                               │ │
│ │                       [2m│   [0mopen_questions=[1m[[0m[1m][0m,                             │ │
│ │                       [2m│   [0msherlock_flags=[1m[[0m[1m][0m                              │ │
│ │                       [1m)[0m                                                  │ │
│ ╰──────────────────────────────────────────────────────────────────────────╯ │
│                                                                              │
│ [2m/private/tmp/kodezart-v03-recovery-criterion-class/src/kodezart/core/[0m[1moutboun[0m │
│ [1md_write.py[0m:77 in gated_write                                                 │
│                                                                              │
│   [2m74 [0m[2m│   [0m)                                                                   │
│   [2m75 [0m[2m│   [0mif decision.verdict is GateVerdict.BLOCKED:                         │
│   [2m76 [0m[2m│   │   [0mmsg = "Outbound content blocked before write"                   │
│ ❱ 77 [2m│   │   [0m[1;4mraise[0m[1;4m OutboundContentBlockedError([0m                              │
│   [2m78 [0m[2m│   │   │   [0m[1;4mmsg,[0m                                                        │
│   [2m79 [0m[2m│   │   │   [0m[1;4mwriter=destination.value,[0m                                   │
│   [2m80 [0m[2m│   │   │   [0m[1;4mcategories=[category.value [0m[1;4mfor[0m[1;4m category [0m[1;4min[0m[1;4m decision.categor[0m │
│                                                                              │
│ ╭───────────────────────────────── locals ─────────────────────────────────╮ │
│ │       [3mcontent[0m = 'Test PR description.\n\nTracker issue: K-1'             │ │
│ │ [3mcontent_class[0m = [1m<[0m[1mContentClass.AUTHORED:[0m 'authored'[1m>[0m                      │ │
│ │      [3mdecision[0m = [1mGateDecision[0m[1m([0m                                            │ │
│ │                 [2m│   [0mverdict=[1m<[0m[1mGateVerdict.BLOCKED:[0m 'blocked'>,            │ │
│ │                 [2m│   [0mcontent='',                                          │ │
│ │                 [2m│   [0mcategories=[1m([0m                                         │ │
│ │                 [2m│   │   [0m<RedactionCategory.CREDENTIALS: 'credentials'>,  │ │
│ │                 [2m│   [0m[1m)[0m,                                                   │ │
│ │                 [2m│   [0mhits=[1m([0m                                               │ │
│ │                 [2m│   │   [0m[1mScanHit[0m[1m([0m                                         │ │
│ │                 [2m│   │   │   [0mcategory=<RedactionCategory.CREDENTIALS:     │ │
│ │                 'credentials'[1m>[0m,                                          │ │
│ │                 [2m│   │   │   [0mstart=[1m22[0m,                                    │ │
│ │                 [2m│   │   │   [0mend=[1m40[0m,                                      │ │
│ │                 [2m│   │   │   [0mrationale=[3mNone[0m,                              │ │
│ │                 [2m│   │   │   [0mmatched_text=[3mNone[0m                            │ │
│ │                 [2m│   │   [0m[1m)[0m,                                               │ │
│ │                 [2m│   [0m[1m)[0m,                                                   │ │
│ │                 [2m│   [0mfailure=[3mNone[0m                                         │ │
│ │                 [1m)[0m                                                        │ │
│ │   [3mdestination[0m = [1m<[0m[1mOutboundDestination.PR_BODY:[0m 'pr_body'[1m>[0m                 │ │
│ │          [3mgate[0m = [1m<[0m[1mtests.integration.test_issue_key_carriage.RecordingGate[0m │ │
│ │                 object at [1m0x10c2cbd70[0m[1m>[0m                                   │ │
│ │           [3mlog[0m = [1m<[0m[1mBoundLoggerLazyProxy[0m[1m([0mlogger=[3mNone[0m, wrapper_class=[3mNone[0m,   │ │
│ │                 processors=[3mNone[0m, context_class=[3mNone[0m, initial_values=[1m{[0m[1m}[0m,  │ │
│ │                 logger_factory_args=[1m([0m'kodezart.chains.ralph_workflow',[1m)[0m[1m…[0m │ │
│ │           [3mmsg[0m = 'Outbound content blocked before write'                  │ │
│ │         [3mshape[0m = [1m<[0m[1mWriterShape.PROSE:[0m 'prose'[1m>[0m                             │ │
│ │    [3mvisibility[0m = [1m<[0m[1mRepoVisibility.UNKNOWN:[0m 'unknown'[1m>[0m                      │ │
│ ╰──────────────────────────────────────────────────────────────────────────╯ │
╰──────────────────────────────────────────────────────────────────────────────╯
[1mOutboundContentBlockedError: [0mOutbound content blocked before write [1m([0mwriter: 
pr_body; categories: credentials[1m)[0m
[1m[NOTE] [0mDuring task with name 'open_pr' and id 
'2f7a8ced-565b-7923-323b-197ca619d09a'

________ test_the_appended_identity_can_block_the_entire_pr_write[True] ________

queue = <kodezart.adapters.asyncio_job_queue.AsyncioJobQueue object at 0x10c73ce00>
job_id = 'fc9edf215d5d49d7bcab433f9f99e77d'

    async def finish(queue: AsyncioJobQueue, job_id: str) -> list[AgentEvent]:
        async with asyncio.timeout(SETTLE_SECONDS):
>           return [event async for event in queue.attach(job_id=job_id)]
                   ^^^^^^^^^^^^^^^^^^^^^^^^^^^^^^^^^^^^^^^^^^^^^^^^^^^^^^

tests/integration/test_issue_key_carriage.py:188: 
_ _ _ _ _ _ _ _ _ _ _ _ _ _ _ _ _ _ _ _ _ _ _ _ _ _ _ _ _ _ _ _ _ _ _ _ _ _ _ _ 
src/kodezart/adapters/asyncio_job_queue.py:82: in stream
    item = await subscriber.get()
           ^^^^^^^^^^^^^^^^^^^^^^
_ _ _ _ _ _ _ _ _ _ _ _ _ _ _ _ _ _ _ _ _ _ _ _ _ _ _ _ _ _ _ _ _ _ _ _ _ _ _ _ 

self = <Queue at 0x10c674320 maxsize=0 tasks=7>

    async def get(self):
        """Remove and return an item from the queue.
    
        If queue is empty, wait until an item is available.
        """
        while self.empty():
            getter = self._get_loop().create_future()
            self._getters.append(getter)
            try:
>               await getter
E               asyncio.exceptions.CancelledError

/Users/kodezart/.local/share/uv/python/cpython-3.12.13-macos-aarch64-none/lib/python3.12/asyncio/queues.py:158: CancelledError

The above exception was the direct cause of the following exception:

stalled = True

    @pytest.mark.parametrize("stalled", [False, True])
    async def test_the_appended_identity_can_block_the_entire_pr_write(
        stalled: bool,
    ) -> None:
        gate = RecordingGate(block_identity=True)
        async with workflow_harness(gate, stalled=stalled) as harness:
            report = await harness.dispatcher.run_pass()
            assert report.job_id is not None
>           events = await finish(harness.queue, report.job_id)
                     ^^^^^^^^^^^^^^^^^^^^^^^^^^^^^^^^^^^^^^^^^^

tests/integration/test_issue_key_carriage.py:223: 
_ _ _ _ _ _ _ _ _ _ _ _ _ _ _ _ _ _ _ _ _ _ _ _ _ _ _ _ _ _ _ _ _ _ _ _ _ _ _ _ 
tests/integration/test_issue_key_carriage.py:187: in finish
    async with asyncio.timeout(SETTLE_SECONDS):
               ^^^^^^^^^^^^^^^^^^^^^^^^^^^^^^^
_ _ _ _ _ _ _ _ _ _ _ _ _ _ _ _ _ _ _ _ _ _ _ _ _ _ _ _ _ _ _ _ _ _ _ _ _ _ _ _ 

self = <Timeout [expired]>
exc_type = <class 'asyncio.exceptions.CancelledError'>
exc_val = CancelledError(), exc_tb = <traceback object at 0x10c611300>

    async def __aexit__(
        self,
        exc_type: Optional[Type[BaseException]],
        exc_val: Optional[BaseException],
        exc_tb: Optional[TracebackType],
    ) -> Optional[bool]:
        assert self._state in (_State.ENTERED, _State.EXPIRING)
    
        if self._timeout_handler is not None:
            self._timeout_handler.cancel()
            self._timeout_handler = None
    
        if self._state is _State.EXPIRING:
            self._state = _State.EXPIRED
    
            if self._task.uncancel() <= self._cancelling and exc_type is exceptions.CancelledError:
                # Since there are no new cancel requests, we're
                # handling this.
>               raise TimeoutError from exc_val
E               TimeoutError

/Users/kodezart/.local/share/uv/python/cpython-3.12.13-macos-aarch64-none/lib/python3.12/asyncio/timeouts.py:115: TimeoutError
----------------------------- Captured stdout call -----------------------------
2026-09-12 14:10:50 [info     ] dispatch_ranked                order=['K-1'] tied=['K-1'] winner=K-1
2026-09-12 14:10:50 [info     ] fire_context_assembled         asset_keys=[] issue_key=K-1
2026-09-12 14:10:50 [info     ] job_submitted                  job_id=fc9edf215d5d49d7bcab433f9f99e77d lane=tracker queue_position=1
2026-09-12 14:10:50 [info     ] job_started                    job_id=fc9edf215d5d49d7bcab433f9f99e77d lane=tracker
2026-09-12 14:10:50 [info     ] dispatch_fire_enqueued         base_branch=trunk base_role=None issue_key=K-1 job_id=fc9edf215d5d49d7bcab433f9f99e77d outcome=fire_enqueued
2026-09-12 14:10:50 [info     ] forge_capabilities_selected    forge_less_origin=False repo_url=https://github.com/example/repository
2026-09-12 14:10:50 [info     ] repo_visibility_resolved       repo_url=https://github.com/example/repository.git visibility=unknown
2026-09-12 14:10:50 [info     ] scope_base_resolved            base_branch=trunk base_role=None input_count=0
2026-09-12 14:10:50 [debug    ] output_format_requested        format_type=json_schema
2026-09-12 14:10:50 [info     ] stream_drained                 duration_api_ms=1 duration_ms=1 event_count=1 events={'result': 1} has_structured_output=True is_error=False num_turns=1 rate_limit_rejected=False result_event_observed=True result_tail=None session_id=fake site=branch_name stop_reason=None subtype=result total_cost_usd=None usage=None
2026-09-12 14:10:50 [info     ] outbound_content_gated         categories=[] content_digest=23a116c5a2a543a9ec246e0f2e6a02ffad6700608ccf30ac8590785c69feebf6 failure=None hits=[] surface=publication verdict=clean visibility=unknown writer=branch_name
2026-09-12 14:10:50 [debug    ] output_format_requested        format_type=json_schema
2026-09-12 14:10:50 [info     ] stream_drained                 duration_api_ms=1 duration_ms=1 event_count=1 events={'result': 1} has_structured_output=True is_error=False num_turns=1 rate_limit_rejected=False result_event_observed=True result_tail=None session_id=fake site=acceptance_criteria stop_reason=None subtype=result total_cost_usd=None usage=None
2026-09-12 14:10:50 [debug    ] output_format_requested        format_type=json_schema
2026-09-12 14:10:50 [info     ] stream_drained                 duration_api_ms=1 duration_ms=1 event_count=1 events={'result': 1} has_structured_output=True is_error=False num_turns=1 rate_limit_rejected=False result_event_observed=True result_tail=None session_id=fake site=criteria_validation stop_reason=None subtype=result total_cost_usd=None usage=None
2026-09-12 14:10:50 [info     ] criteria_sweep_complete        bound_exhausted=False regeneration_round=0 regeneration_targets=[] satisfiable=True
2026-09-12 14:10:50 [info     ] outbound_content_gated         categories=[] content_digest=7cac6cbb356f068e8e6a0b1fdf35390df3bb9ace25b6ddbb53f67473fc11c369 failure=None hits=[] surface=publication verdict=clean visibility=unknown writer=pr_title
2026-09-12 14:10:50 [info     ] outbound_content_gated         categories=['credentials'] content_digest=d9d8b326855047051f388f8f905a3266e9d314c1849f3b98cd9afd743c6447d0 failure=None hits=[{'category': 'credentials', 'start': 737, 'end': 755, 'rationale': None}] surface=publication verdict=blocked visibility=unknown writer=pr_body
2026-09-12 14:11:02 [info     ] job_queue_stopped              abandoned=1 lanes=2 outcome=shutdown_abandoned
--------------------------- Captured stdout teardown ---------------------------
2026-09-12 14:10:50 [error    ] job_failed                     error='Outbound content blocked before write (writer: pr_body; categories: credentials)' error_kind=OutboundContentBlockedError job_id=fc9edf215d5d49d7bcab433f9f99e77d lane=tracker
╭───────────────────── [1mTraceback [0m[1;2m(most recent call last)[0m ──────────────────────╮
│ [2m/private/tmp/kodezart-v03-recovery-criterion-class/src/kodezart/adapters/[0m[1masy[0m │
│ [1mncio_job_queue.py[0m:292 in _run_job                                            │
│                                                                              │
│   [2m289 [0m[2m│   │   [0m                                                               │
│   [2m290 [0m[2m│   │   [0moutcome: WorkflowOutcome | None = None                         │
│   [2m291 [0m[2m│   │   [0mtry:                                                           │
│ ❱ 292 [2m│   │   │   [0masync for event in self._engine.run(                       │
│   [2m293 [0m[2m│   │   │   │   [0mprompt=request.prompt,                                 │
│   [2m294 [0m[2m│   │   │   │   [0missue_key=request.issue_key,                           │
│   [2m295 [0m[2m│   │   │   │   [0mrun_identity=(                                         │
│                                                                              │
│ ╭───────────────────────────────── locals ─────────────────────────────────╮ │
│ │   [3mevent[0m = [1mWorkflowConsolidationEvent[0m[1m([0m                                    │ │
│ │           [2m│   [0mtype='workflow_consolidation',                             │ │
│ │           [2m│   [0mstatus=[1m<[0m[1mConsolidationStatus.FAST_FORWARDED:[0m                │ │
│ │           'fast_forwarded'[1m>[0m,                                             │ │
│ │           [2m│   [0mfeature_branch='kodezart/test-branch-a86d3ace',            │ │
│ │           [2m│   [0msource_branch='kodezart/test-branch-a86d3ace-best',        │ │
│ │           [2m│   [0mfeature_tip_sha='mmmmmmmmmmmmmmmmmmmmmmmmmmmmmmmmmmmmmmmm' │ │
│ │           [1m)[0m                                                              │ │
│ │     [3mexc[0m = [1mOutboundContentBlockedError[0m[1m([0m'Outbound content blocked before   │ │
│ │           write (writer: pr_body; categories: credentials)'[1m)[0m             │ │
│ │  [3mjob_id[0m = 'fc9edf215d5d49d7bcab433f9f99e77d'                             │ │
│ │    [3mlane[0m = 'tracker'                                                      │ │
│ │ [3moutcome[0m = [1m<[0m[1mWorkflowOutcome.engine_error:[0m 'engine_error'[1m>[0m                 │ │
│ │  [3mrecord[0m = [1mJobRecord[0m[1m([0m                                                     │ │
│ │           [2m│   [0mjob_id='fc9edf215d5d49d7bcab433f9f99e77d',                 │ │
│ │           [2m│   [0mlane='tracker',                                            │ │
│ │           [2m│   [0mstate=[1m<[0m[1mJobState.QUEUED:[0m 'queued'[1m>[0m,                         │ │
│ │           [2m│   [0mqueue_position=[1m1[0m,                                          │ │
│ │           [2m│   [0msubmitted_at=[1mdatetime[0m[1m.datetime[0m[1m([0m[1m2026[0m, [1m9[0m, [1m12[0m, [1m12[0m, [1m10[0m, [1m50[0m,    │ │
│ │           [1m57309[0m, tzinfo=datetime.timezone.utc[1m)[0m,                          │ │
│ │           [2m│   [0moutcome=[3mNone[0m,                                              │ │
│ │           [2m│   [0mtruncated=[3mFalse[0m                                            │ │
│ │           [1m)[0m                                                              │ │
│ │ [3mrequest[0m = [1mWorkflowSubmission[0m[1m([0m                                            │ │
│ │           [2m│   [0mprompt='Tracker issue: K-1\n\nTracker issue:               │ │
│ │           DECOY-999\n\nImplement the described change.\n\n#'+[1m51[0m,         │ │
│ │           [2m│   [0missue_key='K-1',                                           │ │
│ │           [2m│   [0mrepo_path=[3mNone[0m,                                            │ │
│ │           [2m│   [0mrepo_url='https://github.com/example/repository',          │ │
│ │           [2m│   [0mbase_spec=[1mBaseSpec[0m[1m([0m                                        │ │
│ │           [2m│   │   [0minputs=[1m([0m[1m)[0m,                                             │ │
│ │           [2m│   │   [0mbase_branch='trunk',                                   │ │
│ │           [2m│   │   [0mbase_role=[3mNone[0m                                         │ │
│ │           [2m│   [0m[1m)[0m,                                                         │ │
│ │           [2m│   [0mimplied_base=[1mBaseSpec[0m[1m([0m                                     │ │
│ │           [2m│   │   [0minputs=[1m([0m[1m)[0m,                                             │ │
│ │           [2m│   │   [0mbase_branch='trunk',                                   │ │
│ │           [2m│   │   [0mbase_role=[3mNone[0m                                         │ │
│ │           [2m│   [0m[1m)[0m,                                                         │ │
│ │           [2m│   [0mscope=[3mNone[0m,                                                │ │
│ │           [2m│   [0mpermission_mode=[1m<[0m[1mPermissionMode.UNATTENDED:[0m 'unattended'>, │ │
│ │           [2m│   [0mallowed_tools=<ToolPreset.IMPLEMENTATION:                  │ │
│ │           'implementation'[1m>[0m                                              │ │
│ │           [1m)[0m                                                              │ │
│ │ [3mruntime[0m = [1m<[0m[1mkodezart.adapters.asyncio_job_queue._Lane[0m object at           │ │
│ │           [1m0x10c73d370[0m[1m>[0m                                                   │ │
│ │    [3mself[0m = [1m<[0m[1mkodezart.adapters.asyncio_job_queue.AsyncioJobQueue[0m object at │ │
│ │           [1m0x10c73ce00[0m[1m>[0m                                                   │ │
│ ╰──────────────────────────────────────────────────────────────────────────╯ │
│                                                                              │
│ [2m/private/tmp/kodezart-v03-recovery-criterion-class/src/kodezart/composition/[0m │
│ [1mengine.py[0m:119 in run                                                         │
│                                                                              │
│   [2m116 [0m[2m│   │   │   [0mrepo_url=repo_url,                                         │
│   [2m117 [0m[2m│   │   │   [0mforge_less_origin=arm is self._forge_less_arm,             │
│   [2m118 [0m[2m│   │   [0m)                                                              │
│ ❱ 119 [2m│   │   [0masync for event in [1;4marm.run([0m                                    │
│   [2m120 [0m[2m│   │   │   [0m[1;4mprompt=prompt,[0m                                             │
│   [2m121 [0m[2m│   │   │   [0m[1;4missue_key=issue_key,[0m                                       │
│   [2m122 [0m[2m│   │   │   [0m[1;4mrun_identity=run_identity,[0m                                 │
│                                                                              │
│ ╭───────────────────────────────── locals ─────────────────────────────────╮ │
│ │   [3mallowed_tools[0m = [1m<[0m[1mToolPreset.IMPLEMENTATION:[0m 'implementation'[1m>[0m          │ │
│ │             [3marm[0m = [1m<[0m[1mkodezart.chains.authored_delivery.AuthoredDeliveryCo…[0m │ │
│ │                   object at [1m0x10c6b0290[0m[1m>[0m                                 │ │
│ │       [3mbase_spec[0m = [1mBaseSpec[0m[1m([0m                                              │ │
│ │                   [2m│   [0minputs=[1m([0m[1m)[0m,                                         │ │
│ │                   [2m│   [0mbase_branch='trunk',                               │ │
│ │                   [2m│   [0mbase_role=[3mNone[0m                                     │ │
│ │                   [1m)[0m                                                      │ │
│ │       [3mcache_key[0m = 'fc9edf215d5d49d7bcab433f9f99e77d'                     │ │
│ │           [3mevent[0m = [1mWorkflowConsolidationEvent[0m[1m([0m                            │ │
│ │                   [2m│   [0mtype='workflow_consolidation',                     │ │
│ │                   [2m│   [0mstatus=[1m<[0m[1mConsolidationStatus.FAST_FORWARDED:[0m        │ │
│ │                   'fast_forwarded'[1m>[0m,                                     │ │
│ │                   [2m│   [0mfeature_branch='kodezart/test-branch-a86d3ace',    │ │
│ │                   [2m│   [0m                                                   │ │
│ │                   source_branch='kodezart/test-branch-a86d3ace-best',    │ │
│ │                   [2m│   [0m                                                   │ │
│ │                   feature_tip_sha='mmmmmmmmmmmmmmmmmmmmmmmmmmmmmmmmmmmm… │ │
│ │                   [1m)[0m                                                      │ │
│ │    [3mimplied_base[0m = [1mBaseSpec[0m[1m([0m                                              │ │
│ │                   [2m│   [0minputs=[1m([0m[1m)[0m,                                         │ │
│ │                   [2m│   [0mbase_branch='trunk',                               │ │
│ │                   [2m│   [0mbase_role=[3mNone[0m                                     │ │
│ │                   [1m)[0m                                                      │ │
│ │       [3missue_key[0m = 'K-1'                                                  │ │
│ │ [3mpermission_mode[0m = [1m<[0m[1mPermissionMode.UNATTENDED:[0m 'unattended'[1m>[0m              │ │
│ │          [3mprompt[0m = 'Tracker issue: K-1\n\nTracker issue:                  │ │
│ │                   DECOY-999\n\nImplement the described change.\n\n#'+[1m51[0m  │ │
│ │       [3mrepo_path[0m = [3mNone[0m                                                   │ │
│ │        [3mrepo_url[0m = 'https://github.com/example/repository'                │ │
│ │    [3mrun_identity[0m = [1mRunIdentity[0m[1m([0m                                           │ │
│ │                   [2m│   [0mkind=[1m<[0m[1mRunKind.FIRE:[0m 'fire'[1m>[0m,                       │ │
│ │                   [2m│   [0mname='K-1',                                        │ │
│ │                   [2m│   [0mstarted_at=[1mdatetime[0m[1m.datetime[0m[1m([0m[1m2026[0m, [1m9[0m, [1m12[0m, [1m12[0m, [1m10[0m,  │ │
│ │                   [1m50[0m, [1m57309[0m, tzinfo=datetime.timezone.utc[1m)[0m               │ │
│ │                   [1m)[0m                                                      │ │
│ │           [3mscope[0m = [3mNone[0m                                                   │ │
│ │            [3mself[0m = [1m<[0m[1mkodezart.composition.engine.OriginRoutedWorkflowEngi…[0m │ │
│ │                   object at [1m0x10c677260[0m[1m>[0m                                 │ │
│ ╰──────────────────────────────────────────────────────────────────────────╯ │
│                                                                              │
│ [2m/private/tmp/kodezart-v03-recovery-criterion-class/src/kodezart/chains/[0m[1mautho[0m │
│ [1mred_delivery.py[0m:94 in run                                                    │
│                                                                              │
│   [2m 91 [0m[2m│   │   │   [0mci_run_absent=False,                                       │
│   [2m 92 [0m[2m│   │   [0m)                                                              │
│   [2m 93 [0m[2m│   │   [0mterminal: AuthoredWorkflowCompleteEvent | None = None          │
│ ❱  94 [2m│   │   [0masync for event in [1;4mself[0m[1;4m._delivery_compiled.astream([0m            │
│   [2m 95 [0m[2m│   │   │   [0m[1;4minitial_state,[0m                                             │
│   [2m 96 [0m[2m│   │   │   [0m[1;4mconfig=config,[0m                                             │
│   [2m 97 [0m[2m│   │   │   [0m[1;4mstream_mode=[0m[1;4m"[0m[1;4mcustom[0m[1;4m"[0m[1;4m,[0m                                      │
│                                                                              │
│ ╭───────────────────────────────── locals ─────────────────────────────────╮ │
│ │               [3m_[0m = [1m([0m'fire:bfea4c83-bcbd-9b41-5086-7a67e24b6545',[1m)[0m         │ │
│ │   [3mallowed_tools[0m = [1m<[0m[1mToolPreset.IMPLEMENTATION:[0m 'implementation'[1m>[0m          │ │
│ │       [3mbase_spec[0m = [1mBaseSpec[0m[1m([0m                                              │ │
│ │                   [2m│   [0minputs=[1m([0m[1m)[0m,                                         │ │
│ │                   [2m│   [0mbase_branch='trunk',                               │ │
│ │                   [2m│   [0mbase_role=[3mNone[0m                                     │ │
│ │                   [1m)[0m                                                      │ │
│ │       [3mcache_key[0m = 'fc9edf215d5d49d7bcab433f9f99e77d'                     │ │
│ │          [3mconfig[0m = [1m{[0m                                                      │ │
│ │                   [2m│   [0m'configurable': [1m{[0m                                  │ │
│ │                   [2m│   │   [0m'prompt': 'Tracker issue: K-1\n\nTracker       │ │
│ │                   issue: DECOY-999\n\nImplement the described            │ │
│ │                   change.\n\n#'+[1m51[0m,                                      │ │
│ │                   [2m│   │   [0m'repo_path': [3mNone[0m,                             │ │
│ │                   [2m│   │   [0m'repo_url':                                    │ │
│ │                   'https://github.com/example/repository.git',           │ │
│ │                   [2m│   │   [0m'cache_key':                                   │ │
│ │                   'fc9edf215d5d49d7bcab433f9f99e77d',                    │ │
│ │                   [2m│   │   [0m'run_identity': [1m{[0m                              │ │
│ │                   [2m│   │   │   [0m'kind': [1m<[0m[1mRunKind.FIRE:[0m 'fire'>,            │ │
│ │                   [2m│   │   │   [0m'name': 'K-1',                             │ │
│ │                   [2m│   │   │   [0m'started_at': [1mdatetime.datetime[0m[1m([0m[1m2026[0m, [1m9[0m,   │ │
│ │                   [1m12[0m, [1m12[0m, [1m10[0m, [1m50[0m, [1m57309[0m, tzinfo=datetime.timezone.utc[1m)[0m   │ │
│ │                   [2m│   │   [0m[1m}[0m,                                             │ │
│ │                   [2m│   │   [0m'workspace_path': [3mNone[0m,                        │ │
│ │                   [2m│   │   [0m'base_spec': [1m{[0m                                 │ │
│ │                   [2m│   │   │   [0m'inputs': [1m([0m[1m)[0m,                              │ │
│ │                   [2m│   │   │   [0m'base_branch': 'trunk',                    │ │
│ │                   [2m│   │   │   [0m'base_role': [3mNone[0m                          │ │
│ │                   [2m│   │   [0m[1m}[0m,                                             │ │
│ │                   [2m│   │   [0m'permission_mode': <PermissionMode.UNATTENDED: │ │
│ │                   'unattended'>,                                         │ │
│ │                   [2m│   │   [0m'allowed_tools': <ToolPreset.IMPLEMENTATION:   │ │
│ │                   'implementation'[1m>[0m                                      │ │
│ │                   [2m│   [0m[1m}[0m                                                  │ │
│ │                   [1m}[0m                                                      │ │
│ │           [3mevent[0m = [1m([0m                                                      │ │
│ │                   [2m│   [0m[1m([0m'fire:bfea4c83-bcbd-9b41-5086-7a67e24b6545',[1m)[0m,    │ │
│ │                   [2m│   [0m[1mWorkflowCompleteEvent[0m[1m([0m                             │ │
│ │                   [2m│   │   [0mtype='workflow_complete',                      │ │
│ │                   [2m│   │   [0m                                               │ │
│ │                   feature_branch='kodezart/test-branch-a86d3ace',        │ │
│ │                   [2m│   │   [0m                                               │ │
│ │                   ralph_branch='kodezart/test-branch-a86d3ace-ralph-738… │ │
│ │                   [2m│   │   [0mtotal_iterations=[1m4[0m,                            │ │
│ │                   [2m│   │   [0maccepted=[3mFalse[0m,                                │ │
│ │                   [2m│   │   [0moutcome=[1m<[0m[1mWorkflowOutcome.loop_plateaued:[0m       │ │
│ │                   'loop_plateaued'>,                                     │ │
│ │                   [2m│   │   [0mmerged=[3mFalse[0m,                                  │ │
│ │                   [2m│   │   [0m                                               │ │
│ │                   final_commit_sha='mmmmmmmmmmmmmmmmmmmmmmmmmmmmmmmmmmm… │ │
│ │                   [2m│   │   [0mmerge_error=[3mNone[0m,                              │ │
│ │                   [2m│   │   [0mtrajectory=[1mLoopTrajectory[0m[1m([0m                     │ │
│ │                   [2m│   │   │   [0mrecords=[1m[[0m                                  │ │
│ │                   [2m│   │   │   │   [0m[1mIterationRecord[0m[1m([0m                       │ │
│ │                   [2m│   │   │   │   │   [0miteration=[1m1[0m,                       │ │
│ │                   [2m│   │   │   │   │   [0mpassed_count=[1m8[0m,                    │ │
│ │                   [2m│   │   │   │   │   [0mfailing_criterion_ids=[1m[[0m'AC-1'[1m][0m,    │ │
│ │                   [2m│   │   │   │   │   [0m                                   │ │
│ │                   commit_sha='1111111111111111111111111111111111111111'  │ │
│ │                   [2m│   │   │   │   [0m[1m)[0m,                                     │ │
│ │                   [2m│   │   │   │   [0m[1mIterationRecord[0m[1m([0m                       │ │
│ │                   [2m│   │   │   │   │   [0miteration=[1m2[0m,                       │ │
│ │                   [2m│   │   │   │   │   [0mpassed_count=[1m11[0m,                   │ │
│ │                   [2m│   │   │   │   │   [0mfailing_criterion_ids=[1m[[0m'AC-1'[1m][0m,    │ │
│ │                   [2m│   │   │   │   │   [0m                                   │ │
│ │                   commit_sha='2222222222222222222222222222222222222222'  │ │
│ │                   [2m│   │   │   │   [0m[1m)[0m,                                     │ │
│ │                   [2m│   │   │   │   [0m[1mIterationRecord[0m[1m([0m                       │ │
│ │                   [2m│   │   │   │   │   [0miteration=[1m3[0m,                       │ │
│ │                   [2m│   │   │   │   │   [0mpassed_count=[1m10[0m,                   │ │
│ │                   [2m│   │   │   │   │   [0mfailing_criterion_ids=[1m[[0m            │ │
│ │                   [2m│   │   │   │   │   │   [0m'AC-1',                        │ │
│ │                   [2m│   │   │   │   │   │   [0m'AC-2'                         │ │
│ │                   [2m│   │   │   │   │   [0m[1m][0m,                                 │ │
│ │                   [2m│   │   │   │   │   [0m                                   │ │
│ │                   commit_sha='3333333333333333333333333333333333333333'  │ │
│ │                   [2m│   │   │   │   [0m[1m)[0m,                                     │ │
│ │                   [2m│   │   │   │   [0m[1mIterationRecord[0m[1m([0m                       │ │
│ │                   [2m│   │   │   │   │   [0miteration=[1m4[0m,                       │ │
│ │                   [2m│   │   │   │   │   [0mpassed_count=[1m11[0m,                   │ │
│ │                   [2m│   │   │   │   │   [0mfailing_criterion_ids=[1m[[0m'AC-1'[1m][0m,    │ │
│ │                   [2m│   │   │   │   │   [0m                                   │ │
│ │                   commit_sha='4444444444444444444444444444444444444444'  │ │
│ │                   [2m│   │   │   │   [0m[1m)[0m                                      │ │
│ │                   [2m│   │   │   [0m[1m][0m,                                         │ │
│ │                   [2m│   │   │   [0mnever_passed_ids=[1m[[0m'AC-1'[1m][0m,                 │ │
│ │                   [2m│   │   │   [0mbest_passed_count=[1m11[0m,                      │ │
│ │                   [2m│   │   │   [0mbest_iteration=[1m2[0m,                          │ │
│ │                   [2m│   │   │   [0m                                           │ │
│ │                   best_commit_sha='222222222222222222222222222222222222… │ │
│ │                   [2m│   │   │   [0mplateaued=[3mTrue[0m                             │ │
│ │                   [2m│   │   [0m[1m)[0m,                                             │ │
│ │                   [2m│   │   [0mcriteria_validation=[1mCriteriaValidation[0m[1m([0m        │ │
│ │                   [2m│   │   │   [0mverdicts=[1m[[0m                                 │ │
│ │                   [2m│   │   │   │   [0m[1mCriterionFeasibility[0m[1m([0m                  │ │
│ │                   [2m│   │   │   │   │   [0mcriterion_id='AC-1',               │ │
│ │                   [2m│   │   │   │   │   [0m                                   │ │
│ │                   verdict=<CriterionVerdict.feasible: 'feasible'>,       │ │
│ │                   [2m│   │   │   │   │   [0mrefutation=[3mNone[0m,                   │ │
│ │                   [2m│   │   │   │   │   [0mmissing_resource=[3mNone[0m,             │ │
│ │                   [2m│   │   │   │   │   [0mcost_measurement=[3mNone[0m,             │ │
│ │                   [2m│   │   │   │   │   [0mflags=[1m[[0m[1m][0m,                          │ │
│ │                   [2m│   │   │   │   │   [0mforbidden_class=[3mNone[0m,              │ │
│ │                   [2m│   │   │   │   │   [0mundeclared_switch_arms=[1m[[0m[1m][0m          │ │
│ │                   [2m│   │   │   │   [0m[1m)[0m,                                     │ │
│ │                   [2m│   │   │   │   [0m[1mCriterionFeasibility[0m[1m([0m                  │ │
│ │                   [2m│   │   │   │   │   [0mcriterion_id='AC-2',               │ │
│ │                   [2m│   │   │   │   │   [0m                                   │ │
│ │                   verdict=<CriterionVerdict.feasible: 'feasible'[1m>[0m,       │ │
│ │                   [2m│   │   │   │   │   [0mrefutation=[3mNone[0m,                   │ │
│ │                   [2m│   │   │   │   │   [0mmissing_resource=[3mNone[0m,             │ │
│ │                   [2m│   │   │   │   │   [0mcost_measurement=[3mNone[0m,             │ │
│ │                   [2m│   │   │   │   │   [0mflags=[1m[[0m[1m][0m,                          │ │
│ │                   [2m│   │   │   │   │   [0mforbidden_class=[3mNone[0m,              │ │
│ │                   [2m│   │   │   │   │   [0mundeclared_switch_arms=[1m[[0m[1m][0m          │ │
│ │                   [2m│   │   │   │   [0m[1m)[0m                                      │ │
│ │                   [2m│   │   │   [0m[1m][0m,                                         │ │
│ │                   [2m│   │   │   [0mconjunction=[1mConjunctionVerdict[0m[1m([0m            │ │
│ │                   [2m│   │   │   │   [0msatisfiable=[3mTrue[0m,                      │ │
│ │                   [2m│   │   │   │   [0mcontradictions=[1m[[0m[1m][0m                      │ │
│ │                   [2m│   │   │   [0m[1m)[0m                                          │ │
│ │                   [2m│   │   [0m[1m)[0m                                              │ │
│ │                   [2m│   [0m[1m)[0m                                                  │ │
│ │                   [1m)[0m                                                      │ │
│ │      [3mfire_state[0m = [1m{[0m                                                      │ │
│ │                   [2m│   [0m'issue_key': 'K-1',                                │ │
│ │                   [2m│   [0m'feature_branch': '',                              │ │
│ │                   [2m│   [0m'ralph_branch': '',                                │ │
│ │                   [2m│   [0m'work_base_ref': 'trunk',                          │ │
│ │                   [2m│   [0m'ticket': [3mNone[0m,                                    │ │
│ │                   [2m│   [0m'acceptance_criteria': [1m[[0m[1m][0m,                         │ │
│ │                   [2m│   [0m'criteria_artifact': [3mNone[0m,                         │ │
│ │                   [2m│   [0m'criteria_validation': [3mNone[0m,                       │ │
│ │                   [2m│   [0m'criteria_regeneration_rounds': [1m0[0m,                 │ │
│ │                   [2m│   [0m'criteria_infeasible': [3mFalse[0m,                      │ │
│ │                   [2m│   [0m... +[1m17[0m                                            │ │
│ │                   [1m}[0m                                                      │ │
│ │    [3mimplied_base[0m = [1mBaseSpec[0m[1m([0m                                              │ │
│ │                   [2m│   [0minputs=[1m([0m[1m)[0m,                                         │ │
│ │                   [2m│   [0mbase_branch='trunk',                               │ │
│ │                   [2m│   [0mbase_role=[3mNone[0m                                     │ │
│ │                   [1m)[0m                                                      │ │
│ │   [3minitial_state[0m = [1m{[0m                                                      │ │
│ │                   [2m│   [0m'issue_key': 'K-1',                                │ │
│ │                   [2m│   [0m'feature_branch': '',                              │ │
│ │                   [2m│   [0m'ralph_branch': '',                                │ │
│ │                   [2m│   [0m'work_base_ref': 'trunk',                          │ │
│ │                   [2m│   [0m'ticket': [3mNone[0m,                                    │ │
│ │                   [2m│   [0m'acceptance_criteria': [1m[[0m[1m][0m,                         │ │
│ │                   [2m│   [0m'criteria_artifact': [3mNone[0m,                         │ │
│ │                   [2m│   [0m'criteria_validation': [3mNone[0m,                       │ │
│ │                   [2m│   [0m'criteria_regeneration_rounds': [1m0[0m,                 │ │
│ │                   [2m│   [0m'criteria_infeasible': [3mFalse[0m,                      │ │
│ │                   [2m│   [0m... +[1m23[0m                                            │ │
│ │                   [1m}[0m                                                      │ │
│ │       [3missue_key[0m = 'K-1'                                                  │ │
│ │         [3mpayload[0m = [1mWorkflowCompleteEvent[0m[1m([0m                                 │ │
│ │                   [2m│   [0mtype='workflow_complete',                          │ │
│ │                   [2m│   [0mfeature_branch='kodezart/test-branch-a86d3ace',    │ │
│ │                   [2m│   [0m                                                   │ │
│ │                   ralph_branch='kodezart/test-branch-a86d3ace-ralph-738… │ │
│ │                   [2m│   [0mtotal_iterations=[1m4[0m,                                │ │
│ │                   [2m│   [0maccepted=[3mFalse[0m,                                    │ │
│ │                   [2m│   [0moutcome=[1m<[0m[1mWorkflowOutcome.loop_plateaued:[0m           │ │
│ │                   'loop_plateaued'>,                                     │ │
│ │                   [2m│   [0mmerged=[3mFalse[0m,                                      │ │
│ │                   [2m│   [0m                                                   │ │
│ │                   final_commit_sha='mmmmmmmmmmmmmmmmmmmmmmmmmmmmmmmmmmm… │ │
│ │                   [2m│   [0mmerge_error=[3mNone[0m,                                  │ │
│ │                   [2m│   [0mtrajectory=[1mLoopTrajectory[0m[1m([0m                         │ │
│ │                   [2m│   │   [0mrecords=[1m[[0m                                      │ │
│ │                   [2m│   │   │   [0m[1mIterationRecord[0m[1m([0m                           │ │
│ │                   [2m│   │   │   │   [0miteration=[1m1[0m,                           │ │
│ │                   [2m│   │   │   │   [0mpassed_count=[1m8[0m,                        │ │
│ │                   [2m│   │   │   │   [0mfailing_criterion_ids=[1m[[0m'AC-1'[1m][0m,        │ │
│ │                   [2m│   │   │   │   [0m                                       │ │
│ │                   commit_sha='1111111111111111111111111111111111111111'  │ │
│ │                   [2m│   │   │   [0m[1m)[0m,                                         │ │
│ │                   [2m│   │   │   [0m[1mIterationRecord[0m[1m([0m                           │ │
│ │                   [2m│   │   │   │   [0miteration=[1m2[0m,                           │ │
│ │                   [2m│   │   │   │   [0mpassed_count=[1m11[0m,                       │ │
│ │                   [2m│   │   │   │   [0mfailing_criterion_ids=[1m[[0m'AC-1'[1m][0m,        │ │
│ │                   [2m│   │   │   │   [0m                                       │ │
│ │                   commit_sha='2222222222222222222222222222222222222222'  │ │
│ │                   [2m│   │   │   [0m[1m)[0m,                                         │ │
│ │                   [2m│   │   │   [0m[1mIterationRecord[0m[1m([0m                           │ │
│ │                   [2m│   │   │   │   [0miteration=[1m3[0m,                           │ │
│ │                   [2m│   │   │   │   [0mpassed_count=[1m10[0m,                       │ │
│ │                   [2m│   │   │   │   [0mfailing_criterion_ids=[1m[[0m                │ │
│ │                   [2m│   │   │   │   │   [0m'AC-1',                            │ │
│ │                   [2m│   │   │   │   │   [0m'AC-2'                             │ │
│ │                   [2m│   │   │   │   [0m[1m][0m,                                     │ │
│ │                   [2m│   │   │   │   [0m                                       │ │
│ │                   commit_sha='3333333333333333333333333333333333333333'  │ │
│ │                   [2m│   │   │   [0m[1m)[0m,                                         │ │
│ │                   [2m│   │   │   [0m[1mIterationRecord[0m[1m([0m                           │ │
│ │                   [2m│   │   │   │   [0miteration=[1m4[0m,                           │ │
│ │                   [2m│   │   │   │   [0mpassed_count=[1m11[0m,                       │ │
│ │                   [2m│   │   │   │   [0mfailing_criterion_ids=[1m[[0m'AC-1'[1m][0m,        │ │
│ │                   [2m│   │   │   │   [0m                                       │ │
│ │                   commit_sha='4444444444444444444444444444444444444444'  │ │
│ │                   [2m│   │   │   [0m[1m)[0m                                          │ │
│ │                   [2m│   │   [0m[1m][0m,                                             │ │
│ │                   [2m│   │   [0mnever_passed_ids=[1m[[0m'AC-1'[1m][0m,                     │ │
│ │                   [2m│   │   [0mbest_passed_count=[1m11[0m,                          │ │
│ │                   [2m│   │   [0mbest_iteration=[1m2[0m,                              │ │
│ │                   [2m│   │   [0m                                               │ │
│ │                   best_commit_sha='222222222222222222222222222222222222… │ │
│ │                   [2m│   │   [0mplateaued=[3mTrue[0m                                 │ │
│ │                   [2m│   [0m[1m)[0m,                                                 │ │
│ │                   [2m│   [0mcriteria_validation=[1mCriteriaValidation[0m[1m([0m            │ │
│ │                   [2m│   │   [0mverdicts=[1m[[0m                                     │ │
│ │                   [2m│   │   │   [0m[1mCriterionFeasibility[0m[1m([0m                      │ │
│ │                   [2m│   │   │   │   [0mcriterion_id='AC-1',                   │ │
│ │                   [2m│   │   │   │   [0mverdict=<CriterionVerdict.feasible:    │ │
│ │                   'feasible'>,                                           │ │
│ │                   [2m│   │   │   │   [0mrefutation=[3mNone[0m,                       │ │
│ │                   [2m│   │   │   │   [0mmissing_resource=[3mNone[0m,                 │ │
│ │                   [2m│   │   │   │   [0mcost_measurement=[3mNone[0m,                 │ │
│ │                   [2m│   │   │   │   [0mflags=[1m[[0m[1m][0m,                              │ │
│ │                   [2m│   │   │   │   [0mforbidden_class=[3mNone[0m,                  │ │
│ │                   [2m│   │   │   │   [0mundeclared_switch_arms=[1m[[0m[1m][0m              │ │
│ │                   [2m│   │   │   [0m[1m)[0m,                                         │ │
│ │                   [2m│   │   │   [0m[1mCriterionFeasibility[0m[1m([0m                      │ │
│ │                   [2m│   │   │   │   [0mcriterion_id='AC-2',                   │ │
│ │                   [2m│   │   │   │   [0mverdict=<CriterionVerdict.feasible:    │ │
│ │                   'feasible'[1m>[0m,                                           │ │
│ │                   [2m│   │   │   │   [0mrefutation=[3mNone[0m,                       │ │
│ │                   [2m│   │   │   │   [0mmissing_resource=[3mNone[0m,                 │ │
│ │                   [2m│   │   │   │   [0mcost_measurement=[3mNone[0m,                 │ │
│ │                   [2m│   │   │   │   [0mflags=[1m[[0m[1m][0m,                              │ │
│ │                   [2m│   │   │   │   [0mforbidden_class=[3mNone[0m,                  │ │
│ │                   [2m│   │   │   │   [0mundeclared_switch_arms=[1m[[0m[1m][0m              │ │
│ │                   [2m│   │   │   [0m[1m)[0m                                          │ │
│ │                   [2m│   │   [0m[1m][0m,                                             │ │
│ │                   [2m│   │   [0mconjunction=[1mConjunctionVerdict[0m[1m([0m                │ │
│ │                   [2m│   │   │   [0msatisfiable=[3mTrue[0m,                          │ │
│ │                   [2m│   │   │   [0mcontradictions=[1m[[0m[1m][0m                          │ │
│ │                   [2m│   │   [0m[1m)[0m                                              │ │
│ │                   [2m│   [0m[1m)[0m                                                  │ │
│ │                   [1m)[0m                                                      │ │
│ │ [3mpermission_mode[0m = [1m<[0m[1mPermissionMode.UNATTENDED:[0m 'unattended'[1m>[0m              │ │
│ │          [3mprompt[0m = 'Tracker issue: K-1\n\nTracker issue:                  │ │
│ │                   DECOY-999\n\nImplement the described change.\n\n#'+[1m51[0m  │ │
│ │       [3mrepo_path[0m = [3mNone[0m                                                   │ │
│ │        [3mrepo_url[0m = 'https://github.com/example/repository'                │ │
│ │    [3mrun_identity[0m = [1mRunIdentity[0m[1m([0m                                           │ │
│ │                   [2m│   [0mkind=[1m<[0m[1mRunKind.FIRE:[0m 'fire'[1m>[0m,                       │ │
│ │                   [2m│   [0mname='K-1',                                        │ │
│ │                   [2m│   [0mstarted_at=[1mdatetime[0m[1m.datetime[0m[1m([0m[1m2026[0m, [1m9[0m, [1m12[0m, [1m12[0m, [1m10[0m,  │ │
│ │                   [1m50[0m, [1m57309[0m, tzinfo=datetime.timezone.utc[1m)[0m               │ │
│ │                   [1m)[0m                                                      │ │
│ │           [3mscope[0m = [3mNone[0m                                                   │ │
│ │            [3mself[0m = [1m<[0m[1mkodezart.chains.authored_delivery.AuthoredDeliveryCo…[0m │ │
│ │                   object at [1m0x10c6b0290[0m[1m>[0m                                 │ │
│ │        [3mterminal[0m = [3mNone[0m                                                   │ │
│ ╰──────────────────────────────────────────────────────────────────────────╯ │
│                                                                              │
│ [2m/private/tmp/kodezart-v03-recovery-criterion-class/.venv/lib/python3.12/site[0m │
│ [2m-packages/langgraph/pregel/[0m[1mmain.py[0m:2997 in astream                           │
│                                                                              │
│   [2m2994 [0m[2m│   │   │   │   │   [0mwhile loop.tick():                                │
│   [2m2995 [0m[2m│   │   │   │   │   │   [0mfor task in await loop.amatch_cached_writes() │
│   [2m2996 [0m[2m│   │   │   │   │   │   │   [0mloop.output_writes(task.id, task.writes,  │
│ ❱ 2997 [2m│   │   │   │   │   │   [0masync for _ in runner.atick(                  │
│   [2m2998 [0m[2m│   │   │   │   │   │   │   [0m[t for t in loop.tasks.values() if not t. │
│   [2m2999 [0m[2m│   │   │   │   │   │   │   [0mtimeout=self.step_timeout,                │
│   [2m3000 [0m[2m│   │   │   │   │   │   │   [0mget_waiter=get_waiter,                    │
│                                                                              │
│ ╭───────────────────────────────── locals ─────────────────────────────────╮ │
│ │                 [3m_[0m = [3mNone[0m                                                 │ │
│ │           [3maioloop[0m = [1m<[0m[1m_UnixSelectorEventLoop[0m running=[3mTrue[0m closed=[3mFalse[0m    │ │
│ │                     debug=[3mFalse[0m[1m>[0m                                         │ │
│ │             [3mcache[0m = [3mNone[0m                                                 │ │
│ │  [3mcallback_manager[0m = [1m<[0m[1mlangchain_core.callbacks.manager.AsyncCallbackMana…[0m │ │
│ │                     object at [1m0x10ca26570[0m[1m>[0m                               │ │
│ │ [3mcheckpoint_during[0m = [3mNone[0m                                                 │ │
│ │      [3mcheckpointer[0m = [3mNone[0m                                                 │ │
│ │            [3mconfig[0m = [1m{[0m                                                    │ │
│ │                     [2m│   [0m'tags': [1m[[0m[1m][0m,                                      │ │
│ │                     [2m│   [0m'metadata': [1mChainMap[0m[1m([0m[1m{[0m'prompt': 'Tracker issue:  │ │
│ │                     K-1\n\nTracker issue: DECOY-999\n\nImplement the     │ │
│ │                     described change.\n\n## Fetched assets\n\nThis       │ │
│ │                     ticket references no assets.', 'repo_url':           │ │
│ │                     'https://github.com/example/repository.git',         │ │
│ │                     'permission_mode': [1m<[0m[1mPermissionMode.UNATTENDED:[0m       │ │
│ │                     'unattended'>, 'allowed_tools':                      │ │
│ │                     <ToolPreset.IMPLEMENTATION: 'implementation'>[1m}[0m[1m)[0m,     │ │
│ │                     [2m│   [0m'callbacks': [3mNone[0m,                               │ │
│ │                     [2m│   [0m'recursion_limit': [1m10000[0m,                        │ │
│ │                     [2m│   [0m'configurable': [1m{[0m                                │ │
│ │                     [2m│   │   [0m'prompt': 'Tracker issue: K-1\n\nTracker     │ │
│ │                     issue: DECOY-999\n\nImplement the described          │ │
│ │                     change.\n\n#'+[1m51[0m,                                    │ │
│ │                     [2m│   │   [0m'repo_path': [3mNone[0m,                           │ │
│ │                     [2m│   │   [0m'repo_url':                                  │ │
│ │                     'https://github.com/example/repository.git',         │ │
│ │                     [2m│   │   [0m'cache_key':                                 │ │
│ │                     'fc9edf215d5d49d7bcab433f9f99e77d',                  │ │
│ │                     [2m│   │   [0m'run_identity': [1m{[0m                            │ │
│ │                     [2m│   │   │   [0m'kind': <RunKind.FIRE: 'fire'>,          │ │
│ │                     [2m│   │   │   [0m'name': 'K-1',                           │ │
│ │                     [2m│   │   │   [0m'started_at': [1mdatetime.datetime[0m[1m([0m[1m2026[0m, [1m9[0m, │ │
│ │                     [1m12[0m, [1m12[0m, [1m10[0m, [1m50[0m, [1m57309[0m, tzinfo=datetime.timezone.utc[1m)[0m │ │
│ │                     [2m│   │   [0m[1m}[0m,                                           │ │
│ │                     [2m│   │   [0m'workspace_path': [3mNone[0m,                      │ │
│ │                     [2m│   │   [0m'base_spec': [1m{[0m                               │ │
│ │                     [2m│   │   │   [0m'inputs': [1m([0m[1m)[0m,                            │ │
│ │                     [2m│   │   │   [0m'base_branch': 'trunk',                  │ │
│ │                     [2m│   │   │   [0m'base_role': [3mNone[0m                        │ │
│ │                     [2m│   │   [0m[1m}[0m,                                           │ │
│ │                     [2m│   │   [0m'permission_mode':                           │ │
│ │                     <PermissionMode.UNATTENDED: 'unattended'>,           │ │
│ │                     [2m│   │   [0m'allowed_tools': <ToolPreset.IMPLEMENTATION: │ │
│ │                     'implementation'>,                                   │ │
│ │                     [2m│   │   [0m'__pregel_runtime': [1mRuntime[0m[1m([0m                 │ │
│ │                     [2m│   │   │   [0mcontext=[3mNone[0m,                            │ │
│ │                     [2m│   │   │   [0mstore=[3mNone[0m,                              │ │
│ │                     [2m│   │   │   [0mstream_writer=<function                  │ │
│ │                     Pregel.astream.<locals>.stream_writer at             │ │
│ │                     [1m0x10caadf80[0m[1m>[0m,                                        │ │
│ │                     [2m│   │   │   [0mprevious=[3mNone[0m                            │ │
│ │                     [2m│   │   [0m[1m)[0m                                            │ │
│ │                     [2m│   [0m[1m}[0m                                                │ │
│ │                     [1m}[0m                                                    │ │
│ │           [3mcontext[0m = [3mNone[0m                                                 │ │
│ │             [3mdebug[0m = [3mNone[0m                                                 │ │
│ │         [3mdo_stream[0m = [3mFalse[0m                                                │ │
│ │        [3mdurability[0m = [3mNone[0m                                                 │ │
│ │       [3mdurability_[0m = 'async'                                              │ │
│ │             [3minput[0m = [1m{[0m                                                    │ │
│ │                     [2m│   [0m'issue_key': 'K-1',                              │ │
│ │                     [2m│   [0m'feature_branch': '',                            │ │
│ │                     [2m│   [0m'ralph_branch': '',                              │ │
│ │                     [2m│   [0m'work_base_ref': 'trunk',                        │ │
│ │                     [2m│   [0m'ticket': [3mNone[0m,                                  │ │
│ │                     [2m│   [0m'acceptance_criteria': [1m[[0m[1m][0m,                       │ │
│ │                     [2m│   [0m'criteria_artifact': [3mNone[0m,                       │ │
│ │                     [2m│   [0m'criteria_validation': [3mNone[0m,                     │ │
│ │                     [2m│   [0m'criteria_regeneration_rounds': [1m0[0m,               │ │
│ │                     [2m│   [0m'criteria_infeasible': [3mFalse[0m,                    │ │
│ │                     [2m│   [0m... +[1m23[0m                                          │ │
│ │                     [1m}[0m                                                    │ │
│ │   [3minterrupt_after[0m = [3mNone[0m                                                 │ │
│ │  [3minterrupt_after_[0m = [1m[[0m[1m][0m                                                   │ │
│ │  [3minterrupt_before[0m = [3mNone[0m                                                 │ │
│ │ [3minterrupt_before_[0m = [1m[[0m[1m][0m                                                   │ │
│ │            [3mkwargs[0m = [1m{[0m[1m}[0m                                                   │ │
│ │              [3mloop[0m = [1m<[0m[1mlanggraph.pregel._loop.AsyncPregelLoop[0m object at    │ │
│ │                     [1m0x10c73f9e0[0m[1m>[0m                                         │ │
│ │                 [3mo[0m = [1m([0m                                                    │ │
│ │                     [2m│   [0m[1m([0m'fire:bfea4c83-bcbd-9b41-5086-7a67e24b6545',[1m)[0m,  │ │
│ │                     [2m│   [0m[1mWorkflowCompleteEvent[0m[1m([0m                           │ │
│ │                     [2m│   │   [0mtype='workflow_complete',                    │ │
│ │                     [2m│   │   [0m                                             │ │
│ │                     feature_branch='kodezart/test-branch-a86d3ace',      │ │
│ │                     [2m│   │   [0m                                             │ │
│ │                     ralph_branch='kodezart/test-branch-a86d3ace-ralph-7… │ │
│ │                     [2m│   │   [0mtotal_iterations=[1m4[0m,                          │ │
│ │                     [2m│   │   [0maccepted=[3mFalse[0m,                              │ │
│ │                     [2m│   │   [0moutcome=[1m<[0m[1mWorkflowOutcome.loop_plateaued:[0m     │ │
│ │                     'loop_plateaued'>,                                   │ │
│ │                     [2m│   │   [0mmerged=[3mFalse[0m,                                │ │
│ │                     [2m│   │   [0m                                             │ │
│ │                     final_commit_sha='mmmmmmmmmmmmmmmmmmmmmmmmmmmmmmmmm… │ │
│ │                     [2m│   │   [0mmerge_error=[3mNone[0m,                            │ │
│ │                     [2m│   │   [0mtrajectory=[1mLoopTrajectory[0m[1m([0m                   │ │
│ │                     [2m│   │   │   [0mrecords=[1m[[0m                                │ │
│ │                     [2m│   │   │   │   [0m[1mIterationRecord[0m[1m([0m                     │ │
│ │                     [2m│   │   │   │   │   [0miteration=[1m1[0m,                     │ │
│ │                     [2m│   │   │   │   │   [0mpassed_count=[1m8[0m,                  │ │
│ │                     [2m│   │   │   │   │   [0mfailing_criterion_ids=[1m[[0m'AC-1'[1m][0m,  │ │
│ │                     [2m│   │   │   │   │   [0m                                 │ │
│ │                     commit_sha='111111111111111111111111111111111111111… │ │
│ │                     [2m│   │   │   │   [0m[1m)[0m,                                   │ │
│ │                     [2m│   │   │   │   [0m[1mIterationRecord[0m[1m([0m                     │ │
│ │                     [2m│   │   │   │   │   [0miteration=[1m2[0m,                     │ │
│ │                     [2m│   │   │   │   │   [0mpassed_count=[1m11[0m,                 │ │
│ │                     [2m│   │   │   │   │   [0mfailing_criterion_ids=[1m[[0m'AC-1'[1m][0m,  │ │
│ │                     [2m│   │   │   │   │   [0m                                 │ │
│ │                     commit_sha='222222222222222222222222222222222222222… │ │
│ │                     [2m│   │   │   │   [0m[1m)[0m,                                   │ │
│ │                     [2m│   │   │   │   [0m[1mIterationRecord[0m[1m([0m                     │ │
│ │                     [2m│   │   │   │   │   [0miteration=[1m3[0m,                     │ │
│ │                     [2m│   │   │   │   │   [0mpassed_count=[1m10[0m,                 │ │
│ │                     [2m│   │   │   │   │   [0mfailing_criterion_ids=[1m[[0m          │ │
│ │                     [2m│   │   │   │   │   │   [0m'AC-1',                      │ │
│ │                     [2m│   │   │   │   │   │   [0m'AC-2'                       │ │
│ │                     [2m│   │   │   │   │   [0m[1m][0m,                               │ │
│ │                     [2m│   │   │   │   │   [0m                                 │ │
│ │                     commit_sha='333333333333333333333333333333333333333… │ │
│ │                     [2m│   │   │   │   [0m[1m)[0m,                                   │ │
│ │                     [2m│   │   │   │   [0m[1mIterationRecord[0m[1m([0m                     │ │
│ │                     [2m│   │   │   │   │   [0miteration=[1m4[0m,                     │ │
│ │                     [2m│   │   │   │   │   [0mpassed_count=[1m11[0m,                 │ │
│ │                     [2m│   │   │   │   │   [0mfailing_criterion_ids=[1m[[0m'AC-1'[1m][0m,  │ │
│ │                     [2m│   │   │   │   │   [0m                                 │ │
│ │                     commit_sha='444444444444444444444444444444444444444… │ │
│ │                     [2m│   │   │   │   [0m[1m)[0m                                    │ │
│ │                     [2m│   │   │   [0m[1m][0m,                                       │ │
│ │                     [2m│   │   │   [0mnever_passed_ids=[1m[[0m'AC-1'[1m][0m,               │ │
│ │                     [2m│   │   │   [0mbest_passed_count=[1m11[0m,                    │ │
│ │                     [2m│   │   │   [0mbest_iteration=[1m2[0m,                        │ │
│ │                     [2m│   │   │   [0m                                         │ │
│ │                     best_commit_sha='2222222222222222222222222222222222… │ │
│ │                     [2m│   │   │   [0mplateaued=[3mTrue[0m                           │ │
│ │                     [2m│   │   [0m[1m)[0m,                                           │ │
│ │                     [2m│   │   [0mcriteria_validation=[1mCriteriaValidation[0m[1m([0m      │ │
│ │                     [2m│   │   │   [0mverdicts=[1m[[0m                               │ │
│ │                     [2m│   │   │   │   [0m[1mCriterionFeasibility[0m[1m([0m                │ │
│ │                     [2m│   │   │   │   │   [0mcriterion_id='AC-1',             │ │
│ │                     [2m│   │   │   │   │   [0m                                 │ │
│ │                     verdict=<CriterionVerdict.feasible: 'feasible'>,     │ │
│ │                     [2m│   │   │   │   │   [0mrefutation=[3mNone[0m,                 │ │
│ │                     [2m│   │   │   │   │   [0mmissing_resource=[3mNone[0m,           │ │
│ │                     [2m│   │   │   │   │   [0mcost_measurement=[3mNone[0m,           │ │
│ │                     [2m│   │   │   │   │   [0mflags=[1m[[0m[1m][0m,                        │ │
│ │                     [2m│   │   │   │   │   [0mforbidden_class=[3mNone[0m,            │ │
│ │                     [2m│   │   │   │   │   [0mundeclared_switch_arms=[1m[[0m[1m][0m        │ │
│ │                     [2m│   │   │   │   [0m[1m)[0m,                                   │ │
│ │                     [2m│   │   │   │   [0m[1mCriterionFeasibility[0m[1m([0m                │ │
│ │                     [2m│   │   │   │   │   [0mcriterion_id='AC-2',             │ │
│ │                     [2m│   │   │   │   │   [0m                                 │ │
│ │                     verdict=<CriterionVerdict.feasible: 'feasible'[1m>[0m,     │ │
│ │                     [2m│   │   │   │   │   [0mrefutation=[3mNone[0m,                 │ │
│ │                     [2m│   │   │   │   │   [0mmissing_resource=[3mNone[0m,           │ │
│ │                     [2m│   │   │   │   │   [0mcost_measurement=[3mNone[0m,           │ │
│ │                     [2m│   │   │   │   │   [0mflags=[1m[[0m[1m][0m,                        │ │
│ │                     [2m│   │   │   │   │   [0mforbidden_class=[3mNone[0m,            │ │
│ │                     [2m│   │   │   │   │   [0mundeclared_switch_arms=[1m[[0m[1m][0m        │ │
│ │                     [2m│   │   │   │   [0m[1m)[0m                                    │ │
│ │                     [2m│   │   │   [0m[1m][0m,                                       │ │
│ │                     [2m│   │   │   [0mconjunction=[1mConjunctionVerdict[0m[1m([0m          │ │
│ │                     [2m│   │   │   │   [0msatisfiable=[3mTrue[0m,                    │ │
│ │                     [2m│   │   │   │   [0mcontradictions=[1m[[0m[1m][0m                    │ │
│ │                     [2m│   │   │   [0m[1m)[0m                                        │ │
│ │                     [2m│   │   [0m[1m)[0m                                            │ │
│ │                     [2m│   [0m[1m)[0m                                                │ │
│ │                     [1m)[0m                                                    │ │
│ │       [3moutput_keys[0m = [1m[[0m                                                    │ │
│ │                     [2m│   [0m'issue_key',                                     │ │
│ │                     [2m│   [0m'feature_branch',                                │ │
│ │                     [2m│   [0m'ralph_branch',                                  │ │
│ │                     [2m│   [0m'work_base_ref',                                 │ │
│ │                     [2m│   [0m'ticket',                                        │ │
│ │                     [2m│   [0m'acceptance_criteria',                           │ │
│ │                     [2m│   [0m'criteria_artifact',                             │ │
│ │                     [2m│   [0m'criteria_validation',                           │ │
│ │                     [2m│   [0m'criteria_regeneration_rounds',                  │ │
│ │                     [2m│   [0m'criteria_infeasible',                           │ │
│ │                     [2m│   [0m... +[1m23[0m                                          │ │
│ │                     [1m][0m                                                    │ │
│ │    [3mparent_runtime[0m = [1mRuntime[0m[1m([0m                                             │ │
│ │                     [2m│   [0mcontext=[3mNone[0m,                                    │ │
│ │                     [2m│   [0mstore=[3mNone[0m,                                      │ │
│ │                     [2m│   [0mstream_writer=[1m<[0m[1mfunction[0m _no_op_stream_writer at  │ │
│ │                     [1m0x10beb2840[0m[1m>[0m,                                        │ │
│ │                     [2m│   [0mprevious=[3mNone[0m                                    │ │
│ │                     [1m)[0m                                                    │ │
│ │        [3mprint_mode[0m = [1m([0m[1m)[0m                                                   │ │
│ │       [3mrun_manager[0m = [1m<[0m[1mlangchain_core.callbacks.manager.AsyncCallbackMana…[0m │ │
│ │                     object at [1m0x10c73cda0[0m[1m>[0m                               │ │
│ │            [3mrunner[0m = [1m<[0m[1mlanggraph.pregel._runner.PregelRunner[0m object at     │ │
│ │                     [1m0x10ca248f0[0m[1m>[0m                                         │ │
│ │           [3mruntime[0m = [1mRuntime[0m[1m([0m                                             │ │
│ │                     [2m│   [0mcontext=[3mNone[0m,                                    │ │
│ │                     [2m│   [0mstore=[3mNone[0m,                                      │ │
│ │                     [2m│   [0mstream_writer=[1m<[0m[1mfunction[0m                          │ │
│ │                     Pregel.astream.<locals>.stream_writer at             │ │
│ │                     [1m0x10caadf80[0m[1m>[0m,                                        │ │
│ │                     [2m│   [0mprevious=[3mNone[0m                                    │ │
│ │                     [1m)[0m                                                    │ │
│ │              [3mself[0m = [1m<[0m[1mlanggraph.graph.state.CompiledStateGraph[0m object at  │ │
│ │                     [1m0x10c791490[0m[1m>[0m                                         │ │
│ │             [3mstore[0m = [3mNone[0m                                                 │ │
│ │            [3mstream[0m = [1m<[0m[1mAsyncQueue[0m at [1m0x10c73d820[0m maxsize=[1m0[0m tasks=[1m8[0m[1m>[0m        │ │
│ │       [3mstream_mode[0m = 'custom'                                             │ │
│ │      [3mstream_modes[0m = [1m{[0m'custom'[1m}[0m                                           │ │
│ │        [3mstream_put[0m = [1mfunctools.partial[0m[1m([0m[1m<[0m[1mbound[0m method                      │ │
│ │                     BaseEventLoop.call_soon_threadsafe of                │ │
│ │                     <_UnixSelectorEventLoop running=[3mTrue[0m closed=[3mFalse[0m    │ │
│ │                     debug=[3mFalse[0m>>, <bound method Queue.put_nowait of     │ │
│ │                     <AsyncQueue at [1m0x10c73d820[0m maxsize=[1m0[0m tasks=[1m8[0m>[1m>[0m[1m)[0m      │ │
│ │         [3msubgraphs[0m = [3mTrue[0m                                                 │ │
│ │            [3mwaiter[0m = [3mNone[0m                                                 │ │
│ ╰──────────────────────────────────────────────────────────────────────────╯ │
│                                                                              │
│ [2m/private/tmp/kodezart-v03-recovery-criterion-class/.venv/lib/python3.12/site[0m │
│ [2m-packages/langgraph/pregel/[0m[1m_runner.py[0m:410 in atick                           │
│                                                                              │
│   [2m407 [0m[2m│   │   │   [0mfut.cancel()                                               │
│   [2m408 [0m[2m│   │   [0m[2m# panic on failure or timeout[0m                                  │
│   [2m409 [0m[2m│   │   [0mtry:                                                           │
│ ❱ 410 [2m│   │   │   [0m_panic_or_proceed(                                         │
│   [2m411 [0m[2m│   │   │   │   [0mfutures.done.union(f for f, t in futures.items() if t  │
│   [2m412 [0m[2m│   │   │   │   [0mtimeout_exc_cls=asyncio.TimeoutError,                  │
│   [2m413 [0m[2m│   │   │   │   [0mpanic=reraise,                                         │
│                                                                              │
│ ╭───────────────────────────────── locals ─────────────────────────────────╮ │
│ │          [3mdone[0m = [1m{[0m                                                        │ │
│ │                 [2m│   [0m[1m<[0m[1mTask[0m finished name='open_stalled_pr'                │ │
│ │                 coro=<[1marun_with_retry[0m[1m([0m[1m)[0m done, defined at                 │ │
│ │                 /private/tmp/kodezart-v03-recovery-criterion-class/.ven… │ │
│ │                 exception=[1mOutboundContentBlockedError[0m[1m([0m'Outbound content  │ │
│ │                 blocked before write (writer: pr_body; categories:       │ │
│ │                 credentials)'[1m)[0m[1m>[0m                                          │ │
│ │                 [1m}[0m                                                        │ │
│ │      [3mend_time[0m = [3mNone[0m                                                     │ │
│ │           [3mfut[0m = [1m<[0m[1mTask[0m cancelled name='Task-10510'                        │ │
│ │                 coro=<[1mAsyncQueue.wait[0m[1m([0m[1m)[0m done, defined at                 │ │
│ │                 /private/tmp/kodezart-v03-recovery-criterion-class/.ven… │ │
│ │       [3mfutures[0m = [1m{[0m                                                        │ │
│ │                 [2m│   [0m[1m<[0m[1mTask[0m cancelled name='Task-10510'                    │ │
│ │                 coro=<[1mAsyncQueue.wait[0m[1m([0m[1m)[0m done, defined at                 │ │
│ │                 /private/tmp/kodezart-v03-recovery-criterion-class/.ven… │ │
│ │                 [3mNone[0m                                                     │ │
│ │                 [1m}[0m                                                        │ │
│ │      [3minflight[0m = [1m{[0m                                                        │ │
│ │                 [2m│   [0m[1m<[0m[1mTask[0m cancelled name='Task-10510'                    │ │
│ │                 coro=<[1mAsyncQueue.wait[0m[1m([0m[1m)[0m done, defined at                 │ │
│ │                 /private/tmp/kodezart-v03-recovery-criterion-class/.ven… │ │
│ │                 [1m}[0m                                                        │ │
│ │          [3mloop[0m = [1m<[0m[1m_UnixSelectorEventLoop[0m running=[3mTrue[0m closed=[3mFalse[0m        │ │
│ │                 debug=[3mFalse[0m[1m>[0m                                             │ │
│ │       [3mreraise[0m = [3mTrue[0m                                                     │ │
│ │  [3mretry_policy[0m = [3mNone[0m                                                     │ │
│ │ [3mschedule_task[0m = [1m<[0m[1mbound[0m method AsyncPregelLoop.aaccept_push of            │ │
│ │                 <langgraph.pregel._loop.AsyncPregelLoop object at        │ │
│ │                 [1m0x10c73f9e0[0m>[1m>[0m                                            │ │
│ │          [3mself[0m = [1m<[0m[1mlanggraph.pregel._runner.PregelRunner[0m object at         │ │
│ │                 [1m0x10ca248f0[0m[1m>[0m                                             │ │
│ │             [3mt[0m = [1mPregelExecutableTask[0m[1m([0m                                    │ │
│ │                 [2m│   [0mname='open_stalled_pr',                              │ │
│ │                 [2m│   [0minput=[1m{[0m                                              │ │
│ │                 [2m│   │   [0m'issue_key': 'K-1',                              │ │
│ │                 [2m│   │   [0m'feature_branch':                                │ │
│ │                 'kodezart/test-branch-a86d3ace',                         │ │
│ │                 [2m│   │   [0m'ralph_branch':                                  │ │
│ │                 'kodezart/test-branch-a86d3ace-ralph-73805499',          │ │
│ │                 [2m│   │   [0m'work_base_ref': 'trunk',                        │ │
│ │                 [2m│   │   [0m'ticket': [1mTicketDraftOutput[0m[1m([0m                     │ │
│ │                 [2m│   │   │   [0mtitle='Test ticket',                         │ │
│ │                 [2m│   │   │   [0msummary='Test summary',                      │ │
│ │                 [2m│   │   │   [0mcontext='Test context',                      │ │
│ │                 [2m│   │   │   [0mreferences=[1m[[0m[1m][0m,                               │ │
│ │                 [2m│   │   │   [0mrequired_changes=[1m[[0m                           │ │
│ │                 [2m│   │   │   │   [0m[1mFileChange[0m[1m([0m                              │ │
│ │                 [2m│   │   │   │   │   [0mfile_path='test.py',                 │ │
│ │                 [2m│   │   │   │   │   [0mchange_type='modify',                │ │
│ │                 [2m│   │   │   │   │   [0mdescription='test change',           │ │
│ │                 [2m│   │   │   │   │   [0mrationale='test rationale'           │ │
│ │                 [2m│   │   │   │   [0m[1m)[0m                                        │ │
│ │                 [2m│   │   │   [0m[1m][0m,                                           │ │
│ │                 [2m│   │   │   [0mout_of_scope=[1m[[0m[1m][0m,                             │ │
│ │                 [2m│   │   │   [0mopen_questions=[1m[[0m[1m][0m,                           │ │
│ │                 [2m│   │   │   [0msherlock_flags=[1m[[0m[1m][0m                            │ │
│ │                 [2m│   │   [0m[1m)[0m,                                               │ │
│ │                 [2m│   │   [0m'acceptance_criteria': [1m[[0m                         │ │
│ │                 [2m│   │   │   [0m[1mGeneratedCriterion[0m[1m([0m                          │ │
│ │                 [2m│   │   │   │   [0mid='AC-1',                               │ │
│ │                 [2m│   │   │   │   [0mtext='Tests pass'                        │ │
│ │                 [2m│   │   │   [0m[1m)[0m,                                           │ │
│ │                 [2m│   │   │   [0m[1mGeneratedCriterion[0m[1m([0m                          │ │
│ │                 [2m│   │   │   │   [0mid='AC-2',                               │ │
│ │                 [2m│   │   │   │   [0mtext='No lint errors'                    │ │
│ │                 [2m│   │   │   [0m[1m)[0m                                            │ │
│ │                 [2m│   │   [0m[1m][0m,                                               │ │
│ │                 [2m│   │   [0m'criteria_artifact': [1mCriteriaArtifact[0m[1m([0m           │ │
│ │                 [2m│   │   │   [0mcriteria=[1m[[0m                                   │ │
│ │                 [2m│   │   │   │   [0m[1mValidatedCriterion[0m[1m([0m                      │ │
│ │                 [2m│   │   │   │   │   [0mid='AC-1',                           │ │
│ │                 [2m│   │   │   │   │   [0mtext='Tests pass',                   │ │
│ │                 [2m│   │   │   │   │   [0mfeasibility=[1mCriterionFeasibility[0m[1m([0m    │ │
│ │                 [2m│   │   │   │   │   │   [0mcriterion_id='AC-1',             │ │
│ │                 [2m│   │   │   │   │   │   [0m                                 │ │
│ │                 verdict=[1m<[0m[1mCriterionVerdict.feasible:[0m 'feasible'>,         │ │
│ │                 [2m│   │   │   │   │   │   [0mrefutation=[3mNone[0m,                 │ │
│ │                 [2m│   │   │   │   │   │   [0mmissing_resource=[3mNone[0m,           │ │
│ │                 [2m│   │   │   │   │   │   [0mcost_measurement=[3mNone[0m,           │ │
│ │                 [2m│   │   │   │   │   │   [0mflags=[1m[[0m[1m][0m,                        │ │
│ │                 [2m│   │   │   │   │   │   [0mforbidden_class=[3mNone[0m,            │ │
│ │                 [2m│   │   │   │   │   │   [0mundeclared_switch_arms=[1m[[0m[1m][0m        │ │
│ │                 [2m│   │   │   │   │   [0m[1m)[0m                                    │ │
│ │                 [2m│   │   │   │   [0m[1m)[0m,                                       │ │
│ │                 [2m│   │   │   │   [0m[1mValidatedCriterion[0m[1m([0m                      │ │
│ │                 [2m│   │   │   │   │   [0mid='AC-2',                           │ │
│ │                 [2m│   │   │   │   │   [0mtext='No lint errors',               │ │
│ │                 [2m│   │   │   │   │   [0mfeasibility=[1mCriterionFeasibility[0m[1m([0m    │ │
│ │                 [2m│   │   │   │   │   │   [0mcriterion_id='AC-2',             │ │
│ │                 [2m│   │   │   │   │   │   [0m                                 │ │
│ │                 verdict=<CriterionVerdict.feasible: 'feasible'>,         │ │
│ │                 [2m│   │   │   │   │   │   [0mrefutation=[3mNone[0m,                 │ │
│ │                 [2m│   │   │   │   │   │   [0mmissing_resource=[3mNone[0m,           │ │
│ │                 [2m│   │   │   │   │   │   [0mcost_measurement=[3mNone[0m,           │ │
│ │                 [2m│   │   │   │   │   │   [0mflags=[1m[[0m[1m][0m,                        │ │
│ │                 [2m│   │   │   │   │   │   [0mforbidden_class=[3mNone[0m,            │ │
│ │                 [2m│   │   │   │   │   │   [0mundeclared_switch_arms=[1m[[0m[1m][0m        │ │
│ │                 [2m│   │   │   │   │   [0m[1m)[0m                                    │ │
│ │                 [2m│   │   │   │   [0m[1m)[0m                                        │ │
│ │                 [2m│   │   │   [0m[1m][0m,                                           │ │
│ │                 [2m│   │   │   [0mconjunction=[1mConjunctionVerdict[0m[1m([0m              │ │
│ │                 [2m│   │   │   │   [0msatisfiable=[3mTrue[0m,                        │ │
│ │                 [2m│   │   │   │   [0mcontradictions=[1m[[0m[1m][0m                        │ │
│ │                 [2m│   │   │   [0m[1m)[0m                                            │ │
│ │                 [2m│   │   [0m[1m)[0m,                                               │ │
│ │                 [2m│   │   [0m'criteria_validation': [1mCriteriaValidation[0m[1m([0m       │ │
│ │                 [2m│   │   │   [0mverdicts=[1m[[0m                                   │ │
│ │                 [2m│   │   │   │   [0m[1mCriterionFeasibility[0m[1m([0m                    │ │
│ │                 [2m│   │   │   │   │   [0mcriterion_id='AC-1',                 │ │
│ │                 [2m│   │   │   │   │   [0mverdict=<CriterionVerdict.feasible:  │ │
│ │                 'feasible'>,                                             │ │
│ │                 [2m│   │   │   │   │   [0mrefutation=[3mNone[0m,                     │ │
│ │                 [2m│   │   │   │   │   [0mmissing_resource=[3mNone[0m,               │ │
│ │                 [2m│   │   │   │   │   [0mcost_measurement=[3mNone[0m,               │ │
│ │                 [2m│   │   │   │   │   [0mflags=[1m[[0m[1m][0m,                            │ │
│ │                 [2m│   │   │   │   │   [0mforbidden_class=[3mNone[0m,                │ │
│ │                 [2m│   │   │   │   │   [0mundeclared_switch_arms=[1m[[0m[1m][0m            │ │
│ │                 [2m│   │   │   │   [0m[1m)[0m,                                       │ │
│ │                 [2m│   │   │   │   [0m[1mCriterionFeasibility[0m[1m([0m                    │ │
│ │                 [2m│   │   │   │   │   [0mcriterion_id='AC-2',                 │ │
│ │                 [2m│   │   │   │   │   [0mverdict=<CriterionVerdict.feasible:  │ │
│ │                 'feasible'>,                                             │ │
│ │                 [2m│   │   │   │   │   [0mrefutation=[3mNone[0m,                     │ │
│ │                 [2m│   │   │   │   │   [0mmissing_resource=[3mNone[0m,               │ │
│ │                 [2m│   │   │   │   │   [0mcost_measurement=[3mNone[0m,               │ │
│ │                 [2m│   │   │   │   │   [0mflags=[1m[[0m[1m][0m,                            │ │
│ │                 [2m│   │   │   │   │   [0mforbidden_class=[3mNone[0m,                │ │
│ │                 [2m│   │   │   │   │   [0mundeclared_switch_arms=[1m[[0m[1m][0m            │ │
│ │                 [2m│   │   │   │   [0m[1m)[0m                                        │ │
│ │                 [2m│   │   │   [0m[1m][0m,                                           │ │
│ │                 [2m│   │   │   [0mconjunction=[1mConjunctionVerdict[0m[1m([0m              │ │
│ │                 [2m│   │   │   │   [0msatisfiable=[3mTrue[0m,                        │ │
│ │                 [2m│   │   │   │   [0mcontradictions=[1m[[0m[1m][0m                        │ │
│ │                 [2m│   │   │   [0m[1m)[0m                                            │ │
│ │                 [2m│   │   [0m[1m)[0m,                                               │ │
│ │                 [2m│   │   [0m'criteria_regeneration_rounds': [1m0[0m,               │ │
│ │                 [2m│   │   [0m'criteria_infeasible': [3mFalse[0m,                    │ │
│ │                 [2m│   │   [0m... +[1m23[0m                                          │ │
│ │                 [2m│   [0m[1m}[0m,                                                   │ │
│ │                 [2m│   [0mproc=<langgraph._internal._runnable.RunnableSeq      │ │
│ │                 object at [1m0x10c675190[0m>,                                  │ │
│ │                 [2m│   [0mwrites=[1mdeque[0m[1m([0m[1m[[0m                                       │ │
│ │                 [2m│   │   [0m[1m([0m                                                │ │
│ │                 [2m│   │   │   [0m'__error__',                                 │ │
│ │                 [2m│   │   │   [0m[1mOutboundContentBlockedError[0m[1m([0m'Outbound        │ │
│ │                 content blocked before write (writer: pr_body;           │ │
│ │                 categories: credentials)'[1m)[0m                               │ │
│ │                 [2m│   │   [0m[1m)[0m                                                │ │
│ │                 [2m│   [0m[1m][0m[1m)[0m,                                                  │ │
│ │                 [2m│   [0mconfig=[1m{[0m                                             │ │
│ │                 [2m│   │   [0m'metadata': [1m{[0m                                    │ │
│ │                 [2m│   │   │   [0m'prompt': 'Tracker issue: K-1\n\nTracker     │ │
│ │                 issue: DECOY-999\n\nImplement the described              │ │
│ │                 change.\n\n#'+[1m51[0m,                                        │ │
│ │                 [2m│   │   │   [0m'repo_url':                                  │ │
│ │                 'https://github.com/example/repository.git',             │ │
│ │                 [2m│   │   │   [0m'permission_mode':                           │ │
│ │                 <PermissionMode.UNATTENDED: 'unattended'>,               │ │
│ │                 [2m│   │   │   [0m'allowed_tools': <ToolPreset.IMPLEMENTATION: │ │
│ │                 'implementation'>,                                       │ │
│ │                 [2m│   │   │   [0m'langgraph_step': [1m2[0m,                         │ │
│ │                 [2m│   │   │   [0m'langgraph_node': 'open_stalled_pr',         │ │
│ │                 [2m│   │   │   [0m'langgraph_triggers': [1m([0m                      │ │
│ │                 [2m│   │   │   │   [0m'branch:to:open_stalled_pr',             │ │
│ │                 [2m│   │   │   [0m[1m)[0m,                                           │ │
│ │                 [2m│   │   │   [0m'langgraph_path': [1m([0m                          │ │
│ │                 [2m│   │   │   │   [0m'__pregel_pull',                         │ │
│ │                 [2m│   │   │   │   [0m'open_stalled_pr'                        │ │
│ │                 [2m│   │   │   [0m[1m)[0m,                                           │ │
│ │                 [2m│   │   │   [0m'langgraph_checkpoint_ns':                   │ │
│ │                 'open_stalled_pr:77ea8781-35e1-9530-4443-eb69d53b392e'   │ │
│ │                 [2m│   │   [0m[1m}[0m,                                               │ │
│ │                 [2m│   │   [0m'configurable': [1m{[0m                                │ │
│ │                 [2m│   │   │   [0m'prompt': 'Tracker issue: K-1\n\nTracker     │ │
│ │                 issue: DECOY-999\n\nImplement the described              │ │
│ │                 change.\n\n#'+[1m51[0m,                                        │ │
│ │                 [2m│   │   │   [0m'repo_path': [3mNone[0m,                           │ │
│ │                 [2m│   │   │   [0m'repo_url':                                  │ │
│ │                 'https://github.com/example/repository.git',             │ │
│ │                 [2m│   │   │   [0m'cache_key':                                 │ │
│ │                 'fc9edf215d5d49d7bcab433f9f99e77d',                      │ │
│ │                 [2m│   │   │   [0m'run_identity': [1m{[0m                            │ │
│ │                 [2m│   │   │   │   [0m'kind': <RunKind.FIRE: 'fire'>,          │ │
│ │                 [2m│   │   │   │   [0m'name': 'K-1',                           │ │
│ │                 [2m│   │   │   │   [0m'started_at': [1mdatetime.datetime[0m[1m([0m[1m2026[0m, [1m9[0m, │ │
│ │                 [1m12[0m, [1m12[0m, [1m10[0m, [1m50[0m, [1m57309[0m, tzinfo=datetime.timezone.utc[1m)[0m     │ │
│ │                 [2m│   │   │   [0m[1m}[0m,                                           │ │
│ │                 [2m│   │   │   [0m'workspace_path': [3mNone[0m,                      │ │
│ │                 [2m│   │   │   [0m'base_spec': [1m{[0m                               │ │
│ │                 [2m│   │   │   │   [0m'inputs': [1m([0m[1m)[0m,                            │ │
│ │                 [2m│   │   │   │   [0m'base_branch': 'trunk',                  │ │
│ │                 [2m│   │   │   │   [0m'base_role': [3mNone[0m                        │ │
│ │                 [2m│   │   │   [0m[1m}[0m,                                           │ │
│ │                 [2m│   │   │   [0m'permission_mode':                           │ │
│ │                 <PermissionMode.UNATTENDED: 'unattended'>,               │ │
│ │                 [2m│   │   │   [0m'allowed_tools': <ToolPreset.IMPLEMENTATION: │ │
│ │                 'implementation'>,                                       │ │
│ │                 [2m│   │   │   [0m'__pregel_runtime': [1mRuntime[0m[1m([0m                 │ │
│ │                 [2m│   │   │   │   [0mcontext=[3mNone[0m,                            │ │
│ │                 [2m│   │   │   │   [0mstore=[3mNone[0m,                              │ │
│ │                 [2m│   │   │   │   [0mstream_writer=<function                  │ │
│ │                 Pregel.astream.<locals>.stream_writer at [1m0x10caadf80[0m>,   │ │
│ │                 [2m│   │   │   │   [0mprevious=[3mNone[0m                            │ │
│ │                 [2m│   │   │   [0m[1m)[0m,                                           │ │
│ │                 [2m│   │   │   [0m... +[1m9[0m                                       │ │
│ │                 [2m│   │   [0m[1m}[0m,                                               │ │
│ │                 [2m│   │   [0m'callbacks':                                     │ │
│ │                 <langchain_core.callbacks.manager.AsyncCallbackManager   │ │
│ │                 object at [1m0x10ca24080[0m>,                                  │ │
│ │                 [2m│   │   [0m'run_name': 'open_stalled_pr'                    │ │
│ │                 [2m│   [0m[1m}[0m,                                                   │ │
│ │                 [2m│   [0mtriggers=[1m([0m'branch:to:open_stalled_pr',[1m)[0m,             │ │
│ │                 [2m│   [0mretry_policy=[1m([0m                                       │ │
│ │                 [2m│   │   [0m[1mRetryPolicy[0m[1m([0m                                     │ │
│ │                 [2m│   │   │   [0minitial_interval=[1m1[0m[1m.0[0m,                        │ │
│ │                 [2m│   │   │   [0mbackoff_factor=[1m2[0m[1m.0[0m,                          │ │
│ │                 [2m│   │   │   [0mmax_interval=[1m128[0m[1m.0[0m,                          │ │
│ │                 [2m│   │   │   [0mmax_attempts=[1m3[0m,                              │ │
│ │                 [2m│   │   │   [0mjitter=[3mTrue[0m,                                 │ │
│ │                 [2m│   │   │   [0mretry_on=<function should_retry at           │ │
│ │                 [1m0x10bf11b20[0m>                                             │ │
│ │                 [2m│   │   [0m[1m)[0m,                                               │ │
│ │                 [2m│   [0m[1m)[0m,                                                   │ │
│ │                 [2m│   [0mcache_key=[3mNone[0m,                                      │ │
│ │                 [2m│   [0mid='77ea8781-35e1-9530-4443-eb69d53b392e',           │ │
│ │                 [2m│   [0mpath=[1m([0m'__pregel_pull', 'open_stalled_pr'[1m)[0m,           │ │
│ │                 [2m│   [0mwriters=[1m[[0m                                            │ │
│ │                 [2m│   │   [0mChannelWrite<...,...>[1m([0mtags=[3mNone[0m, recurse=[3mTrue[0m,   │ │
│ │                 explode_args=[3mFalse[0m, func_accepts=[1m{[0m'config': [1m([0m'N/A',      │ │
│ │                 <class 'inspect._empty'>[1m)[0m[1m}[0m,                              │ │
│ │                 writes=[1m([0m[1mChannelWriteTupleEntry[0m[1m([0mmapper=<function          │ │
│ │                 CompiledStateGraph.attach_node.<locals>._get_updates at  │ │
│ │                 [1m0x10c920680[0m>, value=<object object at [1m0x10a8622b0[0m>,      │ │
│ │                 static=[3mNone[0m[1m)[0m, [1mChannelWriteTupleEntry[0m[1m([0mmapper=<function    │ │
│ │                 _control_branch at [1m0x10befa3e0[0m>, value=<object object at │ │
│ │                 [1m0x10a8622b0[0m>, static=[1m[[0m[1m][0m[1m)[0m[1m)[0m[1m)[0m,                              │ │
│ │                 [2m│   │   [0m[1m_route[0m[1m([0mtags=[3mNone[0m, recurse=[3mTrue[0m,                  │ │
│ │                 explode_args=[3mFalse[0m, func_accepts=[1m{[0m'config': [1m([0m'N/A',      │ │
│ │                 <class 'inspect._empty'[1m>[0m[1m)[0m[1m}[0m,                              │ │
│ │                 _is_channel_writer=[1m[[0m[1m([0m[1mChannelWriteEntry[0m[1m([0mchannel='branch:… │ │
│ │                 value=[3mNone[0m, skip_none=[3mFalse[0m, mapper=[3mNone[0m[1m)[0m,               │ │
│ │                 'monitor_ci'[1m)[0m,                                           │ │
│ │                 [1m([0m[1mChannelWriteEntry[0m[1m([0mchannel='branch:to:complete',         │ │
│ │                 value=[3mNone[0m, skip_none=[3mFalse[0m, mapper=[3mNone[0m[1m)[0m, 'complete'[1m)[0m[1m][0m[1m)[0m │ │
│ │                 [2m│   [0m[1m][0m,                                                   │ │
│ │                 [2m│   [0msubgraphs=[1m[[0m[1m][0m                                         │ │
│ │                 [1m)[0m                                                        │ │
│ │         [3mtasks[0m = [1m([0m                                                        │ │
│ │                 [2m│   [0m[1mPregelExecutableTask[0m[1m([0m                                │ │
│ │                 [2m│   │   [0mname='open_stalled_pr',                          │ │
│ │                 [2m│   │   [0minput=[1m{[0m                                          │ │
│ │                 [2m│   │   │   [0m'issue_key': 'K-1',                          │ │
│ │                 [2m│   │   │   [0m'feature_branch':                            │ │
│ │                 'kodezart/test-branch-a86d3ace',                         │ │
│ │                 [2m│   │   │   [0m'ralph_branch':                              │ │
│ │                 'kodezart/test-branch-a86d3ace-ralph-73805499',          │ │
│ │                 [2m│   │   │   [0m'work_base_ref': 'trunk',                    │ │
│ │                 [2m│   │   │   [0m'ticket': [1mTicketDraftOutput[0m[1m([0m                 │ │
│ │                 [2m│   │   │   │   [0mtitle='Test ticket',                     │ │
│ │                 [2m│   │   │   │   [0msummary='Test summary',                  │ │
│ │                 [2m│   │   │   │   [0mcontext='Test context',                  │ │
│ │                 [2m│   │   │   │   [0mreferences=[1m[[0m[1m][0m,                           │ │
│ │                 [2m│   │   │   │   [0mrequired_changes=[1m[[0m                       │ │
│ │                 [2m│   │   │   │   │   [0m[1mFileChange[0m[1m([0m                          │ │
│ │                 [2m│   │   │   │   │   │   [0mfile_path='test.py',             │ │
│ │                 [2m│   │   │   │   │   │   [0mchange_type='modify',            │ │
│ │                 [2m│   │   │   │   │   │   [0mdescription='test change',       │ │
│ │                 [2m│   │   │   │   │   │   [0mrationale='test rationale'       │ │
│ │                 [2m│   │   │   │   │   [0m[1m)[0m                                    │ │
│ │                 [2m│   │   │   │   [0m[1m][0m,                                       │ │
│ │                 [2m│   │   │   │   [0mout_of_scope=[1m[[0m[1m][0m,                         │ │
│ │                 [2m│   │   │   │   [0mopen_questions=[1m[[0m[1m][0m,                       │ │
│ │                 [2m│   │   │   │   [0msherlock_flags=[1m[[0m[1m][0m                        │ │
│ │                 [2m│   │   │   [0m[1m)[0m,                                           │ │
│ │                 [2m│   │   │   [0m'acceptance_criteria': [1m[[0m                     │ │
│ │                 [2m│   │   │   │   [0m[1mGeneratedCriterion[0m[1m([0m                      │ │
│ │                 [2m│   │   │   │   │   [0mid='AC-1',                           │ │
│ │                 [2m│   │   │   │   │   [0mtext='Tests pass'                    │ │
│ │                 [2m│   │   │   │   [0m[1m)[0m,                                       │ │
│ │                 [2m│   │   │   │   [0m[1mGeneratedCriterion[0m[1m([0m                      │ │
│ │                 [2m│   │   │   │   │   [0mid='AC-2',                           │ │
│ │                 [2m│   │   │   │   │   [0mtext='No lint errors'                │ │
│ │                 [2m│   │   │   │   [0m[1m)[0m                                        │ │
│ │                 [2m│   │   │   [0m[1m][0m,                                           │ │
│ │                 [2m│   │   │   [0m'criteria_artifact': [1mCriteriaArtifact[0m[1m([0m       │ │
│ │                 [2m│   │   │   │   [0mcriteria=[1m[[0m                               │ │
│ │                 [2m│   │   │   │   │   [0m[1mValidatedCriterion[0m[1m([0m                  │ │
│ │                 [2m│   │   │   │   │   │   [0mid='AC-1',                       │ │
│ │                 [2m│   │   │   │   │   │   [0mtext='Tests pass',               │ │
│ │                 [2m│   │   │   │   │   │   [0m                                 │ │
│ │                 feasibility=[1mCriterionFeasibility[0m[1m([0m                        │ │
│ │                 [2m│   │   │   │   │   │   │   [0mcriterion_id='AC-1',         │ │
│ │                 [2m│   │   │   │   │   │   │   [0m                             │ │
│ │                 verdict=[1m<[0m[1mCriterionVerdict.feasible:[0m 'feasible'>,         │ │
│ │                 [2m│   │   │   │   │   │   │   [0mrefutation=[3mNone[0m,             │ │
│ │                 [2m│   │   │   │   │   │   │   [0mmissing_resource=[3mNone[0m,       │ │
│ │                 [2m│   │   │   │   │   │   │   [0mcost_measurement=[3mNone[0m,       │ │
│ │                 [2m│   │   │   │   │   │   │   [0mflags=[1m[[0m[1m][0m,                    │ │
│ │                 [2m│   │   │   │   │   │   │   [0mforbidden_class=[3mNone[0m,        │ │
│ │                 [2m│   │   │   │   │   │   │   [0mundeclared_switch_arms=[1m[[0m[1m][0m    │ │
│ │                 [2m│   │   │   │   │   │   [0m[1m)[0m                                │ │
│ │                 [2m│   │   │   │   │   [0m[1m)[0m,                                   │ │
│ │                 [2m│   │   │   │   │   [0m[1mValidatedCriterion[0m[1m([0m                  │ │
│ │                 [2m│   │   │   │   │   │   [0mid='AC-2',                       │ │
│ │                 [2m│   │   │   │   │   │   [0mtext='No lint errors',           │ │
│ │                 [2m│   │   │   │   │   │   [0m                                 │ │
│ │                 feasibility=[1mCriterionFeasibility[0m[1m([0m                        │ │
│ │                 [2m│   │   │   │   │   │   │   [0mcriterion_id='AC-2',         │ │
│ │                 [2m│   │   │   │   │   │   │   [0m                             │ │
│ │                 verdict=<CriterionVerdict.feasible: 'feasible'>,         │ │
│ │                 [2m│   │   │   │   │   │   │   [0mrefutation=[3mNone[0m,             │ │
│ │                 [2m│   │   │   │   │   │   │   [0mmissing_resource=[3mNone[0m,       │ │
│ │                 [2m│   │   │   │   │   │   │   [0mcost_measurement=[3mNone[0m,       │ │
│ │                 [2m│   │   │   │   │   │   │   [0mflags=[1m[[0m[1m][0m,                    │ │
│ │                 [2m│   │   │   │   │   │   │   [0mforbidden_class=[3mNone[0m,        │ │
│ │                 [2m│   │   │   │   │   │   │   [0mundeclared_switch_arms=[1m[[0m[1m][0m    │ │
│ │                 [2m│   │   │   │   │   │   [0m[1m)[0m                                │ │
│ │                 [2m│   │   │   │   │   [0m[1m)[0m                                    │ │
│ │                 [2m│   │   │   │   [0m[1m][0m,                                       │ │
│ │                 [2m│   │   │   │   [0mconjunction=[1mConjunctionVerdict[0m[1m([0m          │ │
│ │                 [2m│   │   │   │   │   [0msatisfiable=[3mTrue[0m,                    │ │
│ │                 [2m│   │   │   │   │   [0mcontradictions=[1m[[0m[1m][0m                    │ │
│ │                 [2m│   │   │   │   [0m[1m)[0m                                        │ │
│ │                 [2m│   │   │   [0m[1m)[0m,                                           │ │
│ │                 [2m│   │   │   [0m'criteria_validation': [1mCriteriaValidation[0m[1m([0m   │ │
│ │                 [2m│   │   │   │   [0mverdicts=[1m[[0m                               │ │
│ │                 [2m│   │   │   │   │   [0m[1mCriterionFeasibility[0m[1m([0m                │ │
│ │                 [2m│   │   │   │   │   │   [0mcriterion_id='AC-1',             │ │
│ │                 [2m│   │   │   │   │   │   [0m                                 │ │
│ │                 verdict=<CriterionVerdict.feasible: 'feasible'>,         │ │
│ │                 [2m│   │   │   │   │   │   [0mrefutation=[3mNone[0m,                 │ │
│ │                 [2m│   │   │   │   │   │   [0mmissing_resource=[3mNone[0m,           │ │
│ │                 [2m│   │   │   │   │   │   [0mcost_measurement=[3mNone[0m,           │ │
│ │                 [2m│   │   │   │   │   │   [0mflags=[1m[[0m[1m][0m,                        │ │
│ │                 [2m│   │   │   │   │   │   [0mforbidden_class=[3mNone[0m,            │ │
│ │                 [2m│   │   │   │   │   │   [0mundeclared_switch_arms=[1m[[0m[1m][0m        │ │
│ │                 [2m│   │   │   │   │   [0m[1m)[0m,                                   │ │
│ │                 [2m│   │   │   │   │   [0m[1mCriterionFeasibility[0m[1m([0m                │ │
│ │                 [2m│   │   │   │   │   │   [0mcriterion_id='AC-2',             │ │
│ │                 [2m│   │   │   │   │   │   [0m                                 │ │
│ │                 verdict=<CriterionVerdict.feasible: 'feasible'>,         │ │
│ │                 [2m│   │   │   │   │   │   [0mrefutation=[3mNone[0m,                 │ │
│ │                 [2m│   │   │   │   │   │   [0mmissing_resource=[3mNone[0m,           │ │
│ │                 [2m│   │   │   │   │   │   [0mcost_measurement=[3mNone[0m,           │ │
│ │                 [2m│   │   │   │   │   │   [0mflags=[1m[[0m[1m][0m,                        │ │
│ │                 [2m│   │   │   │   │   │   [0mforbidden_class=[3mNone[0m,            │ │
│ │                 [2m│   │   │   │   │   │   [0mundeclared_switch_arms=[1m[[0m[1m][0m        │ │
│ │                 [2m│   │   │   │   │   [0m[1m)[0m                                    │ │
│ │                 [2m│   │   │   │   [0m[1m][0m,                                       │ │
│ │                 [2m│   │   │   │   [0mconjunction=[1mConjunctionVerdict[0m[1m([0m          │ │
│ │                 [2m│   │   │   │   │   [0msatisfiable=[3mTrue[0m,                    │ │
│ │                 [2m│   │   │   │   │   [0mcontradictions=[1m[[0m[1m][0m                    │ │
│ │                 [2m│   │   │   │   [0m[1m)[0m                                        │ │
│ │                 [2m│   │   │   [0m[1m)[0m,                                           │ │
│ │                 [2m│   │   │   [0m'criteria_regeneration_rounds': [1m0[0m,           │ │
│ │                 [2m│   │   │   [0m'criteria_infeasible': [3mFalse[0m,                │ │
│ │                 [2m│   │   │   [0m... +[1m23[0m                                      │ │
│ │                 [2m│   │   [0m[1m}[0m,                                               │ │
│ │                 [2m│   │   [0mproc=<langgraph._internal._runnable.RunnableSeq  │ │
│ │                 object at [1m0x10c675190[0m>,                                  │ │
│ │                 [2m│   │   [0mwrites=[1mdeque[0m[1m([0m[1m[[0m                                   │ │
│ │                 [2m│   │   │   [0m[1m([0m                                            │ │
│ │                 [2m│   │   │   │   [0m'__error__',                             │ │
│ │                 [2m│   │   │   │   [0m[1mOutboundContentBlockedError[0m[1m([0m'Outbound    │ │
│ │                 content blocked before write (writer: pr_body;           │ │
│ │                 categories: credentials)'[1m)[0m                               │ │
│ │                 [2m│   │   │   [0m[1m)[0m                                            │ │
│ │                 [2m│   │   [0m[1m][0m[1m)[0m,                                              │ │
│ │                 [2m│   │   [0mconfig=[1m{[0m                                         │ │
│ │                 [2m│   │   │   [0m'metadata': [1m{[0m                                │ │
│ │                 [2m│   │   │   │   [0m'prompt': 'Tracker issue: K-1\n\nTracker │ │
│ │                 issue: DECOY-999\n\nImplement the described              │ │
│ │                 change.\n\n#'+[1m51[0m,                                        │ │
│ │                 [2m│   │   │   │   [0m'repo_url':                              │ │
│ │                 'https://github.com/example/repository.git',             │ │
│ │                 [2m│   │   │   │   [0m'permission_mode':                       │ │
│ │                 <PermissionMode.UNATTENDED: 'unattended'>,               │ │
│ │                 [2m│   │   │   │   [0m'allowed_tools':                         │ │
│ │                 <ToolPreset.IMPLEMENTATION: 'implementation'>,           │ │
│ │                 [2m│   │   │   │   [0m'langgraph_step': [1m2[0m,                     │ │
│ │                 [2m│   │   │   │   [0m'langgraph_node': 'open_stalled_pr',     │ │
│ │                 [2m│   │   │   │   [0m'langgraph_triggers': [1m([0m                  │ │
│ │                 [2m│   │   │   │   │   [0m'branch:to:open_stalled_pr',         │ │
│ │                 [2m│   │   │   │   [0m[1m)[0m,                                       │ │
│ │                 [2m│   │   │   │   [0m'langgraph_path': [1m([0m                      │ │
│ │                 [2m│   │   │   │   │   [0m'__pregel_pull',                     │ │
│ │                 [2m│   │   │   │   │   [0m'open_stalled_pr'                    │ │
│ │                 [2m│   │   │   │   [0m[1m)[0m,                                       │ │
│ │                 [2m│   │   │   │   [0m'langgraph_checkpoint_ns':               │ │
│ │                 'open_stalled_pr:77ea8781-35e1-9530-4443-eb69d53b392e'   │ │
│ │                 [2m│   │   │   [0m[1m}[0m,                                           │ │
│ │                 [2m│   │   │   [0m'configurable': [1m{[0m                            │ │
│ │                 [2m│   │   │   │   [0m'prompt': 'Tracker issue: K-1\n\nTracker │ │
│ │                 issue: DECOY-999\n\nImplement the described              │ │
│ │                 change.\n\n#'+[1m51[0m,                                        │ │
│ │                 [2m│   │   │   │   [0m'repo_path': [3mNone[0m,                       │ │
│ │                 [2m│   │   │   │   [0m'repo_url':                              │ │
│ │                 'https://github.com/example/repository.git',             │ │
│ │                 [2m│   │   │   │   [0m'cache_key':                             │ │
│ │                 'fc9edf215d5d49d7bcab433f9f99e77d',                      │ │
│ │                 [2m│   │   │   │   [0m'run_identity': [1m{[0m                        │ │
│ │                 [2m│   │   │   │   │   [0m'kind': <RunKind.FIRE: 'fire'>,      │ │
│ │                 [2m│   │   │   │   │   [0m'name': 'K-1',                       │ │
│ │                 [2m│   │   │   │   │   [0m'started_at':                        │ │
│ │                 [1mdatetime.datetime[0m[1m([0m[1m2026[0m, [1m9[0m, [1m12[0m, [1m12[0m, [1m10[0m, [1m50[0m, [1m57309[0m,        │ │
│ │                 tzinfo=datetime.timezone.utc[1m)[0m                            │ │
│ │                 [2m│   │   │   │   [0m[1m}[0m,                                       │ │
│ │                 [2m│   │   │   │   [0m'workspace_path': [3mNone[0m,                  │ │
│ │                 [2m│   │   │   │   [0m'base_spec': [1m{[0m                           │ │
│ │                 [2m│   │   │   │   │   [0m'inputs': [1m([0m[1m)[0m,                        │ │
│ │                 [2m│   │   │   │   │   [0m'base_branch': 'trunk',              │ │
│ │                 [2m│   │   │   │   │   [0m'base_role': [3mNone[0m                    │ │
│ │                 [2m│   │   │   │   [0m[1m}[0m,                                       │ │
│ │                 [2m│   │   │   │   [0m'permission_mode':                       │ │
│ │                 <PermissionMode.UNATTENDED: 'unattended'>,               │ │
│ │                 [2m│   │   │   │   [0m'allowed_tools':                         │ │
│ │                 <ToolPreset.IMPLEMENTATION: 'implementation'>,           │ │
│ │                 [2m│   │   │   │   [0m'__pregel_runtime': [1mRuntime[0m[1m([0m             │ │
│ │                 [2m│   │   │   │   │   [0mcontext=[3mNone[0m,                        │ │
│ │                 [2m│   │   │   │   │   [0mstore=[3mNone[0m,                          │ │
│ │                 [2m│   │   │   │   │   [0mstream_writer=<function              │ │
│ │                 Pregel.astream.<locals>.stream_writer at [1m0x10caadf80[0m>,   │ │
│ │                 [2m│   │   │   │   │   [0mprevious=[3mNone[0m                        │ │
│ │                 [2m│   │   │   │   [0m[1m)[0m,                                       │ │
│ │                 [2m│   │   │   │   [0m... +[1m9[0m                                   │ │
│ │                 [2m│   │   │   [0m[1m}[0m,                                           │ │
│ │                 [2m│   │   │   [0m'callbacks':                                 │ │
│ │                 <langchain_core.callbacks.manager.AsyncCallbackManager   │ │
│ │                 object at [1m0x10ca24080[0m>,                                  │ │
│ │                 [2m│   │   │   [0m'run_name': 'open_stalled_pr'                │ │
│ │                 [2m│   │   [0m[1m}[0m,                                               │ │
│ │                 [2m│   │   [0mtriggers=[1m([0m'branch:to:open_stalled_pr',[1m)[0m,         │ │
│ │                 [2m│   │   [0mretry_policy=[1m([0m                                   │ │
│ │                 [2m│   │   │   [0m[1mRetryPolicy[0m[1m([0m                                 │ │
│ │                 [2m│   │   │   │   [0minitial_interval=[1m1[0m[1m.0[0m,                    │ │
│ │                 [2m│   │   │   │   [0mbackoff_factor=[1m2[0m[1m.0[0m,                      │ │
│ │                 [2m│   │   │   │   [0mmax_interval=[1m128[0m[1m.0[0m,                      │ │
│ │                 [2m│   │   │   │   [0mmax_attempts=[1m3[0m,                          │ │
│ │                 [2m│   │   │   │   [0mjitter=[3mTrue[0m,                             │ │
│ │                 [2m│   │   │   │   [0mretry_on=<function should_retry at       │ │
│ │                 [1m0x10bf11b20[0m>                                             │ │
│ │                 [2m│   │   │   [0m[1m)[0m,                                           │ │
│ │                 [2m│   │   [0m[1m)[0m,                                               │ │
│ │                 [2m│   │   [0mcache_key=[3mNone[0m,                                  │ │
│ │                 [2m│   │   [0mid='77ea8781-35e1-9530-4443-eb69d53b392e',       │ │
│ │                 [2m│   │   [0mpath=[1m([0m'__pregel_pull', 'open_stalled_pr'[1m)[0m,       │ │
│ │                 [2m│   │   [0mwriters=[1m[[0m                                        │ │
│ │                 [2m│   │   │   [0mChannelWrite<...,...>[1m([0mtags=[3mNone[0m,             │ │
│ │                 recurse=[3mTrue[0m, explode_args=[3mFalse[0m,                        │ │
│ │                 func_accepts=[1m{[0m'config': [1m([0m'N/A', <class                   │ │
│ │                 'inspect._empty'>[1m)[0m[1m}[0m,                                     │ │
│ │                 writes=[1m([0m[1mChannelWriteTupleEntry[0m[1m([0mmapper=<function          │ │
│ │                 CompiledStateGraph.attach_node.<locals>._get_updates at  │ │
│ │                 [1m0x10c920680[0m>, value=<object object at [1m0x10a8622b0[0m>,      │ │
│ │                 static=[3mNone[0m[1m)[0m, [1mChannelWriteTupleEntry[0m[1m([0mmapper=<function    │ │
│ │                 _control_branch at [1m0x10befa3e0[0m>, value=<object object at │ │
│ │                 [1m0x10a8622b0[0m>, static=[1m[[0m[1m][0m[1m)[0m[1m)[0m[1m)[0m,                              │ │
│ │                 [2m│   │   │   [0m[1m_route[0m[1m([0mtags=[3mNone[0m, recurse=[3mTrue[0m,              │ │
│ │                 explode_args=[3mFalse[0m, func_accepts=[1m{[0m'config': [1m([0m'N/A',      │ │
│ │                 <class 'inspect._empty'[1m>[0m[1m)[0m[1m}[0m,                              │ │
│ │                 _is_channel_writer=[1m[[0m[1m([0m[1mChannelWriteEntry[0m[1m([0mchannel='branch:… │ │
│ │                 value=[3mNone[0m, skip_none=[3mFalse[0m, mapper=[3mNone[0m[1m)[0m,               │ │
│ │                 'monitor_ci'[1m)[0m,                                           │ │
│ │                 [1m([0m[1mChannelWriteEntry[0m[1m([0mchannel='branch:to:complete',         │ │
│ │                 value=[3mNone[0m, skip_none=[3mFalse[0m, mapper=[3mNone[0m[1m)[0m, 'complete'[1m)[0m[1m][0m[1m)[0m │ │
│ │                 [2m│   │   [0m[1m][0m,                                               │ │
│ │                 [2m│   │   [0msubgraphs=[1m[[0m[1m][0m                                     │ │
│ │                 [2m│   [0m[1m)[0m,                                                   │ │
│ │                 [1m)[0m                                                        │ │
│ │            [3mtb[0m = [1m<[0m[1mtraceback[0m object at [1m0x10c6fec00[0m[1m>[0m                        │ │
│ │       [3mtimeout[0m = [3mNone[0m                                                     │ │
│ ╰──────────────────────────────────────────────────────────────────────────╯ │
│                                                                              │
│ [2m/private/tmp/kodezart-v03-recovery-criterion-class/.venv/lib/python3.12/site[0m │
│ [2m-packages/langgraph/pregel/[0m[1m_runner.py[0m:520 in _panic_or_proceed               │
│                                                                              │
│   [2m517 [0m[2m│   │   │   │   │   [0m[2m# collect interrupts[0m                               │
│   [2m518 [0m[2m│   │   │   │   │   [0minterrupts.append(exc)                             │
│   [2m519 [0m[2m│   │   │   │   [0melif fut not in SKIP_RERAISE_SET:                      │
│ ❱ 520 [2m│   │   │   │   │   [0m[1;4mraise[0m[1;4m exc[0m                                          │
│   [2m521 [0m[2m│   [0m[2m# raise combined interrupts[0m                                        │
│   [2m522 [0m[2m│   [0mif interrupts:                                                     │
│   [2m523 [0m[2m│   │   [0mraise GraphInterrupt(tuple(i for exc in interrupts for i in ex │
│                                                                              │
│ ╭───────────────────────────────── locals ─────────────────────────────────╮ │
│ │       [3mdone[0m = [1mset[0m[1m([0m[1m)[0m                                                       │ │
│ │        [3mexc[0m = [1mOutboundContentBlockedError[0m[1m([0m'Outbound content blocked       │ │
│ │              before write (writer: pr_body; categories: credentials)'[1m)[0m   │ │
│ │        [3mfut[0m = [1m<[0m[1mTask[0m finished name='open_stalled_pr'                       │ │
│ │              coro=<[1marun_with_retry[0m[1m([0m[1m)[0m done, defined at                    │ │
│ │              /private/tmp/kodezart-v03-recovery-criterion-class/.venv/l… │ │
│ │              exception=[1mOutboundContentBlockedError[0m[1m([0m'Outbound content     │ │
│ │              blocked before write (writer: pr_body; categories:          │ │
│ │              credentials)'[1m)[0m[1m>[0m                                             │ │
│ │       [3mfuts[0m = [1m{[0m                                                           │ │
│ │              [2m│   [0m[1m<[0m[1mTask[0m finished name='open_stalled_pr'                   │ │
│ │              coro=<[1marun_with_retry[0m[1m([0m[1m)[0m done, defined at                    │ │
│ │              /private/tmp/kodezart-v03-recovery-criterion-class/.venv/l… │ │
│ │              exception=[1mOutboundContentBlockedError[0m[1m([0m'Outbound content     │ │
│ │              blocked before write (writer: pr_body; categories:          │ │
│ │              credentials)'[1m)[0m[1m>[0m                                             │ │
│ │              [1m}[0m                                                           │ │
│ │   [3minflight[0m = [1mset[0m[1m([0m[1m)[0m                                                       │ │
│ │ [3minterrupts[0m = [1m[[0m[1m][0m                                                          │ │
│ │      [3mpanic[0m = [3mTrue[0m                                                        │ │
│ ╰──────────────────────────────────────────────────────────────────────────╯ │
│                                                                              │
│ [2m/private/tmp/kodezart-v03-recovery-criterion-class/.venv/lib/python3.12/site[0m │
│ [2m-packages/langgraph/pregel/[0m[1m_retry.py[0m:163 in arun_with_retry                  │
│                                                                              │
│   [2m160 [0m[2m│   │   │   │   [0m[2m# if successful, end[0m                                   │
│   [2m161 [0m[2m│   │   │   │   [0mbreak                                                  │
│   [2m162 [0m[2m│   │   │   [0melse:                                                      │
│ ❱ 163 [2m│   │   │   │   [0mreturn await task.proc.ainvoke(task.input, config)     │
│   [2m164 [0m[2m│   │   [0mexcept ParentCommand as exc:                                   │
│   [2m165 [0m[2m│   │   │   [0mns: str = config[CONF][CONFIG_KEY_CHECKPOINT_NS]           │
│   [2m166 [0m[2m│   │   │   [0mcmd = exc.args[0]                                          │
│                                                                              │
│ ╭───────────────────────────────── locals ─────────────────────────────────╮ │
│ │            [3mattempts[0m = [1m0[0m                                                  │ │
│ │              [3mconfig[0m = [1m{[0m                                                  │ │
│ │                       [2m│   [0m'metadata': [1m{[0m                                  │ │
│ │                       [2m│   │   [0m'prompt': 'Tracker issue: K-1\n\nTracker   │ │
│ │                       issue: DECOY-999\n\nImplement the described        │ │
│ │                       change.\n\n#'+[1m51[0m,                                  │ │
│ │                       [2m│   │   [0m'repo_url':                                │ │
│ │                       'https://github.com/example/repository.git',       │ │
│ │                       [2m│   │   [0m'permission_mode':                         │ │
│ │                       [1m<[0m[1mPermissionMode.UNATTENDED:[0m 'unattended'>,         │ │
│ │                       [2m│   │   [0m'allowed_tools':                           │ │
│ │                       <ToolPreset.IMPLEMENTATION: 'implementation'>,     │ │
│ │                       [2m│   │   [0m'langgraph_step': [1m2[0m,                       │ │
│ │                       [2m│   │   [0m'langgraph_node': 'open_stalled_pr',       │ │
│ │                       [2m│   │   [0m'langgraph_triggers': [1m([0m                    │ │
│ │                       [2m│   │   │   [0m'branch:to:open_stalled_pr',           │ │
│ │                       [2m│   │   [0m[1m)[0m,                                         │ │
│ │                       [2m│   │   [0m'langgraph_path': [1m([0m                        │ │
│ │                       [2m│   │   │   [0m'__pregel_pull',                       │ │
│ │                       [2m│   │   │   [0m'open_stalled_pr'                      │ │
│ │                       [2m│   │   [0m[1m)[0m,                                         │ │
│ │                       [2m│   │   [0m'langgraph_checkpoint_ns':                 │ │
│ │                       'open_stalled_pr:77ea8781-35e1-9530-4443-eb69d53b… │ │
│ │                       [2m│   [0m[1m}[0m,                                             │ │
│ │                       [2m│   [0m'configurable': [1m{[0m                              │ │
│ │                       [2m│   │   [0m'prompt': 'Tracker issue: K-1\n\nTracker   │ │
│ │                       issue: DECOY-999\n\nImplement the described        │ │
│ │                       change.\n\n#'+[1m51[0m,                                  │ │
│ │                       [2m│   │   [0m'repo_path': [3mNone[0m,                         │ │
│ │                       [2m│   │   [0m'repo_url':                                │ │
│ │                       'https://github.com/example/repository.git',       │ │
│ │                       [2m│   │   [0m'cache_key':                               │ │
│ │                       'fc9edf215d5d49d7bcab433f9f99e77d',                │ │
│ │                       [2m│   │   [0m'run_identity': [1m{[0m                          │ │
│ │                       [2m│   │   │   [0m'kind': <RunKind.FIRE: 'fire'>,        │ │
│ │                       [2m│   │   │   [0m'name': 'K-1',                         │ │
│ │                       [2m│   │   │   [0m'started_at': [1mdatetime.datetime[0m[1m([0m[1m2026[0m,  │ │
│ │                       [1m9[0m, [1m12[0m, [1m12[0m, [1m10[0m, [1m50[0m, [1m57309[0m,                          │ │
│ │                       tzinfo=datetime.timezone.utc[1m)[0m                      │ │
│ │                       [2m│   │   [0m[1m}[0m,                                         │ │
│ │                       [2m│   │   [0m'workspace_path': [3mNone[0m,                    │ │
│ │                       [2m│   │   [0m'base_spec': [1m{[0m                             │ │
│ │                       [2m│   │   │   [0m'inputs': [1m([0m[1m)[0m,                          │ │
│ │                       [2m│   │   │   [0m'base_branch': 'trunk',                │ │
│ │                       [2m│   │   │   [0m'base_role': [3mNone[0m                      │ │
│ │                       [2m│   │   [0m[1m}[0m,                                         │ │
│ │                       [2m│   │   [0m'permission_mode':                         │ │
│ │                       <PermissionMode.UNATTENDED: 'unattended'>,         │ │
│ │                       [2m│   │   [0m'allowed_tools':                           │ │
│ │                       <ToolPreset.IMPLEMENTATION: 'implementation'>,     │ │
│ │                       [2m│   │   [0m'__pregel_runtime': [1mRuntime[0m[1m([0m               │ │
│ │                       [2m│   │   │   [0mcontext=[3mNone[0m,                          │ │
│ │                       [2m│   │   │   [0mstore=[3mNone[0m,                            │ │
│ │                       [2m│   │   │   [0mstream_writer=<function                │ │
│ │                       Pregel.astream.<locals>.stream_writer at           │ │
│ │                       [1m0x10caadf80[0m>,                                      │ │
│ │                       [2m│   │   │   [0mprevious=[3mNone[0m                          │ │
│ │                       [2m│   │   [0m[1m)[0m,                                         │ │
│ │                       [2m│   │   [0m... +[1m10[0m                                    │ │
│ │                       [2m│   [0m[1m}[0m,                                             │ │
│ │                       [2m│   [0m'callbacks':                                   │ │
│ │                       <langchain_core.callbacks.manager.AsyncCallbackMa… │ │
│ │                       object at [1m0x10ca24080[0m[1m>[0m,                            │ │
│ │                       [2m│   [0m'run_name': 'open_stalled_pr'                  │ │
│ │                       [1m}[0m                                                  │ │
│ │        [3mconfigurable[0m = [1m{[0m                                                  │ │
│ │                       [2m│   [0m'__pregel_call': [1mfunctools.partial[0m[1m([0m[1m<[0m[1mfunction[0m   │ │
│ │                       _acall at [1m0x10bee6020[0m>, <weakref at [1m0x10cc6a980[0m;   │ │
│ │                       to 'PregelExecutableTask' at [1m0x10c744a70[0m>,         │ │
│ │                       retry_policy=[3mNone[0m, stream=[3mFalse[0m, futures=<weakref  │ │
│ │                       at [1m0x10cc69ad0[0m; to 'FuturesDict' at [1m0x10cc6aa80[0m>,  │ │
│ │                       schedule_task=<bound method                        │ │
│ │                       AsyncPregelLoop.aaccept_push of                    │ │
│ │                       <langgraph.pregel._loop.AsyncPregelLoop object at  │ │
│ │                       [1m0x10c73f9e0[0m>>, submit=<weakref at [1m0x10ca48050[0m; to  │ │
│ │                       'AsyncBackgroundExecutor' at [1m0x10c674110[0m>,         │ │
│ │                       loop=<_UnixSelectorEventLoop running=[3mTrue[0m          │ │
│ │                       closed=[3mFalse[0m debug=[3mFalse[0m[1m>[0m[1m)[0m                         │ │
│ │                       [1m}[0m                                                  │ │
│ │ [3mmatch_cached_writes[0m = [3mNone[0m                                               │ │
│ │     [3mmatching_policy[0m = [3mNone[0m                                               │ │
│ │              [3mpolicy[0m = [1mRetryPolicy[0m[1m([0m                                       │ │
│ │                       [2m│   [0minitial_interval=[1m1[0m[1m.0[0m,                          │ │
│ │                       [2m│   [0mbackoff_factor=[1m2[0m[1m.0[0m,                            │ │
│ │                       [2m│   [0mmax_interval=[1m128[0m[1m.0[0m,                            │ │
│ │                       [2m│   [0mmax_attempts=[1m3[0m,                                │ │
│ │                       [2m│   [0mjitter=[3mTrue[0m,                                   │ │
│ │                       [2m│   [0mretry_on=[1m<[0m[1mfunction[0m should_retry at             │ │
│ │                       [1m0x10bf11b20[0m[1m>[0m                                       │ │
│ │                       [1m)[0m                                                  │ │
│ │        [3mretry_policy[0m = [1m([0m                                                  │ │
│ │                       [2m│   [0m[1mRetryPolicy[0m[1m([0m                                   │ │
│ │                       [2m│   │   [0minitial_interval=[1m1[0m[1m.0[0m,                      │ │
│ │                       [2m│   │   [0mbackoff_factor=[1m2[0m[1m.0[0m,                        │ │
│ │                       [2m│   │   [0mmax_interval=[1m128[0m[1m.0[0m,                        │ │
│ │                       [2m│   │   [0mmax_attempts=[1m3[0m,                            │ │
│ │                       [2m│   │   [0mjitter=[3mTrue[0m,                               │ │
│ │                       [2m│   │   [0mretry_on=[1m<[0m[1mfunction[0m should_retry at         │ │
│ │                       [1m0x10bf11b20[0m[1m>[0m                                       │ │
│ │                       [2m│   [0m[1m)[0m,                                             │ │
│ │                       [1m)[0m                                                  │ │
│ │              [3mstream[0m = [3mFalse[0m                                              │ │
│ │                [3mtask[0m = [1mPregelExecutableTask[0m[1m([0m                              │ │
│ │                       [2m│   [0mname='open_stalled_pr',                        │ │
│ │                       [2m│   [0minput=[1m{[0m                                        │ │
│ │                       [2m│   │   [0m'issue_key': 'K-1',                        │ │
│ │                       [2m│   │   [0m'feature_branch':                          │ │
│ │                       'kodezart/test-branch-a86d3ace',                   │ │
│ │                       [2m│   │   [0m'ralph_branch':                            │ │
│ │                       'kodezart/test-branch-a86d3ace-ralph-73805499',    │ │
│ │                       [2m│   │   [0m'work_base_ref': 'trunk',                  │ │
│ │                       [2m│   │   [0m'ticket': [1mTicketDraftOutput[0m[1m([0m               │ │
│ │                       [2m│   │   │   [0mtitle='Test ticket',                   │ │
│ │                       [2m│   │   │   [0msummary='Test summary',                │ │
│ │                       [2m│   │   │   [0mcontext='Test context',                │ │
│ │                       [2m│   │   │   [0mreferences=[1m[[0m[1m][0m,                         │ │
│ │                       [2m│   │   │   [0mrequired_changes=[1m[[0m                     │ │
│ │                       [2m│   │   │   │   [0m[1mFileChange[0m[1m([0m                        │ │
│ │                       [2m│   │   │   │   │   [0mfile_path='test.py',           │ │
│ │                       [2m│   │   │   │   │   [0mchange_type='modify',          │ │
│ │                       [2m│   │   │   │   │   [0mdescription='test change',     │ │
│ │                       [2m│   │   │   │   │   [0mrationale='test rationale'     │ │
│ │                       [2m│   │   │   │   [0m[1m)[0m                                  │ │
│ │                       [2m│   │   │   [0m[1m][0m,                                     │ │
│ │                       [2m│   │   │   [0mout_of_scope=[1m[[0m[1m][0m,                       │ │
│ │                       [2m│   │   │   [0mopen_questions=[1m[[0m[1m][0m,                     │ │
│ │                       [2m│   │   │   [0msherlock_flags=[1m[[0m[1m][0m                      │ │
│ │                       [2m│   │   [0m[1m)[0m,                                         │ │
│ │                       [2m│   │   [0m'acceptance_criteria': [1m[[0m                   │ │
│ │                       [2m│   │   │   [0m[1mGeneratedCriterion[0m[1m([0m                    │ │
│ │                       [2m│   │   │   │   [0mid='AC-1',                         │ │
│ │                       [2m│   │   │   │   [0mtext='Tests pass'                  │ │
│ │                       [2m│   │   │   [0m[1m)[0m,                                     │ │
│ │                       [2m│   │   │   [0m[1mGeneratedCriterion[0m[1m([0m                    │ │
│ │                       [2m│   │   │   │   [0mid='AC-2',                         │ │
│ │                       [2m│   │   │   │   [0mtext='No lint errors'              │ │
│ │                       [2m│   │   │   [0m[1m)[0m                                      │ │
│ │                       [2m│   │   [0m[1m][0m,                                         │ │
│ │                       [2m│   │   [0m'criteria_artifact': [1mCriteriaArtifact[0m[1m([0m     │ │
│ │                       [2m│   │   │   [0mcriteria=[1m[[0m                             │ │
│ │                       [2m│   │   │   │   [0m[1mValidatedCriterion[0m[1m([0m                │ │
│ │                       [2m│   │   │   │   │   [0mid='AC-1',                     │ │
│ │                       [2m│   │   │   │   │   [0mtext='Tests pass',             │ │
│ │                       [2m│   │   │   │   │   [0m                               │ │
│ │                       feasibility=[1mCriterionFeasibility[0m[1m([0m                  │ │
│ │                       [2m│   │   │   │   │   │   [0mcriterion_id='AC-1',       │ │
│ │                       [2m│   │   │   │   │   │   [0m                           │ │
│ │                       verdict=[1m<[0m[1mCriterionVerdict.feasible:[0m 'feasible'>,   │ │
│ │                       [2m│   │   │   │   │   │   [0mrefutation=[3mNone[0m,           │ │
│ │                       [2m│   │   │   │   │   │   [0mmissing_resource=[3mNone[0m,     │ │
│ │                       [2m│   │   │   │   │   │   [0mcost_measurement=[3mNone[0m,     │ │
│ │                       [2m│   │   │   │   │   │   [0mflags=[1m[[0m[1m][0m,                  │ │
│ │                       [2m│   │   │   │   │   │   [0mforbidden_class=[3mNone[0m,      │ │
│ │                       [2m│   │   │   │   │   │   [0mundeclared_switch_arms=[1m[[0m[1m][0m  │ │
│ │                       [2m│   │   │   │   │   [0m[1m)[0m                              │ │
│ │                       [2m│   │   │   │   [0m[1m)[0m,                                 │ │
│ │                       [2m│   │   │   │   [0m[1mValidatedCriterion[0m[1m([0m                │ │
│ │                       [2m│   │   │   │   │   [0mid='AC-2',                     │ │
│ │                       [2m│   │   │   │   │   [0mtext='No lint errors',         │ │
│ │                       [2m│   │   │   │   │   [0m                               │ │
│ │                       feasibility=[1mCriterionFeasibility[0m[1m([0m                  │ │
│ │                       [2m│   │   │   │   │   │   [0mcriterion_id='AC-2',       │ │
│ │                       [2m│   │   │   │   │   │   [0m                           │ │
│ │                       verdict=<CriterionVerdict.feasible: 'feasible'>,   │ │
│ │                       [2m│   │   │   │   │   │   [0mrefutation=[3mNone[0m,           │ │
│ │                       [2m│   │   │   │   │   │   [0mmissing_resource=[3mNone[0m,     │ │
│ │                       [2m│   │   │   │   │   │   [0mcost_measurement=[3mNone[0m,     │ │
│ │                       [2m│   │   │   │   │   │   [0mflags=[1m[[0m[1m][0m,                  │ │
│ │                       [2m│   │   │   │   │   │   [0mforbidden_class=[3mNone[0m,      │ │
│ │                       [2m│   │   │   │   │   │   [0mundeclared_switch_arms=[1m[[0m[1m][0m  │ │
│ │                       [2m│   │   │   │   │   [0m[1m)[0m                              │ │
│ │                       [2m│   │   │   │   [0m[1m)[0m                                  │ │
│ │                       [2m│   │   │   [0m[1m][0m,                                     │ │
│ │                       [2m│   │   │   [0mconjunction=[1mConjunctionVerdict[0m[1m([0m        │ │
│ │                       [2m│   │   │   │   [0msatisfiable=[3mTrue[0m,                  │ │
│ │                       [2m│   │   │   │   [0mcontradictions=[1m[[0m[1m][0m                  │ │
│ │                       [2m│   │   │   [0m[1m)[0m                                      │ │
│ │                       [2m│   │   [0m[1m)[0m,                                         │ │
│ │                       [2m│   │   [0m'criteria_validation': [1mCriteriaValidation[0m[1m([0m │ │
│ │                       [2m│   │   │   [0mverdicts=[1m[[0m                             │ │
│ │                       [2m│   │   │   │   [0m[1mCriterionFeasibility[0m[1m([0m              │ │
│ │                       [2m│   │   │   │   │   [0mcriterion_id='AC-1',           │ │
│ │                       [2m│   │   │   │   │   [0m                               │ │
│ │                       verdict=<CriterionVerdict.feasible: 'feasible'>,   │ │
│ │                       [2m│   │   │   │   │   [0mrefutation=[3mNone[0m,               │ │
│ │                       [2m│   │   │   │   │   [0mmissing_resource=[3mNone[0m,         │ │
│ │                       [2m│   │   │   │   │   [0mcost_measurement=[3mNone[0m,         │ │
│ │                       [2m│   │   │   │   │   [0mflags=[1m[[0m[1m][0m,                      │ │
│ │                       [2m│   │   │   │   │   [0mforbidden_class=[3mNone[0m,          │ │
│ │                       [2m│   │   │   │   │   [0mundeclared_switch_arms=[1m[[0m[1m][0m      │ │
│ │                       [2m│   │   │   │   [0m[1m)[0m,                                 │ │
│ │                       [2m│   │   │   │   [0m[1mCriterionFeasibility[0m[1m([0m              │ │
│ │                       [2m│   │   │   │   │   [0mcriterion_id='AC-2',           │ │
│ │                       [2m│   │   │   │   │   [0m                               │ │
│ │                       verdict=<CriterionVerdict.feasible: 'feasible'>,   │ │
│ │                       [2m│   │   │   │   │   [0mrefutation=[3mNone[0m,               │ │
│ │                       [2m│   │   │   │   │   [0mmissing_resource=[3mNone[0m,         │ │
│ │                       [2m│   │   │   │   │   [0mcost_measurement=[3mNone[0m,         │ │
│ │                       [2m│   │   │   │   │   [0mflags=[1m[[0m[1m][0m,                      │ │
│ │                       [2m│   │   │   │   │   [0mforbidden_class=[3mNone[0m,          │ │
│ │                       [2m│   │   │   │   │   [0mundeclared_switch_arms=[1m[[0m[1m][0m      │ │
│ │                       [2m│   │   │   │   [0m[1m)[0m                                  │ │
│ │                       [2m│   │   │   [0m[1m][0m,                                     │ │
│ │                       [2m│   │   │   [0mconjunction=[1mConjunctionVerdict[0m[1m([0m        │ │
│ │                       [2m│   │   │   │   [0msatisfiable=[3mTrue[0m,                  │ │
│ │                       [2m│   │   │   │   [0mcontradictions=[1m[[0m[1m][0m                  │ │
│ │                       [2m│   │   │   [0m[1m)[0m                                      │ │
│ │                       [2m│   │   [0m[1m)[0m,                                         │ │
│ │                       [2m│   │   [0m'criteria_regeneration_rounds': [1m0[0m,         │ │
│ │                       [2m│   │   [0m'criteria_infeasible': [3mFalse[0m,              │ │
│ │                       [2m│   │   [0m... +[1m23[0m                                    │ │
│ │                       [2m│   [0m[1m}[0m,                                             │ │
│ │                       [2m│   [0m                                               │ │
│ │                       proc=<langgraph._internal._runnable.RunnableSeq    │ │
│ │                       object at [1m0x10c675190[0m>,                            │ │
│ │                       [2m│   [0mwrites=[1mdeque[0m[1m([0m[1m[[0m                                 │ │
│ │                       [2m│   │   [0m[1m([0m                                          │ │
│ │                       [2m│   │   │   [0m'__error__',                           │ │
│ │                       [2m│   │   │   [0m[1mOutboundContentBlockedError[0m[1m([0m'Outbound  │ │
│ │                       content blocked before write (writer: pr_body;     │ │
│ │                       categories: credentials)'[1m)[0m                         │ │
│ │                       [2m│   │   [0m[1m)[0m                                          │ │
│ │                       [2m│   [0m[1m][0m[1m)[0m,                                            │ │
│ │                       [2m│   [0mconfig=[1m{[0m                                       │ │
│ │                       [2m│   │   [0m'metadata': [1m{[0m                              │ │
│ │                       [2m│   │   │   [0m'prompt': 'Tracker issue:              │ │
│ │                       K-1\n\nTracker issue: DECOY-999\n\nImplement the   │ │
│ │                       described change.\n\n#'+[1m51[0m,                        │ │
│ │                       [2m│   │   │   [0m'repo_url':                            │ │
│ │                       'https://github.com/example/repository.git',       │ │
│ │                       [2m│   │   │   [0m'permission_mode':                     │ │
│ │                       <PermissionMode.UNATTENDED: 'unattended'>,         │ │
│ │                       [2m│   │   │   [0m'allowed_tools':                       │ │
│ │                       <ToolPreset.IMPLEMENTATION: 'implementation'>,     │ │
│ │                       [2m│   │   │   [0m'langgraph_step': [1m2[0m,                   │ │
│ │                       [2m│   │   │   [0m'langgraph_node': 'open_stalled_pr',   │ │
│ │                       [2m│   │   │   [0m'langgraph_triggers': [1m([0m                │ │
│ │                       [2m│   │   │   │   [0m'branch:to:open_stalled_pr',       │ │
│ │                       [2m│   │   │   [0m[1m)[0m,                                     │ │
│ │                       [2m│   │   │   [0m'langgraph_path': [1m([0m                    │ │
│ │                       [2m│   │   │   │   [0m'__pregel_pull',                   │ │
│ │                       [2m│   │   │   │   [0m'open_stalled_pr'                  │ │
│ │                       [2m│   │   │   [0m[1m)[0m,                                     │ │
│ │                       [2m│   │   │   [0m'langgraph_checkpoint_ns':             │ │
│ │                       'open_stalled_pr:77ea8781-35e1-9530-4443-eb69d53b… │ │
│ │                       [2m│   │   [0m[1m}[0m,                                         │ │
│ │                       [2m│   │   [0m'configurable': [1m{[0m                          │ │
│ │                       [2m│   │   │   [0m'prompt': 'Tracker issue:              │ │
│ │                       K-1\n\nTracker issue: DECOY-999\n\nImplement the   │ │
│ │                       described change.\n\n#'+[1m51[0m,                        │ │
│ │                       [2m│   │   │   [0m'repo_path': [3mNone[0m,                     │ │
│ │                       [2m│   │   │   [0m'repo_url':                            │ │
│ │                       'https://github.com/example/repository.git',       │ │
│ │                       [2m│   │   │   [0m'cache_key':                           │ │
│ │                       'fc9edf215d5d49d7bcab433f9f99e77d',                │ │
│ │                       [2m│   │   │   [0m'run_identity': [1m{[0m                      │ │
│ │                       [2m│   │   │   │   [0m'kind': <RunKind.FIRE: 'fire'>,    │ │
│ │                       [2m│   │   │   │   [0m'name': 'K-1',                     │ │
│ │                       [2m│   │   │   │   [0m'started_at':                      │ │
│ │                       [1mdatetime.datetime[0m[1m([0m[1m2026[0m, [1m9[0m, [1m12[0m, [1m12[0m, [1m10[0m, [1m50[0m, [1m57309[0m,  │ │
│ │                       tzinfo=datetime.timezone.utc[1m)[0m                      │ │
│ │                       [2m│   │   │   [0m[1m}[0m,                                     │ │
│ │                       [2m│   │   │   [0m'workspace_path': [3mNone[0m,                │ │
│ │                       [2m│   │   │   [0m'base_spec': [1m{[0m                         │ │
│ │                       [2m│   │   │   │   [0m'inputs': [1m([0m[1m)[0m,                      │ │
│ │                       [2m│   │   │   │   [0m'base_branch': 'trunk',            │ │
│ │                       [2m│   │   │   │   [0m'base_role': [3mNone[0m                  │ │
│ │                       [2m│   │   │   [0m[1m}[0m,                                     │ │
│ │                       [2m│   │   │   [0m'permission_mode':                     │ │
│ │                       <PermissionMode.UNATTENDED: 'unattended'>,         │ │
│ │                       [2m│   │   │   [0m'allowed_tools':                       │ │
│ │                       <ToolPreset.IMPLEMENTATION: 'implementation'>,     │ │
│ │                       [2m│   │   │   [0m'__pregel_runtime': [1mRuntime[0m[1m([0m           │ │
│ │                       [2m│   │   │   │   [0mcontext=[3mNone[0m,                      │ │
│ │                       [2m│   │   │   │   [0mstore=[3mNone[0m,                        │ │
│ │                       [2m│   │   │   │   [0mstream_writer=<function            │ │
│ │                       Pregel.astream.<locals>.stream_writer at           │ │
│ │                       [1m0x10caadf80[0m>,                                      │ │
│ │                       [2m│   │   │   │   [0mprevious=[3mNone[0m                      │ │
│ │                       [2m│   │   │   [0m[1m)[0m,                                     │ │
│ │                       [2m│   │   │   [0m... +[1m9[0m                                 │ │
│ │                       [2m│   │   [0m[1m}[0m,                                         │ │
│ │                       [2m│   │   [0m'callbacks':                               │ │
│ │                       <langchain_core.callbacks.manager.AsyncCallbackMa… │ │
│ │                       object at [1m0x10ca24080[0m>,                            │ │
│ │                       [2m│   │   [0m'run_name': 'open_stalled_pr'              │ │
│ │                       [2m│   [0m[1m}[0m,                                             │ │
│ │                       [2m│   [0mtriggers=[1m([0m'branch:to:open_stalled_pr',[1m)[0m,       │ │
│ │                       [2m│   [0mretry_policy=[1m([0m                                 │ │
│ │                       [2m│   │   [0m[1mRetryPolicy[0m[1m([0m                               │ │
│ │                       [2m│   │   │   [0minitial_interval=[1m1[0m[1m.0[0m,                  │ │
│ │                       [2m│   │   │   [0mbackoff_factor=[1m2[0m[1m.0[0m,                    │ │
│ │                       [2m│   │   │   [0mmax_interval=[1m128[0m[1m.0[0m,                    │ │
│ │                       [2m│   │   │   [0mmax_attempts=[1m3[0m,                        │ │
│ │                       [2m│   │   │   [0mjitter=[3mTrue[0m,                           │ │
│ │                       [2m│   │   │   [0mretry_on=<function should_retry at     │ │
│ │                       [1m0x10bf11b20[0m>                                       │ │
│ │                       [2m│   │   [0m[1m)[0m,                                         │ │
│ │                       [2m│   [0m[1m)[0m,                                             │ │
│ │                       [2m│   [0mcache_key=[3mNone[0m,                                │ │
│ │                       [2m│   [0mid='77ea8781-35e1-9530-4443-eb69d53b392e',     │ │
│ │                       [2m│   [0mpath=[1m([0m'__pregel_pull', 'open_stalled_pr'[1m)[0m,     │ │
│ │                       [2m│   [0mwriters=[1m[[0m                                      │ │
│ │                       [2m│   │   [0mChannelWrite<...,...>[1m([0mtags=[3mNone[0m,           │ │
│ │                       recurse=[3mTrue[0m, explode_args=[3mFalse[0m,                  │ │
│ │                       func_accepts=[1m{[0m'config': [1m([0m'N/A', <class             │ │
│ │                       'inspect._empty'>[1m)[0m[1m}[0m,                               │ │
│ │                       writes=[1m([0m[1mChannelWriteTupleEntry[0m[1m([0mmapper=<function    │ │
│ │                       CompiledStateGraph.attach_node.<locals>._get_upda… │ │
│ │                       at [1m0x10c920680[0m>, value=<object object at           │ │
│ │                       [1m0x10a8622b0[0m>, static=[3mNone[0m[1m)[0m,                        │ │
│ │                       [1mChannelWriteTupleEntry[0m[1m([0mmapper=<function            │ │
│ │                       _control_branch at [1m0x10befa3e0[0m>, value=<object     │ │
│ │                       object at [1m0x10a8622b0[0m>, static=[1m[[0m[1m][0m[1m)[0m[1m)[0m[1m)[0m,              │ │
│ │                       [2m│   │   [0m[1m_route[0m[1m([0mtags=[3mNone[0m, recurse=[3mTrue[0m,            │ │
│ │                       explode_args=[3mFalse[0m, func_accepts=[1m{[0m'config':        │ │
│ │                       [1m([0m'N/A', <class 'inspect._empty'[1m>[0m[1m)[0m[1m}[0m,                │ │
│ │                       _is_channel_writer=[1m[[0m[1m([0m[1mChannelWriteEntry[0m[1m([0mchannel='b… │ │
│ │                       value=[3mNone[0m, skip_none=[3mFalse[0m, mapper=[3mNone[0m[1m)[0m,         │ │
│ │                       'monitor_ci'[1m)[0m,                                     │ │
│ │                       [1m([0m[1mChannelWriteEntry[0m[1m([0mchannel='branch:to:complete',   │ │
│ │                       value=[3mNone[0m, skip_none=[3mFalse[0m, mapper=[3mNone[0m[1m)[0m,         │ │
│ │                       'complete'[1m)[0m[1m][0m[1m)[0m                                      │ │
│ │                       [2m│   [0m[1m][0m,                                             │ │
│ │                       [2m│   [0msubgraphs=[1m[[0m[1m][0m                                   │ │
│ │                       [1m)[0m                                                  │ │
│ ╰──────────────────────────────────────────────────────────────────────────╯ │
│                                                                              │
│ [2m/private/tmp/kodezart-v03-recovery-criterion-class/.venv/lib/python3.12/site[0m │
│ [2m-packages/langgraph/_internal/[0m[1m_runnable.py[0m:705 in ainvoke                    │
│                                                                              │
│   [2m702 [0m[2m│   │   │   │   │   │   │   [0mrun = None                                 │
│   [2m703 [0m[2m│   │   │   │   │   │   [0m[2m# run in context[0m                               │
│   [2m704 [0m[2m│   │   │   │   │   │   [0mwith set_config_context(config, run) as contex │
│ ❱ 705 [2m│   │   │   │   │   │   │   [0minput = await asyncio.create_task(         │
│   [2m706 [0m[2m│   │   │   │   │   │   │   │   [0mstep.ainvoke(input, config, **kwargs), │
│   [2m707 [0m[2m│   │   │   │   │   │   │   [0m)                                          │
│   [2m708 [0m[2m│   │   │   │   │   [0melse:                                              │
│                                                                              │
│ ╭───────────────────────────────── locals ─────────────────────────────────╮ │
│ │ [3mcallback_manager[0m = [1m<[0m[1mlangchain_core.callbacks.manager.AsyncCallbackManag…[0m │ │
│ │                    object at [1m0x10ca24080[0m[1m>[0m                                │ │
│ │           [3mconfig[0m = [1m{[0m                                                     │ │
│ │                    [2m│   [0m'metadata': [1m{[0m                                     │ │
│ │                    [2m│   │   [0m'prompt': 'Tracker issue: K-1\n\nTracker      │ │
│ │                    issue: DECOY-999\n\nImplement the described           │ │
│ │                    change.\n\n#'+[1m51[0m,                                     │ │
│ │                    [2m│   │   [0m'repo_url':                                   │ │
│ │                    'https://github.com/example/repository.git',          │ │
│ │                    [2m│   │   [0m'permission_mode':                            │ │
│ │                    [1m<[0m[1mPermissionMode.UNATTENDED:[0m 'unattended'>,            │ │
│ │                    [2m│   │   [0m'allowed_tools': <ToolPreset.IMPLEMENTATION:  │ │
│ │                    'implementation'>,                                    │ │
│ │                    [2m│   │   [0m'langgraph_step': [1m2[0m,                          │ │
│ │                    [2m│   │   [0m'langgraph_node': 'open_stalled_pr',          │ │
│ │                    [2m│   │   [0m'langgraph_triggers': [1m([0m                       │ │
│ │                    [2m│   │   │   [0m'branch:to:open_stalled_pr',              │ │
│ │                    [2m│   │   [0m[1m)[0m,                                            │ │
│ │                    [2m│   │   [0m'langgraph_path': [1m([0m                           │ │
│ │                    [2m│   │   │   [0m'__pregel_pull',                          │ │
│ │                    [2m│   │   │   [0m'open_stalled_pr'                         │ │
│ │                    [2m│   │   [0m[1m)[0m,                                            │ │
│ │                    [2m│   │   [0m'langgraph_checkpoint_ns':                    │ │
│ │                    'open_stalled_pr:77ea8781-35e1-9530-4443-eb69d53b392… │ │
│ │                    [2m│   [0m[1m}[0m,                                                │ │
│ │                    [2m│   [0m'configurable': [1m{[0m                                 │ │
│ │                    [2m│   │   [0m'prompt': 'Tracker issue: K-1\n\nTracker      │ │
│ │                    issue: DECOY-999\n\nImplement the described           │ │
│ │                    change.\n\n#'+[1m51[0m,                                     │ │
│ │                    [2m│   │   [0m'repo_path': [3mNone[0m,                            │ │
│ │                    [2m│   │   [0m'repo_url':                                   │ │
│ │                    'https://github.com/example/repository.git',          │ │
│ │                    [2m│   │   [0m'cache_key':                                  │ │
│ │                    'fc9edf215d5d49d7bcab433f9f99e77d',                   │ │
│ │                    [2m│   │   [0m'run_identity': [1m{[0m                             │ │
│ │                    [2m│   │   │   [0m'kind': <RunKind.FIRE: 'fire'>,           │ │
│ │                    [2m│   │   │   [0m'name': 'K-1',                            │ │
│ │                    [2m│   │   │   [0m'started_at': [1mdatetime.datetime[0m[1m([0m[1m2026[0m, [1m9[0m,  │ │
│ │                    [1m12[0m, [1m12[0m, [1m10[0m, [1m50[0m, [1m57309[0m, tzinfo=datetime.timezone.utc[1m)[0m  │ │
│ │                    [2m│   │   [0m[1m}[0m,                                            │ │
│ │                    [2m│   │   [0m'workspace_path': [3mNone[0m,                       │ │
│ │                    [2m│   │   [0m'base_spec': [1m{[0m                                │ │
│ │                    [2m│   │   │   [0m'inputs': [1m([0m[1m)[0m,                             │ │
│ │                    [2m│   │   │   [0m'base_branch': 'trunk',                   │ │
│ │                    [2m│   │   │   [0m'base_role': [3mNone[0m                         │ │
│ │                    [2m│   │   [0m[1m}[0m,                                            │ │
│ │                    [2m│   │   [0m'permission_mode':                            │ │
│ │                    <PermissionMode.UNATTENDED: 'unattended'>,            │ │
│ │                    [2m│   │   [0m'allowed_tools': <ToolPreset.IMPLEMENTATION:  │ │
│ │                    'implementation'>,                                    │ │
│ │                    [2m│   │   [0m'__pregel_runtime': [1mRuntime[0m[1m([0m                  │ │
│ │                    [2m│   │   │   [0mcontext=[3mNone[0m,                             │ │
│ │                    [2m│   │   │   [0mstore=[3mNone[0m,                               │ │
│ │                    [2m│   │   │   [0mstream_writer=<function                   │ │
│ │                    Pregel.astream.<locals>.stream_writer at              │ │
│ │                    [1m0x10caadf80[0m>,                                         │ │
│ │                    [2m│   │   │   [0mprevious=[3mNone[0m                             │ │
│ │                    [2m│   │   [0m[1m)[0m,                                            │ │
│ │                    [2m│   │   [0m... +[1m10[0m                                       │ │
│ │                    [2m│   [0m[1m}[0m,                                                │ │
│ │                    [2m│   [0m'callbacks':                                      │ │
│ │                    <langchain_core.callbacks.manager.AsyncCallbackManag… │ │
│ │                    object at [1m0x10ca24650[0m[1m>[0m                                │ │
│ │                    [1m}[0m                                                     │ │
│ │          [3mcontext[0m = [1m<[0m[1m_contextvars.Context[0m object at [1m0x10ca30140[0m[1m>[0m          │ │
│ │                [3mi[0m = [1m0[0m                                                     │ │
│ │            [3minput[0m = [1m{[0m                                                     │ │
│ │                    [2m│   [0m'issue_key': 'K-1',                               │ │
│ │                    [2m│   [0m'feature_branch':                                 │ │
│ │                    'kodezart/test-branch-a86d3ace',                      │ │
│ │                    [2m│   [0m'ralph_branch':                                   │ │
│ │                    'kodezart/test-branch-a86d3ace-ralph-73805499',       │ │
│ │                    [2m│   [0m'work_base_ref': 'trunk',                         │ │
│ │                    [2m│   [0m'ticket': [1mTicketDraftOutput[0m[1m([0m                      │ │
│ │                    [2m│   │   [0mtitle='Test ticket',                          │ │
│ │                    [2m│   │   [0msummary='Test summary',                       │ │
│ │                    [2m│   │   [0mcontext='Test context',                       │ │
│ │                    [2m│   │   [0mreferences=[1m[[0m[1m][0m,                                │ │
│ │                    [2m│   │   [0mrequired_changes=[1m[[0m                            │ │
│ │                    [2m│   │   │   [0m[1mFileChange[0m[1m([0m                               │ │
│ │                    [2m│   │   │   │   [0mfile_path='test.py',                  │ │
│ │                    [2m│   │   │   │   [0mchange_type='modify',                 │ │
│ │                    [2m│   │   │   │   [0mdescription='test change',            │ │
│ │                    [2m│   │   │   │   [0mrationale='test rationale'            │ │
│ │                    [2m│   │   │   [0m[1m)[0m                                         │ │
│ │                    [2m│   │   [0m[1m][0m,                                            │ │
│ │                    [2m│   │   [0mout_of_scope=[1m[[0m[1m][0m,                              │ │
│ │                    [2m│   │   [0mopen_questions=[1m[[0m[1m][0m,                            │ │
│ │                    [2m│   │   [0msherlock_flags=[1m[[0m[1m][0m                             │ │
│ │                    [2m│   [0m[1m)[0m,                                                │ │
│ │                    [2m│   [0m'acceptance_criteria': [1m[[0m                          │ │
│ │                    [2m│   │   [0m[1mGeneratedCriterion[0m[1m([0m                           │ │
│ │                    [2m│   │   │   [0mid='AC-1',                                │ │
│ │                    [2m│   │   │   [0mtext='Tests pass'                         │ │
│ │                    [2m│   │   [0m[1m)[0m,                                            │ │
│ │                    [2m│   │   [0m[1mGeneratedCriterion[0m[1m([0m                           │ │
│ │                    [2m│   │   │   [0mid='AC-2',                                │ │
│ │                    [2m│   │   │   [0mtext='No lint errors'                     │ │
│ │                    [2m│   │   [0m[1m)[0m                                             │ │
│ │                    [2m│   [0m[1m][0m,                                                │ │
│ │                    [2m│   [0m'criteria_artifact': [1mCriteriaArtifact[0m[1m([0m            │ │
│ │                    [2m│   │   [0mcriteria=[1m[[0m                                    │ │
│ │                    [2m│   │   │   [0m[1mValidatedCriterion[0m[1m([0m                       │ │
│ │                    [2m│   │   │   │   [0mid='AC-1',                            │ │
│ │                    [2m│   │   │   │   [0mtext='Tests pass',                    │ │
│ │                    [2m│   │   │   │   [0mfeasibility=[1mCriterionFeasibility[0m[1m([0m     │ │
│ │                    [2m│   │   │   │   │   [0mcriterion_id='AC-1',              │ │
│ │                    [2m│   │   │   │   │   [0m                                  │ │
│ │                    verdict=[1m<[0m[1mCriterionVerdict.feasible:[0m 'feasible'>,      │ │
│ │                    [2m│   │   │   │   │   [0mrefutation=[3mNone[0m,                  │ │
│ │                    [2m│   │   │   │   │   [0mmissing_resource=[3mNone[0m,            │ │
│ │                    [2m│   │   │   │   │   [0mcost_measurement=[3mNone[0m,            │ │
│ │                    [2m│   │   │   │   │   [0mflags=[1m[[0m[1m][0m,                         │ │
│ │                    [2m│   │   │   │   │   [0mforbidden_class=[3mNone[0m,             │ │
│ │                    [2m│   │   │   │   │   [0mundeclared_switch_arms=[1m[[0m[1m][0m         │ │
│ │                    [2m│   │   │   │   [0m[1m)[0m                                     │ │
│ │                    [2m│   │   │   [0m[1m)[0m,                                        │ │
│ │                    [2m│   │   │   [0m[1mValidatedCriterion[0m[1m([0m                       │ │
│ │                    [2m│   │   │   │   [0mid='AC-2',                            │ │
│ │                    [2m│   │   │   │   [0mtext='No lint errors',                │ │
│ │                    [2m│   │   │   │   [0mfeasibility=[1mCriterionFeasibility[0m[1m([0m     │ │
│ │                    [2m│   │   │   │   │   [0mcriterion_id='AC-2',              │ │
│ │                    [2m│   │   │   │   │   [0m                                  │ │
│ │                    verdict=<CriterionVerdict.feasible: 'feasible'>,      │ │
│ │                    [2m│   │   │   │   │   [0mrefutation=[3mNone[0m,                  │ │
│ │                    [2m│   │   │   │   │   [0mmissing_resource=[3mNone[0m,            │ │
│ │                    [2m│   │   │   │   │   [0mcost_measurement=[3mNone[0m,            │ │
│ │                    [2m│   │   │   │   │   [0mflags=[1m[[0m[1m][0m,                         │ │
│ │                    [2m│   │   │   │   │   [0mforbidden_class=[3mNone[0m,             │ │
│ │                    [2m│   │   │   │   │   [0mundeclared_switch_arms=[1m[[0m[1m][0m         │ │
│ │                    [2m│   │   │   │   [0m[1m)[0m                                     │ │
│ │                    [2m│   │   │   [0m[1m)[0m                                         │ │
│ │                    [2m│   │   [0m[1m][0m,                                            │ │
│ │                    [2m│   │   [0mconjunction=[1mConjunctionVerdict[0m[1m([0m               │ │
│ │                    [2m│   │   │   [0msatisfiable=[3mTrue[0m,                         │ │
│ │                    [2m│   │   │   [0mcontradictions=[1m[[0m[1m][0m                         │ │
│ │                    [2m│   │   [0m[1m)[0m                                             │ │
│ │                    [2m│   [0m[1m)[0m,                                                │ │
│ │                    [2m│   [0m'criteria_validation': [1mCriteriaValidation[0m[1m([0m        │ │
│ │                    [2m│   │   [0mverdicts=[1m[[0m                                    │ │
│ │                    [2m│   │   │   [0m[1mCriterionFeasibility[0m[1m([0m                     │ │
│ │                    [2m│   │   │   │   [0mcriterion_id='AC-1',                  │ │
│ │                    [2m│   │   │   │   [0mverdict=<CriterionVerdict.feasible:   │ │
│ │                    'feasible'>,                                          │ │
│ │                    [2m│   │   │   │   [0mrefutation=[3mNone[0m,                      │ │
│ │                    [2m│   │   │   │   [0mmissing_resource=[3mNone[0m,                │ │
│ │                    [2m│   │   │   │   [0mcost_measurement=[3mNone[0m,                │ │
│ │                    [2m│   │   │   │   [0mflags=[1m[[0m[1m][0m,                             │ │
│ │                    [2m│   │   │   │   [0mforbidden_class=[3mNone[0m,                 │ │
│ │                    [2m│   │   │   │   [0mundeclared_switch_arms=[1m[[0m[1m][0m             │ │
│ │                    [2m│   │   │   [0m[1m)[0m,                                        │ │
│ │                    [2m│   │   │   [0m[1mCriterionFeasibility[0m[1m([0m                     │ │
│ │                    [2m│   │   │   │   [0mcriterion_id='AC-2',                  │ │
│ │                    [2m│   │   │   │   [0mverdict=<CriterionVerdict.feasible:   │ │
│ │                    'feasible'[1m>[0m,                                          │ │
│ │                    [2m│   │   │   │   [0mrefutation=[3mNone[0m,                      │ │
│ │                    [2m│   │   │   │   [0mmissing_resource=[3mNone[0m,                │ │
│ │                    [2m│   │   │   │   [0mcost_measurement=[3mNone[0m,                │ │
│ │                    [2m│   │   │   │   [0mflags=[1m[[0m[1m][0m,                             │ │
│ │                    [2m│   │   │   │   [0mforbidden_class=[3mNone[0m,                 │ │
│ │                    [2m│   │   │   │   [0mundeclared_switch_arms=[1m[[0m[1m][0m             │ │
│ │                    [2m│   │   │   [0m[1m)[0m                                         │ │
│ │                    [2m│   │   [0m[1m][0m,                                            │ │
│ │                    [2m│   │   [0mconjunction=[1mConjunctionVerdict[0m[1m([0m               │ │
│ │                    [2m│   │   │   [0msatisfiable=[3mTrue[0m,                         │ │
│ │                    [2m│   │   │   [0mcontradictions=[1m[[0m[1m][0m                         │ │
│ │                    [2m│   │   [0m[1m)[0m                                             │ │
│ │                    [2m│   [0m[1m)[0m,                                                │ │
│ │                    [2m│   [0m'criteria_regeneration_rounds': [1m0[0m,                │ │
│ │                    [2m│   [0m'criteria_infeasible': [3mFalse[0m,                     │ │
│ │                    [2m│   [0m... +[1m23[0m                                           │ │
│ │                    [1m}[0m                                                     │ │
│ │           [3mkwargs[0m = [1m{[0m[1m}[0m                                                    │ │
│ │              [3mrun[0m = [3mNone[0m                                                  │ │
│ │      [3mrun_manager[0m = [1m<[0m[1mlangchain_core.callbacks.manager.AsyncCallbackManag…[0m │ │
│ │                    object at [1m0x10ca25e20[0m[1m>[0m                                │ │
│ │             [3mself[0m = [1m<[0m[1mlanggraph._internal._runnable.RunnableSeq[0m object at  │ │
│ │                    [1m0x10c675190[0m[1m>[0m                                          │ │
│ │             [3mstep[0m = [1mopen_stalled_pr[0m[1m([0mtags=[3mNone[0m, recurse=[3mTrue[0m,              │ │
│ │                    explode_args=[3mFalse[0m, func_accepts=[1m{[0m'config': [1m([0m'N/A',   │ │
│ │                    [1m<[0m[1mclass[0m 'inspect._empty'[1m>[0m[1m)[0m[1m}[0m[1m)[0m                           │ │
│ ╰──────────────────────────────────────────────────────────────────────────╯ │
│                                                                              │
│ [2m/private/tmp/kodezart-v03-recovery-criterion-class/.venv/lib/python3.12/site[0m │
│ [2m-packages/langgraph/_internal/[0m[1m_runnable.py[0m:473 in ainvoke                    │
│                                                                              │
│   [2m470 [0m[2m│   │   │   [0melse:                                                      │
│   [2m471 [0m[2m│   │   │   │   [0mawait run_manager.on_chain_end(ret)                    │
│   [2m472 [0m[2m│   │   [0melse:                                                          │
│ ❱ 473 [2m│   │   │   [0mret = [1;4mawait[0m[1;4m [0m[1;4mself[0m[1;4m.afunc(*args, **kwargs)[0m                    │
│   [2m474 [0m[2m│   │   [0mif self.recurse and isinstance(ret, Runnable):                 │
│   [2m475 [0m[2m│   │   │   [0mreturn await ret.ainvoke(input, config)                    │
│   [2m476 [0m[2m│   │   [0mreturn ret                                                     │
│                                                                              │
│ ╭───────────────────────────────── locals ─────────────────────────────────╮ │
│ │        [3margs[0m = [1m([0m                                                          │ │
│ │               [2m│   [0m[1m{[0m                                                      │ │
│ │               [2m│   │   [0m'issue_key': 'K-1',                                │ │
│ │               [2m│   │   [0m'feature_branch': 'kodezart/test-branch-a86d3ace', │ │
│ │               [2m│   │   [0m'ralph_branch':                                    │ │
│ │               'kodezart/test-branch-a86d3ace-ralph-73805499',            │ │
│ │               [2m│   │   [0m'work_base_ref': 'trunk',                          │ │
│ │               [2m│   │   [0m'ticket': [1mTicketDraftOutput[0m[1m([0m                       │ │
│ │               [2m│   │   │   [0mtitle='Test ticket',                           │ │
│ │               [2m│   │   │   [0msummary='Test summary',                        │ │
│ │               [2m│   │   │   [0mcontext='Test context',                        │ │
│ │               [2m│   │   │   [0mreferences=[1m[[0m[1m][0m,                                 │ │
│ │               [2m│   │   │   [0mrequired_changes=[1m[[0m                             │ │
│ │               [2m│   │   │   │   [0m[1mFileChange[0m[1m([0m                                │ │
│ │               [2m│   │   │   │   │   [0mfile_path='test.py',                   │ │
│ │               [2m│   │   │   │   │   [0mchange_type='modify',                  │ │
│ │               [2m│   │   │   │   │   [0mdescription='test change',             │ │
│ │               [2m│   │   │   │   │   [0mrationale='test rationale'             │ │
│ │               [2m│   │   │   │   [0m[1m)[0m                                          │ │
│ │               [2m│   │   │   [0m[1m][0m,                                             │ │
│ │               [2m│   │   │   [0mout_of_scope=[1m[[0m[1m][0m,                               │ │
│ │               [2m│   │   │   [0mopen_questions=[1m[[0m[1m][0m,                             │ │
│ │               [2m│   │   │   [0msherlock_flags=[1m[[0m[1m][0m                              │ │
│ │               [2m│   │   [0m[1m)[0m,                                                 │ │
│ │               [2m│   │   [0m'acceptance_criteria': [1m[[0m                           │ │
│ │               [2m│   │   │   [0m[1mGeneratedCriterion[0m[1m([0m                            │ │
│ │               [2m│   │   │   │   [0mid='AC-1',                                 │ │
│ │               [2m│   │   │   │   [0mtext='Tests pass'                          │ │
│ │               [2m│   │   │   [0m[1m)[0m,                                             │ │
│ │               [2m│   │   │   [0m[1mGeneratedCriterion[0m[1m([0m                            │ │
│ │               [2m│   │   │   │   [0mid='AC-2',                                 │ │
│ │               [2m│   │   │   │   [0mtext='No lint errors'                      │ │
│ │               [2m│   │   │   [0m[1m)[0m                                              │ │
│ │               [2m│   │   [0m[1m][0m,                                                 │ │
│ │               [2m│   │   [0m'criteria_artifact': [1mCriteriaArtifact[0m[1m([0m             │ │
│ │               [2m│   │   │   [0mcriteria=[1m[[0m                                     │ │
│ │               [2m│   │   │   │   [0m[1mValidatedCriterion[0m[1m([0m                        │ │
│ │               [2m│   │   │   │   │   [0mid='AC-1',                             │ │
│ │               [2m│   │   │   │   │   [0mtext='Tests pass',                     │ │
│ │               [2m│   │   │   │   │   [0mfeasibility=[1mCriterionFeasibility[0m[1m([0m      │ │
│ │               [2m│   │   │   │   │   │   [0mcriterion_id='AC-1',               │ │
│ │               [2m│   │   │   │   │   │   [0m                                   │ │
│ │               verdict=[1m<[0m[1mCriterionVerdict.feasible:[0m 'feasible'>,           │ │
│ │               [2m│   │   │   │   │   │   [0mrefutation=[3mNone[0m,                   │ │
│ │               [2m│   │   │   │   │   │   [0mmissing_resource=[3mNone[0m,             │ │
│ │               [2m│   │   │   │   │   │   [0mcost_measurement=[3mNone[0m,             │ │
│ │               [2m│   │   │   │   │   │   [0mflags=[1m[[0m[1m][0m,                          │ │
│ │               [2m│   │   │   │   │   │   [0mforbidden_class=[3mNone[0m,              │ │
│ │               [2m│   │   │   │   │   │   [0mundeclared_switch_arms=[1m[[0m[1m][0m          │ │
│ │               [2m│   │   │   │   │   [0m[1m)[0m                                      │ │
│ │               [2m│   │   │   │   [0m[1m)[0m,                                         │ │
│ │               [2m│   │   │   │   [0m[1mValidatedCriterion[0m[1m([0m                        │ │
│ │               [2m│   │   │   │   │   [0mid='AC-2',                             │ │
│ │               [2m│   │   │   │   │   [0mtext='No lint errors',                 │ │
│ │               [2m│   │   │   │   │   [0mfeasibility=[1mCriterionFeasibility[0m[1m([0m      │ │
│ │               [2m│   │   │   │   │   │   [0mcriterion_id='AC-2',               │ │
│ │               [2m│   │   │   │   │   │   [0m                                   │ │
│ │               verdict=<CriterionVerdict.feasible: 'feasible'>,           │ │
│ │               [2m│   │   │   │   │   │   [0mrefutation=[3mNone[0m,                   │ │
│ │               [2m│   │   │   │   │   │   [0mmissing_resource=[3mNone[0m,             │ │
│ │               [2m│   │   │   │   │   │   [0mcost_measurement=[3mNone[0m,             │ │
│ │               [2m│   │   │   │   │   │   [0mflags=[1m[[0m[1m][0m,                          │ │
│ │               [2m│   │   │   │   │   │   [0mforbidden_class=[3mNone[0m,              │ │
│ │               [2m│   │   │   │   │   │   [0mundeclared_switch_arms=[1m[[0m[1m][0m          │ │
│ │               [2m│   │   │   │   │   [0m[1m)[0m                                      │ │
│ │               [2m│   │   │   │   [0m[1m)[0m                                          │ │
│ │               [2m│   │   │   [0m[1m][0m,                                             │ │
│ │               [2m│   │   │   [0mconjunction=[1mConjunctionVerdict[0m[1m([0m                │ │
│ │               [2m│   │   │   │   [0msatisfiable=[3mTrue[0m,                          │ │
│ │               [2m│   │   │   │   [0mcontradictions=[1m[[0m[1m][0m                          │ │
│ │               [2m│   │   │   [0m[1m)[0m                                              │ │
│ │               [2m│   │   [0m[1m)[0m,                                                 │ │
│ │               [2m│   │   [0m'criteria_validation': [1mCriteriaValidation[0m[1m([0m         │ │
│ │               [2m│   │   │   [0mverdicts=[1m[[0m                                     │ │
│ │               [2m│   │   │   │   [0m[1mCriterionFeasibility[0m[1m([0m                      │ │
│ │               [2m│   │   │   │   │   [0mcriterion_id='AC-1',                   │ │
│ │               [2m│   │   │   │   │   [0mverdict=<CriterionVerdict.feasible:    │ │
│ │               'feasible'>,                                               │ │
│ │               [2m│   │   │   │   │   [0mrefutation=[3mNone[0m,                       │ │
│ │               [2m│   │   │   │   │   [0mmissing_resource=[3mNone[0m,                 │ │
│ │               [2m│   │   │   │   │   [0mcost_measurement=[3mNone[0m,                 │ │
│ │               [2m│   │   │   │   │   [0mflags=[1m[[0m[1m][0m,                              │ │
│ │               [2m│   │   │   │   │   [0mforbidden_class=[3mNone[0m,                  │ │
│ │               [2m│   │   │   │   │   [0mundeclared_switch_arms=[1m[[0m[1m][0m              │ │
│ │               [2m│   │   │   │   [0m[1m)[0m,                                         │ │
│ │               [2m│   │   │   │   [0m[1mCriterionFeasibility[0m[1m([0m                      │ │
│ │               [2m│   │   │   │   │   [0mcriterion_id='AC-2',                   │ │
│ │               [2m│   │   │   │   │   [0mverdict=<CriterionVerdict.feasible:    │ │
│ │               'feasible'[1m>[0m,                                               │ │
│ │               [2m│   │   │   │   │   [0mrefutation=[3mNone[0m,                       │ │
│ │               [2m│   │   │   │   │   [0mmissing_resource=[3mNone[0m,                 │ │
│ │               [2m│   │   │   │   │   [0mcost_measurement=[3mNone[0m,                 │ │
│ │               [2m│   │   │   │   │   [0mflags=[1m[[0m[1m][0m,                              │ │
│ │               [2m│   │   │   │   │   [0mforbidden_class=[3mNone[0m,                  │ │
│ │               [2m│   │   │   │   │   [0mundeclared_switch_arms=[1m[[0m[1m][0m              │ │
│ │               [2m│   │   │   │   [0m[1m)[0m                                          │ │
│ │               [2m│   │   │   [0m[1m][0m,                                             │ │
│ │               [2m│   │   │   [0mconjunction=[1mConjunctionVerdict[0m[1m([0m                │ │
│ │               [2m│   │   │   │   [0msatisfiable=[3mTrue[0m,                          │ │
│ │               [2m│   │   │   │   [0mcontradictions=[1m[[0m[1m][0m                          │ │
│ │               [2m│   │   │   [0m[1m)[0m                                              │ │
│ │               [2m│   │   [0m[1m)[0m,                                                 │ │
│ │               [2m│   │   [0m'criteria_regeneration_rounds': [1m0[0m,                 │ │
│ │               [2m│   │   [0m'criteria_infeasible': [3mFalse[0m,                      │ │
│ │               [2m│   │   [0m... +[1m23[0m                                            │ │
│ │               [2m│   [0m[1m}[0m,                                                     │ │
│ │               [1m)[0m                                                          │ │
│ │      [3mconfig[0m = [1m{[0m                                                          │ │
│ │               [2m│   [0m'metadata': [1m{[0m                                          │ │
│ │               [2m│   │   [0m'prompt': 'Tracker issue: K-1\n\nTracker issue:    │ │
│ │               DECOY-999\n\nImplement the described change.\n\n#'+[1m51[0m,     │ │
│ │               [2m│   │   [0m'repo_url':                                        │ │
│ │               'https://github.com/example/repository.git',               │ │
│ │               [2m│   │   [0m'permission_mode': [1m<[0m[1mPermissionMode.UNATTENDED:[0m     │ │
│ │               'unattended'>,                                             │ │
│ │               [2m│   │   [0m'allowed_tools': <ToolPreset.IMPLEMENTATION:       │ │
│ │               'implementation'>,                                         │ │
│ │               [2m│   │   [0m'langgraph_step': [1m2[0m,                               │ │
│ │               [2m│   │   [0m'langgraph_node': 'open_stalled_pr',               │ │
│ │               [2m│   │   [0m'langgraph_triggers': [1m([0m                            │ │
│ │               [2m│   │   │   [0m'branch:to:open_stalled_pr',                   │ │
│ │               [2m│   │   [0m[1m)[0m,                                                 │ │
│ │               [2m│   │   [0m'langgraph_path': [1m([0m                                │ │
│ │               [2m│   │   │   [0m'__pregel_pull',                               │ │
│ │               [2m│   │   │   [0m'open_stalled_pr'                              │ │
│ │               [2m│   │   [0m[1m)[0m,                                                 │ │
│ │               [2m│   │   [0m'langgraph_checkpoint_ns':                         │ │
│ │               'open_stalled_pr:77ea8781-35e1-9530-4443-eb69d53b392e'     │ │
│ │               [2m│   [0m[1m}[0m,                                                     │ │
│ │               [2m│   [0m'configurable': [1m{[0m                                      │ │
│ │               [2m│   │   [0m'prompt': 'Tracker issue: K-1\n\nTracker issue:    │ │
│ │               DECOY-999\n\nImplement the described change.\n\n#'+[1m51[0m,     │ │
│ │               [2m│   │   [0m'repo_path': [3mNone[0m,                                 │ │
│ │               [2m│   │   [0m'repo_url':                                        │ │
│ │               'https://github.com/example/repository.git',               │ │
│ │               [2m│   │   [0m'cache_key': 'fc9edf215d5d49d7bcab433f9f99e77d',   │ │
│ │               [2m│   │   [0m'run_identity': [1m{[0m                                  │ │
│ │               [2m│   │   │   [0m'kind': <RunKind.FIRE: 'fire'>,                │ │
│ │               [2m│   │   │   [0m'name': 'K-1',                                 │ │
│ │               [2m│   │   │   [0m'started_at': [1mdatetime.datetime[0m[1m([0m[1m2026[0m, [1m9[0m, [1m12[0m,   │ │
│ │               [1m12[0m, [1m10[0m, [1m50[0m, [1m57309[0m, tzinfo=datetime.timezone.utc[1m)[0m           │ │
│ │               [2m│   │   [0m[1m}[0m,                                                 │ │
│ │               [2m│   │   [0m'workspace_path': [3mNone[0m,                            │ │
│ │               [2m│   │   [0m'base_spec': [1m{[0m                                     │ │
│ │               [2m│   │   │   [0m'inputs': [1m([0m[1m)[0m,                                  │ │
│ │               [2m│   │   │   [0m'base_branch': 'trunk',                        │ │
│ │               [2m│   │   │   [0m'base_role': [3mNone[0m                              │ │
│ │               [2m│   │   [0m[1m}[0m,                                                 │ │
│ │               [2m│   │   [0m'permission_mode': <PermissionMode.UNATTENDED:     │ │
│ │               'unattended'>,                                             │ │
│ │               [2m│   │   [0m'allowed_tools': <ToolPreset.IMPLEMENTATION:       │ │
│ │               'implementation'>,                                         │ │
│ │               [2m│   │   [0m'__pregel_runtime': [1mRuntime[0m[1m([0m                       │ │
│ │               [2m│   │   │   [0mcontext=[3mNone[0m,                                  │ │
│ │               [2m│   │   │   [0mstore=[3mNone[0m,                                    │ │
│ │               [2m│   │   │   [0mstream_writer=<function                        │ │
│ │               Pregel.astream.<locals>.stream_writer at [1m0x10caadf80[0m>,     │ │
│ │               [2m│   │   │   [0mprevious=[3mNone[0m                                  │ │
│ │               [2m│   │   [0m[1m)[0m,                                                 │ │
│ │               [2m│   │   [0m... +[1m10[0m                                            │ │
│ │               [2m│   [0m[1m}[0m,                                                     │ │
│ │               [2m│   [0m'callbacks':                                           │ │
│ │               <langchain_core.callbacks.manager.AsyncCallbackManager     │ │
│ │               object at [1m0x10ca24650[0m[1m>[0m                                     │ │
│ │               [1m}[0m                                                          │ │
│ │       [3minput[0m = [1m{[0m                                                          │ │
│ │               [2m│   [0m'issue_key': 'K-1',                                    │ │
│ │               [2m│   [0m'feature_branch': 'kodezart/test-branch-a86d3ace',     │ │
│ │               [2m│   [0m'ralph_branch':                                        │ │
│ │               'kodezart/test-branch-a86d3ace-ralph-73805499',            │ │
│ │               [2m│   [0m'work_base_ref': 'trunk',                              │ │
│ │               [2m│   [0m'ticket': [1mTicketDraftOutput[0m[1m([0m                           │ │
│ │               [2m│   │   [0mtitle='Test ticket',                               │ │
│ │               [2m│   │   [0msummary='Test summary',                            │ │
│ │               [2m│   │   [0mcontext='Test context',                            │ │
│ │               [2m│   │   [0mreferences=[1m[[0m[1m][0m,                                     │ │
│ │               [2m│   │   [0mrequired_changes=[1m[[0m                                 │ │
│ │               [2m│   │   │   [0m[1mFileChange[0m[1m([0m                                    │ │
│ │               [2m│   │   │   │   [0mfile_path='test.py',                       │ │
│ │               [2m│   │   │   │   [0mchange_type='modify',                      │ │
│ │               [2m│   │   │   │   [0mdescription='test change',                 │ │
│ │               [2m│   │   │   │   [0mrationale='test rationale'                 │ │
│ │               [2m│   │   │   [0m[1m)[0m                                              │ │
│ │               [2m│   │   [0m[1m][0m,                                                 │ │
│ │               [2m│   │   [0mout_of_scope=[1m[[0m[1m][0m,                                   │ │
│ │               [2m│   │   [0mopen_questions=[1m[[0m[1m][0m,                                 │ │
│ │               [2m│   │   [0msherlock_flags=[1m[[0m[1m][0m                                  │ │
│ │               [2m│   [0m[1m)[0m,                                                     │ │
│ │               [2m│   [0m'acceptance_criteria': [1m[[0m                               │ │
│ │               [2m│   │   [0m[1mGeneratedCriterion[0m[1m([0mid='AC-1', text='Tests pass'[1m)[0m,  │ │
│ │               [2m│   │   [0m[1mGeneratedCriterion[0m[1m([0m                                │ │
│ │               [2m│   │   │   [0mid='AC-2',                                     │ │
│ │               [2m│   │   │   [0mtext='No lint errors'                          │ │
│ │               [2m│   │   [0m[1m)[0m                                                  │ │
│ │               [2m│   [0m[1m][0m,                                                     │ │
│ │               [2m│   [0m'criteria_artifact': [1mCriteriaArtifact[0m[1m([0m                 │ │
│ │               [2m│   │   [0mcriteria=[1m[[0m                                         │ │
│ │               [2m│   │   │   [0m[1mValidatedCriterion[0m[1m([0m                            │ │
│ │               [2m│   │   │   │   [0mid='AC-1',                                 │ │
│ │               [2m│   │   │   │   [0mtext='Tests pass',                         │ │
│ │               [2m│   │   │   │   [0mfeasibility=[1mCriterionFeasibility[0m[1m([0m          │ │
│ │               [2m│   │   │   │   │   [0mcriterion_id='AC-1',                   │ │
│ │               [2m│   │   │   │   │   [0mverdict=[1m<[0m[1mCriterionVerdict.feasible:[0m    │ │
│ │               'feasible'>,                                               │ │
│ │               [2m│   │   │   │   │   [0mrefutation=[3mNone[0m,                       │ │
│ │               [2m│   │   │   │   │   [0mmissing_resource=[3mNone[0m,                 │ │
│ │               [2m│   │   │   │   │   [0mcost_measurement=[3mNone[0m,                 │ │
│ │               [2m│   │   │   │   │   [0mflags=[1m[[0m[1m][0m,                              │ │
│ │               [2m│   │   │   │   │   [0mforbidden_class=[3mNone[0m,                  │ │
│ │               [2m│   │   │   │   │   [0mundeclared_switch_arms=[1m[[0m[1m][0m              │ │
│ │               [2m│   │   │   │   [0m[1m)[0m                                          │ │
│ │               [2m│   │   │   [0m[1m)[0m,                                             │ │
│ │               [2m│   │   │   [0m[1mValidatedCriterion[0m[1m([0m                            │ │
│ │               [2m│   │   │   │   [0mid='AC-2',                                 │ │
│ │               [2m│   │   │   │   [0mtext='No lint errors',                     │ │
│ │               [2m│   │   │   │   [0mfeasibility=[1mCriterionFeasibility[0m[1m([0m          │ │
│ │               [2m│   │   │   │   │   [0mcriterion_id='AC-2',                   │ │
│ │               [2m│   │   │   │   │   [0mverdict=<CriterionVerdict.feasible:    │ │
│ │               'feasible'>,                                               │ │
│ │               [2m│   │   │   │   │   [0mrefutation=[3mNone[0m,                       │ │
│ │               [2m│   │   │   │   │   [0mmissing_resource=[3mNone[0m,                 │ │
│ │               [2m│   │   │   │   │   [0mcost_measurement=[3mNone[0m,                 │ │
│ │               [2m│   │   │   │   │   [0mflags=[1m[[0m[1m][0m,                              │ │
│ │               [2m│   │   │   │   │   [0mforbidden_class=[3mNone[0m,                  │ │
│ │               [2m│   │   │   │   │   [0mundeclared_switch_arms=[1m[[0m[1m][0m              │ │
│ │               [2m│   │   │   │   [0m[1m)[0m                                          │ │
│ │               [2m│   │   │   [0m[1m)[0m                                              │ │
│ │               [2m│   │   [0m[1m][0m,                                                 │ │
│ │               [2m│   │   [0mconjunction=[1mConjunctionVerdict[0m[1m([0m                    │ │
│ │               [2m│   │   │   [0msatisfiable=[3mTrue[0m,                              │ │
│ │               [2m│   │   │   [0mcontradictions=[1m[[0m[1m][0m                              │ │
│ │               [2m│   │   [0m[1m)[0m                                                  │ │
│ │               [2m│   [0m[1m)[0m,                                                     │ │
│ │               [2m│   [0m'criteria_validation': [1mCriteriaValidation[0m[1m([0m             │ │
│ │               [2m│   │   [0mverdicts=[1m[[0m                                         │ │
│ │               [2m│   │   │   [0m[1mCriterionFeasibility[0m[1m([0m                          │ │
│ │               [2m│   │   │   │   [0mcriterion_id='AC-1',                       │ │
│ │               [2m│   │   │   │   [0mverdict=<CriterionVerdict.feasible:        │ │
│ │               'feasible'>,                                               │ │
│ │               [2m│   │   │   │   [0mrefutation=[3mNone[0m,                           │ │
│ │               [2m│   │   │   │   [0mmissing_resource=[3mNone[0m,                     │ │
│ │               [2m│   │   │   │   [0mcost_measurement=[3mNone[0m,                     │ │
│ │               [2m│   │   │   │   [0mflags=[1m[[0m[1m][0m,                                  │ │
│ │               [2m│   │   │   │   [0mforbidden_class=[3mNone[0m,                      │ │
│ │               [2m│   │   │   │   [0mundeclared_switch_arms=[1m[[0m[1m][0m                  │ │
│ │               [2m│   │   │   [0m[1m)[0m,                                             │ │
│ │               [2m│   │   │   [0m[1mCriterionFeasibility[0m[1m([0m                          │ │
│ │               [2m│   │   │   │   [0mcriterion_id='AC-2',                       │ │
│ │               [2m│   │   │   │   [0mverdict=<CriterionVerdict.feasible:        │ │
│ │               'feasible'[1m>[0m,                                               │ │
│ │               [2m│   │   │   │   [0mrefutation=[3mNone[0m,                           │ │
│ │               [2m│   │   │   │   [0mmissing_resource=[3mNone[0m,                     │ │
│ │               [2m│   │   │   │   [0mcost_measurement=[3mNone[0m,                     │ │
│ │               [2m│   │   │   │   [0mflags=[1m[[0m[1m][0m,                                  │ │
│ │               [2m│   │   │   │   [0mforbidden_class=[3mNone[0m,                      │ │
│ │               [2m│   │   │   │   [0mundeclared_switch_arms=[1m[[0m[1m][0m                  │ │
│ │               [2m│   │   │   [0m[1m)[0m                                              │ │
│ │               [2m│   │   [0m[1m][0m,                                                 │ │
│ │               [2m│   │   [0mconjunction=[1mConjunctionVerdict[0m[1m([0m                    │ │
│ │               [2m│   │   │   [0msatisfiable=[3mTrue[0m,                              │ │
│ │               [2m│   │   │   [0mcontradictions=[1m[[0m[1m][0m                              │ │
│ │               [2m│   │   [0m[1m)[0m                                                  │ │
│ │               [2m│   [0m[1m)[0m,                                                     │ │
│ │               [2m│   [0m'criteria_regeneration_rounds': [1m0[0m,                     │ │
│ │               [2m│   [0m'criteria_infeasible': [3mFalse[0m,                          │ │
│ │               [2m│   [0m... +[1m23[0m                                                │ │
│ │               [1m}[0m                                                          │ │
│ │          [3mkw[0m = 'config'                                                   │ │
│ │    [3mkw_value[0m = [1m{[0m                                                          │ │
│ │               [2m│   [0m'metadata': [1m{[0m                                          │ │
│ │               [2m│   │   [0m'prompt': 'Tracker issue: K-1\n\nTracker issue:    │ │
│ │               DECOY-999\n\nImplement the described change.\n\n#'+[1m51[0m,     │ │
│ │               [2m│   │   [0m'repo_url':                                        │ │
│ │               'https://github.com/example/repository.git',               │ │
│ │               [2m│   │   [0m'permission_mode': [1m<[0m[1mPermissionMode.UNATTENDED:[0m     │ │
│ │               'unattended'>,                                             │ │
│ │               [2m│   │   [0m'allowed_tools': <ToolPreset.IMPLEMENTATION:       │ │
│ │               'implementation'>,                                         │ │
│ │               [2m│   │   [0m'langgraph_step': [1m2[0m,                               │ │
│ │               [2m│   │   [0m'langgraph_node': 'open_stalled_pr',               │ │
│ │               [2m│   │   [0m'langgraph_triggers': [1m([0m                            │ │
│ │               [2m│   │   │   [0m'branch:to:open_stalled_pr',                   │ │
│ │               [2m│   │   [0m[1m)[0m,                                                 │ │
│ │               [2m│   │   [0m'langgraph_path': [1m([0m                                │ │
│ │               [2m│   │   │   [0m'__pregel_pull',                               │ │
│ │               [2m│   │   │   [0m'open_stalled_pr'                              │ │
│ │               [2m│   │   [0m[1m)[0m,                                                 │ │
│ │               [2m│   │   [0m'langgraph_checkpoint_ns':                         │ │
│ │               'open_stalled_pr:77ea8781-35e1-9530-4443-eb69d53b392e'     │ │
│ │               [2m│   [0m[1m}[0m,                                                     │ │
│ │               [2m│   [0m'configurable': [1m{[0m                                      │ │
│ │               [2m│   │   [0m'prompt': 'Tracker issue: K-1\n\nTracker issue:    │ │
│ │               DECOY-999\n\nImplement the described change.\n\n#'+[1m51[0m,     │ │
│ │               [2m│   │   [0m'repo_path': [3mNone[0m,                                 │ │
│ │               [2m│   │   [0m'repo_url':                                        │ │
│ │               'https://github.com/example/repository.git',               │ │
│ │               [2m│   │   [0m'cache_key': 'fc9edf215d5d49d7bcab433f9f99e77d',   │ │
│ │               [2m│   │   [0m'run_identity': [1m{[0m                                  │ │
│ │               [2m│   │   │   [0m'kind': <RunKind.FIRE: 'fire'>,                │ │
│ │               [2m│   │   │   [0m'name': 'K-1',                                 │ │
│ │               [2m│   │   │   [0m'started_at': [1mdatetime.datetime[0m[1m([0m[1m2026[0m, [1m9[0m, [1m12[0m,   │ │
│ │               [1m12[0m, [1m10[0m, [1m50[0m, [1m57309[0m, tzinfo=datetime.timezone.utc[1m)[0m           │ │
│ │               [2m│   │   [0m[1m}[0m,                                                 │ │
│ │               [2m│   │   [0m'workspace_path': [3mNone[0m,                            │ │
│ │               [2m│   │   [0m'base_spec': [1m{[0m                                     │ │
│ │               [2m│   │   │   [0m'inputs': [1m([0m[1m)[0m,                                  │ │
│ │               [2m│   │   │   [0m'base_branch': 'trunk',                        │ │
│ │               [2m│   │   │   [0m'base_role': [3mNone[0m                              │ │
│ │               [2m│   │   [0m[1m}[0m,                                                 │ │
│ │               [2m│   │   [0m'permission_mode': <PermissionMode.UNATTENDED:     │ │
│ │               'unattended'>,                                             │ │
│ │               [2m│   │   [0m'allowed_tools': <ToolPreset.IMPLEMENTATION:       │ │
│ │               'implementation'>,                                         │ │
│ │               [2m│   │   [0m'__pregel_runtime': [1mRuntime[0m[1m([0m                       │ │
│ │               [2m│   │   │   [0mcontext=[3mNone[0m,                                  │ │
│ │               [2m│   │   │   [0mstore=[3mNone[0m,                                    │ │
│ │               [2m│   │   │   [0mstream_writer=<function                        │ │
│ │               Pregel.astream.<locals>.stream_writer at [1m0x10caadf80[0m>,     │ │
│ │               [2m│   │   │   [0mprevious=[3mNone[0m                                  │ │
│ │               [2m│   │   [0m[1m)[0m,                                                 │ │
│ │               [2m│   │   [0m... +[1m10[0m                                            │ │
│ │               [2m│   [0m[1m}[0m,                                                     │ │
│ │               [2m│   [0m'callbacks':                                           │ │
│ │               <langchain_core.callbacks.manager.AsyncCallbackManager     │ │
│ │               object at [1m0x10ca24650[0m[1m>[0m                                     │ │
│ │               [1m}[0m                                                          │ │
│ │      [3mkwargs[0m = [1m{[0m                                                          │ │
│ │               [2m│   [0m'config': [1m{[0m                                            │ │
│ │               [2m│   │   [0m'metadata': [1m{[0m                                      │ │
│ │               [2m│   │   │   [0m'prompt': 'Tracker issue: K-1\n\nTracker       │ │
│ │               issue: DECOY-999\n\nImplement the described                │ │
│ │               change.\n\n#'+[1m51[0m,                                          │ │
│ │               [2m│   │   │   [0m'repo_url':                                    │ │
│ │               'https://github.com/example/repository.git',               │ │
│ │               [2m│   │   │   [0m'permission_mode': [1m<[0m[1mPermissionMode.UNATTENDED:[0m │ │
│ │               'unattended'>,                                             │ │
│ │               [2m│   │   │   [0m'allowed_tools': <ToolPreset.IMPLEMENTATION:   │ │
│ │               'implementation'>,                                         │ │
│ │               [2m│   │   │   [0m'langgraph_step': [1m2[0m,                           │ │
│ │               [2m│   │   │   [0m'langgraph_node': 'open_stalled_pr',           │ │
│ │               [2m│   │   │   [0m'langgraph_triggers': [1m([0m                        │ │
│ │               [2m│   │   │   │   [0m'branch:to:open_stalled_pr',               │ │
│ │               [2m│   │   │   [0m[1m)[0m,                                             │ │
│ │               [2m│   │   │   [0m'langgraph_path': [1m([0m                            │ │
│ │               [2m│   │   │   │   [0m'__pregel_pull',                           │ │
│ │               [2m│   │   │   │   [0m'open_stalled_pr'                          │ │
│ │               [2m│   │   │   [0m[1m)[0m,                                             │ │
│ │               [2m│   │   │   [0m'langgraph_checkpoint_ns':                     │ │
│ │               'open_stalled_pr:77ea8781-35e1-9530-4443-eb69d53b392e'     │ │
│ │               [2m│   │   [0m[1m}[0m,                                                 │ │
│ │               [2m│   │   [0m'configurable': [1m{[0m                                  │ │
│ │               [2m│   │   │   [0m'prompt': 'Tracker issue: K-1\n\nTracker       │ │
│ │               issue: DECOY-999\n\nImplement the described                │ │
│ │               change.\n\n#'+[1m51[0m,                                          │ │
│ │               [2m│   │   │   [0m'repo_path': [3mNone[0m,                             │ │
│ │               [2m│   │   │   [0m'repo_url':                                    │ │
│ │               'https://github.com/example/repository.git',               │ │
│ │               [2m│   │   │   [0m'cache_key':                                   │ │
│ │               'fc9edf215d5d49d7bcab433f9f99e77d',                        │ │
│ │               [2m│   │   │   [0m'run_identity': [1m{[0m                              │ │
│ │               [2m│   │   │   │   [0m'kind': <RunKind.FIRE: 'fire'>,            │ │
│ │               [2m│   │   │   │   [0m'name': 'K-1',                             │ │
│ │               [2m│   │   │   │   [0m'started_at': [1mdatetime.datetime[0m[1m([0m[1m2026[0m, [1m9[0m,   │ │
│ │               [1m12[0m, [1m12[0m, [1m10[0m, [1m50[0m, [1m57309[0m, tzinfo=datetime.timezone.utc[1m)[0m       │ │
│ │               [2m│   │   │   [0m[1m}[0m,                                             │ │
│ │               [2m│   │   │   [0m'workspace_path': [3mNone[0m,                        │ │
│ │               [2m│   │   │   [0m'base_spec': [1m{[0m                                 │ │
│ │               [2m│   │   │   │   [0m'inputs': [1m([0m[1m)[0m,                              │ │
│ │               [2m│   │   │   │   [0m'base_branch': 'trunk',                    │ │
│ │               [2m│   │   │   │   [0m'base_role': [3mNone[0m                          │ │
│ │               [2m│   │   │   [0m[1m}[0m,                                             │ │
│ │               [2m│   │   │   [0m'permission_mode': <PermissionMode.UNATTENDED: │ │
│ │               'unattended'>,                                             │ │
│ │               [2m│   │   │   [0m'allowed_tools': <ToolPreset.IMPLEMENTATION:   │ │
│ │               'implementation'>,                                         │ │
│ │               [2m│   │   │   [0m'__pregel_runtime': [1mRuntime[0m[1m([0m                   │ │
│ │               [2m│   │   │   │   [0mcontext=[3mNone[0m,                              │ │
│ │               [2m│   │   │   │   [0mstore=[3mNone[0m,                                │ │
│ │               [2m│   │   │   │   [0mstream_writer=<function                    │ │
│ │               Pregel.astream.<locals>.stream_writer at [1m0x10caadf80[0m>,     │ │
│ │               [2m│   │   │   │   [0mprevious=[3mNone[0m                              │ │
│ │               [2m│   │   │   [0m[1m)[0m,                                             │ │
│ │               [2m│   │   │   [0m... +[1m10[0m                                        │ │
│ │               [2m│   │   [0m[1m}[0m,                                                 │ │
│ │               [2m│   │   [0m'callbacks':                                       │ │
│ │               <langchain_core.callbacks.manager.AsyncCallbackManager     │ │
│ │               object at [1m0x10ca24650[0m[1m>[0m                                     │ │
│ │               [2m│   [0m[1m}[0m                                                      │ │
│ │               [1m}[0m                                                          │ │
│ │     [3mruntime[0m = [1mRuntime[0m[1m([0m                                                   │ │
│ │               [2m│   [0mcontext=[3mNone[0m,                                          │ │
│ │               [2m│   [0mstore=[3mNone[0m,                                            │ │
│ │               [2m│   [0mstream_writer=[1m<[0m[1mfunction[0m                                │ │
│ │               Pregel.astream.<locals>.stream_writer at [1m0x10caadf80[0m[1m>[0m,     │ │
│ │               [2m│   [0mprevious=[3mNone[0m                                          │ │
│ │               [1m)[0m                                                          │ │
│ │ [3mruntime_key[0m = 'N/A'                                                      │ │
│ │        [3mself[0m = [1mopen_stalled_pr[0m[1m([0mtags=[3mNone[0m, recurse=[3mTrue[0m,                   │ │
│ │               explode_args=[3mFalse[0m, func_accepts=[1m{[0m'config': [1m([0m'N/A', [1m<[0m[1mclass[0m │ │
│ │               'inspect._empty'[1m>[0m[1m)[0m[1m}[0m[1m)[0m                                       │ │
│ ╰──────────────────────────────────────────────────────────────────────────╯ │
│                                                                              │
│ [2m/private/tmp/kodezart-v03-recovery-criterion-class/src/kodezart/core/[0m[1mretry.p[0m │
│ [1my[0m:109 in guarded                                                             │
│                                                                              │
│   [2m106 [0m[2m│   │   [0m[1m@functools[0m.wraps(node)                                         │
│   [2m107 [0m[2m│   │   [0masync def guarded(state: _StateT, config: RunnableConfig) -> _ │
│   [2m108 [0m[2m│   │   │   [0mtry:                                                       │
│ ❱ 109 [2m│   │   │   │   [0mreturn await node(state, config)                       │
│   [2m110 [0m[2m│   │   │   [0mexcept Exception as exc:                                   │
│   [2m111 [0m[2m│   │   │   │   [0mif not getattr(exc, _FLOOR_PAID, False):               │
│   [2m112 [0m[2m│   │   │   │   │   [0mfloor = resolve(exc)                               │
│                                                                              │
│ ╭───────────────────────────────── locals ─────────────────────────────────╮ │
│ │ [3mconfig[0m = [1m{[0m                                                               │ │
│ │          [2m│   [0m'metadata': [1m{[0m                                               │ │
│ │          [2m│   │   [0m'prompt': 'Tracker issue: K-1\n\nTracker issue:         │ │
│ │          DECOY-999\n\nImplement the described change.\n\n#'+[1m51[0m,          │ │
│ │          [2m│   │   [0m'repo_url':                                             │ │
│ │          'https://github.com/example/repository.git',                    │ │
│ │          [2m│   │   [0m'permission_mode': [1m<[0m[1mPermissionMode.UNATTENDED:[0m          │ │
│ │          'unattended'>,                                                  │ │
│ │          [2m│   │   [0m'allowed_tools': <ToolPreset.IMPLEMENTATION:            │ │
│ │          'implementation'>,                                              │ │
│ │          [2m│   │   [0m'langgraph_step': [1m2[0m,                                    │ │
│ │          [2m│   │   [0m'langgraph_node': 'open_stalled_pr',                    │ │
│ │          [2m│   │   [0m'langgraph_triggers': [1m([0m'branch:to:open_stalled_pr',[1m)[0m,   │ │
│ │          [2m│   │   [0m'langgraph_path': [1m([0m                                     │ │
│ │          [2m│   │   │   [0m'__pregel_pull',                                    │ │
│ │          [2m│   │   │   [0m'open_stalled_pr'                                   │ │
│ │          [2m│   │   [0m[1m)[0m,                                                      │ │
│ │          [2m│   │   [0m'langgraph_checkpoint_ns':                              │ │
│ │          'open_stalled_pr:77ea8781-35e1-9530-4443-eb69d53b392e'          │ │
│ │          [2m│   [0m[1m}[0m,                                                          │ │
│ │          [2m│   [0m'configurable': [1m{[0m                                           │ │
│ │          [2m│   │   [0m'prompt': 'Tracker issue: K-1\n\nTracker issue:         │ │
│ │          DECOY-999\n\nImplement the described change.\n\n#'+[1m51[0m,          │ │
│ │          [2m│   │   [0m'repo_path': [3mNone[0m,                                      │ │
│ │          [2m│   │   [0m'repo_url':                                             │ │
│ │          'https://github.com/example/repository.git',                    │ │
│ │          [2m│   │   [0m'cache_key': 'fc9edf215d5d49d7bcab433f9f99e77d',        │ │
│ │          [2m│   │   [0m'run_identity': [1m{[0m                                       │ │
│ │          [2m│   │   │   [0m'kind': <RunKind.FIRE: 'fire'>,                     │ │
│ │          [2m│   │   │   [0m'name': 'K-1',                                      │ │
│ │          [2m│   │   │   [0m'started_at': [1mdatetime.datetime[0m[1m([0m[1m2026[0m, [1m9[0m, [1m12[0m, [1m12[0m,    │ │
│ │          [1m10[0m, [1m50[0m, [1m57309[0m, tzinfo=datetime.timezone.utc[1m)[0m                    │ │
│ │          [2m│   │   [0m[1m}[0m,                                                      │ │
│ │          [2m│   │   [0m'workspace_path': [3mNone[0m,                                 │ │
│ │          [2m│   │   [0m'base_spec': [1m{[0m                                          │ │
│ │          [2m│   │   │   [0m'inputs': [1m([0m[1m)[0m,                                       │ │
│ │          [2m│   │   │   [0m'base_branch': 'trunk',                             │ │
│ │          [2m│   │   │   [0m'base_role': [3mNone[0m                                   │ │
│ │          [2m│   │   [0m[1m}[0m,                                                      │ │
│ │          [2m│   │   [0m'permission_mode': <PermissionMode.UNATTENDED:          │ │
│ │          'unattended'>,                                                  │ │
│ │          [2m│   │   [0m'allowed_tools': <ToolPreset.IMPLEMENTATION:            │ │
│ │          'implementation'>,                                              │ │
│ │          [2m│   │   [0m'__pregel_runtime': [1mRuntime[0m[1m([0m                            │ │
│ │          [2m│   │   │   [0mcontext=[3mNone[0m,                                       │ │
│ │          [2m│   │   │   [0mstore=[3mNone[0m,                                         │ │
│ │          [2m│   │   │   [0mstream_writer=<function                             │ │
│ │          Pregel.astream.<locals>.stream_writer at [1m0x10caadf80[0m>,          │ │
│ │          [2m│   │   │   [0mprevious=[3mNone[0m                                       │ │
│ │          [2m│   │   [0m[1m)[0m,                                                      │ │
│ │          [2m│   │   [0m... +[1m10[0m                                                 │ │
│ │          [2m│   [0m[1m}[0m,                                                          │ │
│ │          [2m│   [0m'callbacks':                                                │ │
│ │          <langchain_core.callbacks.manager.AsyncCallbackManager object   │ │
│ │          at [1m0x10ca24650[0m[1m>[0m                                                 │ │
│ │          [1m}[0m                                                               │ │
│ │  [3mfloor[0m = [3mNone[0m                                                            │ │
│ │   [3mnode[0m = [1m<[0m[1mbound[0m method AuthoredPublication.open_stalled_pr of            │ │
│ │          <kodezart.chains.authored_publication.AuthoredPublication       │ │
│ │          object at [1m0x10c6b21b0[0m>[1m>[0m                                         │ │
│ │  [3mstate[0m = [1m{[0m                                                               │ │
│ │          [2m│   [0m'issue_key': 'K-1',                                         │ │
│ │          [2m│   [0m'feature_branch': 'kodezart/test-branch-a86d3ace',          │ │
│ │          [2m│   [0m'ralph_branch':                                             │ │
│ │          'kodezart/test-branch-a86d3ace-ralph-73805499',                 │ │
│ │          [2m│   [0m'work_base_ref': 'trunk',                                   │ │
│ │          [2m│   [0m'ticket': [1mTicketDraftOutput[0m[1m([0m                                │ │
│ │          [2m│   │   [0mtitle='Test ticket',                                    │ │
│ │          [2m│   │   [0msummary='Test summary',                                 │ │
│ │          [2m│   │   [0mcontext='Test context',                                 │ │
│ │          [2m│   │   [0mreferences=[1m[[0m[1m][0m,                                          │ │
│ │          [2m│   │   [0mrequired_changes=[1m[[0m                                      │ │
│ │          [2m│   │   │   [0m[1mFileChange[0m[1m([0m                                         │ │
│ │          [2m│   │   │   │   [0mfile_path='test.py',                            │ │
│ │          [2m│   │   │   │   [0mchange_type='modify',                           │ │
│ │          [2m│   │   │   │   [0mdescription='test change',                      │ │
│ │          [2m│   │   │   │   [0mrationale='test rationale'                      │ │
│ │          [2m│   │   │   [0m[1m)[0m                                                   │ │
│ │          [2m│   │   [0m[1m][0m,                                                      │ │
│ │          [2m│   │   [0mout_of_scope=[1m[[0m[1m][0m,                                        │ │
│ │          [2m│   │   [0mopen_questions=[1m[[0m[1m][0m,                                      │ │
│ │          [2m│   │   [0msherlock_flags=[1m[[0m[1m][0m                                       │ │
│ │          [2m│   [0m[1m)[0m,                                                          │ │
│ │          [2m│   [0m'acceptance_criteria': [1m[[0m                                    │ │
│ │          [2m│   │   [0m[1mGeneratedCriterion[0m[1m([0mid='AC-1', text='Tests pass'[1m)[0m,       │ │
│ │          [2m│   │   [0m[1mGeneratedCriterion[0m[1m([0mid='AC-2', text='No lint errors'[1m)[0m    │ │
│ │          [2m│   [0m[1m][0m,                                                          │ │
│ │          [2m│   [0m'criteria_artifact': [1mCriteriaArtifact[0m[1m([0m                      │ │
│ │          [2m│   │   [0mcriteria=[1m[[0m                                              │ │
│ │          [2m│   │   │   [0m[1mValidatedCriterion[0m[1m([0m                                 │ │
│ │          [2m│   │   │   │   [0mid='AC-1',                                      │ │
│ │          [2m│   │   │   │   [0mtext='Tests pass',                              │ │
│ │          [2m│   │   │   │   [0mfeasibility=[1mCriterionFeasibility[0m[1m([0m               │ │
│ │          [2m│   │   │   │   │   [0mcriterion_id='AC-1',                        │ │
│ │          [2m│   │   │   │   │   [0mverdict=[1m<[0m[1mCriterionVerdict.feasible:[0m         │ │
│ │          'feasible'>,                                                    │ │
│ │          [2m│   │   │   │   │   [0mrefutation=[3mNone[0m,                            │ │
│ │          [2m│   │   │   │   │   [0mmissing_resource=[3mNone[0m,                      │ │
│ │          [2m│   │   │   │   │   [0mcost_measurement=[3mNone[0m,                      │ │
│ │          [2m│   │   │   │   │   [0mflags=[1m[[0m[1m][0m,                                   │ │
│ │          [2m│   │   │   │   │   [0mforbidden_class=[3mNone[0m,                       │ │
│ │          [2m│   │   │   │   │   [0mundeclared_switch_arms=[1m[[0m[1m][0m                   │ │
│ │          [2m│   │   │   │   [0m[1m)[0m                                               │ │
│ │          [2m│   │   │   [0m[1m)[0m,                                                  │ │
│ │          [2m│   │   │   [0m[1mValidatedCriterion[0m[1m([0m                                 │ │
│ │          [2m│   │   │   │   [0mid='AC-2',                                      │ │
│ │          [2m│   │   │   │   [0mtext='No lint errors',                          │ │
│ │          [2m│   │   │   │   [0mfeasibility=[1mCriterionFeasibility[0m[1m([0m               │ │
│ │          [2m│   │   │   │   │   [0mcriterion_id='AC-2',                        │ │
│ │          [2m│   │   │   │   │   [0mverdict=<CriterionVerdict.feasible:         │ │
│ │          'feasible'>,                                                    │ │
│ │          [2m│   │   │   │   │   [0mrefutation=[3mNone[0m,                            │ │
│ │          [2m│   │   │   │   │   [0mmissing_resource=[3mNone[0m,                      │ │
│ │          [2m│   │   │   │   │   [0mcost_measurement=[3mNone[0m,                      │ │
│ │          [2m│   │   │   │   │   [0mflags=[1m[[0m[1m][0m,                                   │ │
│ │          [2m│   │   │   │   │   [0mforbidden_class=[3mNone[0m,                       │ │
│ │          [2m│   │   │   │   │   [0mundeclared_switch_arms=[1m[[0m[1m][0m                   │ │
│ │          [2m│   │   │   │   [0m[1m)[0m                                               │ │
│ │          [2m│   │   │   [0m[1m)[0m                                                   │ │
│ │          [2m│   │   [0m[1m][0m,                                                      │ │
│ │          [2m│   │   [0mconjunction=[1mConjunctionVerdict[0m[1m([0m                         │ │
│ │          [2m│   │   │   [0msatisfiable=[3mTrue[0m,                                   │ │
│ │          [2m│   │   │   [0mcontradictions=[1m[[0m[1m][0m                                   │ │
│ │          [2m│   │   [0m[1m)[0m                                                       │ │
│ │          [2m│   [0m[1m)[0m,                                                          │ │
│ │          [2m│   [0m'criteria_validation': [1mCriteriaValidation[0m[1m([0m                  │ │
│ │          [2m│   │   [0mverdicts=[1m[[0m                                              │ │
│ │          [2m│   │   │   [0m[1mCriterionFeasibility[0m[1m([0m                               │ │
│ │          [2m│   │   │   │   [0mcriterion_id='AC-1',                            │ │
│ │          [2m│   │   │   │   [0mverdict=<CriterionVerdict.feasible:             │ │
│ │          'feasible'>,                                                    │ │
│ │          [2m│   │   │   │   [0mrefutation=[3mNone[0m,                                │ │
│ │          [2m│   │   │   │   [0mmissing_resource=[3mNone[0m,                          │ │
│ │          [2m│   │   │   │   [0mcost_measurement=[3mNone[0m,                          │ │
│ │          [2m│   │   │   │   [0mflags=[1m[[0m[1m][0m,                                       │ │
│ │          [2m│   │   │   │   [0mforbidden_class=[3mNone[0m,                           │ │
│ │          [2m│   │   │   │   [0mundeclared_switch_arms=[1m[[0m[1m][0m                       │ │
│ │          [2m│   │   │   [0m[1m)[0m,                                                  │ │
│ │          [2m│   │   │   [0m[1mCriterionFeasibility[0m[1m([0m                               │ │
│ │          [2m│   │   │   │   [0mcriterion_id='AC-2',                            │ │
│ │          [2m│   │   │   │   [0mverdict=<CriterionVerdict.feasible:             │ │
│ │          'feasible'[1m>[0m,                                                    │ │
│ │          [2m│   │   │   │   [0mrefutation=[3mNone[0m,                                │ │
│ │          [2m│   │   │   │   [0mmissing_resource=[3mNone[0m,                          │ │
│ │          [2m│   │   │   │   [0mcost_measurement=[3mNone[0m,                          │ │
│ │          [2m│   │   │   │   [0mflags=[1m[[0m[1m][0m,                                       │ │
│ │          [2m│   │   │   │   [0mforbidden_class=[3mNone[0m,                           │ │
│ │          [2m│   │   │   │   [0mundeclared_switch_arms=[1m[[0m[1m][0m                       │ │
│ │          [2m│   │   │   [0m[1m)[0m                                                   │ │
│ │          [2m│   │   [0m[1m][0m,                                                      │ │
│ │          [2m│   │   [0mconjunction=[1mConjunctionVerdict[0m[1m([0m                         │ │
│ │          [2m│   │   │   [0msatisfiable=[3mTrue[0m,                                   │ │
│ │          [2m│   │   │   [0mcontradictions=[1m[[0m[1m][0m                                   │ │
│ │          [2m│   │   [0m[1m)[0m                                                       │ │
│ │          [2m│   [0m[1m)[0m,                                                          │ │
│ │          [2m│   [0m'criteria_regeneration_rounds': [1m0[0m,                          │ │
│ │          [2m│   [0m'criteria_infeasible': [3mFalse[0m,                               │ │
│ │          [2m│   [0m... +[1m23[0m                                                     │ │
│ │          [1m}[0m                                                               │ │
│ ╰──────────────────────────────────────────────────────────────────────────╯ │
│                                                                              │
│ [2m/private/tmp/kodezart-v03-recovery-criterion-class/src/kodezart/chains/[0m[1mautho[0m │
│ [1mred_publication.py[0m:117 in open_stalled_pr                                    │
│                                                                              │
│   [2m114 [0m[2m│   │   │   │   [0mcontent_class=ContentClass.AUTHORED,                   │
│   [2m115 [0m[2m│   │   │   [0m),                                                         │
│   [2m116 [0m[2m│   │   │   [0mbody=require_tracker_issue(                                │
│ ❱ 117 [2m│   │   │   │   [0m[1;4mawait[0m[1;4m gated_write([0m                                     │
│   [2m118 [0m[2m│   │   │   │   │   [0m[1;4mgate=[0m[1;4mself[0m[1;4m._gate,[0m                                   │
│   [2m119 [0m[2m│   │   │   │   │   [0m[1;4mlog=[0m[1;4mself[0m[1;4m._log,[0m                                     │
│   [2m120 [0m[2m│   │   │   │   │   [0m[1;4mcontent=append_tracker_issue([0m                      │
│                                                                              │
│ ╭───────────────────────────────── locals ─────────────────────────────────╮ │
│ │   [3mbest_sha[0m = '2222222222222222222222222222222222222222'                  │ │
│ │     [3mconfig[0m = [1m{[0m                                                           │ │
│ │              [2m│   [0m'metadata': [1m{[0m                                           │ │
│ │              [2m│   │   [0m'prompt': 'Tracker issue: K-1\n\nTracker issue:     │ │
│ │              DECOY-999\n\nImplement the described change.\n\n#'+[1m51[0m,      │ │
│ │              [2m│   │   [0m'repo_url':                                         │ │
│ │              'https://github.com/example/repository.git',                │ │
│ │              [2m│   │   [0m'permission_mode': [1m<[0m[1mPermissionMode.UNATTENDED:[0m      │ │
│ │              'unattended'>,                                              │ │
│ │              [2m│   │   [0m'allowed_tools': <ToolPreset.IMPLEMENTATION:        │ │
│ │              'implementation'>,                                          │ │
│ │              [2m│   │   [0m'langgraph_step': [1m2[0m,                                │ │
│ │              [2m│   │   [0m'langgraph_node': 'open_stalled_pr',                │ │
│ │              [2m│   │   [0m'langgraph_triggers': [1m([0m                             │ │
│ │              [2m│   │   │   [0m'branch:to:open_stalled_pr',                    │ │
│ │              [2m│   │   [0m[1m)[0m,                                                  │ │
│ │              [2m│   │   [0m'langgraph_path': [1m([0m                                 │ │
│ │              [2m│   │   │   [0m'__pregel_pull',                                │ │
│ │              [2m│   │   │   [0m'open_stalled_pr'                               │ │
│ │              [2m│   │   [0m[1m)[0m,                                                  │ │
│ │              [2m│   │   [0m'langgraph_checkpoint_ns':                          │ │
│ │              'open_stalled_pr:77ea8781-35e1-9530-4443-eb69d53b392e'      │ │
│ │              [2m│   [0m[1m}[0m,                                                      │ │
│ │              [2m│   [0m'configurable': [1m{[0m                                       │ │
│ │              [2m│   │   [0m'prompt': 'Tracker issue: K-1\n\nTracker issue:     │ │
│ │              DECOY-999\n\nImplement the described change.\n\n#'+[1m51[0m,      │ │
│ │              [2m│   │   [0m'repo_path': [3mNone[0m,                                  │ │
│ │              [2m│   │   [0m'repo_url':                                         │ │
│ │              'https://github.com/example/repository.git',                │ │
│ │              [2m│   │   [0m'cache_key': 'fc9edf215d5d49d7bcab433f9f99e77d',    │ │
│ │              [2m│   │   [0m'run_identity': [1m{[0m                                   │ │
│ │              [2m│   │   │   [0m'kind': <RunKind.FIRE: 'fire'>,                 │ │
│ │              [2m│   │   │   [0m'name': 'K-1',                                  │ │
│ │              [2m│   │   │   [0m'started_at': [1mdatetime.datetime[0m[1m([0m[1m2026[0m, [1m9[0m, [1m12[0m,    │ │
│ │              [1m12[0m, [1m10[0m, [1m50[0m, [1m57309[0m, tzinfo=datetime.timezone.utc[1m)[0m            │ │
│ │              [2m│   │   [0m[1m}[0m,                                                  │ │
│ │              [2m│   │   [0m'workspace_path': [3mNone[0m,                             │ │
│ │              [2m│   │   [0m'base_spec': [1m{[0m                                      │ │
│ │              [2m│   │   │   [0m'inputs': [1m([0m[1m)[0m,                                   │ │
│ │              [2m│   │   │   [0m'base_branch': 'trunk',                         │ │
│ │              [2m│   │   │   [0m'base_role': [3mNone[0m                               │ │
│ │              [2m│   │   [0m[1m}[0m,                                                  │ │
│ │              [2m│   │   [0m'permission_mode': <PermissionMode.UNATTENDED:      │ │
│ │              'unattended'>,                                              │ │
│ │              [2m│   │   [0m'allowed_tools': <ToolPreset.IMPLEMENTATION:        │ │
│ │              'implementation'>,                                          │ │
│ │              [2m│   │   [0m'__pregel_runtime': [1mRuntime[0m[1m([0m                        │ │
│ │              [2m│   │   │   [0mcontext=[3mNone[0m,                                   │ │
│ │              [2m│   │   │   [0mstore=[3mNone[0m,                                     │ │
│ │              [2m│   │   │   [0mstream_writer=<function                         │ │
│ │              Pregel.astream.<locals>.stream_writer at [1m0x10caadf80[0m>,      │ │
│ │              [2m│   │   │   [0mprevious=[3mNone[0m                                   │ │
│ │              [2m│   │   [0m[1m)[0m,                                                  │ │
│ │              [2m│   │   [0m... +[1m10[0m                                             │ │
│ │              [2m│   [0m[1m}[0m,                                                      │ │
│ │              [2m│   [0m'callbacks':                                            │ │
│ │              <langchain_core.callbacks.manager.AsyncCallbackManager      │ │
│ │              object at [1m0x10ca24650[0m[1m>[0m                                      │ │
│ │              [1m}[0m                                                           │ │
│ │        [3mctx[0m = [1mExecutionContext[0m[1m([0m                                           │ │
│ │              [2m│   [0mprompt='Tracker issue: K-1\n\nTracker issue:            │ │
│ │              DECOY-999\n\nImplement the described change.\n\n#'+[1m51[0m,      │ │
│ │              [2m│   [0mrepo_path=[3mNone[0m,                                         │ │
│ │              [2m│   [0mrepo_url='https://github.com/example/repository.git',   │ │
│ │              [2m│   [0mcache_key='fc9edf215d5d49d7bcab433f9f99e77d',           │ │
│ │              [2m│   [0mrun_identity=[1mRunIdentity[0m[1m([0m                               │ │
│ │              [2m│   │   [0mkind=[1m<[0m[1mRunKind.FIRE:[0m 'fire'>,                        │ │
│ │              [2m│   │   [0mname='K-1',                                         │ │
│ │              [2m│   │   [0mstarted_at=[1mdatetime[0m[1m.datetime[0m[1m([0m[1m2026[0m, [1m9[0m, [1m12[0m, [1m12[0m, [1m10[0m,   │ │
│ │              [1m50[0m, [1m57309[0m, tzinfo=datetime.timezone.utc[1m)[0m                    │ │
│ │              [2m│   [0m[1m)[0m,                                                      │ │
│ │              [2m│   [0mworkspace_path=[3mNone[0m,                                    │ │
│ │              [2m│   [0mbase_spec=[1mBaseSpec[0m[1m([0m                                     │ │
│ │              [2m│   │   [0minputs=[1m([0m[1m)[0m,                                          │ │
│ │              [2m│   │   [0mbase_branch='trunk',                                │ │
│ │              [2m│   │   [0mbase_role=[3mNone[0m                                      │ │
│ │              [2m│   [0m[1m)[0m,                                                      │ │
│ │              [2m│   [0mpermission_mode=<PermissionMode.UNATTENDED:             │ │
│ │              'unattended'>,                                              │ │
│ │              [2m│   [0mallowed_tools=<ToolPreset.IMPLEMENTATION:               │ │
│ │              'implementation'[1m>[0m                                           │ │
│ │              [1m)[0m                                                           │ │
│ │       [3mhead[0m = 'kodezart/test-branch-a86d3ace'                             │ │
│ │   [3mhead_sha[0m = 'mmmmmmmmmmmmmmmmmmmmmmmmmmmmmmmmmmmmmmmm'                  │ │
│ │   [3mrepo_url[0m = 'https://github.com/example/repository.git'                 │ │
│ │       [3mself[0m = [1m<[0m[1mkodezart.chains.authored_publication.AuthoredPublication[0m   │ │
│ │              object at [1m0x10c6b21b0[0m[1m>[0m                                      │ │
│ │      [3mstate[0m = [1m{[0m                                                           │ │
│ │              [2m│   [0m'issue_key': 'K-1',                                     │ │
│ │              [2m│   [0m'feature_branch': 'kodezart/test-branch-a86d3ace',      │ │
│ │              [2m│   [0m'ralph_branch':                                         │ │
│ │              'kodezart/test-branch-a86d3ace-ralph-73805499',             │ │
│ │              [2m│   [0m'work_base_ref': 'trunk',                               │ │
│ │              [2m│   [0m'ticket': [1mTicketDraftOutput[0m[1m([0m                            │ │
│ │              [2m│   │   [0mtitle='Test ticket',                                │ │
│ │              [2m│   │   [0msummary='Test summary',                             │ │
│ │              [2m│   │   [0mcontext='Test context',                             │ │
│ │              [2m│   │   [0mreferences=[1m[[0m[1m][0m,                                      │ │
│ │              [2m│   │   [0mrequired_changes=[1m[[0m                                  │ │
│ │              [2m│   │   │   [0m[1mFileChange[0m[1m([0m                                     │ │
│ │              [2m│   │   │   │   [0mfile_path='test.py',                        │ │
│ │              [2m│   │   │   │   [0mchange_type='modify',                       │ │
│ │              [2m│   │   │   │   [0mdescription='test change',                  │ │
│ │              [2m│   │   │   │   [0mrationale='test rationale'                  │ │
│ │              [2m│   │   │   [0m[1m)[0m                                               │ │
│ │              [2m│   │   [0m[1m][0m,                                                  │ │
│ │              [2m│   │   [0mout_of_scope=[1m[[0m[1m][0m,                                    │ │
│ │              [2m│   │   [0mopen_questions=[1m[[0m[1m][0m,                                  │ │
│ │              [2m│   │   [0msherlock_flags=[1m[[0m[1m][0m                                   │ │
│ │              [2m│   [0m[1m)[0m,                                                      │ │
│ │              [2m│   [0m'acceptance_criteria': [1m[[0m                                │ │
│ │              [2m│   │   [0m[1mGeneratedCriterion[0m[1m([0mid='AC-1', text='Tests pass'[1m)[0m,   │ │
│ │              [2m│   │   [0m[1mGeneratedCriterion[0m[1m([0m                                 │ │
│ │              [2m│   │   │   [0mid='AC-2',                                      │ │
│ │              [2m│   │   │   [0mtext='No lint errors'                           │ │
│ │              [2m│   │   [0m[1m)[0m                                                   │ │
│ │              [2m│   [0m[1m][0m,                                                      │ │
│ │              [2m│   [0m'criteria_artifact': [1mCriteriaArtifact[0m[1m([0m                  │ │
│ │              [2m│   │   [0mcriteria=[1m[[0m                                          │ │
│ │              [2m│   │   │   [0m[1mValidatedCriterion[0m[1m([0m                             │ │
│ │              [2m│   │   │   │   [0mid='AC-1',                                  │ │
│ │              [2m│   │   │   │   [0mtext='Tests pass',                          │ │
│ │              [2m│   │   │   │   [0mfeasibility=[1mCriterionFeasibility[0m[1m([0m           │ │
│ │              [2m│   │   │   │   │   [0mcriterion_id='AC-1',                    │ │
│ │              [2m│   │   │   │   │   [0mverdict=[1m<[0m[1mCriterionVerdict.feasible:[0m     │ │
│ │              'feasible'>,                                                │ │
│ │              [2m│   │   │   │   │   [0mrefutation=[3mNone[0m,                        │ │
│ │              [2m│   │   │   │   │   [0mmissing_resource=[3mNone[0m,                  │ │
│ │              [2m│   │   │   │   │   [0mcost_measurement=[3mNone[0m,                  │ │
│ │              [2m│   │   │   │   │   [0mflags=[1m[[0m[1m][0m,                               │ │
│ │              [2m│   │   │   │   │   [0mforbidden_class=[3mNone[0m,                   │ │
│ │              [2m│   │   │   │   │   [0mundeclared_switch_arms=[1m[[0m[1m][0m               │ │
│ │              [2m│   │   │   │   [0m[1m)[0m                                           │ │
│ │              [2m│   │   │   [0m[1m)[0m,                                              │ │
│ │              [2m│   │   │   [0m[1mValidatedCriterion[0m[1m([0m                             │ │
│ │              [2m│   │   │   │   [0mid='AC-2',                                  │ │
│ │              [2m│   │   │   │   [0mtext='No lint errors',                      │ │
│ │              [2m│   │   │   │   [0mfeasibility=[1mCriterionFeasibility[0m[1m([0m           │ │
│ │              [2m│   │   │   │   │   [0mcriterion_id='AC-2',                    │ │
│ │              [2m│   │   │   │   │   [0mverdict=<CriterionVerdict.feasible:     │ │
│ │              'feasible'>,                                                │ │
│ │              [2m│   │   │   │   │   [0mrefutation=[3mNone[0m,                        │ │
│ │              [2m│   │   │   │   │   [0mmissing_resource=[3mNone[0m,                  │ │
│ │              [2m│   │   │   │   │   [0mcost_measurement=[3mNone[0m,                  │ │
│ │              [2m│   │   │   │   │   [0mflags=[1m[[0m[1m][0m,                               │ │
│ │              [2m│   │   │   │   │   [0mforbidden_class=[3mNone[0m,                   │ │
│ │              [2m│   │   │   │   │   [0mundeclared_switch_arms=[1m[[0m[1m][0m               │ │
│ │              [2m│   │   │   │   [0m[1m)[0m                                           │ │
│ │              [2m│   │   │   [0m[1m)[0m                                               │ │
│ │              [2m│   │   [0m[1m][0m,                                                  │ │
│ │              [2m│   │   [0mconjunction=[1mConjunctionVerdict[0m[1m([0m                     │ │
│ │              [2m│   │   │   [0msatisfiable=[3mTrue[0m,                               │ │
│ │              [2m│   │   │   [0mcontradictions=[1m[[0m[1m][0m                               │ │
│ │              [2m│   │   [0m[1m)[0m                                                   │ │
│ │              [2m│   [0m[1m)[0m,                                                      │ │
│ │              [2m│   [0m'criteria_validation': [1mCriteriaValidation[0m[1m([0m              │ │
│ │              [2m│   │   [0mverdicts=[1m[[0m                                          │ │
│ │              [2m│   │   │   [0m[1mCriterionFeasibility[0m[1m([0m                           │ │
│ │              [2m│   │   │   │   [0mcriterion_id='AC-1',                        │ │
│ │              [2m│   │   │   │   [0mverdict=<CriterionVerdict.feasible:         │ │
│ │              'feasible'>,                                                │ │
│ │              [2m│   │   │   │   [0mrefutation=[3mNone[0m,                            │ │
│ │              [2m│   │   │   │   [0mmissing_resource=[3mNone[0m,                      │ │
│ │              [2m│   │   │   │   [0mcost_measurement=[3mNone[0m,                      │ │
│ │              [2m│   │   │   │   [0mflags=[1m[[0m[1m][0m,                                   │ │
│ │              [2m│   │   │   │   [0mforbidden_class=[3mNone[0m,                       │ │
│ │              [2m│   │   │   │   [0mundeclared_switch_arms=[1m[[0m[1m][0m                   │ │
│ │              [2m│   │   │   [0m[1m)[0m,                                              │ │
│ │              [2m│   │   │   [0m[1mCriterionFeasibility[0m[1m([0m                           │ │
│ │              [2m│   │   │   │   [0mcriterion_id='AC-2',                        │ │
│ │              [2m│   │   │   │   [0mverdict=<CriterionVerdict.feasible:         │ │
│ │              'feasible'[1m>[0m,                                                │ │
│ │              [2m│   │   │   │   [0mrefutation=[3mNone[0m,                            │ │
│ │              [2m│   │   │   │   [0mmissing_resource=[3mNone[0m,                      │ │
│ │              [2m│   │   │   │   [0mcost_measurement=[3mNone[0m,                      │ │
│ │              [2m│   │   │   │   [0mflags=[1m[[0m[1m][0m,                                   │ │
│ │              [2m│   │   │   │   [0mforbidden_class=[3mNone[0m,                       │ │
│ │              [2m│   │   │   │   [0mundeclared_switch_arms=[1m[[0m[1m][0m                   │ │
│ │              [2m│   │   │   [0m[1m)[0m                                               │ │
│ │              [2m│   │   [0m[1m][0m,                                                  │ │
│ │              [2m│   │   [0mconjunction=[1mConjunctionVerdict[0m[1m([0m                     │ │
│ │              [2m│   │   │   [0msatisfiable=[3mTrue[0m,                               │ │
│ │              [2m│   │   │   [0mcontradictions=[1m[[0m[1m][0m                               │ │
│ │              [2m│   │   [0m[1m)[0m                                                   │ │
│ │              [2m│   [0m[1m)[0m,                                                      │ │
│ │              [2m│   [0m'criteria_regeneration_rounds': [1m0[0m,                      │ │
│ │              [2m│   [0m'criteria_infeasible': [3mFalse[0m,                           │ │
│ │              [2m│   [0m... +[1m23[0m                                                 │ │
│ │              [1m}[0m                                                           │ │
│ │     [3mticket[0m = [1mTicketDraftOutput[0m[1m([0m                                          │ │
│ │              [2m│   [0mtitle='Test ticket',                                    │ │
│ │              [2m│   [0msummary='Test summary',                                 │ │
│ │              [2m│   [0mcontext='Test context',                                 │ │
│ │              [2m│   [0mreferences=[1m[[0m[1m][0m,                                          │ │
│ │              [2m│   [0mrequired_changes=[1m[[0m                                      │ │
│ │              [2m│   │   [0m[1mFileChange[0m[1m([0m                                         │ │
│ │              [2m│   │   │   [0mfile_path='test.py',                            │ │
│ │              [2m│   │   │   [0mchange_type='modify',                           │ │
│ │              [2m│   │   │   [0mdescription='test change',                      │ │
│ │              [2m│   │   │   [0mrationale='test rationale'                      │ │
│ │              [2m│   │   [0m[1m)[0m                                                   │ │
│ │              [2m│   [0m[1m][0m,                                                      │ │
│ │              [2m│   [0mout_of_scope=[1m[[0m[1m][0m,                                        │ │
│ │              [2m│   [0mopen_questions=[1m[[0m[1m][0m,                                      │ │
│ │              [2m│   [0msherlock_flags=[1m[[0m[1m][0m                                       │ │
│ │              [1m)[0m                                                           │ │
│ │ [3mtrajectory[0m = [1mLoopTrajectory[0m[1m([0m                                             │ │
│ │              [2m│   [0mrecords=[1m[[0m                                               │ │
│ │              [2m│   │   [0m[1mIterationRecord[0m[1m([0m                                    │ │
│ │              [2m│   │   │   [0miteration=[1m1[0m,                                    │ │
│ │              [2m│   │   │   [0mpassed_count=[1m8[0m,                                 │ │
│ │              [2m│   │   │   [0mfailing_criterion_ids=[1m[[0m'AC-1'[1m][0m,                 │ │
│ │              [2m│   │   │   [0m                                                │ │
│ │              commit_sha='1111111111111111111111111111111111111111'       │ │
│ │              [2m│   │   [0m[1m)[0m,                                                  │ │
│ │              [2m│   │   [0m[1mIterationRecord[0m[1m([0m                                    │ │
│ │              [2m│   │   │   [0miteration=[1m2[0m,                                    │ │
│ │              [2m│   │   │   [0mpassed_count=[1m11[0m,                                │ │
│ │              [2m│   │   │   [0mfailing_criterion_ids=[1m[[0m'AC-1'[1m][0m,                 │ │
│ │              [2m│   │   │   [0m                                                │ │
│ │              commit_sha='2222222222222222222222222222222222222222'       │ │
│ │              [2m│   │   [0m[1m)[0m,                                                  │ │
│ │              [2m│   │   [0m[1mIterationRecord[0m[1m([0m                                    │ │
│ │              [2m│   │   │   [0miteration=[1m3[0m,                                    │ │
│ │              [2m│   │   │   [0mpassed_count=[1m10[0m,                                │ │
│ │              [2m│   │   │   [0mfailing_criterion_ids=[1m[[0m'AC-1', 'AC-2'[1m][0m,         │ │
│ │              [2m│   │   │   [0m                                                │ │
│ │              commit_sha='3333333333333333333333333333333333333333'       │ │
│ │              [2m│   │   [0m[1m)[0m,                                                  │ │
│ │              [2m│   │   [0m[1mIterationRecord[0m[1m([0m                                    │ │
│ │              [2m│   │   │   [0miteration=[1m4[0m,                                    │ │
│ │              [2m│   │   │   [0mpassed_count=[1m11[0m,                                │ │
│ │              [2m│   │   │   [0mfailing_criterion_ids=[1m[[0m'AC-1'[1m][0m,                 │ │
│ │              [2m│   │   │   [0m                                                │ │
│ │              commit_sha='4444444444444444444444444444444444444444'       │ │
│ │              [2m│   │   [0m[1m)[0m                                                   │ │
│ │              [2m│   [0m[1m][0m,                                                      │ │
│ │              [2m│   [0mnever_passed_ids=[1m[[0m'AC-1'[1m][0m,                              │ │
│ │              [2m│   [0mbest_passed_count=[1m11[0m,                                   │ │
│ │              [2m│   [0mbest_iteration=[1m2[0m,                                       │ │
│ │              [2m│   [0m                                                        │ │
│ │              best_commit_sha='2222222222222222222222222222222222222222', │ │
│ │              [2m│   [0mplateaued=[3mTrue[0m                                          │ │
│ │              [1m)[0m                                                           │ │
│ ╰──────────────────────────────────────────────────────────────────────────╯ │
│                                                                              │
│ [2m/private/tmp/kodezart-v03-recovery-criterion-class/src/kodezart/core/[0m[1moutboun[0m │
│ [1md_write.py[0m:77 in gated_write                                                 │
│                                                                              │
│   [2m74 [0m[2m│   [0m)                                                                   │
│   [2m75 [0m[2m│   [0mif decision.verdict is GateVerdict.BLOCKED:                         │
│   [2m76 [0m[2m│   │   [0mmsg = "Outbound content blocked before write"                   │
│ ❱ 77 [2m│   │   [0m[1;4mraise[0m[1;4m OutboundContentBlockedError([0m                              │
│   [2m78 [0m[2m│   │   │   [0m[1;4mmsg,[0m                                                        │
│   [2m79 [0m[2m│   │   │   [0m[1;4mwriter=destination.value,[0m                                   │
│   [2m80 [0m[2m│   │   │   [0m[1;4mcategories=[category.value [0m[1;4mfor[0m[1;4m category [0m[1;4min[0m[1;4m decision.categor[0m │
│                                                                              │
│ ╭───────────────────────────────── locals ─────────────────────────────────╮ │
│ │       [3mcontent[0m = '## This run did not converge\n\nThe loop stopped before │ │
│ │                 every acceptance criterion'+[1m675[0m                          │ │
│ │ [3mcontent_class[0m = [1m<[0m[1mContentClass.AUTHORED:[0m 'authored'[1m>[0m                      │ │
│ │      [3mdecision[0m = [1mGateDecision[0m[1m([0m                                            │ │
│ │                 [2m│   [0mverdict=[1m<[0m[1mGateVerdict.BLOCKED:[0m 'blocked'>,            │ │
│ │                 [2m│   [0mcontent='',                                          │ │
│ │                 [2m│   [0mcategories=[1m([0m                                         │ │
│ │                 [2m│   │   [0m<RedactionCategory.CREDENTIALS: 'credentials'>,  │ │
│ │                 [2m│   [0m[1m)[0m,                                                   │ │
│ │                 [2m│   [0mhits=[1m([0m                                               │ │
│ │                 [2m│   │   [0m[1mScanHit[0m[1m([0m                                         │ │
│ │                 [2m│   │   │   [0mcategory=<RedactionCategory.CREDENTIALS:     │ │
│ │                 'credentials'[1m>[0m,                                          │ │
│ │                 [2m│   │   │   [0mstart=[1m737[0m,                                   │ │
│ │                 [2m│   │   │   [0mend=[1m755[0m,                                     │ │
│ │                 [2m│   │   │   [0mrationale=[3mNone[0m,                              │ │
│ │                 [2m│   │   │   [0mmatched_text=[3mNone[0m                            │ │
│ │                 [2m│   │   [0m[1m)[0m,                                               │ │
│ │                 [2m│   [0m[1m)[0m,                                                   │ │
│ │                 [2m│   [0mfailure=[3mNone[0m                                         │ │
│ │                 [1m)[0m                                                        │ │
│ │   [3mdestination[0m = [1m<[0m[1mOutboundDestination.PR_BODY:[0m 'pr_body'[1m>[0m                 │ │
│ │          [3mgate[0m = [1m<[0m[1mtests.integration.test_issue_key_carriage.RecordingGate[0m │ │
│ │                 object at [1m0x10c829280[0m[1m>[0m                                   │ │
│ │           [3mlog[0m = [1m<[0m[1mBoundLoggerLazyProxy[0m[1m([0mlogger=[3mNone[0m, wrapper_class=[3mNone[0m,   │ │
│ │                 processors=[3mNone[0m, context_class=[3mNone[0m, initial_values=[1m{[0m[1m}[0m,  │ │
│ │                 logger_factory_args=[1m([0m'kodezart.chains.ralph_workflow',[1m)[0m[1m…[0m │ │
│ │           [3mmsg[0m = 'Outbound content blocked before write'                  │ │
│ │         [3mshape[0m = [1m<[0m[1mWriterShape.PROSE:[0m 'prose'[1m>[0m                             │ │
│ │    [3mvisibility[0m = [1m<[0m[1mRepoVisibility.UNKNOWN:[0m 'unknown'[1m>[0m                      │ │
│ ╰──────────────────────────────────────────────────────────────────────────╯ │
╰──────────────────────────────────────────────────────────────────────────────╯
[1mOutboundContentBlockedError: [0mOutbound content blocked before write [1m([0mwriter: 
pr_body; categories: credentials[1m)[0m
[1m[NOTE] [0mDuring task with name 'open_stalled_pr' and id 
'77ea8781-35e1-9530-4443-eb69d53b392e'

=========================== short test summary info ============================
FAILED tests/chains/test_workflow_phase_composition.py::test_production_phase_refusal_or_cancel_releases_native_workspaces[error-review-False]
FAILED tests/integration/test_issue_key_carriage.py::test_the_appended_identity_can_block_the_entire_pr_write[False]
FAILED tests/integration/test_issue_key_carriage.py::test_the_appended_identity_can_block_the_entire_pr_write[True]
3 failed, 270 passed in 780.24s (0:13:00)
14:18  up 18 days, 21:20, 5 users, load averages: 20.17 17.88 17.93

exit_code=1
