FFFFFFFFFFFFFFFFFFFFFFFFFFFFFFFFFF                                       [100%]
=================================== FAILURES ===================================
__ test_unsent_retry_preserves_every_owner_precondition[parent_approval-body] __

self = <kodezart.adapters.linear_scope_reader.LinearScopeReader object at 0x10cebffb0>
shape = <class 'kodezart.adapters.linear_scope_types.LinearApprovalProjectWire'>
tool = 'get_project', arguments = {'query': 'authority-project'}

    async def _read[WireT: LinearWireModel](
        self,
        shape: type[WireT],
        tool: str,
        arguments: Mapping[str, object],
    ) -> WireT:
        payload = await self._call(tool, arguments)
        try:
>           return shape.model_validate(payload)
                   ^^^^^^^^^^^^^^^^^^^^^^^^^^^^^
E           pydantic_core._pydantic_core.ValidationError: 1 validation error for LinearApprovalProjectWire
E           description
E             Field required [type=missing, input_value={'id': 'authority-project...ject/authority-project'}, input_type=dict]
E               For further information visit https://errors.pydantic.dev/2.12/v/missing

src/kodezart/adapters/linear_scope_reader.py:413: ValidationError

The above exception was the direct cause of the following exception:

monkeypatch = <_pytest.monkeypatch.MonkeyPatch object at 0x10cebe210>
kind = 'body', change = 'parent_approval'

    @pytest.mark.parametrize("kind", ["body", "graph", "split", "criteria"])
    @pytest.mark.parametrize("change", ["parent_approval", "project_approval", "context", "membership", "phase", "lease"])
    async def test_unsent_retry_preserves_every_owner_precondition(monkeypatch, kind, change):
        owner, board, selected = configured(monkeypatch, kind)
        original = board.call_tool
        attempts = 0
        before_subject = None
    
        async def call_tool(*, name, arguments):
            nonlocal attempts, before_subject
            if selected(name, arguments):
                attempts += 1
                if attempts == 1:
                    subject = board.server.issues[CLAIMED_ISSUE]
                    before_subject = copy.deepcopy(subject)
                    if change == "parent_approval":
                        board.server.issues[PARENT].labels.append("approved scope")
                    elif change == "project_approval":
                        board.server.projects[PROJECT]["labels"].append("approved scope")
                    elif change == "context":
                        board.server.issues[PARENT].description = "Externally revised context."
                    elif change == "membership":
                        board.server.issues["new-member"] = FakeMcpIssue(
                            id="new-member", parent_id=CLAIMED_ISSUE,
                            description="An externally added scope member.",
                        )
                    elif change == "phase":
                        subject.labels = [label for label in subject.labels if label not in {
                            "candidate scope", "graph complete", "body complete"
                        }]
                    else:
                        board.advance(10000)
                    raise McpTransportError(
                        "Known unsent interruption", server_name="fixture", tool_name=name
                    )
            return await original(name=name, arguments=arguments)
    
        monkeypatch.setattr(board, "call_tool", call_tool)
        with pytest.raises((OrganizeWriteRefusalError, SurfaceLeaseError)):
>           await fixtures.run_owner(owner)

tests/chains/test_authority_independent_review.py:125: 
_ _ _ _ _ _ _ _ _ _ _ _ _ _ _ _ _ _ _ _ _ _ _ _ _ _ _ _ _ _ _ _ _ _ _ _ _ _ _ _ 
tests/chains/test_organize_owner.py:191: in run_owner
    return await owner.run(
src/kodezart/services/organize_owner.py:972: in run
    await self._tracker.execution_approved(
src/kodezart/adapters/linear_mcp_tracker.py:3486: in execution_approved
    _, approved = await self._read_execution_approval(issue_key=issue_key)
                  ^^^^^^^^^^^^^^^^^^^^^^^^^^^^^^^^^^^^^^^^^^^^^^^^^^^^^^^^
src/kodezart/adapters/linear_mcp_tracker.py:3513: in _read_execution_approval
    approved = await resolve_execution_approval(
src/kodezart/domain/scope_approval.py:61: in resolve_execution_approval
    approved, parent = await read_container(ancestor)
                       ^^^^^^^^^^^^^^^^^^^^^^^^^^^^^^
src/kodezart/adapters/linear_mcp_tracker.py:3511: in read_container
    return await reader.approval_parent(ref=ref, approved_label=label)
           ^^^^^^^^^^^^^^^^^^^^^^^^^^^^^^^^^^^^^^^^^^^^^^^^^^^^^^^^^^^
src/kodezart/adapters/linear_scope_reader.py:89: in approval_parent
    labels, parent = await self.labels_parent(ref=ref)
                     ^^^^^^^^^^^^^^^^^^^^^^^^^^^^^^^^^
src/kodezart/adapters/linear_scope_reader.py:102: in labels_parent
    project = await self._read(
_ _ _ _ _ _ _ _ _ _ _ _ _ _ _ _ _ _ _ _ _ _ _ _ _ _ _ _ _ _ _ _ _ _ _ _ _ _ _ _ 

self = <kodezart.adapters.linear_scope_reader.LinearScopeReader object at 0x10cebffb0>
shape = <class 'kodezart.adapters.linear_scope_types.LinearApprovalProjectWire'>
tool = 'get_project', arguments = {'query': 'authority-project'}

    async def _read[WireT: LinearWireModel](
        self,
        shape: type[WireT],
        tool: str,
        arguments: Mapping[str, object],
    ) -> WireT:
        payload = await self._call(tool, arguments)
        try:
            return shape.model_validate(payload)
        except ValidationError as exc:
>           raise TrackerProtocolError(
                "scope response does not match its declared shape",
                tool=tool,
                detail=str(exc),
            ) from exc
E           kodezart.core.errors.TrackerProtocolError: scope response does not match its declared shape (tool: get_project; 1 validation error for LinearApprovalProjectWire
E           description
E             Field required [type=missing, input_value={'id': 'authority-project...ject/authority-project'}, input_type=dict]
E               For further information visit https://errors.pydantic.dev/2.12/v/missing)

src/kodezart/adapters/linear_scope_reader.py:415: TrackerProtocolError
_ test_unsent_retry_preserves_every_owner_precondition[parent_approval-graph] __

self = <kodezart.adapters.linear_scope_reader.LinearScopeReader object at 0x10d25c470>
shape = <class 'kodezart.adapters.linear_scope_types.LinearApprovalProjectWire'>
tool = 'get_project', arguments = {'query': 'authority-project'}

    async def _read[WireT: LinearWireModel](
        self,
        shape: type[WireT],
        tool: str,
        arguments: Mapping[str, object],
    ) -> WireT:
        payload = await self._call(tool, arguments)
        try:
>           return shape.model_validate(payload)
                   ^^^^^^^^^^^^^^^^^^^^^^^^^^^^^
E           pydantic_core._pydantic_core.ValidationError: 1 validation error for LinearApprovalProjectWire
E           description
E             Field required [type=missing, input_value={'id': 'authority-project...ject/authority-project'}, input_type=dict]
E               For further information visit https://errors.pydantic.dev/2.12/v/missing

src/kodezart/adapters/linear_scope_reader.py:413: ValidationError

The above exception was the direct cause of the following exception:

monkeypatch = <_pytest.monkeypatch.MonkeyPatch object at 0x10cebe6c0>
kind = 'graph', change = 'parent_approval'

    @pytest.mark.parametrize("kind", ["body", "graph", "split", "criteria"])
    @pytest.mark.parametrize("change", ["parent_approval", "project_approval", "context", "membership", "phase", "lease"])
    async def test_unsent_retry_preserves_every_owner_precondition(monkeypatch, kind, change):
        owner, board, selected = configured(monkeypatch, kind)
        original = board.call_tool
        attempts = 0
        before_subject = None
    
        async def call_tool(*, name, arguments):
            nonlocal attempts, before_subject
            if selected(name, arguments):
                attempts += 1
                if attempts == 1:
                    subject = board.server.issues[CLAIMED_ISSUE]
                    before_subject = copy.deepcopy(subject)
                    if change == "parent_approval":
                        board.server.issues[PARENT].labels.append("approved scope")
                    elif change == "project_approval":
                        board.server.projects[PROJECT]["labels"].append("approved scope")
                    elif change == "context":
                        board.server.issues[PARENT].description = "Externally revised context."
                    elif change == "membership":
                        board.server.issues["new-member"] = FakeMcpIssue(
                            id="new-member", parent_id=CLAIMED_ISSUE,
                            description="An externally added scope member.",
                        )
                    elif change == "phase":
                        subject.labels = [label for label in subject.labels if label not in {
                            "candidate scope", "graph complete", "body complete"
                        }]
                    else:
                        board.advance(10000)
                    raise McpTransportError(
                        "Known unsent interruption", server_name="fixture", tool_name=name
                    )
            return await original(name=name, arguments=arguments)
    
        monkeypatch.setattr(board, "call_tool", call_tool)
        with pytest.raises((OrganizeWriteRefusalError, SurfaceLeaseError)):
>           await fixtures.run_owner(owner)

tests/chains/test_authority_independent_review.py:125: 
_ _ _ _ _ _ _ _ _ _ _ _ _ _ _ _ _ _ _ _ _ _ _ _ _ _ _ _ _ _ _ _ _ _ _ _ _ _ _ _ 
tests/chains/test_organize_owner.py:191: in run_owner
    return await owner.run(
src/kodezart/services/organize_owner.py:972: in run
    await self._tracker.execution_approved(
src/kodezart/adapters/linear_mcp_tracker.py:3486: in execution_approved
    _, approved = await self._read_execution_approval(issue_key=issue_key)
                  ^^^^^^^^^^^^^^^^^^^^^^^^^^^^^^^^^^^^^^^^^^^^^^^^^^^^^^^^
src/kodezart/adapters/linear_mcp_tracker.py:3513: in _read_execution_approval
    approved = await resolve_execution_approval(
src/kodezart/domain/scope_approval.py:61: in resolve_execution_approval
    approved, parent = await read_container(ancestor)
                       ^^^^^^^^^^^^^^^^^^^^^^^^^^^^^^
src/kodezart/adapters/linear_mcp_tracker.py:3511: in read_container
    return await reader.approval_parent(ref=ref, approved_label=label)
           ^^^^^^^^^^^^^^^^^^^^^^^^^^^^^^^^^^^^^^^^^^^^^^^^^^^^^^^^^^^
src/kodezart/adapters/linear_scope_reader.py:89: in approval_parent
    labels, parent = await self.labels_parent(ref=ref)
                     ^^^^^^^^^^^^^^^^^^^^^^^^^^^^^^^^^
src/kodezart/adapters/linear_scope_reader.py:102: in labels_parent
    project = await self._read(
_ _ _ _ _ _ _ _ _ _ _ _ _ _ _ _ _ _ _ _ _ _ _ _ _ _ _ _ _ _ _ _ _ _ _ _ _ _ _ _ 

self = <kodezart.adapters.linear_scope_reader.LinearScopeReader object at 0x10d25c470>
shape = <class 'kodezart.adapters.linear_scope_types.LinearApprovalProjectWire'>
tool = 'get_project', arguments = {'query': 'authority-project'}

    async def _read[WireT: LinearWireModel](
        self,
        shape: type[WireT],
        tool: str,
        arguments: Mapping[str, object],
    ) -> WireT:
        payload = await self._call(tool, arguments)
        try:
            return shape.model_validate(payload)
        except ValidationError as exc:
>           raise TrackerProtocolError(
                "scope response does not match its declared shape",
                tool=tool,
                detail=str(exc),
            ) from exc
E           kodezart.core.errors.TrackerProtocolError: scope response does not match its declared shape (tool: get_project; 1 validation error for LinearApprovalProjectWire
E           description
E             Field required [type=missing, input_value={'id': 'authority-project...ject/authority-project'}, input_type=dict]
E               For further information visit https://errors.pydantic.dev/2.12/v/missing)

src/kodezart/adapters/linear_scope_reader.py:415: TrackerProtocolError
_ test_unsent_retry_preserves_every_owner_precondition[parent_approval-split] __

self = <kodezart.adapters.linear_scope_reader.LinearScopeReader object at 0x10d25e2d0>
shape = <class 'kodezart.adapters.linear_scope_types.LinearApprovalProjectWire'>
tool = 'get_project', arguments = {'query': 'authority-project'}

    async def _read[WireT: LinearWireModel](
        self,
        shape: type[WireT],
        tool: str,
        arguments: Mapping[str, object],
    ) -> WireT:
        payload = await self._call(tool, arguments)
        try:
>           return shape.model_validate(payload)
                   ^^^^^^^^^^^^^^^^^^^^^^^^^^^^^
E           pydantic_core._pydantic_core.ValidationError: 1 validation error for LinearApprovalProjectWire
E           description
E             Field required [type=missing, input_value={'id': 'authority-project...ject/authority-project'}, input_type=dict]
E               For further information visit https://errors.pydantic.dev/2.12/v/missing

src/kodezart/adapters/linear_scope_reader.py:413: ValidationError

The above exception was the direct cause of the following exception:

monkeypatch = <_pytest.monkeypatch.MonkeyPatch object at 0x10ced0200>
kind = 'split', change = 'parent_approval'

    @pytest.mark.parametrize("kind", ["body", "graph", "split", "criteria"])
    @pytest.mark.parametrize("change", ["parent_approval", "project_approval", "context", "membership", "phase", "lease"])
    async def test_unsent_retry_preserves_every_owner_precondition(monkeypatch, kind, change):
        owner, board, selected = configured(monkeypatch, kind)
        original = board.call_tool
        attempts = 0
        before_subject = None
    
        async def call_tool(*, name, arguments):
            nonlocal attempts, before_subject
            if selected(name, arguments):
                attempts += 1
                if attempts == 1:
                    subject = board.server.issues[CLAIMED_ISSUE]
                    before_subject = copy.deepcopy(subject)
                    if change == "parent_approval":
                        board.server.issues[PARENT].labels.append("approved scope")
                    elif change == "project_approval":
                        board.server.projects[PROJECT]["labels"].append("approved scope")
                    elif change == "context":
                        board.server.issues[PARENT].description = "Externally revised context."
                    elif change == "membership":
                        board.server.issues["new-member"] = FakeMcpIssue(
                            id="new-member", parent_id=CLAIMED_ISSUE,
                            description="An externally added scope member.",
                        )
                    elif change == "phase":
                        subject.labels = [label for label in subject.labels if label not in {
                            "candidate scope", "graph complete", "body complete"
                        }]
                    else:
                        board.advance(10000)
                    raise McpTransportError(
                        "Known unsent interruption", server_name="fixture", tool_name=name
                    )
            return await original(name=name, arguments=arguments)
    
        monkeypatch.setattr(board, "call_tool", call_tool)
        with pytest.raises((OrganizeWriteRefusalError, SurfaceLeaseError)):
>           await fixtures.run_owner(owner)

tests/chains/test_authority_independent_review.py:125: 
_ _ _ _ _ _ _ _ _ _ _ _ _ _ _ _ _ _ _ _ _ _ _ _ _ _ _ _ _ _ _ _ _ _ _ _ _ _ _ _ 
tests/chains/test_organize_owner.py:191: in run_owner
    return await owner.run(
src/kodezart/services/organize_owner.py:972: in run
    await self._tracker.execution_approved(
src/kodezart/adapters/linear_mcp_tracker.py:3486: in execution_approved
    _, approved = await self._read_execution_approval(issue_key=issue_key)
                  ^^^^^^^^^^^^^^^^^^^^^^^^^^^^^^^^^^^^^^^^^^^^^^^^^^^^^^^^
src/kodezart/adapters/linear_mcp_tracker.py:3513: in _read_execution_approval
    approved = await resolve_execution_approval(
src/kodezart/domain/scope_approval.py:61: in resolve_execution_approval
    approved, parent = await read_container(ancestor)
                       ^^^^^^^^^^^^^^^^^^^^^^^^^^^^^^
src/kodezart/adapters/linear_mcp_tracker.py:3511: in read_container
    return await reader.approval_parent(ref=ref, approved_label=label)
           ^^^^^^^^^^^^^^^^^^^^^^^^^^^^^^^^^^^^^^^^^^^^^^^^^^^^^^^^^^^
src/kodezart/adapters/linear_scope_reader.py:89: in approval_parent
    labels, parent = await self.labels_parent(ref=ref)
                     ^^^^^^^^^^^^^^^^^^^^^^^^^^^^^^^^^
src/kodezart/adapters/linear_scope_reader.py:102: in labels_parent
    project = await self._read(
_ _ _ _ _ _ _ _ _ _ _ _ _ _ _ _ _ _ _ _ _ _ _ _ _ _ _ _ _ _ _ _ _ _ _ _ _ _ _ _ 

self = <kodezart.adapters.linear_scope_reader.LinearScopeReader object at 0x10d25e2d0>
shape = <class 'kodezart.adapters.linear_scope_types.LinearApprovalProjectWire'>
tool = 'get_project', arguments = {'query': 'authority-project'}

    async def _read[WireT: LinearWireModel](
        self,
        shape: type[WireT],
        tool: str,
        arguments: Mapping[str, object],
    ) -> WireT:
        payload = await self._call(tool, arguments)
        try:
            return shape.model_validate(payload)
        except ValidationError as exc:
>           raise TrackerProtocolError(
                "scope response does not match its declared shape",
                tool=tool,
                detail=str(exc),
            ) from exc
E           kodezart.core.errors.TrackerProtocolError: scope response does not match its declared shape (tool: get_project; 1 validation error for LinearApprovalProjectWire
E           description
E             Field required [type=missing, input_value={'id': 'authority-project...ject/authority-project'}, input_type=dict]
E               For further information visit https://errors.pydantic.dev/2.12/v/missing)

src/kodezart/adapters/linear_scope_reader.py:415: TrackerProtocolError
_ test_unsent_retry_preserves_every_owner_precondition[parent_approval-criteria] _

self = <kodezart.adapters.linear_scope_reader.LinearScopeReader object at 0x10d300f50>
shape = <class 'kodezart.adapters.linear_scope_types.LinearApprovalProjectWire'>
tool = 'get_project', arguments = {'query': 'authority-project'}

    async def _read[WireT: LinearWireModel](
        self,
        shape: type[WireT],
        tool: str,
        arguments: Mapping[str, object],
    ) -> WireT:
        payload = await self._call(tool, arguments)
        try:
>           return shape.model_validate(payload)
                   ^^^^^^^^^^^^^^^^^^^^^^^^^^^^^
E           pydantic_core._pydantic_core.ValidationError: 1 validation error for LinearApprovalProjectWire
E           description
E             Field required [type=missing, input_value={'id': 'authority-project...ject/authority-project'}, input_type=dict]
E               For further information visit https://errors.pydantic.dev/2.12/v/missing

src/kodezart/adapters/linear_scope_reader.py:413: ValidationError

The above exception was the direct cause of the following exception:

monkeypatch = <_pytest.monkeypatch.MonkeyPatch object at 0x10d25ca40>
kind = 'criteria', change = 'parent_approval'

    @pytest.mark.parametrize("kind", ["body", "graph", "split", "criteria"])
    @pytest.mark.parametrize("change", ["parent_approval", "project_approval", "context", "membership", "phase", "lease"])
    async def test_unsent_retry_preserves_every_owner_precondition(monkeypatch, kind, change):
        owner, board, selected = configured(monkeypatch, kind)
        original = board.call_tool
        attempts = 0
        before_subject = None
    
        async def call_tool(*, name, arguments):
            nonlocal attempts, before_subject
            if selected(name, arguments):
                attempts += 1
                if attempts == 1:
                    subject = board.server.issues[CLAIMED_ISSUE]
                    before_subject = copy.deepcopy(subject)
                    if change == "parent_approval":
                        board.server.issues[PARENT].labels.append("approved scope")
                    elif change == "project_approval":
                        board.server.projects[PROJECT]["labels"].append("approved scope")
                    elif change == "context":
                        board.server.issues[PARENT].description = "Externally revised context."
                    elif change == "membership":
                        board.server.issues["new-member"] = FakeMcpIssue(
                            id="new-member", parent_id=CLAIMED_ISSUE,
                            description="An externally added scope member.",
                        )
                    elif change == "phase":
                        subject.labels = [label for label in subject.labels if label not in {
                            "candidate scope", "graph complete", "body complete"
                        }]
                    else:
                        board.advance(10000)
                    raise McpTransportError(
                        "Known unsent interruption", server_name="fixture", tool_name=name
                    )
            return await original(name=name, arguments=arguments)
    
        monkeypatch.setattr(board, "call_tool", call_tool)
        with pytest.raises((OrganizeWriteRefusalError, SurfaceLeaseError)):
>           await fixtures.run_owner(owner)

tests/chains/test_authority_independent_review.py:125: 
_ _ _ _ _ _ _ _ _ _ _ _ _ _ _ _ _ _ _ _ _ _ _ _ _ _ _ _ _ _ _ _ _ _ _ _ _ _ _ _ 
tests/chains/test_organize_owner.py:191: in run_owner
    return await owner.run(
src/kodezart/services/organize_owner.py:972: in run
    await self._tracker.execution_approved(
src/kodezart/adapters/linear_mcp_tracker.py:3486: in execution_approved
    _, approved = await self._read_execution_approval(issue_key=issue_key)
                  ^^^^^^^^^^^^^^^^^^^^^^^^^^^^^^^^^^^^^^^^^^^^^^^^^^^^^^^^
src/kodezart/adapters/linear_mcp_tracker.py:3513: in _read_execution_approval
    approved = await resolve_execution_approval(
src/kodezart/domain/scope_approval.py:61: in resolve_execution_approval
    approved, parent = await read_container(ancestor)
                       ^^^^^^^^^^^^^^^^^^^^^^^^^^^^^^
src/kodezart/adapters/linear_mcp_tracker.py:3511: in read_container
    return await reader.approval_parent(ref=ref, approved_label=label)
           ^^^^^^^^^^^^^^^^^^^^^^^^^^^^^^^^^^^^^^^^^^^^^^^^^^^^^^^^^^^
src/kodezart/adapters/linear_scope_reader.py:89: in approval_parent
    labels, parent = await self.labels_parent(ref=ref)
                     ^^^^^^^^^^^^^^^^^^^^^^^^^^^^^^^^^
src/kodezart/adapters/linear_scope_reader.py:102: in labels_parent
    project = await self._read(
_ _ _ _ _ _ _ _ _ _ _ _ _ _ _ _ _ _ _ _ _ _ _ _ _ _ _ _ _ _ _ _ _ _ _ _ _ _ _ _ 

self = <kodezart.adapters.linear_scope_reader.LinearScopeReader object at 0x10d300f50>
shape = <class 'kodezart.adapters.linear_scope_types.LinearApprovalProjectWire'>
tool = 'get_project', arguments = {'query': 'authority-project'}

    async def _read[WireT: LinearWireModel](
        self,
        shape: type[WireT],
        tool: str,
        arguments: Mapping[str, object],
    ) -> WireT:
        payload = await self._call(tool, arguments)
        try:
            return shape.model_validate(payload)
        except ValidationError as exc:
>           raise TrackerProtocolError(
                "scope response does not match its declared shape",
                tool=tool,
                detail=str(exc),
            ) from exc
E           kodezart.core.errors.TrackerProtocolError: scope response does not match its declared shape (tool: get_project; 1 validation error for LinearApprovalProjectWire
E           description
E             Field required [type=missing, input_value={'id': 'authority-project...ject/authority-project'}, input_type=dict]
E               For further information visit https://errors.pydantic.dev/2.12/v/missing)

src/kodezart/adapters/linear_scope_reader.py:415: TrackerProtocolError
_ test_unsent_retry_preserves_every_owner_precondition[project_approval-body] __

self = <kodezart.adapters.linear_scope_reader.LinearScopeReader object at 0x10d303f50>
shape = <class 'kodezart.adapters.linear_scope_types.LinearApprovalProjectWire'>
tool = 'get_project', arguments = {'query': 'authority-project'}

    async def _read[WireT: LinearWireModel](
        self,
        shape: type[WireT],
        tool: str,
        arguments: Mapping[str, object],
    ) -> WireT:
        payload = await self._call(tool, arguments)
        try:
>           return shape.model_validate(payload)
                   ^^^^^^^^^^^^^^^^^^^^^^^^^^^^^
E           pydantic_core._pydantic_core.ValidationError: 1 validation error for LinearApprovalProjectWire
E           description
E             Field required [type=missing, input_value={'id': 'authority-project...ject/authority-project'}, input_type=dict]
E               For further information visit https://errors.pydantic.dev/2.12/v/missing

src/kodezart/adapters/linear_scope_reader.py:413: ValidationError

The above exception was the direct cause of the following exception:

monkeypatch = <_pytest.monkeypatch.MonkeyPatch object at 0x10d25d700>
kind = 'body', change = 'project_approval'

    @pytest.mark.parametrize("kind", ["body", "graph", "split", "criteria"])
    @pytest.mark.parametrize("change", ["parent_approval", "project_approval", "context", "membership", "phase", "lease"])
    async def test_unsent_retry_preserves_every_owner_precondition(monkeypatch, kind, change):
        owner, board, selected = configured(monkeypatch, kind)
        original = board.call_tool
        attempts = 0
        before_subject = None
    
        async def call_tool(*, name, arguments):
            nonlocal attempts, before_subject
            if selected(name, arguments):
                attempts += 1
                if attempts == 1:
                    subject = board.server.issues[CLAIMED_ISSUE]
                    before_subject = copy.deepcopy(subject)
                    if change == "parent_approval":
                        board.server.issues[PARENT].labels.append("approved scope")
                    elif change == "project_approval":
                        board.server.projects[PROJECT]["labels"].append("approved scope")
                    elif change == "context":
                        board.server.issues[PARENT].description = "Externally revised context."
                    elif change == "membership":
                        board.server.issues["new-member"] = FakeMcpIssue(
                            id="new-member", parent_id=CLAIMED_ISSUE,
                            description="An externally added scope member.",
                        )
                    elif change == "phase":
                        subject.labels = [label for label in subject.labels if label not in {
                            "candidate scope", "graph complete", "body complete"
                        }]
                    else:
                        board.advance(10000)
                    raise McpTransportError(
                        "Known unsent interruption", server_name="fixture", tool_name=name
                    )
            return await original(name=name, arguments=arguments)
    
        monkeypatch.setattr(board, "call_tool", call_tool)
        with pytest.raises((OrganizeWriteRefusalError, SurfaceLeaseError)):
>           await fixtures.run_owner(owner)

tests/chains/test_authority_independent_review.py:125: 
_ _ _ _ _ _ _ _ _ _ _ _ _ _ _ _ _ _ _ _ _ _ _ _ _ _ _ _ _ _ _ _ _ _ _ _ _ _ _ _ 
tests/chains/test_organize_owner.py:191: in run_owner
    return await owner.run(
src/kodezart/services/organize_owner.py:972: in run
    await self._tracker.execution_approved(
src/kodezart/adapters/linear_mcp_tracker.py:3486: in execution_approved
    _, approved = await self._read_execution_approval(issue_key=issue_key)
                  ^^^^^^^^^^^^^^^^^^^^^^^^^^^^^^^^^^^^^^^^^^^^^^^^^^^^^^^^
src/kodezart/adapters/linear_mcp_tracker.py:3513: in _read_execution_approval
    approved = await resolve_execution_approval(
src/kodezart/domain/scope_approval.py:61: in resolve_execution_approval
    approved, parent = await read_container(ancestor)
                       ^^^^^^^^^^^^^^^^^^^^^^^^^^^^^^
src/kodezart/adapters/linear_mcp_tracker.py:3511: in read_container
    return await reader.approval_parent(ref=ref, approved_label=label)
           ^^^^^^^^^^^^^^^^^^^^^^^^^^^^^^^^^^^^^^^^^^^^^^^^^^^^^^^^^^^
src/kodezart/adapters/linear_scope_reader.py:89: in approval_parent
    labels, parent = await self.labels_parent(ref=ref)
                     ^^^^^^^^^^^^^^^^^^^^^^^^^^^^^^^^^
src/kodezart/adapters/linear_scope_reader.py:102: in labels_parent
    project = await self._read(
_ _ _ _ _ _ _ _ _ _ _ _ _ _ _ _ _ _ _ _ _ _ _ _ _ _ _ _ _ _ _ _ _ _ _ _ _ _ _ _ 

self = <kodezart.adapters.linear_scope_reader.LinearScopeReader object at 0x10d303f50>
shape = <class 'kodezart.adapters.linear_scope_types.LinearApprovalProjectWire'>
tool = 'get_project', arguments = {'query': 'authority-project'}

    async def _read[WireT: LinearWireModel](
        self,
        shape: type[WireT],
        tool: str,
        arguments: Mapping[str, object],
    ) -> WireT:
        payload = await self._call(tool, arguments)
        try:
            return shape.model_validate(payload)
        except ValidationError as exc:
>           raise TrackerProtocolError(
                "scope response does not match its declared shape",
                tool=tool,
                detail=str(exc),
            ) from exc
E           kodezart.core.errors.TrackerProtocolError: scope response does not match its declared shape (tool: get_project; 1 validation error for LinearApprovalProjectWire
E           description
E             Field required [type=missing, input_value={'id': 'authority-project...ject/authority-project'}, input_type=dict]
E               For further information visit https://errors.pydantic.dev/2.12/v/missing)

src/kodezart/adapters/linear_scope_reader.py:415: TrackerProtocolError
_ test_unsent_retry_preserves_every_owner_precondition[project_approval-graph] _

self = <kodezart.adapters.linear_scope_reader.LinearScopeReader object at 0x10d2dcb00>
shape = <class 'kodezart.adapters.linear_scope_types.LinearApprovalProjectWire'>
tool = 'get_project', arguments = {'query': 'authority-project'}

    async def _read[WireT: LinearWireModel](
        self,
        shape: type[WireT],
        tool: str,
        arguments: Mapping[str, object],
    ) -> WireT:
        payload = await self._call(tool, arguments)
        try:
>           return shape.model_validate(payload)
                   ^^^^^^^^^^^^^^^^^^^^^^^^^^^^^
E           pydantic_core._pydantic_core.ValidationError: 1 validation error for LinearApprovalProjectWire
E           description
E             Field required [type=missing, input_value={'id': 'authority-project...ject/authority-project'}, input_type=dict]
E               For further information visit https://errors.pydantic.dev/2.12/v/missing

src/kodezart/adapters/linear_scope_reader.py:413: ValidationError

The above exception was the direct cause of the following exception:

monkeypatch = <_pytest.monkeypatch.MonkeyPatch object at 0x10d3024e0>
kind = 'graph', change = 'project_approval'

    @pytest.mark.parametrize("kind", ["body", "graph", "split", "criteria"])
    @pytest.mark.parametrize("change", ["parent_approval", "project_approval", "context", "membership", "phase", "lease"])
    async def test_unsent_retry_preserves_every_owner_precondition(monkeypatch, kind, change):
        owner, board, selected = configured(monkeypatch, kind)
        original = board.call_tool
        attempts = 0
        before_subject = None
    
        async def call_tool(*, name, arguments):
            nonlocal attempts, before_subject
            if selected(name, arguments):
                attempts += 1
                if attempts == 1:
                    subject = board.server.issues[CLAIMED_ISSUE]
                    before_subject = copy.deepcopy(subject)
                    if change == "parent_approval":
                        board.server.issues[PARENT].labels.append("approved scope")
                    elif change == "project_approval":
                        board.server.projects[PROJECT]["labels"].append("approved scope")
                    elif change == "context":
                        board.server.issues[PARENT].description = "Externally revised context."
                    elif change == "membership":
                        board.server.issues["new-member"] = FakeMcpIssue(
                            id="new-member", parent_id=CLAIMED_ISSUE,
                            description="An externally added scope member.",
                        )
                    elif change == "phase":
                        subject.labels = [label for label in subject.labels if label not in {
                            "candidate scope", "graph complete", "body complete"
                        }]
                    else:
                        board.advance(10000)
                    raise McpTransportError(
                        "Known unsent interruption", server_name="fixture", tool_name=name
                    )
            return await original(name=name, arguments=arguments)
    
        monkeypatch.setattr(board, "call_tool", call_tool)
        with pytest.raises((OrganizeWriteRefusalError, SurfaceLeaseError)):
>           await fixtures.run_owner(owner)

tests/chains/test_authority_independent_review.py:125: 
_ _ _ _ _ _ _ _ _ _ _ _ _ _ _ _ _ _ _ _ _ _ _ _ _ _ _ _ _ _ _ _ _ _ _ _ _ _ _ _ 
tests/chains/test_organize_owner.py:191: in run_owner
    return await owner.run(
src/kodezart/services/organize_owner.py:972: in run
    await self._tracker.execution_approved(
src/kodezart/adapters/linear_mcp_tracker.py:3486: in execution_approved
    _, approved = await self._read_execution_approval(issue_key=issue_key)
                  ^^^^^^^^^^^^^^^^^^^^^^^^^^^^^^^^^^^^^^^^^^^^^^^^^^^^^^^^
src/kodezart/adapters/linear_mcp_tracker.py:3513: in _read_execution_approval
    approved = await resolve_execution_approval(
src/kodezart/domain/scope_approval.py:61: in resolve_execution_approval
    approved, parent = await read_container(ancestor)
                       ^^^^^^^^^^^^^^^^^^^^^^^^^^^^^^
src/kodezart/adapters/linear_mcp_tracker.py:3511: in read_container
    return await reader.approval_parent(ref=ref, approved_label=label)
           ^^^^^^^^^^^^^^^^^^^^^^^^^^^^^^^^^^^^^^^^^^^^^^^^^^^^^^^^^^^
src/kodezart/adapters/linear_scope_reader.py:89: in approval_parent
    labels, parent = await self.labels_parent(ref=ref)
                     ^^^^^^^^^^^^^^^^^^^^^^^^^^^^^^^^^
src/kodezart/adapters/linear_scope_reader.py:102: in labels_parent
    project = await self._read(
_ _ _ _ _ _ _ _ _ _ _ _ _ _ _ _ _ _ _ _ _ _ _ _ _ _ _ _ _ _ _ _ _ _ _ _ _ _ _ _ 

self = <kodezart.adapters.linear_scope_reader.LinearScopeReader object at 0x10d2dcb00>
shape = <class 'kodezart.adapters.linear_scope_types.LinearApprovalProjectWire'>
tool = 'get_project', arguments = {'query': 'authority-project'}

    async def _read[WireT: LinearWireModel](
        self,
        shape: type[WireT],
        tool: str,
        arguments: Mapping[str, object],
    ) -> WireT:
        payload = await self._call(tool, arguments)
        try:
            return shape.model_validate(payload)
        except ValidationError as exc:
>           raise TrackerProtocolError(
                "scope response does not match its declared shape",
                tool=tool,
                detail=str(exc),
            ) from exc
E           kodezart.core.errors.TrackerProtocolError: scope response does not match its declared shape (tool: get_project; 1 validation error for LinearApprovalProjectWire
E           description
E             Field required [type=missing, input_value={'id': 'authority-project...ject/authority-project'}, input_type=dict]
E               For further information visit https://errors.pydantic.dev/2.12/v/missing)

src/kodezart/adapters/linear_scope_reader.py:415: TrackerProtocolError
_ test_unsent_retry_preserves_every_owner_precondition[project_approval-split] _

self = <kodezart.adapters.linear_scope_reader.LinearScopeReader object at 0x10d2df530>
shape = <class 'kodezart.adapters.linear_scope_types.LinearApprovalProjectWire'>
tool = 'get_project', arguments = {'query': 'authority-project'}

    async def _read[WireT: LinearWireModel](
        self,
        shape: type[WireT],
        tool: str,
        arguments: Mapping[str, object],
    ) -> WireT:
        payload = await self._call(tool, arguments)
        try:
>           return shape.model_validate(payload)
                   ^^^^^^^^^^^^^^^^^^^^^^^^^^^^^
E           pydantic_core._pydantic_core.ValidationError: 1 validation error for LinearApprovalProjectWire
E           description
E             Field required [type=missing, input_value={'id': 'authority-project...ject/authority-project'}, input_type=dict]
E               For further information visit https://errors.pydantic.dev/2.12/v/missing

src/kodezart/adapters/linear_scope_reader.py:413: ValidationError

The above exception was the direct cause of the following exception:

monkeypatch = <_pytest.monkeypatch.MonkeyPatch object at 0x10d301bb0>
kind = 'split', change = 'project_approval'

    @pytest.mark.parametrize("kind", ["body", "graph", "split", "criteria"])
    @pytest.mark.parametrize("change", ["parent_approval", "project_approval", "context", "membership", "phase", "lease"])
    async def test_unsent_retry_preserves_every_owner_precondition(monkeypatch, kind, change):
        owner, board, selected = configured(monkeypatch, kind)
        original = board.call_tool
        attempts = 0
        before_subject = None
    
        async def call_tool(*, name, arguments):
            nonlocal attempts, before_subject
            if selected(name, arguments):
                attempts += 1
                if attempts == 1:
                    subject = board.server.issues[CLAIMED_ISSUE]
                    before_subject = copy.deepcopy(subject)
                    if change == "parent_approval":
                        board.server.issues[PARENT].labels.append("approved scope")
                    elif change == "project_approval":
                        board.server.projects[PROJECT]["labels"].append("approved scope")
                    elif change == "context":
                        board.server.issues[PARENT].description = "Externally revised context."
                    elif change == "membership":
                        board.server.issues["new-member"] = FakeMcpIssue(
                            id="new-member", parent_id=CLAIMED_ISSUE,
                            description="An externally added scope member.",
                        )
                    elif change == "phase":
                        subject.labels = [label for label in subject.labels if label not in {
                            "candidate scope", "graph complete", "body complete"
                        }]
                    else:
                        board.advance(10000)
                    raise McpTransportError(
                        "Known unsent interruption", server_name="fixture", tool_name=name
                    )
            return await original(name=name, arguments=arguments)
    
        monkeypatch.setattr(board, "call_tool", call_tool)
        with pytest.raises((OrganizeWriteRefusalError, SurfaceLeaseError)):
>           await fixtures.run_owner(owner)

tests/chains/test_authority_independent_review.py:125: 
_ _ _ _ _ _ _ _ _ _ _ _ _ _ _ _ _ _ _ _ _ _ _ _ _ _ _ _ _ _ _ _ _ _ _ _ _ _ _ _ 
tests/chains/test_organize_owner.py:191: in run_owner
    return await owner.run(
src/kodezart/services/organize_owner.py:972: in run
    await self._tracker.execution_approved(
src/kodezart/adapters/linear_mcp_tracker.py:3486: in execution_approved
    _, approved = await self._read_execution_approval(issue_key=issue_key)
                  ^^^^^^^^^^^^^^^^^^^^^^^^^^^^^^^^^^^^^^^^^^^^^^^^^^^^^^^^
src/kodezart/adapters/linear_mcp_tracker.py:3513: in _read_execution_approval
    approved = await resolve_execution_approval(
src/kodezart/domain/scope_approval.py:61: in resolve_execution_approval
    approved, parent = await read_container(ancestor)
                       ^^^^^^^^^^^^^^^^^^^^^^^^^^^^^^
src/kodezart/adapters/linear_mcp_tracker.py:3511: in read_container
    return await reader.approval_parent(ref=ref, approved_label=label)
           ^^^^^^^^^^^^^^^^^^^^^^^^^^^^^^^^^^^^^^^^^^^^^^^^^^^^^^^^^^^
src/kodezart/adapters/linear_scope_reader.py:89: in approval_parent
    labels, parent = await self.labels_parent(ref=ref)
                     ^^^^^^^^^^^^^^^^^^^^^^^^^^^^^^^^^
src/kodezart/adapters/linear_scope_reader.py:102: in labels_parent
    project = await self._read(
_ _ _ _ _ _ _ _ _ _ _ _ _ _ _ _ _ _ _ _ _ _ _ _ _ _ _ _ _ _ _ _ _ _ _ _ _ _ _ _ 

self = <kodezart.adapters.linear_scope_reader.LinearScopeReader object at 0x10d2df530>
shape = <class 'kodezart.adapters.linear_scope_types.LinearApprovalProjectWire'>
tool = 'get_project', arguments = {'query': 'authority-project'}

    async def _read[WireT: LinearWireModel](
        self,
        shape: type[WireT],
        tool: str,
        arguments: Mapping[str, object],
    ) -> WireT:
        payload = await self._call(tool, arguments)
        try:
            return shape.model_validate(payload)
        except ValidationError as exc:
>           raise TrackerProtocolError(
                "scope response does not match its declared shape",
                tool=tool,
                detail=str(exc),
            ) from exc
E           kodezart.core.errors.TrackerProtocolError: scope response does not match its declared shape (tool: get_project; 1 validation error for LinearApprovalProjectWire
E           description
E             Field required [type=missing, input_value={'id': 'authority-project...ject/authority-project'}, input_type=dict]
E               For further information visit https://errors.pydantic.dev/2.12/v/missing)

src/kodezart/adapters/linear_scope_reader.py:415: TrackerProtocolError
_ test_unsent_retry_preserves_every_owner_precondition[project_approval-criteria] _

self = <kodezart.adapters.linear_scope_reader.LinearScopeReader object at 0x10d2ce030>
shape = <class 'kodezart.adapters.linear_scope_types.LinearApprovalProjectWire'>
tool = 'get_project', arguments = {'query': 'authority-project'}

    async def _read[WireT: LinearWireModel](
        self,
        shape: type[WireT],
        tool: str,
        arguments: Mapping[str, object],
    ) -> WireT:
        payload = await self._call(tool, arguments)
        try:
>           return shape.model_validate(payload)
                   ^^^^^^^^^^^^^^^^^^^^^^^^^^^^^
E           pydantic_core._pydantic_core.ValidationError: 1 validation error for LinearApprovalProjectWire
E           description
E             Field required [type=missing, input_value={'id': 'authority-project...ject/authority-project'}, input_type=dict]
E               For further information visit https://errors.pydantic.dev/2.12/v/missing

src/kodezart/adapters/linear_scope_reader.py:413: ValidationError

The above exception was the direct cause of the following exception:

monkeypatch = <_pytest.monkeypatch.MonkeyPatch object at 0x10d2dca40>
kind = 'criteria', change = 'project_approval'

    @pytest.mark.parametrize("kind", ["body", "graph", "split", "criteria"])
    @pytest.mark.parametrize("change", ["parent_approval", "project_approval", "context", "membership", "phase", "lease"])
    async def test_unsent_retry_preserves_every_owner_precondition(monkeypatch, kind, change):
        owner, board, selected = configured(monkeypatch, kind)
        original = board.call_tool
        attempts = 0
        before_subject = None
    
        async def call_tool(*, name, arguments):
            nonlocal attempts, before_subject
            if selected(name, arguments):
                attempts += 1
                if attempts == 1:
                    subject = board.server.issues[CLAIMED_ISSUE]
                    before_subject = copy.deepcopy(subject)
                    if change == "parent_approval":
                        board.server.issues[PARENT].labels.append("approved scope")
                    elif change == "project_approval":
                        board.server.projects[PROJECT]["labels"].append("approved scope")
                    elif change == "context":
                        board.server.issues[PARENT].description = "Externally revised context."
                    elif change == "membership":
                        board.server.issues["new-member"] = FakeMcpIssue(
                            id="new-member", parent_id=CLAIMED_ISSUE,
                            description="An externally added scope member.",
                        )
                    elif change == "phase":
                        subject.labels = [label for label in subject.labels if label not in {
                            "candidate scope", "graph complete", "body complete"
                        }]
                    else:
                        board.advance(10000)
                    raise McpTransportError(
                        "Known unsent interruption", server_name="fixture", tool_name=name
                    )
            return await original(name=name, arguments=arguments)
    
        monkeypatch.setattr(board, "call_tool", call_tool)
        with pytest.raises((OrganizeWriteRefusalError, SurfaceLeaseError)):
>           await fixtures.run_owner(owner)

tests/chains/test_authority_independent_review.py:125: 
_ _ _ _ _ _ _ _ _ _ _ _ _ _ _ _ _ _ _ _ _ _ _ _ _ _ _ _ _ _ _ _ _ _ _ _ _ _ _ _ 
tests/chains/test_organize_owner.py:191: in run_owner
    return await owner.run(
src/kodezart/services/organize_owner.py:972: in run
    await self._tracker.execution_approved(
src/kodezart/adapters/linear_mcp_tracker.py:3486: in execution_approved
    _, approved = await self._read_execution_approval(issue_key=issue_key)
                  ^^^^^^^^^^^^^^^^^^^^^^^^^^^^^^^^^^^^^^^^^^^^^^^^^^^^^^^^
src/kodezart/adapters/linear_mcp_tracker.py:3513: in _read_execution_approval
    approved = await resolve_execution_approval(
src/kodezart/domain/scope_approval.py:61: in resolve_execution_approval
    approved, parent = await read_container(ancestor)
                       ^^^^^^^^^^^^^^^^^^^^^^^^^^^^^^
src/kodezart/adapters/linear_mcp_tracker.py:3511: in read_container
    return await reader.approval_parent(ref=ref, approved_label=label)
           ^^^^^^^^^^^^^^^^^^^^^^^^^^^^^^^^^^^^^^^^^^^^^^^^^^^^^^^^^^^
src/kodezart/adapters/linear_scope_reader.py:89: in approval_parent
    labels, parent = await self.labels_parent(ref=ref)
                     ^^^^^^^^^^^^^^^^^^^^^^^^^^^^^^^^^
src/kodezart/adapters/linear_scope_reader.py:102: in labels_parent
    project = await self._read(
_ _ _ _ _ _ _ _ _ _ _ _ _ _ _ _ _ _ _ _ _ _ _ _ _ _ _ _ _ _ _ _ _ _ _ _ _ _ _ _ 

self = <kodezart.adapters.linear_scope_reader.LinearScopeReader object at 0x10d2ce030>
shape = <class 'kodezart.adapters.linear_scope_types.LinearApprovalProjectWire'>
tool = 'get_project', arguments = {'query': 'authority-project'}

    async def _read[WireT: LinearWireModel](
        self,
        shape: type[WireT],
        tool: str,
        arguments: Mapping[str, object],
    ) -> WireT:
        payload = await self._call(tool, arguments)
        try:
            return shape.model_validate(payload)
        except ValidationError as exc:
>           raise TrackerProtocolError(
                "scope response does not match its declared shape",
                tool=tool,
                detail=str(exc),
            ) from exc
E           kodezart.core.errors.TrackerProtocolError: scope response does not match its declared shape (tool: get_project; 1 validation error for LinearApprovalProjectWire
E           description
E             Field required [type=missing, input_value={'id': 'authority-project...ject/authority-project'}, input_type=dict]
E               For further information visit https://errors.pydantic.dev/2.12/v/missing)

src/kodezart/adapters/linear_scope_reader.py:415: TrackerProtocolError
______ test_unsent_retry_preserves_every_owner_precondition[context-body] ______

self = <kodezart.adapters.linear_scope_reader.LinearScopeReader object at 0x10d2cce60>
shape = <class 'kodezart.adapters.linear_scope_types.LinearApprovalProjectWire'>
tool = 'get_project', arguments = {'query': 'authority-project'}

    async def _read[WireT: LinearWireModel](
        self,
        shape: type[WireT],
        tool: str,
        arguments: Mapping[str, object],
    ) -> WireT:
        payload = await self._call(tool, arguments)
        try:
>           return shape.model_validate(payload)
                   ^^^^^^^^^^^^^^^^^^^^^^^^^^^^^
E           pydantic_core._pydantic_core.ValidationError: 1 validation error for LinearApprovalProjectWire
E           description
E             Field required [type=missing, input_value={'id': 'authority-project...ject/authority-project'}, input_type=dict]
E               For further information visit https://errors.pydantic.dev/2.12/v/missing

src/kodezart/adapters/linear_scope_reader.py:413: ValidationError

The above exception was the direct cause of the following exception:

monkeypatch = <_pytest.monkeypatch.MonkeyPatch object at 0x10d2de510>
kind = 'body', change = 'context'

    @pytest.mark.parametrize("kind", ["body", "graph", "split", "criteria"])
    @pytest.mark.parametrize("change", ["parent_approval", "project_approval", "context", "membership", "phase", "lease"])
    async def test_unsent_retry_preserves_every_owner_precondition(monkeypatch, kind, change):
        owner, board, selected = configured(monkeypatch, kind)
        original = board.call_tool
        attempts = 0
        before_subject = None
    
        async def call_tool(*, name, arguments):
            nonlocal attempts, before_subject
            if selected(name, arguments):
                attempts += 1
                if attempts == 1:
                    subject = board.server.issues[CLAIMED_ISSUE]
                    before_subject = copy.deepcopy(subject)
                    if change == "parent_approval":
                        board.server.issues[PARENT].labels.append("approved scope")
                    elif change == "project_approval":
                        board.server.projects[PROJECT]["labels"].append("approved scope")
                    elif change == "context":
                        board.server.issues[PARENT].description = "Externally revised context."
                    elif change == "membership":
                        board.server.issues["new-member"] = FakeMcpIssue(
                            id="new-member", parent_id=CLAIMED_ISSUE,
                            description="An externally added scope member.",
                        )
                    elif change == "phase":
                        subject.labels = [label for label in subject.labels if label not in {
                            "candidate scope", "graph complete", "body complete"
                        }]
                    else:
                        board.advance(10000)
                    raise McpTransportError(
                        "Known unsent interruption", server_name="fixture", tool_name=name
                    )
            return await original(name=name, arguments=arguments)
    
        monkeypatch.setattr(board, "call_tool", call_tool)
        with pytest.raises((OrganizeWriteRefusalError, SurfaceLeaseError)):
>           await fixtures.run_owner(owner)

tests/chains/test_authority_independent_review.py:125: 
_ _ _ _ _ _ _ _ _ _ _ _ _ _ _ _ _ _ _ _ _ _ _ _ _ _ _ _ _ _ _ _ _ _ _ _ _ _ _ _ 
tests/chains/test_organize_owner.py:191: in run_owner
    return await owner.run(
src/kodezart/services/organize_owner.py:972: in run
    await self._tracker.execution_approved(
src/kodezart/adapters/linear_mcp_tracker.py:3486: in execution_approved
    _, approved = await self._read_execution_approval(issue_key=issue_key)
                  ^^^^^^^^^^^^^^^^^^^^^^^^^^^^^^^^^^^^^^^^^^^^^^^^^^^^^^^^
src/kodezart/adapters/linear_mcp_tracker.py:3513: in _read_execution_approval
    approved = await resolve_execution_approval(
src/kodezart/domain/scope_approval.py:61: in resolve_execution_approval
    approved, parent = await read_container(ancestor)
                       ^^^^^^^^^^^^^^^^^^^^^^^^^^^^^^
src/kodezart/adapters/linear_mcp_tracker.py:3511: in read_container
    return await reader.approval_parent(ref=ref, approved_label=label)
           ^^^^^^^^^^^^^^^^^^^^^^^^^^^^^^^^^^^^^^^^^^^^^^^^^^^^^^^^^^^
src/kodezart/adapters/linear_scope_reader.py:89: in approval_parent
    labels, parent = await self.labels_parent(ref=ref)
                     ^^^^^^^^^^^^^^^^^^^^^^^^^^^^^^^^^
src/kodezart/adapters/linear_scope_reader.py:102: in labels_parent
    project = await self._read(
_ _ _ _ _ _ _ _ _ _ _ _ _ _ _ _ _ _ _ _ _ _ _ _ _ _ _ _ _ _ _ _ _ _ _ _ _ _ _ _ 

self = <kodezart.adapters.linear_scope_reader.LinearScopeReader object at 0x10d2cce60>
shape = <class 'kodezart.adapters.linear_scope_types.LinearApprovalProjectWire'>
tool = 'get_project', arguments = {'query': 'authority-project'}

    async def _read[WireT: LinearWireModel](
        self,
        shape: type[WireT],
        tool: str,
        arguments: Mapping[str, object],
    ) -> WireT:
        payload = await self._call(tool, arguments)
        try:
            return shape.model_validate(payload)
        except ValidationError as exc:
>           raise TrackerProtocolError(
                "scope response does not match its declared shape",
                tool=tool,
                detail=str(exc),
            ) from exc
E           kodezart.core.errors.TrackerProtocolError: scope response does not match its declared shape (tool: get_project; 1 validation error for LinearApprovalProjectWire
E           description
E             Field required [type=missing, input_value={'id': 'authority-project...ject/authority-project'}, input_type=dict]
E               For further information visit https://errors.pydantic.dev/2.12/v/missing)

src/kodezart/adapters/linear_scope_reader.py:415: TrackerProtocolError
_____ test_unsent_retry_preserves_every_owner_precondition[context-graph] ______

self = <kodezart.adapters.linear_scope_reader.LinearScopeReader object at 0x10d3266f0>
shape = <class 'kodezart.adapters.linear_scope_types.LinearApprovalProjectWire'>
tool = 'get_project', arguments = {'query': 'authority-project'}

    async def _read[WireT: LinearWireModel](
        self,
        shape: type[WireT],
        tool: str,
        arguments: Mapping[str, object],
    ) -> WireT:
        payload = await self._call(tool, arguments)
        try:
>           return shape.model_validate(payload)
                   ^^^^^^^^^^^^^^^^^^^^^^^^^^^^^
E           pydantic_core._pydantic_core.ValidationError: 1 validation error for LinearApprovalProjectWire
E           description
E             Field required [type=missing, input_value={'id': 'authority-project...ject/authority-project'}, input_type=dict]
E               For further information visit https://errors.pydantic.dev/2.12/v/missing

src/kodezart/adapters/linear_scope_reader.py:413: ValidationError

The above exception was the direct cause of the following exception:

monkeypatch = <_pytest.monkeypatch.MonkeyPatch object at 0x10d2cf5c0>
kind = 'graph', change = 'context'

    @pytest.mark.parametrize("kind", ["body", "graph", "split", "criteria"])
    @pytest.mark.parametrize("change", ["parent_approval", "project_approval", "context", "membership", "phase", "lease"])
    async def test_unsent_retry_preserves_every_owner_precondition(monkeypatch, kind, change):
        owner, board, selected = configured(monkeypatch, kind)
        original = board.call_tool
        attempts = 0
        before_subject = None
    
        async def call_tool(*, name, arguments):
            nonlocal attempts, before_subject
            if selected(name, arguments):
                attempts += 1
                if attempts == 1:
                    subject = board.server.issues[CLAIMED_ISSUE]
                    before_subject = copy.deepcopy(subject)
                    if change == "parent_approval":
                        board.server.issues[PARENT].labels.append("approved scope")
                    elif change == "project_approval":
                        board.server.projects[PROJECT]["labels"].append("approved scope")
                    elif change == "context":
                        board.server.issues[PARENT].description = "Externally revised context."
                    elif change == "membership":
                        board.server.issues["new-member"] = FakeMcpIssue(
                            id="new-member", parent_id=CLAIMED_ISSUE,
                            description="An externally added scope member.",
                        )
                    elif change == "phase":
                        subject.labels = [label for label in subject.labels if label not in {
                            "candidate scope", "graph complete", "body complete"
                        }]
                    else:
                        board.advance(10000)
                    raise McpTransportError(
                        "Known unsent interruption", server_name="fixture", tool_name=name
                    )
            return await original(name=name, arguments=arguments)
    
        monkeypatch.setattr(board, "call_tool", call_tool)
        with pytest.raises((OrganizeWriteRefusalError, SurfaceLeaseError)):
>           await fixtures.run_owner(owner)

tests/chains/test_authority_independent_review.py:125: 
_ _ _ _ _ _ _ _ _ _ _ _ _ _ _ _ _ _ _ _ _ _ _ _ _ _ _ _ _ _ _ _ _ _ _ _ _ _ _ _ 
tests/chains/test_organize_owner.py:191: in run_owner
    return await owner.run(
src/kodezart/services/organize_owner.py:972: in run
    await self._tracker.execution_approved(
src/kodezart/adapters/linear_mcp_tracker.py:3486: in execution_approved
    _, approved = await self._read_execution_approval(issue_key=issue_key)
                  ^^^^^^^^^^^^^^^^^^^^^^^^^^^^^^^^^^^^^^^^^^^^^^^^^^^^^^^^
src/kodezart/adapters/linear_mcp_tracker.py:3513: in _read_execution_approval
    approved = await resolve_execution_approval(
src/kodezart/domain/scope_approval.py:61: in resolve_execution_approval
    approved, parent = await read_container(ancestor)
                       ^^^^^^^^^^^^^^^^^^^^^^^^^^^^^^
src/kodezart/adapters/linear_mcp_tracker.py:3511: in read_container
    return await reader.approval_parent(ref=ref, approved_label=label)
           ^^^^^^^^^^^^^^^^^^^^^^^^^^^^^^^^^^^^^^^^^^^^^^^^^^^^^^^^^^^
src/kodezart/adapters/linear_scope_reader.py:89: in approval_parent
    labels, parent = await self.labels_parent(ref=ref)
                     ^^^^^^^^^^^^^^^^^^^^^^^^^^^^^^^^^
src/kodezart/adapters/linear_scope_reader.py:102: in labels_parent
    project = await self._read(
_ _ _ _ _ _ _ _ _ _ _ _ _ _ _ _ _ _ _ _ _ _ _ _ _ _ _ _ _ _ _ _ _ _ _ _ _ _ _ _ 

self = <kodezart.adapters.linear_scope_reader.LinearScopeReader object at 0x10d3266f0>
shape = <class 'kodezart.adapters.linear_scope_types.LinearApprovalProjectWire'>
tool = 'get_project', arguments = {'query': 'authority-project'}

    async def _read[WireT: LinearWireModel](
        self,
        shape: type[WireT],
        tool: str,
        arguments: Mapping[str, object],
    ) -> WireT:
        payload = await self._call(tool, arguments)
        try:
            return shape.model_validate(payload)
        except ValidationError as exc:
>           raise TrackerProtocolError(
                "scope response does not match its declared shape",
                tool=tool,
                detail=str(exc),
            ) from exc
E           kodezart.core.errors.TrackerProtocolError: scope response does not match its declared shape (tool: get_project; 1 validation error for LinearApprovalProjectWire
E           description
E             Field required [type=missing, input_value={'id': 'authority-project...ject/authority-project'}, input_type=dict]
E               For further information visit https://errors.pydantic.dev/2.12/v/missing)

src/kodezart/adapters/linear_scope_reader.py:415: TrackerProtocolError
_____ test_unsent_retry_preserves_every_owner_precondition[context-split] ______

self = <kodezart.adapters.linear_scope_reader.LinearScopeReader object at 0x10d327f80>
shape = <class 'kodezart.adapters.linear_scope_types.LinearApprovalProjectWire'>
tool = 'get_project', arguments = {'query': 'authority-project'}

    async def _read[WireT: LinearWireModel](
        self,
        shape: type[WireT],
        tool: str,
        arguments: Mapping[str, object],
    ) -> WireT:
        payload = await self._call(tool, arguments)
        try:
>           return shape.model_validate(payload)
                   ^^^^^^^^^^^^^^^^^^^^^^^^^^^^^
E           pydantic_core._pydantic_core.ValidationError: 1 validation error for LinearApprovalProjectWire
E           description
E             Field required [type=missing, input_value={'id': 'authority-project...ject/authority-project'}, input_type=dict]
E               For further information visit https://errors.pydantic.dev/2.12/v/missing

src/kodezart/adapters/linear_scope_reader.py:413: ValidationError

The above exception was the direct cause of the following exception:

monkeypatch = <_pytest.monkeypatch.MonkeyPatch object at 0x10cebfce0>
kind = 'split', change = 'context'

    @pytest.mark.parametrize("kind", ["body", "graph", "split", "criteria"])
    @pytest.mark.parametrize("change", ["parent_approval", "project_approval", "context", "membership", "phase", "lease"])
    async def test_unsent_retry_preserves_every_owner_precondition(monkeypatch, kind, change):
        owner, board, selected = configured(monkeypatch, kind)
        original = board.call_tool
        attempts = 0
        before_subject = None
    
        async def call_tool(*, name, arguments):
            nonlocal attempts, before_subject
            if selected(name, arguments):
                attempts += 1
                if attempts == 1:
                    subject = board.server.issues[CLAIMED_ISSUE]
                    before_subject = copy.deepcopy(subject)
                    if change == "parent_approval":
                        board.server.issues[PARENT].labels.append("approved scope")
                    elif change == "project_approval":
                        board.server.projects[PROJECT]["labels"].append("approved scope")
                    elif change == "context":
                        board.server.issues[PARENT].description = "Externally revised context."
                    elif change == "membership":
                        board.server.issues["new-member"] = FakeMcpIssue(
                            id="new-member", parent_id=CLAIMED_ISSUE,
                            description="An externally added scope member.",
                        )
                    elif change == "phase":
                        subject.labels = [label for label in subject.labels if label not in {
                            "candidate scope", "graph complete", "body complete"
                        }]
                    else:
                        board.advance(10000)
                    raise McpTransportError(
                        "Known unsent interruption", server_name="fixture", tool_name=name
                    )
            return await original(name=name, arguments=arguments)
    
        monkeypatch.setattr(board, "call_tool", call_tool)
        with pytest.raises((OrganizeWriteRefusalError, SurfaceLeaseError)):
>           await fixtures.run_owner(owner)

tests/chains/test_authority_independent_review.py:125: 
_ _ _ _ _ _ _ _ _ _ _ _ _ _ _ _ _ _ _ _ _ _ _ _ _ _ _ _ _ _ _ _ _ _ _ _ _ _ _ _ 
tests/chains/test_organize_owner.py:191: in run_owner
    return await owner.run(
src/kodezart/services/organize_owner.py:972: in run
    await self._tracker.execution_approved(
src/kodezart/adapters/linear_mcp_tracker.py:3486: in execution_approved
    _, approved = await self._read_execution_approval(issue_key=issue_key)
                  ^^^^^^^^^^^^^^^^^^^^^^^^^^^^^^^^^^^^^^^^^^^^^^^^^^^^^^^^
src/kodezart/adapters/linear_mcp_tracker.py:3513: in _read_execution_approval
    approved = await resolve_execution_approval(
src/kodezart/domain/scope_approval.py:61: in resolve_execution_approval
    approved, parent = await read_container(ancestor)
                       ^^^^^^^^^^^^^^^^^^^^^^^^^^^^^^
src/kodezart/adapters/linear_mcp_tracker.py:3511: in read_container
    return await reader.approval_parent(ref=ref, approved_label=label)
           ^^^^^^^^^^^^^^^^^^^^^^^^^^^^^^^^^^^^^^^^^^^^^^^^^^^^^^^^^^^
src/kodezart/adapters/linear_scope_reader.py:89: in approval_parent
    labels, parent = await self.labels_parent(ref=ref)
                     ^^^^^^^^^^^^^^^^^^^^^^^^^^^^^^^^^
src/kodezart/adapters/linear_scope_reader.py:102: in labels_parent
    project = await self._read(
_ _ _ _ _ _ _ _ _ _ _ _ _ _ _ _ _ _ _ _ _ _ _ _ _ _ _ _ _ _ _ _ _ _ _ _ _ _ _ _ 

self = <kodezart.adapters.linear_scope_reader.LinearScopeReader object at 0x10d327f80>
shape = <class 'kodezart.adapters.linear_scope_types.LinearApprovalProjectWire'>
tool = 'get_project', arguments = {'query': 'authority-project'}

    async def _read[WireT: LinearWireModel](
        self,
        shape: type[WireT],
        tool: str,
        arguments: Mapping[str, object],
    ) -> WireT:
        payload = await self._call(tool, arguments)
        try:
            return shape.model_validate(payload)
        except ValidationError as exc:
>           raise TrackerProtocolError(
                "scope response does not match its declared shape",
                tool=tool,
                detail=str(exc),
            ) from exc
E           kodezart.core.errors.TrackerProtocolError: scope response does not match its declared shape (tool: get_project; 1 validation error for LinearApprovalProjectWire
E           description
E             Field required [type=missing, input_value={'id': 'authority-project...ject/authority-project'}, input_type=dict]
E               For further information visit https://errors.pydantic.dev/2.12/v/missing)

src/kodezart/adapters/linear_scope_reader.py:415: TrackerProtocolError
____ test_unsent_retry_preserves_every_owner_precondition[context-criteria] ____

self = <kodezart.adapters.linear_scope_reader.LinearScopeReader object at 0x10d309e80>
shape = <class 'kodezart.adapters.linear_scope_types.LinearApprovalProjectWire'>
tool = 'get_project', arguments = {'query': 'authority-project'}

    async def _read[WireT: LinearWireModel](
        self,
        shape: type[WireT],
        tool: str,
        arguments: Mapping[str, object],
    ) -> WireT:
        payload = await self._call(tool, arguments)
        try:
>           return shape.model_validate(payload)
                   ^^^^^^^^^^^^^^^^^^^^^^^^^^^^^
E           pydantic_core._pydantic_core.ValidationError: 1 validation error for LinearApprovalProjectWire
E           description
E             Field required [type=missing, input_value={'id': 'authority-project...ject/authority-project'}, input_type=dict]
E               For further information visit https://errors.pydantic.dev/2.12/v/missing

src/kodezart/adapters/linear_scope_reader.py:413: ValidationError

The above exception was the direct cause of the following exception:

monkeypatch = <_pytest.monkeypatch.MonkeyPatch object at 0x10cebee10>
kind = 'criteria', change = 'context'

    @pytest.mark.parametrize("kind", ["body", "graph", "split", "criteria"])
    @pytest.mark.parametrize("change", ["parent_approval", "project_approval", "context", "membership", "phase", "lease"])
    async def test_unsent_retry_preserves_every_owner_precondition(monkeypatch, kind, change):
        owner, board, selected = configured(monkeypatch, kind)
        original = board.call_tool
        attempts = 0
        before_subject = None
    
        async def call_tool(*, name, arguments):
            nonlocal attempts, before_subject
            if selected(name, arguments):
                attempts += 1
                if attempts == 1:
                    subject = board.server.issues[CLAIMED_ISSUE]
                    before_subject = copy.deepcopy(subject)
                    if change == "parent_approval":
                        board.server.issues[PARENT].labels.append("approved scope")
                    elif change == "project_approval":
                        board.server.projects[PROJECT]["labels"].append("approved scope")
                    elif change == "context":
                        board.server.issues[PARENT].description = "Externally revised context."
                    elif change == "membership":
                        board.server.issues["new-member"] = FakeMcpIssue(
                            id="new-member", parent_id=CLAIMED_ISSUE,
                            description="An externally added scope member.",
                        )
                    elif change == "phase":
                        subject.labels = [label for label in subject.labels if label not in {
                            "candidate scope", "graph complete", "body complete"
                        }]
                    else:
                        board.advance(10000)
                    raise McpTransportError(
                        "Known unsent interruption", server_name="fixture", tool_name=name
                    )
            return await original(name=name, arguments=arguments)
    
        monkeypatch.setattr(board, "call_tool", call_tool)
        with pytest.raises((OrganizeWriteRefusalError, SurfaceLeaseError)):
>           await fixtures.run_owner(owner)

tests/chains/test_authority_independent_review.py:125: 
_ _ _ _ _ _ _ _ _ _ _ _ _ _ _ _ _ _ _ _ _ _ _ _ _ _ _ _ _ _ _ _ _ _ _ _ _ _ _ _ 
tests/chains/test_organize_owner.py:191: in run_owner
    return await owner.run(
src/kodezart/services/organize_owner.py:972: in run
    await self._tracker.execution_approved(
src/kodezart/adapters/linear_mcp_tracker.py:3486: in execution_approved
    _, approved = await self._read_execution_approval(issue_key=issue_key)
                  ^^^^^^^^^^^^^^^^^^^^^^^^^^^^^^^^^^^^^^^^^^^^^^^^^^^^^^^^
src/kodezart/adapters/linear_mcp_tracker.py:3513: in _read_execution_approval
    approved = await resolve_execution_approval(
src/kodezart/domain/scope_approval.py:61: in resolve_execution_approval
    approved, parent = await read_container(ancestor)
                       ^^^^^^^^^^^^^^^^^^^^^^^^^^^^^^
src/kodezart/adapters/linear_mcp_tracker.py:3511: in read_container
    return await reader.approval_parent(ref=ref, approved_label=label)
           ^^^^^^^^^^^^^^^^^^^^^^^^^^^^^^^^^^^^^^^^^^^^^^^^^^^^^^^^^^^
src/kodezart/adapters/linear_scope_reader.py:89: in approval_parent
    labels, parent = await self.labels_parent(ref=ref)
                     ^^^^^^^^^^^^^^^^^^^^^^^^^^^^^^^^^
src/kodezart/adapters/linear_scope_reader.py:102: in labels_parent
    project = await self._read(
_ _ _ _ _ _ _ _ _ _ _ _ _ _ _ _ _ _ _ _ _ _ _ _ _ _ _ _ _ _ _ _ _ _ _ _ _ _ _ _ 

self = <kodezart.adapters.linear_scope_reader.LinearScopeReader object at 0x10d309e80>
shape = <class 'kodezart.adapters.linear_scope_types.LinearApprovalProjectWire'>
tool = 'get_project', arguments = {'query': 'authority-project'}

    async def _read[WireT: LinearWireModel](
        self,
        shape: type[WireT],
        tool: str,
        arguments: Mapping[str, object],
    ) -> WireT:
        payload = await self._call(tool, arguments)
        try:
            return shape.model_validate(payload)
        except ValidationError as exc:
>           raise TrackerProtocolError(
                "scope response does not match its declared shape",
                tool=tool,
                detail=str(exc),
            ) from exc
E           kodezart.core.errors.TrackerProtocolError: scope response does not match its declared shape (tool: get_project; 1 validation error for LinearApprovalProjectWire
E           description
E             Field required [type=missing, input_value={'id': 'authority-project...ject/authority-project'}, input_type=dict]
E               For further information visit https://errors.pydantic.dev/2.12/v/missing)

src/kodezart/adapters/linear_scope_reader.py:415: TrackerProtocolError
____ test_unsent_retry_preserves_every_owner_precondition[membership-body] _____

self = <kodezart.adapters.linear_scope_reader.LinearScopeReader object at 0x10d30ac90>
shape = <class 'kodezart.adapters.linear_scope_types.LinearApprovalProjectWire'>
tool = 'get_project', arguments = {'query': 'authority-project'}

    async def _read[WireT: LinearWireModel](
        self,
        shape: type[WireT],
        tool: str,
        arguments: Mapping[str, object],
    ) -> WireT:
        payload = await self._call(tool, arguments)
        try:
>           return shape.model_validate(payload)
                   ^^^^^^^^^^^^^^^^^^^^^^^^^^^^^
E           pydantic_core._pydantic_core.ValidationError: 1 validation error for LinearApprovalProjectWire
E           description
E             Field required [type=missing, input_value={'id': 'authority-project...ject/authority-project'}, input_type=dict]
E               For further information visit https://errors.pydantic.dev/2.12/v/missing

src/kodezart/adapters/linear_scope_reader.py:413: ValidationError

The above exception was the direct cause of the following exception:

monkeypatch = <_pytest.monkeypatch.MonkeyPatch object at 0x10d327d10>
kind = 'body', change = 'membership'

    @pytest.mark.parametrize("kind", ["body", "graph", "split", "criteria"])
    @pytest.mark.parametrize("change", ["parent_approval", "project_approval", "context", "membership", "phase", "lease"])
    async def test_unsent_retry_preserves_every_owner_precondition(monkeypatch, kind, change):
        owner, board, selected = configured(monkeypatch, kind)
        original = board.call_tool
        attempts = 0
        before_subject = None
    
        async def call_tool(*, name, arguments):
            nonlocal attempts, before_subject
            if selected(name, arguments):
                attempts += 1
                if attempts == 1:
                    subject = board.server.issues[CLAIMED_ISSUE]
                    before_subject = copy.deepcopy(subject)
                    if change == "parent_approval":
                        board.server.issues[PARENT].labels.append("approved scope")
                    elif change == "project_approval":
                        board.server.projects[PROJECT]["labels"].append("approved scope")
                    elif change == "context":
                        board.server.issues[PARENT].description = "Externally revised context."
                    elif change == "membership":
                        board.server.issues["new-member"] = FakeMcpIssue(
                            id="new-member", parent_id=CLAIMED_ISSUE,
                            description="An externally added scope member.",
                        )
                    elif change == "phase":
                        subject.labels = [label for label in subject.labels if label not in {
                            "candidate scope", "graph complete", "body complete"
                        }]
                    else:
                        board.advance(10000)
                    raise McpTransportError(
                        "Known unsent interruption", server_name="fixture", tool_name=name
                    )
            return await original(name=name, arguments=arguments)
    
        monkeypatch.setattr(board, "call_tool", call_tool)
        with pytest.raises((OrganizeWriteRefusalError, SurfaceLeaseError)):
>           await fixtures.run_owner(owner)

tests/chains/test_authority_independent_review.py:125: 
_ _ _ _ _ _ _ _ _ _ _ _ _ _ _ _ _ _ _ _ _ _ _ _ _ _ _ _ _ _ _ _ _ _ _ _ _ _ _ _ 
tests/chains/test_organize_owner.py:191: in run_owner
    return await owner.run(
src/kodezart/services/organize_owner.py:972: in run
    await self._tracker.execution_approved(
src/kodezart/adapters/linear_mcp_tracker.py:3486: in execution_approved
    _, approved = await self._read_execution_approval(issue_key=issue_key)
                  ^^^^^^^^^^^^^^^^^^^^^^^^^^^^^^^^^^^^^^^^^^^^^^^^^^^^^^^^
src/kodezart/adapters/linear_mcp_tracker.py:3513: in _read_execution_approval
    approved = await resolve_execution_approval(
src/kodezart/domain/scope_approval.py:61: in resolve_execution_approval
    approved, parent = await read_container(ancestor)
                       ^^^^^^^^^^^^^^^^^^^^^^^^^^^^^^
src/kodezart/adapters/linear_mcp_tracker.py:3511: in read_container
    return await reader.approval_parent(ref=ref, approved_label=label)
           ^^^^^^^^^^^^^^^^^^^^^^^^^^^^^^^^^^^^^^^^^^^^^^^^^^^^^^^^^^^
src/kodezart/adapters/linear_scope_reader.py:89: in approval_parent
    labels, parent = await self.labels_parent(ref=ref)
                     ^^^^^^^^^^^^^^^^^^^^^^^^^^^^^^^^^
src/kodezart/adapters/linear_scope_reader.py:102: in labels_parent
    project = await self._read(
_ _ _ _ _ _ _ _ _ _ _ _ _ _ _ _ _ _ _ _ _ _ _ _ _ _ _ _ _ _ _ _ _ _ _ _ _ _ _ _ 

self = <kodezart.adapters.linear_scope_reader.LinearScopeReader object at 0x10d30ac90>
shape = <class 'kodezart.adapters.linear_scope_types.LinearApprovalProjectWire'>
tool = 'get_project', arguments = {'query': 'authority-project'}

    async def _read[WireT: LinearWireModel](
        self,
        shape: type[WireT],
        tool: str,
        arguments: Mapping[str, object],
    ) -> WireT:
        payload = await self._call(tool, arguments)
        try:
            return shape.model_validate(payload)
        except ValidationError as exc:
>           raise TrackerProtocolError(
                "scope response does not match its declared shape",
                tool=tool,
                detail=str(exc),
            ) from exc
E           kodezart.core.errors.TrackerProtocolError: scope response does not match its declared shape (tool: get_project; 1 validation error for LinearApprovalProjectWire
E           description
E             Field required [type=missing, input_value={'id': 'authority-project...ject/authority-project'}, input_type=dict]
E               For further information visit https://errors.pydantic.dev/2.12/v/missing)

src/kodezart/adapters/linear_scope_reader.py:415: TrackerProtocolError
____ test_unsent_retry_preserves_every_owner_precondition[membership-graph] ____

self = <kodezart.adapters.linear_scope_reader.LinearScopeReader object at 0x10d2ba300>
shape = <class 'kodezart.adapters.linear_scope_types.LinearApprovalProjectWire'>
tool = 'get_project', arguments = {'query': 'authority-project'}

    async def _read[WireT: LinearWireModel](
        self,
        shape: type[WireT],
        tool: str,
        arguments: Mapping[str, object],
    ) -> WireT:
        payload = await self._call(tool, arguments)
        try:
>           return shape.model_validate(payload)
                   ^^^^^^^^^^^^^^^^^^^^^^^^^^^^^
E           pydantic_core._pydantic_core.ValidationError: 1 validation error for LinearApprovalProjectWire
E           description
E             Field required [type=missing, input_value={'id': 'authority-project...ject/authority-project'}, input_type=dict]
E               For further information visit https://errors.pydantic.dev/2.12/v/missing

src/kodezart/adapters/linear_scope_reader.py:413: ValidationError

The above exception was the direct cause of the following exception:

monkeypatch = <_pytest.monkeypatch.MonkeyPatch object at 0x10d2bb110>
kind = 'graph', change = 'membership'

    @pytest.mark.parametrize("kind", ["body", "graph", "split", "criteria"])
    @pytest.mark.parametrize("change", ["parent_approval", "project_approval", "context", "membership", "phase", "lease"])
    async def test_unsent_retry_preserves_every_owner_precondition(monkeypatch, kind, change):
        owner, board, selected = configured(monkeypatch, kind)
        original = board.call_tool
        attempts = 0
        before_subject = None
    
        async def call_tool(*, name, arguments):
            nonlocal attempts, before_subject
            if selected(name, arguments):
                attempts += 1
                if attempts == 1:
                    subject = board.server.issues[CLAIMED_ISSUE]
                    before_subject = copy.deepcopy(subject)
                    if change == "parent_approval":
                        board.server.issues[PARENT].labels.append("approved scope")
                    elif change == "project_approval":
                        board.server.projects[PROJECT]["labels"].append("approved scope")
                    elif change == "context":
                        board.server.issues[PARENT].description = "Externally revised context."
                    elif change == "membership":
                        board.server.issues["new-member"] = FakeMcpIssue(
                            id="new-member", parent_id=CLAIMED_ISSUE,
                            description="An externally added scope member.",
                        )
                    elif change == "phase":
                        subject.labels = [label for label in subject.labels if label not in {
                            "candidate scope", "graph complete", "body complete"
                        }]
                    else:
                        board.advance(10000)
                    raise McpTransportError(
                        "Known unsent interruption", server_name="fixture", tool_name=name
                    )
            return await original(name=name, arguments=arguments)
    
        monkeypatch.setattr(board, "call_tool", call_tool)
        with pytest.raises((OrganizeWriteRefusalError, SurfaceLeaseError)):
>           await fixtures.run_owner(owner)

tests/chains/test_authority_independent_review.py:125: 
_ _ _ _ _ _ _ _ _ _ _ _ _ _ _ _ _ _ _ _ _ _ _ _ _ _ _ _ _ _ _ _ _ _ _ _ _ _ _ _ 
tests/chains/test_organize_owner.py:191: in run_owner
    return await owner.run(
src/kodezart/services/organize_owner.py:972: in run
    await self._tracker.execution_approved(
src/kodezart/adapters/linear_mcp_tracker.py:3486: in execution_approved
    _, approved = await self._read_execution_approval(issue_key=issue_key)
                  ^^^^^^^^^^^^^^^^^^^^^^^^^^^^^^^^^^^^^^^^^^^^^^^^^^^^^^^^
src/kodezart/adapters/linear_mcp_tracker.py:3513: in _read_execution_approval
    approved = await resolve_execution_approval(
src/kodezart/domain/scope_approval.py:61: in resolve_execution_approval
    approved, parent = await read_container(ancestor)
                       ^^^^^^^^^^^^^^^^^^^^^^^^^^^^^^
src/kodezart/adapters/linear_mcp_tracker.py:3511: in read_container
    return await reader.approval_parent(ref=ref, approved_label=label)
           ^^^^^^^^^^^^^^^^^^^^^^^^^^^^^^^^^^^^^^^^^^^^^^^^^^^^^^^^^^^
src/kodezart/adapters/linear_scope_reader.py:89: in approval_parent
    labels, parent = await self.labels_parent(ref=ref)
                     ^^^^^^^^^^^^^^^^^^^^^^^^^^^^^^^^^
src/kodezart/adapters/linear_scope_reader.py:102: in labels_parent
    project = await self._read(
_ _ _ _ _ _ _ _ _ _ _ _ _ _ _ _ _ _ _ _ _ _ _ _ _ _ _ _ _ _ _ _ _ _ _ _ _ _ _ _ 

self = <kodezart.adapters.linear_scope_reader.LinearScopeReader object at 0x10d2ba300>
shape = <class 'kodezart.adapters.linear_scope_types.LinearApprovalProjectWire'>
tool = 'get_project', arguments = {'query': 'authority-project'}

    async def _read[WireT: LinearWireModel](
        self,
        shape: type[WireT],
        tool: str,
        arguments: Mapping[str, object],
    ) -> WireT:
        payload = await self._call(tool, arguments)
        try:
            return shape.model_validate(payload)
        except ValidationError as exc:
>           raise TrackerProtocolError(
                "scope response does not match its declared shape",
                tool=tool,
                detail=str(exc),
            ) from exc
E           kodezart.core.errors.TrackerProtocolError: scope response does not match its declared shape (tool: get_project; 1 validation error for LinearApprovalProjectWire
E           description
E             Field required [type=missing, input_value={'id': 'authority-project...ject/authority-project'}, input_type=dict]
E               For further information visit https://errors.pydantic.dev/2.12/v/missing)

src/kodezart/adapters/linear_scope_reader.py:415: TrackerProtocolError
____ test_unsent_retry_preserves_every_owner_precondition[membership-split] ____

self = <kodezart.adapters.linear_scope_reader.LinearScopeReader object at 0x10d326e10>
shape = <class 'kodezart.adapters.linear_scope_types.LinearApprovalProjectWire'>
tool = 'get_project', arguments = {'query': 'authority-project'}

    async def _read[WireT: LinearWireModel](
        self,
        shape: type[WireT],
        tool: str,
        arguments: Mapping[str, object],
    ) -> WireT:
        payload = await self._call(tool, arguments)
        try:
>           return shape.model_validate(payload)
                   ^^^^^^^^^^^^^^^^^^^^^^^^^^^^^
E           pydantic_core._pydantic_core.ValidationError: 1 validation error for LinearApprovalProjectWire
E           description
E             Field required [type=missing, input_value={'id': 'authority-project...ject/authority-project'}, input_type=dict]
E               For further information visit https://errors.pydantic.dev/2.12/v/missing

src/kodezart/adapters/linear_scope_reader.py:413: ValidationError

The above exception was the direct cause of the following exception:

monkeypatch = <_pytest.monkeypatch.MonkeyPatch object at 0x10d30bc80>
kind = 'split', change = 'membership'

    @pytest.mark.parametrize("kind", ["body", "graph", "split", "criteria"])
    @pytest.mark.parametrize("change", ["parent_approval", "project_approval", "context", "membership", "phase", "lease"])
    async def test_unsent_retry_preserves_every_owner_precondition(monkeypatch, kind, change):
        owner, board, selected = configured(monkeypatch, kind)
        original = board.call_tool
        attempts = 0
        before_subject = None
    
        async def call_tool(*, name, arguments):
            nonlocal attempts, before_subject
            if selected(name, arguments):
                attempts += 1
                if attempts == 1:
                    subject = board.server.issues[CLAIMED_ISSUE]
                    before_subject = copy.deepcopy(subject)
                    if change == "parent_approval":
                        board.server.issues[PARENT].labels.append("approved scope")
                    elif change == "project_approval":
                        board.server.projects[PROJECT]["labels"].append("approved scope")
                    elif change == "context":
                        board.server.issues[PARENT].description = "Externally revised context."
                    elif change == "membership":
                        board.server.issues["new-member"] = FakeMcpIssue(
                            id="new-member", parent_id=CLAIMED_ISSUE,
                            description="An externally added scope member.",
                        )
                    elif change == "phase":
                        subject.labels = [label for label in subject.labels if label not in {
                            "candidate scope", "graph complete", "body complete"
                        }]
                    else:
                        board.advance(10000)
                    raise McpTransportError(
                        "Known unsent interruption", server_name="fixture", tool_name=name
                    )
            return await original(name=name, arguments=arguments)
    
        monkeypatch.setattr(board, "call_tool", call_tool)
        with pytest.raises((OrganizeWriteRefusalError, SurfaceLeaseError)):
>           await fixtures.run_owner(owner)

tests/chains/test_authority_independent_review.py:125: 
_ _ _ _ _ _ _ _ _ _ _ _ _ _ _ _ _ _ _ _ _ _ _ _ _ _ _ _ _ _ _ _ _ _ _ _ _ _ _ _ 
tests/chains/test_organize_owner.py:191: in run_owner
    return await owner.run(
src/kodezart/services/organize_owner.py:972: in run
    await self._tracker.execution_approved(
src/kodezart/adapters/linear_mcp_tracker.py:3486: in execution_approved
    _, approved = await self._read_execution_approval(issue_key=issue_key)
                  ^^^^^^^^^^^^^^^^^^^^^^^^^^^^^^^^^^^^^^^^^^^^^^^^^^^^^^^^
src/kodezart/adapters/linear_mcp_tracker.py:3513: in _read_execution_approval
    approved = await resolve_execution_approval(
src/kodezart/domain/scope_approval.py:61: in resolve_execution_approval
    approved, parent = await read_container(ancestor)
                       ^^^^^^^^^^^^^^^^^^^^^^^^^^^^^^
src/kodezart/adapters/linear_mcp_tracker.py:3511: in read_container
    return await reader.approval_parent(ref=ref, approved_label=label)
           ^^^^^^^^^^^^^^^^^^^^^^^^^^^^^^^^^^^^^^^^^^^^^^^^^^^^^^^^^^^
src/kodezart/adapters/linear_scope_reader.py:89: in approval_parent
    labels, parent = await self.labels_parent(ref=ref)
                     ^^^^^^^^^^^^^^^^^^^^^^^^^^^^^^^^^
src/kodezart/adapters/linear_scope_reader.py:102: in labels_parent
    project = await self._read(
_ _ _ _ _ _ _ _ _ _ _ _ _ _ _ _ _ _ _ _ _ _ _ _ _ _ _ _ _ _ _ _ _ _ _ _ _ _ _ _ 

self = <kodezart.adapters.linear_scope_reader.LinearScopeReader object at 0x10d326e10>
shape = <class 'kodezart.adapters.linear_scope_types.LinearApprovalProjectWire'>
tool = 'get_project', arguments = {'query': 'authority-project'}

    async def _read[WireT: LinearWireModel](
        self,
        shape: type[WireT],
        tool: str,
        arguments: Mapping[str, object],
    ) -> WireT:
        payload = await self._call(tool, arguments)
        try:
            return shape.model_validate(payload)
        except ValidationError as exc:
>           raise TrackerProtocolError(
                "scope response does not match its declared shape",
                tool=tool,
                detail=str(exc),
            ) from exc
E           kodezart.core.errors.TrackerProtocolError: scope response does not match its declared shape (tool: get_project; 1 validation error for LinearApprovalProjectWire
E           description
E             Field required [type=missing, input_value={'id': 'authority-project...ject/authority-project'}, input_type=dict]
E               For further information visit https://errors.pydantic.dev/2.12/v/missing)

src/kodezart/adapters/linear_scope_reader.py:415: TrackerProtocolError
__ test_unsent_retry_preserves_every_owner_precondition[membership-criteria] ___

self = <kodezart.adapters.linear_scope_reader.LinearScopeReader object at 0x10d2dad50>
shape = <class 'kodezart.adapters.linear_scope_types.LinearApprovalProjectWire'>
tool = 'get_project', arguments = {'query': 'authority-project'}

    async def _read[WireT: LinearWireModel](
        self,
        shape: type[WireT],
        tool: str,
        arguments: Mapping[str, object],
    ) -> WireT:
        payload = await self._call(tool, arguments)
        try:
>           return shape.model_validate(payload)
                   ^^^^^^^^^^^^^^^^^^^^^^^^^^^^^
E           pydantic_core._pydantic_core.ValidationError: 1 validation error for LinearApprovalProjectWire
E           description
E             Field required [type=missing, input_value={'id': 'authority-project...ject/authority-project'}, input_type=dict]
E               For further information visit https://errors.pydantic.dev/2.12/v/missing

src/kodezart/adapters/linear_scope_reader.py:413: ValidationError

The above exception was the direct cause of the following exception:

monkeypatch = <_pytest.monkeypatch.MonkeyPatch object at 0x10d2da2a0>
kind = 'criteria', change = 'membership'

    @pytest.mark.parametrize("kind", ["body", "graph", "split", "criteria"])
    @pytest.mark.parametrize("change", ["parent_approval", "project_approval", "context", "membership", "phase", "lease"])
    async def test_unsent_retry_preserves_every_owner_precondition(monkeypatch, kind, change):
        owner, board, selected = configured(monkeypatch, kind)
        original = board.call_tool
        attempts = 0
        before_subject = None
    
        async def call_tool(*, name, arguments):
            nonlocal attempts, before_subject
            if selected(name, arguments):
                attempts += 1
                if attempts == 1:
                    subject = board.server.issues[CLAIMED_ISSUE]
                    before_subject = copy.deepcopy(subject)
                    if change == "parent_approval":
                        board.server.issues[PARENT].labels.append("approved scope")
                    elif change == "project_approval":
                        board.server.projects[PROJECT]["labels"].append("approved scope")
                    elif change == "context":
                        board.server.issues[PARENT].description = "Externally revised context."
                    elif change == "membership":
                        board.server.issues["new-member"] = FakeMcpIssue(
                            id="new-member", parent_id=CLAIMED_ISSUE,
                            description="An externally added scope member.",
                        )
                    elif change == "phase":
                        subject.labels = [label for label in subject.labels if label not in {
                            "candidate scope", "graph complete", "body complete"
                        }]
                    else:
                        board.advance(10000)
                    raise McpTransportError(
                        "Known unsent interruption", server_name="fixture", tool_name=name
                    )
            return await original(name=name, arguments=arguments)
    
        monkeypatch.setattr(board, "call_tool", call_tool)
        with pytest.raises((OrganizeWriteRefusalError, SurfaceLeaseError)):
>           await fixtures.run_owner(owner)

tests/chains/test_authority_independent_review.py:125: 
_ _ _ _ _ _ _ _ _ _ _ _ _ _ _ _ _ _ _ _ _ _ _ _ _ _ _ _ _ _ _ _ _ _ _ _ _ _ _ _ 
tests/chains/test_organize_owner.py:191: in run_owner
    return await owner.run(
src/kodezart/services/organize_owner.py:972: in run
    await self._tracker.execution_approved(
src/kodezart/adapters/linear_mcp_tracker.py:3486: in execution_approved
    _, approved = await self._read_execution_approval(issue_key=issue_key)
                  ^^^^^^^^^^^^^^^^^^^^^^^^^^^^^^^^^^^^^^^^^^^^^^^^^^^^^^^^
src/kodezart/adapters/linear_mcp_tracker.py:3513: in _read_execution_approval
    approved = await resolve_execution_approval(
src/kodezart/domain/scope_approval.py:61: in resolve_execution_approval
    approved, parent = await read_container(ancestor)
                       ^^^^^^^^^^^^^^^^^^^^^^^^^^^^^^
src/kodezart/adapters/linear_mcp_tracker.py:3511: in read_container
    return await reader.approval_parent(ref=ref, approved_label=label)
           ^^^^^^^^^^^^^^^^^^^^^^^^^^^^^^^^^^^^^^^^^^^^^^^^^^^^^^^^^^^
src/kodezart/adapters/linear_scope_reader.py:89: in approval_parent
    labels, parent = await self.labels_parent(ref=ref)
                     ^^^^^^^^^^^^^^^^^^^^^^^^^^^^^^^^^
src/kodezart/adapters/linear_scope_reader.py:102: in labels_parent
    project = await self._read(
_ _ _ _ _ _ _ _ _ _ _ _ _ _ _ _ _ _ _ _ _ _ _ _ _ _ _ _ _ _ _ _ _ _ _ _ _ _ _ _ 

self = <kodezart.adapters.linear_scope_reader.LinearScopeReader object at 0x10d2dad50>
shape = <class 'kodezart.adapters.linear_scope_types.LinearApprovalProjectWire'>
tool = 'get_project', arguments = {'query': 'authority-project'}

    async def _read[WireT: LinearWireModel](
        self,
        shape: type[WireT],
        tool: str,
        arguments: Mapping[str, object],
    ) -> WireT:
        payload = await self._call(tool, arguments)
        try:
            return shape.model_validate(payload)
        except ValidationError as exc:
>           raise TrackerProtocolError(
                "scope response does not match its declared shape",
                tool=tool,
                detail=str(exc),
            ) from exc
E           kodezart.core.errors.TrackerProtocolError: scope response does not match its declared shape (tool: get_project; 1 validation error for LinearApprovalProjectWire
E           description
E             Field required [type=missing, input_value={'id': 'authority-project...ject/authority-project'}, input_type=dict]
E               For further information visit https://errors.pydantic.dev/2.12/v/missing)

src/kodezart/adapters/linear_scope_reader.py:415: TrackerProtocolError
_______ test_unsent_retry_preserves_every_owner_precondition[phase-body] _______

self = <kodezart.adapters.linear_scope_reader.LinearScopeReader object at 0x10cf95d30>
shape = <class 'kodezart.adapters.linear_scope_types.LinearApprovalProjectWire'>
tool = 'get_project', arguments = {'query': 'authority-project'}

    async def _read[WireT: LinearWireModel](
        self,
        shape: type[WireT],
        tool: str,
        arguments: Mapping[str, object],
    ) -> WireT:
        payload = await self._call(tool, arguments)
        try:
>           return shape.model_validate(payload)
                   ^^^^^^^^^^^^^^^^^^^^^^^^^^^^^
E           pydantic_core._pydantic_core.ValidationError: 1 validation error for LinearApprovalProjectWire
E           description
E             Field required [type=missing, input_value={'id': 'authority-project...ject/authority-project'}, input_type=dict]
E               For further information visit https://errors.pydantic.dev/2.12/v/missing

src/kodezart/adapters/linear_scope_reader.py:413: ValidationError

The above exception was the direct cause of the following exception:

monkeypatch = <_pytest.monkeypatch.MonkeyPatch object at 0x10d327860>
kind = 'body', change = 'phase'

    @pytest.mark.parametrize("kind", ["body", "graph", "split", "criteria"])
    @pytest.mark.parametrize("change", ["parent_approval", "project_approval", "context", "membership", "phase", "lease"])
    async def test_unsent_retry_preserves_every_owner_precondition(monkeypatch, kind, change):
        owner, board, selected = configured(monkeypatch, kind)
        original = board.call_tool
        attempts = 0
        before_subject = None
    
        async def call_tool(*, name, arguments):
            nonlocal attempts, before_subject
            if selected(name, arguments):
                attempts += 1
                if attempts == 1:
                    subject = board.server.issues[CLAIMED_ISSUE]
                    before_subject = copy.deepcopy(subject)
                    if change == "parent_approval":
                        board.server.issues[PARENT].labels.append("approved scope")
                    elif change == "project_approval":
                        board.server.projects[PROJECT]["labels"].append("approved scope")
                    elif change == "context":
                        board.server.issues[PARENT].description = "Externally revised context."
                    elif change == "membership":
                        board.server.issues["new-member"] = FakeMcpIssue(
                            id="new-member", parent_id=CLAIMED_ISSUE,
                            description="An externally added scope member.",
                        )
                    elif change == "phase":
                        subject.labels = [label for label in subject.labels if label not in {
                            "candidate scope", "graph complete", "body complete"
                        }]
                    else:
                        board.advance(10000)
                    raise McpTransportError(
                        "Known unsent interruption", server_name="fixture", tool_name=name
                    )
            return await original(name=name, arguments=arguments)
    
        monkeypatch.setattr(board, "call_tool", call_tool)
        with pytest.raises((OrganizeWriteRefusalError, SurfaceLeaseError)):
>           await fixtures.run_owner(owner)

tests/chains/test_authority_independent_review.py:125: 
_ _ _ _ _ _ _ _ _ _ _ _ _ _ _ _ _ _ _ _ _ _ _ _ _ _ _ _ _ _ _ _ _ _ _ _ _ _ _ _ 
tests/chains/test_organize_owner.py:191: in run_owner
    return await owner.run(
src/kodezart/services/organize_owner.py:972: in run
    await self._tracker.execution_approved(
src/kodezart/adapters/linear_mcp_tracker.py:3486: in execution_approved
    _, approved = await self._read_execution_approval(issue_key=issue_key)
                  ^^^^^^^^^^^^^^^^^^^^^^^^^^^^^^^^^^^^^^^^^^^^^^^^^^^^^^^^
src/kodezart/adapters/linear_mcp_tracker.py:3513: in _read_execution_approval
    approved = await resolve_execution_approval(
src/kodezart/domain/scope_approval.py:61: in resolve_execution_approval
    approved, parent = await read_container(ancestor)
                       ^^^^^^^^^^^^^^^^^^^^^^^^^^^^^^
src/kodezart/adapters/linear_mcp_tracker.py:3511: in read_container
    return await reader.approval_parent(ref=ref, approved_label=label)
           ^^^^^^^^^^^^^^^^^^^^^^^^^^^^^^^^^^^^^^^^^^^^^^^^^^^^^^^^^^^
src/kodezart/adapters/linear_scope_reader.py:89: in approval_parent
    labels, parent = await self.labels_parent(ref=ref)
                     ^^^^^^^^^^^^^^^^^^^^^^^^^^^^^^^^^
src/kodezart/adapters/linear_scope_reader.py:102: in labels_parent
    project = await self._read(
_ _ _ _ _ _ _ _ _ _ _ _ _ _ _ _ _ _ _ _ _ _ _ _ _ _ _ _ _ _ _ _ _ _ _ _ _ _ _ _ 

self = <kodezart.adapters.linear_scope_reader.LinearScopeReader object at 0x10cf95d30>
shape = <class 'kodezart.adapters.linear_scope_types.LinearApprovalProjectWire'>
tool = 'get_project', arguments = {'query': 'authority-project'}

    async def _read[WireT: LinearWireModel](
        self,
        shape: type[WireT],
        tool: str,
        arguments: Mapping[str, object],
    ) -> WireT:
        payload = await self._call(tool, arguments)
        try:
            return shape.model_validate(payload)
        except ValidationError as exc:
>           raise TrackerProtocolError(
                "scope response does not match its declared shape",
                tool=tool,
                detail=str(exc),
            ) from exc
E           kodezart.core.errors.TrackerProtocolError: scope response does not match its declared shape (tool: get_project; 1 validation error for LinearApprovalProjectWire
E           description
E             Field required [type=missing, input_value={'id': 'authority-project...ject/authority-project'}, input_type=dict]
E               For further information visit https://errors.pydantic.dev/2.12/v/missing)

src/kodezart/adapters/linear_scope_reader.py:415: TrackerProtocolError
______ test_unsent_retry_preserves_every_owner_precondition[phase-graph] _______

self = <kodezart.adapters.linear_scope_reader.LinearScopeReader object at 0x10cf978f0>
shape = <class 'kodezart.adapters.linear_scope_types.LinearApprovalProjectWire'>
tool = 'get_project', arguments = {'query': 'authority-project'}

    async def _read[WireT: LinearWireModel](
        self,
        shape: type[WireT],
        tool: str,
        arguments: Mapping[str, object],
    ) -> WireT:
        payload = await self._call(tool, arguments)
        try:
>           return shape.model_validate(payload)
                   ^^^^^^^^^^^^^^^^^^^^^^^^^^^^^
E           pydantic_core._pydantic_core.ValidationError: 1 validation error for LinearApprovalProjectWire
E           description
E             Field required [type=missing, input_value={'id': 'authority-project...ject/authority-project'}, input_type=dict]
E               For further information visit https://errors.pydantic.dev/2.12/v/missing

src/kodezart/adapters/linear_scope_reader.py:413: ValidationError

The above exception was the direct cause of the following exception:

monkeypatch = <_pytest.monkeypatch.MonkeyPatch object at 0x10cf96c00>
kind = 'graph', change = 'phase'

    @pytest.mark.parametrize("kind", ["body", "graph", "split", "criteria"])
    @pytest.mark.parametrize("change", ["parent_approval", "project_approval", "context", "membership", "phase", "lease"])
    async def test_unsent_retry_preserves_every_owner_precondition(monkeypatch, kind, change):
        owner, board, selected = configured(monkeypatch, kind)
        original = board.call_tool
        attempts = 0
        before_subject = None
    
        async def call_tool(*, name, arguments):
            nonlocal attempts, before_subject
            if selected(name, arguments):
                attempts += 1
                if attempts == 1:
                    subject = board.server.issues[CLAIMED_ISSUE]
                    before_subject = copy.deepcopy(subject)
                    if change == "parent_approval":
                        board.server.issues[PARENT].labels.append("approved scope")
                    elif change == "project_approval":
                        board.server.projects[PROJECT]["labels"].append("approved scope")
                    elif change == "context":
                        board.server.issues[PARENT].description = "Externally revised context."
                    elif change == "membership":
                        board.server.issues["new-member"] = FakeMcpIssue(
                            id="new-member", parent_id=CLAIMED_ISSUE,
                            description="An externally added scope member.",
                        )
                    elif change == "phase":
                        subject.labels = [label for label in subject.labels if label not in {
                            "candidate scope", "graph complete", "body complete"
                        }]
                    else:
                        board.advance(10000)
                    raise McpTransportError(
                        "Known unsent interruption", server_name="fixture", tool_name=name
                    )
            return await original(name=name, arguments=arguments)
    
        monkeypatch.setattr(board, "call_tool", call_tool)
        with pytest.raises((OrganizeWriteRefusalError, SurfaceLeaseError)):
>           await fixtures.run_owner(owner)

tests/chains/test_authority_independent_review.py:125: 
_ _ _ _ _ _ _ _ _ _ _ _ _ _ _ _ _ _ _ _ _ _ _ _ _ _ _ _ _ _ _ _ _ _ _ _ _ _ _ _ 
tests/chains/test_organize_owner.py:191: in run_owner
    return await owner.run(
src/kodezart/services/organize_owner.py:972: in run
    await self._tracker.execution_approved(
src/kodezart/adapters/linear_mcp_tracker.py:3486: in execution_approved
    _, approved = await self._read_execution_approval(issue_key=issue_key)
                  ^^^^^^^^^^^^^^^^^^^^^^^^^^^^^^^^^^^^^^^^^^^^^^^^^^^^^^^^
src/kodezart/adapters/linear_mcp_tracker.py:3513: in _read_execution_approval
    approved = await resolve_execution_approval(
src/kodezart/domain/scope_approval.py:61: in resolve_execution_approval
    approved, parent = await read_container(ancestor)
                       ^^^^^^^^^^^^^^^^^^^^^^^^^^^^^^
src/kodezart/adapters/linear_mcp_tracker.py:3511: in read_container
    return await reader.approval_parent(ref=ref, approved_label=label)
           ^^^^^^^^^^^^^^^^^^^^^^^^^^^^^^^^^^^^^^^^^^^^^^^^^^^^^^^^^^^
src/kodezart/adapters/linear_scope_reader.py:89: in approval_parent
    labels, parent = await self.labels_parent(ref=ref)
                     ^^^^^^^^^^^^^^^^^^^^^^^^^^^^^^^^^
src/kodezart/adapters/linear_scope_reader.py:102: in labels_parent
    project = await self._read(
_ _ _ _ _ _ _ _ _ _ _ _ _ _ _ _ _ _ _ _ _ _ _ _ _ _ _ _ _ _ _ _ _ _ _ _ _ _ _ _ 

self = <kodezart.adapters.linear_scope_reader.LinearScopeReader object at 0x10cf978f0>
shape = <class 'kodezart.adapters.linear_scope_types.LinearApprovalProjectWire'>
tool = 'get_project', arguments = {'query': 'authority-project'}

    async def _read[WireT: LinearWireModel](
        self,
        shape: type[WireT],
        tool: str,
        arguments: Mapping[str, object],
    ) -> WireT:
        payload = await self._call(tool, arguments)
        try:
            return shape.model_validate(payload)
        except ValidationError as exc:
>           raise TrackerProtocolError(
                "scope response does not match its declared shape",
                tool=tool,
                detail=str(exc),
            ) from exc
E           kodezart.core.errors.TrackerProtocolError: scope response does not match its declared shape (tool: get_project; 1 validation error for LinearApprovalProjectWire
E           description
E             Field required [type=missing, input_value={'id': 'authority-project...ject/authority-project'}, input_type=dict]
E               For further information visit https://errors.pydantic.dev/2.12/v/missing)

src/kodezart/adapters/linear_scope_reader.py:415: TrackerProtocolError
______ test_unsent_retry_preserves_every_owner_precondition[phase-split] _______

self = <kodezart.adapters.linear_scope_reader.LinearScopeReader object at 0x10d301310>
shape = <class 'kodezart.adapters.linear_scope_types.LinearApprovalProjectWire'>
tool = 'get_project', arguments = {'query': 'authority-project'}

    async def _read[WireT: LinearWireModel](
        self,
        shape: type[WireT],
        tool: str,
        arguments: Mapping[str, object],
    ) -> WireT:
        payload = await self._call(tool, arguments)
        try:
>           return shape.model_validate(payload)
                   ^^^^^^^^^^^^^^^^^^^^^^^^^^^^^
E           pydantic_core._pydantic_core.ValidationError: 1 validation error for LinearApprovalProjectWire
E           description
E             Field required [type=missing, input_value={'id': 'authority-project...ject/authority-project'}, input_type=dict]
E               For further information visit https://errors.pydantic.dev/2.12/v/missing

src/kodezart/adapters/linear_scope_reader.py:413: ValidationError

The above exception was the direct cause of the following exception:

monkeypatch = <_pytest.monkeypatch.MonkeyPatch object at 0x10cd50c20>
kind = 'split', change = 'phase'

    @pytest.mark.parametrize("kind", ["body", "graph", "split", "criteria"])
    @pytest.mark.parametrize("change", ["parent_approval", "project_approval", "context", "membership", "phase", "lease"])
    async def test_unsent_retry_preserves_every_owner_precondition(monkeypatch, kind, change):
        owner, board, selected = configured(monkeypatch, kind)
        original = board.call_tool
        attempts = 0
        before_subject = None
    
        async def call_tool(*, name, arguments):
            nonlocal attempts, before_subject
            if selected(name, arguments):
                attempts += 1
                if attempts == 1:
                    subject = board.server.issues[CLAIMED_ISSUE]
                    before_subject = copy.deepcopy(subject)
                    if change == "parent_approval":
                        board.server.issues[PARENT].labels.append("approved scope")
                    elif change == "project_approval":
                        board.server.projects[PROJECT]["labels"].append("approved scope")
                    elif change == "context":
                        board.server.issues[PARENT].description = "Externally revised context."
                    elif change == "membership":
                        board.server.issues["new-member"] = FakeMcpIssue(
                            id="new-member", parent_id=CLAIMED_ISSUE,
                            description="An externally added scope member.",
                        )
                    elif change == "phase":
                        subject.labels = [label for label in subject.labels if label not in {
                            "candidate scope", "graph complete", "body complete"
                        }]
                    else:
                        board.advance(10000)
                    raise McpTransportError(
                        "Known unsent interruption", server_name="fixture", tool_name=name
                    )
            return await original(name=name, arguments=arguments)
    
        monkeypatch.setattr(board, "call_tool", call_tool)
        with pytest.raises((OrganizeWriteRefusalError, SurfaceLeaseError)):
>           await fixtures.run_owner(owner)

tests/chains/test_authority_independent_review.py:125: 
_ _ _ _ _ _ _ _ _ _ _ _ _ _ _ _ _ _ _ _ _ _ _ _ _ _ _ _ _ _ _ _ _ _ _ _ _ _ _ _ 
tests/chains/test_organize_owner.py:191: in run_owner
    return await owner.run(
src/kodezart/services/organize_owner.py:972: in run
    await self._tracker.execution_approved(
src/kodezart/adapters/linear_mcp_tracker.py:3486: in execution_approved
    _, approved = await self._read_execution_approval(issue_key=issue_key)
                  ^^^^^^^^^^^^^^^^^^^^^^^^^^^^^^^^^^^^^^^^^^^^^^^^^^^^^^^^
src/kodezart/adapters/linear_mcp_tracker.py:3513: in _read_execution_approval
    approved = await resolve_execution_approval(
src/kodezart/domain/scope_approval.py:61: in resolve_execution_approval
    approved, parent = await read_container(ancestor)
                       ^^^^^^^^^^^^^^^^^^^^^^^^^^^^^^
src/kodezart/adapters/linear_mcp_tracker.py:3511: in read_container
    return await reader.approval_parent(ref=ref, approved_label=label)
           ^^^^^^^^^^^^^^^^^^^^^^^^^^^^^^^^^^^^^^^^^^^^^^^^^^^^^^^^^^^
src/kodezart/adapters/linear_scope_reader.py:89: in approval_parent
    labels, parent = await self.labels_parent(ref=ref)
                     ^^^^^^^^^^^^^^^^^^^^^^^^^^^^^^^^^
src/kodezart/adapters/linear_scope_reader.py:102: in labels_parent
    project = await self._read(
_ _ _ _ _ _ _ _ _ _ _ _ _ _ _ _ _ _ _ _ _ _ _ _ _ _ _ _ _ _ _ _ _ _ _ _ _ _ _ _ 

self = <kodezart.adapters.linear_scope_reader.LinearScopeReader object at 0x10d301310>
shape = <class 'kodezart.adapters.linear_scope_types.LinearApprovalProjectWire'>
tool = 'get_project', arguments = {'query': 'authority-project'}

    async def _read[WireT: LinearWireModel](
        self,
        shape: type[WireT],
        tool: str,
        arguments: Mapping[str, object],
    ) -> WireT:
        payload = await self._call(tool, arguments)
        try:
            return shape.model_validate(payload)
        except ValidationError as exc:
>           raise TrackerProtocolError(
                "scope response does not match its declared shape",
                tool=tool,
                detail=str(exc),
            ) from exc
E           kodezart.core.errors.TrackerProtocolError: scope response does not match its declared shape (tool: get_project; 1 validation error for LinearApprovalProjectWire
E           description
E             Field required [type=missing, input_value={'id': 'authority-project...ject/authority-project'}, input_type=dict]
E               For further information visit https://errors.pydantic.dev/2.12/v/missing)

src/kodezart/adapters/linear_scope_reader.py:415: TrackerProtocolError
_____ test_unsent_retry_preserves_every_owner_precondition[phase-criteria] _____

self = <kodezart.adapters.linear_scope_reader.LinearScopeReader object at 0x10d2b8da0>
shape = <class 'kodezart.adapters.linear_scope_types.LinearApprovalProjectWire'>
tool = 'get_project', arguments = {'query': 'authority-project'}

    async def _read[WireT: LinearWireModel](
        self,
        shape: type[WireT],
        tool: str,
        arguments: Mapping[str, object],
    ) -> WireT:
        payload = await self._call(tool, arguments)
        try:
>           return shape.model_validate(payload)
                   ^^^^^^^^^^^^^^^^^^^^^^^^^^^^^
E           pydantic_core._pydantic_core.ValidationError: 1 validation error for LinearApprovalProjectWire
E           description
E             Field required [type=missing, input_value={'id': 'authority-project...ject/authority-project'}, input_type=dict]
E               For further information visit https://errors.pydantic.dev/2.12/v/missing

src/kodezart/adapters/linear_scope_reader.py:413: ValidationError

The above exception was the direct cause of the following exception:

monkeypatch = <_pytest.monkeypatch.MonkeyPatch object at 0x10ced27e0>
kind = 'criteria', change = 'phase'

    @pytest.mark.parametrize("kind", ["body", "graph", "split", "criteria"])
    @pytest.mark.parametrize("change", ["parent_approval", "project_approval", "context", "membership", "phase", "lease"])
    async def test_unsent_retry_preserves_every_owner_precondition(monkeypatch, kind, change):
        owner, board, selected = configured(monkeypatch, kind)
        original = board.call_tool
        attempts = 0
        before_subject = None
    
        async def call_tool(*, name, arguments):
            nonlocal attempts, before_subject
            if selected(name, arguments):
                attempts += 1
                if attempts == 1:
                    subject = board.server.issues[CLAIMED_ISSUE]
                    before_subject = copy.deepcopy(subject)
                    if change == "parent_approval":
                        board.server.issues[PARENT].labels.append("approved scope")
                    elif change == "project_approval":
                        board.server.projects[PROJECT]["labels"].append("approved scope")
                    elif change == "context":
                        board.server.issues[PARENT].description = "Externally revised context."
                    elif change == "membership":
                        board.server.issues["new-member"] = FakeMcpIssue(
                            id="new-member", parent_id=CLAIMED_ISSUE,
                            description="An externally added scope member.",
                        )
                    elif change == "phase":
                        subject.labels = [label for label in subject.labels if label not in {
                            "candidate scope", "graph complete", "body complete"
                        }]
                    else:
                        board.advance(10000)
                    raise McpTransportError(
                        "Known unsent interruption", server_name="fixture", tool_name=name
                    )
            return await original(name=name, arguments=arguments)
    
        monkeypatch.setattr(board, "call_tool", call_tool)
        with pytest.raises((OrganizeWriteRefusalError, SurfaceLeaseError)):
>           await fixtures.run_owner(owner)

tests/chains/test_authority_independent_review.py:125: 
_ _ _ _ _ _ _ _ _ _ _ _ _ _ _ _ _ _ _ _ _ _ _ _ _ _ _ _ _ _ _ _ _ _ _ _ _ _ _ _ 
tests/chains/test_organize_owner.py:191: in run_owner
    return await owner.run(
src/kodezart/services/organize_owner.py:972: in run
    await self._tracker.execution_approved(
src/kodezart/adapters/linear_mcp_tracker.py:3486: in execution_approved
    _, approved = await self._read_execution_approval(issue_key=issue_key)
                  ^^^^^^^^^^^^^^^^^^^^^^^^^^^^^^^^^^^^^^^^^^^^^^^^^^^^^^^^
src/kodezart/adapters/linear_mcp_tracker.py:3513: in _read_execution_approval
    approved = await resolve_execution_approval(
src/kodezart/domain/scope_approval.py:61: in resolve_execution_approval
    approved, parent = await read_container(ancestor)
                       ^^^^^^^^^^^^^^^^^^^^^^^^^^^^^^
src/kodezart/adapters/linear_mcp_tracker.py:3511: in read_container
    return await reader.approval_parent(ref=ref, approved_label=label)
           ^^^^^^^^^^^^^^^^^^^^^^^^^^^^^^^^^^^^^^^^^^^^^^^^^^^^^^^^^^^
src/kodezart/adapters/linear_scope_reader.py:89: in approval_parent
    labels, parent = await self.labels_parent(ref=ref)
                     ^^^^^^^^^^^^^^^^^^^^^^^^^^^^^^^^^
src/kodezart/adapters/linear_scope_reader.py:102: in labels_parent
    project = await self._read(
_ _ _ _ _ _ _ _ _ _ _ _ _ _ _ _ _ _ _ _ _ _ _ _ _ _ _ _ _ _ _ _ _ _ _ _ _ _ _ _ 

self = <kodezart.adapters.linear_scope_reader.LinearScopeReader object at 0x10d2b8da0>
shape = <class 'kodezart.adapters.linear_scope_types.LinearApprovalProjectWire'>
tool = 'get_project', arguments = {'query': 'authority-project'}

    async def _read[WireT: LinearWireModel](
        self,
        shape: type[WireT],
        tool: str,
        arguments: Mapping[str, object],
    ) -> WireT:
        payload = await self._call(tool, arguments)
        try:
            return shape.model_validate(payload)
        except ValidationError as exc:
>           raise TrackerProtocolError(
                "scope response does not match its declared shape",
                tool=tool,
                detail=str(exc),
            ) from exc
E           kodezart.core.errors.TrackerProtocolError: scope response does not match its declared shape (tool: get_project; 1 validation error for LinearApprovalProjectWire
E           description
E             Field required [type=missing, input_value={'id': 'authority-project...ject/authority-project'}, input_type=dict]
E               For further information visit https://errors.pydantic.dev/2.12/v/missing)

src/kodezart/adapters/linear_scope_reader.py:415: TrackerProtocolError
_______ test_unsent_retry_preserves_every_owner_precondition[lease-body] _______

self = <kodezart.adapters.linear_scope_reader.LinearScopeReader object at 0x10d2ba720>
shape = <class 'kodezart.adapters.linear_scope_types.LinearApprovalProjectWire'>
tool = 'get_project', arguments = {'query': 'authority-project'}

    async def _read[WireT: LinearWireModel](
        self,
        shape: type[WireT],
        tool: str,
        arguments: Mapping[str, object],
    ) -> WireT:
        payload = await self._call(tool, arguments)
        try:
>           return shape.model_validate(payload)
                   ^^^^^^^^^^^^^^^^^^^^^^^^^^^^^
E           pydantic_core._pydantic_core.ValidationError: 1 validation error for LinearApprovalProjectWire
E           description
E             Field required [type=missing, input_value={'id': 'authority-project...ject/authority-project'}, input_type=dict]
E               For further information visit https://errors.pydantic.dev/2.12/v/missing

src/kodezart/adapters/linear_scope_reader.py:413: ValidationError

The above exception was the direct cause of the following exception:

monkeypatch = <_pytest.monkeypatch.MonkeyPatch object at 0x10d300710>
kind = 'body', change = 'lease'

    @pytest.mark.parametrize("kind", ["body", "graph", "split", "criteria"])
    @pytest.mark.parametrize("change", ["parent_approval", "project_approval", "context", "membership", "phase", "lease"])
    async def test_unsent_retry_preserves_every_owner_precondition(monkeypatch, kind, change):
        owner, board, selected = configured(monkeypatch, kind)
        original = board.call_tool
        attempts = 0
        before_subject = None
    
        async def call_tool(*, name, arguments):
            nonlocal attempts, before_subject
            if selected(name, arguments):
                attempts += 1
                if attempts == 1:
                    subject = board.server.issues[CLAIMED_ISSUE]
                    before_subject = copy.deepcopy(subject)
                    if change == "parent_approval":
                        board.server.issues[PARENT].labels.append("approved scope")
                    elif change == "project_approval":
                        board.server.projects[PROJECT]["labels"].append("approved scope")
                    elif change == "context":
                        board.server.issues[PARENT].description = "Externally revised context."
                    elif change == "membership":
                        board.server.issues["new-member"] = FakeMcpIssue(
                            id="new-member", parent_id=CLAIMED_ISSUE,
                            description="An externally added scope member.",
                        )
                    elif change == "phase":
                        subject.labels = [label for label in subject.labels if label not in {
                            "candidate scope", "graph complete", "body complete"
                        }]
                    else:
                        board.advance(10000)
                    raise McpTransportError(
                        "Known unsent interruption", server_name="fixture", tool_name=name
                    )
            return await original(name=name, arguments=arguments)
    
        monkeypatch.setattr(board, "call_tool", call_tool)
        with pytest.raises((OrganizeWriteRefusalError, SurfaceLeaseError)):
>           await fixtures.run_owner(owner)

tests/chains/test_authority_independent_review.py:125: 
_ _ _ _ _ _ _ _ _ _ _ _ _ _ _ _ _ _ _ _ _ _ _ _ _ _ _ _ _ _ _ _ _ _ _ _ _ _ _ _ 
tests/chains/test_organize_owner.py:191: in run_owner
    return await owner.run(
src/kodezart/services/organize_owner.py:972: in run
    await self._tracker.execution_approved(
src/kodezart/adapters/linear_mcp_tracker.py:3486: in execution_approved
    _, approved = await self._read_execution_approval(issue_key=issue_key)
                  ^^^^^^^^^^^^^^^^^^^^^^^^^^^^^^^^^^^^^^^^^^^^^^^^^^^^^^^^
src/kodezart/adapters/linear_mcp_tracker.py:3513: in _read_execution_approval
    approved = await resolve_execution_approval(
src/kodezart/domain/scope_approval.py:61: in resolve_execution_approval
    approved, parent = await read_container(ancestor)
                       ^^^^^^^^^^^^^^^^^^^^^^^^^^^^^^
src/kodezart/adapters/linear_mcp_tracker.py:3511: in read_container
    return await reader.approval_parent(ref=ref, approved_label=label)
           ^^^^^^^^^^^^^^^^^^^^^^^^^^^^^^^^^^^^^^^^^^^^^^^^^^^^^^^^^^^
src/kodezart/adapters/linear_scope_reader.py:89: in approval_parent
    labels, parent = await self.labels_parent(ref=ref)
                     ^^^^^^^^^^^^^^^^^^^^^^^^^^^^^^^^^
src/kodezart/adapters/linear_scope_reader.py:102: in labels_parent
    project = await self._read(
_ _ _ _ _ _ _ _ _ _ _ _ _ _ _ _ _ _ _ _ _ _ _ _ _ _ _ _ _ _ _ _ _ _ _ _ _ _ _ _ 

self = <kodezart.adapters.linear_scope_reader.LinearScopeReader object at 0x10d2ba720>
shape = <class 'kodezart.adapters.linear_scope_types.LinearApprovalProjectWire'>
tool = 'get_project', arguments = {'query': 'authority-project'}

    async def _read[WireT: LinearWireModel](
        self,
        shape: type[WireT],
        tool: str,
        arguments: Mapping[str, object],
    ) -> WireT:
        payload = await self._call(tool, arguments)
        try:
            return shape.model_validate(payload)
        except ValidationError as exc:
>           raise TrackerProtocolError(
                "scope response does not match its declared shape",
                tool=tool,
                detail=str(exc),
            ) from exc
E           kodezart.core.errors.TrackerProtocolError: scope response does not match its declared shape (tool: get_project; 1 validation error for LinearApprovalProjectWire
E           description
E             Field required [type=missing, input_value={'id': 'authority-project...ject/authority-project'}, input_type=dict]
E               For further information visit https://errors.pydantic.dev/2.12/v/missing)

src/kodezart/adapters/linear_scope_reader.py:415: TrackerProtocolError
______ test_unsent_retry_preserves_every_owner_precondition[lease-graph] _______

self = <kodezart.adapters.linear_scope_reader.LinearScopeReader object at 0x10d308800>
shape = <class 'kodezart.adapters.linear_scope_types.LinearApprovalProjectWire'>
tool = 'get_project', arguments = {'query': 'authority-project'}

    async def _read[WireT: LinearWireModel](
        self,
        shape: type[WireT],
        tool: str,
        arguments: Mapping[str, object],
    ) -> WireT:
        payload = await self._call(tool, arguments)
        try:
>           return shape.model_validate(payload)
                   ^^^^^^^^^^^^^^^^^^^^^^^^^^^^^
E           pydantic_core._pydantic_core.ValidationError: 1 validation error for LinearApprovalProjectWire
E           description
E             Field required [type=missing, input_value={'id': 'authority-project...ject/authority-project'}, input_type=dict]
E               For further information visit https://errors.pydantic.dev/2.12/v/missing

src/kodezart/adapters/linear_scope_reader.py:413: ValidationError

The above exception was the direct cause of the following exception:

monkeypatch = <_pytest.monkeypatch.MonkeyPatch object at 0x10d308740>
kind = 'graph', change = 'lease'

    @pytest.mark.parametrize("kind", ["body", "graph", "split", "criteria"])
    @pytest.mark.parametrize("change", ["parent_approval", "project_approval", "context", "membership", "phase", "lease"])
    async def test_unsent_retry_preserves_every_owner_precondition(monkeypatch, kind, change):
        owner, board, selected = configured(monkeypatch, kind)
        original = board.call_tool
        attempts = 0
        before_subject = None
    
        async def call_tool(*, name, arguments):
            nonlocal attempts, before_subject
            if selected(name, arguments):
                attempts += 1
                if attempts == 1:
                    subject = board.server.issues[CLAIMED_ISSUE]
                    before_subject = copy.deepcopy(subject)
                    if change == "parent_approval":
                        board.server.issues[PARENT].labels.append("approved scope")
                    elif change == "project_approval":
                        board.server.projects[PROJECT]["labels"].append("approved scope")
                    elif change == "context":
                        board.server.issues[PARENT].description = "Externally revised context."
                    elif change == "membership":
                        board.server.issues["new-member"] = FakeMcpIssue(
                            id="new-member", parent_id=CLAIMED_ISSUE,
                            description="An externally added scope member.",
                        )
                    elif change == "phase":
                        subject.labels = [label for label in subject.labels if label not in {
                            "candidate scope", "graph complete", "body complete"
                        }]
                    else:
                        board.advance(10000)
                    raise McpTransportError(
                        "Known unsent interruption", server_name="fixture", tool_name=name
                    )
            return await original(name=name, arguments=arguments)
    
        monkeypatch.setattr(board, "call_tool", call_tool)
        with pytest.raises((OrganizeWriteRefusalError, SurfaceLeaseError)):
>           await fixtures.run_owner(owner)

tests/chains/test_authority_independent_review.py:125: 
_ _ _ _ _ _ _ _ _ _ _ _ _ _ _ _ _ _ _ _ _ _ _ _ _ _ _ _ _ _ _ _ _ _ _ _ _ _ _ _ 
tests/chains/test_organize_owner.py:191: in run_owner
    return await owner.run(
src/kodezart/services/organize_owner.py:972: in run
    await self._tracker.execution_approved(
src/kodezart/adapters/linear_mcp_tracker.py:3486: in execution_approved
    _, approved = await self._read_execution_approval(issue_key=issue_key)
                  ^^^^^^^^^^^^^^^^^^^^^^^^^^^^^^^^^^^^^^^^^^^^^^^^^^^^^^^^
src/kodezart/adapters/linear_mcp_tracker.py:3513: in _read_execution_approval
    approved = await resolve_execution_approval(
src/kodezart/domain/scope_approval.py:61: in resolve_execution_approval
    approved, parent = await read_container(ancestor)
                       ^^^^^^^^^^^^^^^^^^^^^^^^^^^^^^
src/kodezart/adapters/linear_mcp_tracker.py:3511: in read_container
    return await reader.approval_parent(ref=ref, approved_label=label)
           ^^^^^^^^^^^^^^^^^^^^^^^^^^^^^^^^^^^^^^^^^^^^^^^^^^^^^^^^^^^
src/kodezart/adapters/linear_scope_reader.py:89: in approval_parent
    labels, parent = await self.labels_parent(ref=ref)
                     ^^^^^^^^^^^^^^^^^^^^^^^^^^^^^^^^^
src/kodezart/adapters/linear_scope_reader.py:102: in labels_parent
    project = await self._read(
_ _ _ _ _ _ _ _ _ _ _ _ _ _ _ _ _ _ _ _ _ _ _ _ _ _ _ _ _ _ _ _ _ _ _ _ _ _ _ _ 

self = <kodezart.adapters.linear_scope_reader.LinearScopeReader object at 0x10d308800>
shape = <class 'kodezart.adapters.linear_scope_types.LinearApprovalProjectWire'>
tool = 'get_project', arguments = {'query': 'authority-project'}

    async def _read[WireT: LinearWireModel](
        self,
        shape: type[WireT],
        tool: str,
        arguments: Mapping[str, object],
    ) -> WireT:
        payload = await self._call(tool, arguments)
        try:
            return shape.model_validate(payload)
        except ValidationError as exc:
>           raise TrackerProtocolError(
                "scope response does not match its declared shape",
                tool=tool,
                detail=str(exc),
            ) from exc
E           kodezart.core.errors.TrackerProtocolError: scope response does not match its declared shape (tool: get_project; 1 validation error for LinearApprovalProjectWire
E           description
E             Field required [type=missing, input_value={'id': 'authority-project...ject/authority-project'}, input_type=dict]
E               For further information visit https://errors.pydantic.dev/2.12/v/missing)

src/kodezart/adapters/linear_scope_reader.py:415: TrackerProtocolError
______ test_unsent_retry_preserves_every_owner_precondition[lease-split] _______

self = <kodezart.adapters.linear_scope_reader.LinearScopeReader object at 0x10d300b60>
shape = <class 'kodezart.adapters.linear_scope_types.LinearApprovalProjectWire'>
tool = 'get_project', arguments = {'query': 'authority-project'}

    async def _read[WireT: LinearWireModel](
        self,
        shape: type[WireT],
        tool: str,
        arguments: Mapping[str, object],
    ) -> WireT:
        payload = await self._call(tool, arguments)
        try:
>           return shape.model_validate(payload)
                   ^^^^^^^^^^^^^^^^^^^^^^^^^^^^^
E           pydantic_core._pydantic_core.ValidationError: 1 validation error for LinearApprovalProjectWire
E           description
E             Field required [type=missing, input_value={'id': 'authority-project...ject/authority-project'}, input_type=dict]
E               For further information visit https://errors.pydantic.dev/2.12/v/missing

src/kodezart/adapters/linear_scope_reader.py:413: ValidationError

The above exception was the direct cause of the following exception:

monkeypatch = <_pytest.monkeypatch.MonkeyPatch object at 0x10d2ba810>
kind = 'split', change = 'lease'

    @pytest.mark.parametrize("kind", ["body", "graph", "split", "criteria"])
    @pytest.mark.parametrize("change", ["parent_approval", "project_approval", "context", "membership", "phase", "lease"])
    async def test_unsent_retry_preserves_every_owner_precondition(monkeypatch, kind, change):
        owner, board, selected = configured(monkeypatch, kind)
        original = board.call_tool
        attempts = 0
        before_subject = None
    
        async def call_tool(*, name, arguments):
            nonlocal attempts, before_subject
            if selected(name, arguments):
                attempts += 1
                if attempts == 1:
                    subject = board.server.issues[CLAIMED_ISSUE]
                    before_subject = copy.deepcopy(subject)
                    if change == "parent_approval":
                        board.server.issues[PARENT].labels.append("approved scope")
                    elif change == "project_approval":
                        board.server.projects[PROJECT]["labels"].append("approved scope")
                    elif change == "context":
                        board.server.issues[PARENT].description = "Externally revised context."
                    elif change == "membership":
                        board.server.issues["new-member"] = FakeMcpIssue(
                            id="new-member", parent_id=CLAIMED_ISSUE,
                            description="An externally added scope member.",
                        )
                    elif change == "phase":
                        subject.labels = [label for label in subject.labels if label not in {
                            "candidate scope", "graph complete", "body complete"
                        }]
                    else:
                        board.advance(10000)
                    raise McpTransportError(
                        "Known unsent interruption", server_name="fixture", tool_name=name
                    )
            return await original(name=name, arguments=arguments)
    
        monkeypatch.setattr(board, "call_tool", call_tool)
        with pytest.raises((OrganizeWriteRefusalError, SurfaceLeaseError)):
>           await fixtures.run_owner(owner)

tests/chains/test_authority_independent_review.py:125: 
_ _ _ _ _ _ _ _ _ _ _ _ _ _ _ _ _ _ _ _ _ _ _ _ _ _ _ _ _ _ _ _ _ _ _ _ _ _ _ _ 
tests/chains/test_organize_owner.py:191: in run_owner
    return await owner.run(
src/kodezart/services/organize_owner.py:972: in run
    await self._tracker.execution_approved(
src/kodezart/adapters/linear_mcp_tracker.py:3486: in execution_approved
    _, approved = await self._read_execution_approval(issue_key=issue_key)
                  ^^^^^^^^^^^^^^^^^^^^^^^^^^^^^^^^^^^^^^^^^^^^^^^^^^^^^^^^
src/kodezart/adapters/linear_mcp_tracker.py:3513: in _read_execution_approval
    approved = await resolve_execution_approval(
src/kodezart/domain/scope_approval.py:61: in resolve_execution_approval
    approved, parent = await read_container(ancestor)
                       ^^^^^^^^^^^^^^^^^^^^^^^^^^^^^^
src/kodezart/adapters/linear_mcp_tracker.py:3511: in read_container
    return await reader.approval_parent(ref=ref, approved_label=label)
           ^^^^^^^^^^^^^^^^^^^^^^^^^^^^^^^^^^^^^^^^^^^^^^^^^^^^^^^^^^^
src/kodezart/adapters/linear_scope_reader.py:89: in approval_parent
    labels, parent = await self.labels_parent(ref=ref)
                     ^^^^^^^^^^^^^^^^^^^^^^^^^^^^^^^^^
src/kodezart/adapters/linear_scope_reader.py:102: in labels_parent
    project = await self._read(
_ _ _ _ _ _ _ _ _ _ _ _ _ _ _ _ _ _ _ _ _ _ _ _ _ _ _ _ _ _ _ _ _ _ _ _ _ _ _ _ 

self = <kodezart.adapters.linear_scope_reader.LinearScopeReader object at 0x10d300b60>
shape = <class 'kodezart.adapters.linear_scope_types.LinearApprovalProjectWire'>
tool = 'get_project', arguments = {'query': 'authority-project'}

    async def _read[WireT: LinearWireModel](
        self,
        shape: type[WireT],
        tool: str,
        arguments: Mapping[str, object],
    ) -> WireT:
        payload = await self._call(tool, arguments)
        try:
            return shape.model_validate(payload)
        except ValidationError as exc:
>           raise TrackerProtocolError(
                "scope response does not match its declared shape",
                tool=tool,
                detail=str(exc),
            ) from exc
E           kodezart.core.errors.TrackerProtocolError: scope response does not match its declared shape (tool: get_project; 1 validation error for LinearApprovalProjectWire
E           description
E             Field required [type=missing, input_value={'id': 'authority-project...ject/authority-project'}, input_type=dict]
E               For further information visit https://errors.pydantic.dev/2.12/v/missing)

src/kodezart/adapters/linear_scope_reader.py:415: TrackerProtocolError
_____ test_unsent_retry_preserves_every_owner_precondition[lease-criteria] _____

self = <kodezart.adapters.linear_scope_reader.LinearScopeReader object at 0x10cd1f770>
shape = <class 'kodezart.adapters.linear_scope_types.LinearApprovalProjectWire'>
tool = 'get_project', arguments = {'query': 'authority-project'}

    async def _read[WireT: LinearWireModel](
        self,
        shape: type[WireT],
        tool: str,
        arguments: Mapping[str, object],
    ) -> WireT:
        payload = await self._call(tool, arguments)
        try:
>           return shape.model_validate(payload)
                   ^^^^^^^^^^^^^^^^^^^^^^^^^^^^^
E           pydantic_core._pydantic_core.ValidationError: 1 validation error for LinearApprovalProjectWire
E           description
E             Field required [type=missing, input_value={'id': 'authority-project...ject/authority-project'}, input_type=dict]
E               For further information visit https://errors.pydantic.dev/2.12/v/missing

src/kodezart/adapters/linear_scope_reader.py:413: ValidationError

The above exception was the direct cause of the following exception:

monkeypatch = <_pytest.monkeypatch.MonkeyPatch object at 0x10d2dff50>
kind = 'criteria', change = 'lease'

    @pytest.mark.parametrize("kind", ["body", "graph", "split", "criteria"])
    @pytest.mark.parametrize("change", ["parent_approval", "project_approval", "context", "membership", "phase", "lease"])
    async def test_unsent_retry_preserves_every_owner_precondition(monkeypatch, kind, change):
        owner, board, selected = configured(monkeypatch, kind)
        original = board.call_tool
        attempts = 0
        before_subject = None
    
        async def call_tool(*, name, arguments):
            nonlocal attempts, before_subject
            if selected(name, arguments):
                attempts += 1
                if attempts == 1:
                    subject = board.server.issues[CLAIMED_ISSUE]
                    before_subject = copy.deepcopy(subject)
                    if change == "parent_approval":
                        board.server.issues[PARENT].labels.append("approved scope")
                    elif change == "project_approval":
                        board.server.projects[PROJECT]["labels"].append("approved scope")
                    elif change == "context":
                        board.server.issues[PARENT].description = "Externally revised context."
                    elif change == "membership":
                        board.server.issues["new-member"] = FakeMcpIssue(
                            id="new-member", parent_id=CLAIMED_ISSUE,
                            description="An externally added scope member.",
                        )
                    elif change == "phase":
                        subject.labels = [label for label in subject.labels if label not in {
                            "candidate scope", "graph complete", "body complete"
                        }]
                    else:
                        board.advance(10000)
                    raise McpTransportError(
                        "Known unsent interruption", server_name="fixture", tool_name=name
                    )
            return await original(name=name, arguments=arguments)
    
        monkeypatch.setattr(board, "call_tool", call_tool)
        with pytest.raises((OrganizeWriteRefusalError, SurfaceLeaseError)):
>           await fixtures.run_owner(owner)

tests/chains/test_authority_independent_review.py:125: 
_ _ _ _ _ _ _ _ _ _ _ _ _ _ _ _ _ _ _ _ _ _ _ _ _ _ _ _ _ _ _ _ _ _ _ _ _ _ _ _ 
tests/chains/test_organize_owner.py:191: in run_owner
    return await owner.run(
src/kodezart/services/organize_owner.py:972: in run
    await self._tracker.execution_approved(
src/kodezart/adapters/linear_mcp_tracker.py:3486: in execution_approved
    _, approved = await self._read_execution_approval(issue_key=issue_key)
                  ^^^^^^^^^^^^^^^^^^^^^^^^^^^^^^^^^^^^^^^^^^^^^^^^^^^^^^^^
src/kodezart/adapters/linear_mcp_tracker.py:3513: in _read_execution_approval
    approved = await resolve_execution_approval(
src/kodezart/domain/scope_approval.py:61: in resolve_execution_approval
    approved, parent = await read_container(ancestor)
                       ^^^^^^^^^^^^^^^^^^^^^^^^^^^^^^
src/kodezart/adapters/linear_mcp_tracker.py:3511: in read_container
    return await reader.approval_parent(ref=ref, approved_label=label)
           ^^^^^^^^^^^^^^^^^^^^^^^^^^^^^^^^^^^^^^^^^^^^^^^^^^^^^^^^^^^
src/kodezart/adapters/linear_scope_reader.py:89: in approval_parent
    labels, parent = await self.labels_parent(ref=ref)
                     ^^^^^^^^^^^^^^^^^^^^^^^^^^^^^^^^^
src/kodezart/adapters/linear_scope_reader.py:102: in labels_parent
    project = await self._read(
_ _ _ _ _ _ _ _ _ _ _ _ _ _ _ _ _ _ _ _ _ _ _ _ _ _ _ _ _ _ _ _ _ _ _ _ _ _ _ _ 

self = <kodezart.adapters.linear_scope_reader.LinearScopeReader object at 0x10cd1f770>
shape = <class 'kodezart.adapters.linear_scope_types.LinearApprovalProjectWire'>
tool = 'get_project', arguments = {'query': 'authority-project'}

    async def _read[WireT: LinearWireModel](
        self,
        shape: type[WireT],
        tool: str,
        arguments: Mapping[str, object],
    ) -> WireT:
        payload = await self._call(tool, arguments)
        try:
            return shape.model_validate(payload)
        except ValidationError as exc:
>           raise TrackerProtocolError(
                "scope response does not match its declared shape",
                tool=tool,
                detail=str(exc),
            ) from exc
E           kodezart.core.errors.TrackerProtocolError: scope response does not match its declared shape (tool: get_project; 1 validation error for LinearApprovalProjectWire
E           description
E             Field required [type=missing, input_value={'id': 'authority-project...ject/authority-project'}, input_type=dict]
E               For further information visit https://errors.pydantic.dev/2.12/v/missing)

src/kodezart/adapters/linear_scope_reader.py:415: TrackerProtocolError
_ test_actual_completed_or_uncertain_write_is_never_resent[issued_unknown-body] _

self = <kodezart.adapters.linear_scope_reader.LinearScopeReader object at 0x10d25d880>
shape = <class 'kodezart.adapters.linear_scope_types.LinearApprovalProjectWire'>
tool = 'get_project', arguments = {'query': 'authority-project'}

    async def _read[WireT: LinearWireModel](
        self,
        shape: type[WireT],
        tool: str,
        arguments: Mapping[str, object],
    ) -> WireT:
        payload = await self._call(tool, arguments)
        try:
>           return shape.model_validate(payload)
                   ^^^^^^^^^^^^^^^^^^^^^^^^^^^^^
E           pydantic_core._pydantic_core.ValidationError: 1 validation error for LinearApprovalProjectWire
E           description
E             Field required [type=missing, input_value={'id': 'authority-project...ject/authority-project'}, input_type=dict]
E               For further information visit https://errors.pydantic.dev/2.12/v/missing

src/kodezart/adapters/linear_scope_reader.py:413: ValidationError

The above exception was the direct cause of the following exception:

monkeypatch = <_pytest.monkeypatch.MonkeyPatch object at 0x10ced3200>
kind = 'body', outcome = 'issued_unknown'

    @pytest.mark.parametrize("kind", ["body", "graph", "split", "criteria"])
    @pytest.mark.parametrize("outcome", ["issued_unknown", "receipt_read_failure"])
    async def test_actual_completed_or_uncertain_write_is_never_resent(monkeypatch, kind, outcome):
        owner, board, selected = configured(monkeypatch, kind)
        original = board.call_tool
        issued = 0
    
        async def call_tool(*, name, arguments):
            nonlocal issued
            if selected(name, arguments):
                issued += 1
                value = await original(name=name, arguments=arguments)
                if outcome == "issued_unknown":
                    raise McpCallUnansweredError(
                        "Issued with no answer", server_name="fixture", tool_name=name
                    )
                return value
            if issued and name == "get_issue":
                raise McpTransportError(
                    "Readback unavailable", server_name="fixture", tool_name=name
                )
            return await original(name=name, arguments=arguments)
    
        monkeypatch.setattr(board, "call_tool", call_tool)
        from kodezart.core.errors import TrackerUnavailableError
    
        with pytest.raises(TrackerUnavailableError):
>           await fixtures.run_owner(owner)

tests/chains/test_authority_independent_review.py:165: 
_ _ _ _ _ _ _ _ _ _ _ _ _ _ _ _ _ _ _ _ _ _ _ _ _ _ _ _ _ _ _ _ _ _ _ _ _ _ _ _ 
tests/chains/test_organize_owner.py:191: in run_owner
    return await owner.run(
src/kodezart/services/organize_owner.py:972: in run
    await self._tracker.execution_approved(
src/kodezart/adapters/linear_mcp_tracker.py:3486: in execution_approved
    _, approved = await self._read_execution_approval(issue_key=issue_key)
                  ^^^^^^^^^^^^^^^^^^^^^^^^^^^^^^^^^^^^^^^^^^^^^^^^^^^^^^^^
src/kodezart/adapters/linear_mcp_tracker.py:3513: in _read_execution_approval
    approved = await resolve_execution_approval(
src/kodezart/domain/scope_approval.py:61: in resolve_execution_approval
    approved, parent = await read_container(ancestor)
                       ^^^^^^^^^^^^^^^^^^^^^^^^^^^^^^
src/kodezart/adapters/linear_mcp_tracker.py:3511: in read_container
    return await reader.approval_parent(ref=ref, approved_label=label)
           ^^^^^^^^^^^^^^^^^^^^^^^^^^^^^^^^^^^^^^^^^^^^^^^^^^^^^^^^^^^
src/kodezart/adapters/linear_scope_reader.py:89: in approval_parent
    labels, parent = await self.labels_parent(ref=ref)
                     ^^^^^^^^^^^^^^^^^^^^^^^^^^^^^^^^^
src/kodezart/adapters/linear_scope_reader.py:102: in labels_parent
    project = await self._read(
_ _ _ _ _ _ _ _ _ _ _ _ _ _ _ _ _ _ _ _ _ _ _ _ _ _ _ _ _ _ _ _ _ _ _ _ _ _ _ _ 

self = <kodezart.adapters.linear_scope_reader.LinearScopeReader object at 0x10d25d880>
shape = <class 'kodezart.adapters.linear_scope_types.LinearApprovalProjectWire'>
tool = 'get_project', arguments = {'query': 'authority-project'}

    async def _read[WireT: LinearWireModel](
        self,
        shape: type[WireT],
        tool: str,
        arguments: Mapping[str, object],
    ) -> WireT:
        payload = await self._call(tool, arguments)
        try:
            return shape.model_validate(payload)
        except ValidationError as exc:
>           raise TrackerProtocolError(
                "scope response does not match its declared shape",
                tool=tool,
                detail=str(exc),
            ) from exc
E           kodezart.core.errors.TrackerProtocolError: scope response does not match its declared shape (tool: get_project; 1 validation error for LinearApprovalProjectWire
E           description
E             Field required [type=missing, input_value={'id': 'authority-project...ject/authority-project'}, input_type=dict]
E               For further information visit https://errors.pydantic.dev/2.12/v/missing)

src/kodezart/adapters/linear_scope_reader.py:415: TrackerProtocolError
_ test_actual_completed_or_uncertain_write_is_never_resent[issued_unknown-graph] _

self = <kodezart.adapters.linear_scope_reader.LinearScopeReader object at 0x10d2cd1c0>
shape = <class 'kodezart.adapters.linear_scope_types.LinearApprovalProjectWire'>
tool = 'get_project', arguments = {'query': 'authority-project'}

    async def _read[WireT: LinearWireModel](
        self,
        shape: type[WireT],
        tool: str,
        arguments: Mapping[str, object],
    ) -> WireT:
        payload = await self._call(tool, arguments)
        try:
>           return shape.model_validate(payload)
                   ^^^^^^^^^^^^^^^^^^^^^^^^^^^^^
E           pydantic_core._pydantic_core.ValidationError: 1 validation error for LinearApprovalProjectWire
E           description
E             Field required [type=missing, input_value={'id': 'authority-project...ject/authority-project'}, input_type=dict]
E               For further information visit https://errors.pydantic.dev/2.12/v/missing

src/kodezart/adapters/linear_scope_reader.py:413: ValidationError

The above exception was the direct cause of the following exception:

monkeypatch = <_pytest.monkeypatch.MonkeyPatch object at 0x10d25f860>
kind = 'graph', outcome = 'issued_unknown'

    @pytest.mark.parametrize("kind", ["body", "graph", "split", "criteria"])
    @pytest.mark.parametrize("outcome", ["issued_unknown", "receipt_read_failure"])
    async def test_actual_completed_or_uncertain_write_is_never_resent(monkeypatch, kind, outcome):
        owner, board, selected = configured(monkeypatch, kind)
        original = board.call_tool
        issued = 0
    
        async def call_tool(*, name, arguments):
            nonlocal issued
            if selected(name, arguments):
                issued += 1
                value = await original(name=name, arguments=arguments)
                if outcome == "issued_unknown":
                    raise McpCallUnansweredError(
                        "Issued with no answer", server_name="fixture", tool_name=name
                    )
                return value
            if issued and name == "get_issue":
                raise McpTransportError(
                    "Readback unavailable", server_name="fixture", tool_name=name
                )
            return await original(name=name, arguments=arguments)
    
        monkeypatch.setattr(board, "call_tool", call_tool)
        from kodezart.core.errors import TrackerUnavailableError
    
        with pytest.raises(TrackerUnavailableError):
>           await fixtures.run_owner(owner)

tests/chains/test_authority_independent_review.py:165: 
_ _ _ _ _ _ _ _ _ _ _ _ _ _ _ _ _ _ _ _ _ _ _ _ _ _ _ _ _ _ _ _ _ _ _ _ _ _ _ _ 
tests/chains/test_organize_owner.py:191: in run_owner
    return await owner.run(
src/kodezart/services/organize_owner.py:972: in run
    await self._tracker.execution_approved(
src/kodezart/adapters/linear_mcp_tracker.py:3486: in execution_approved
    _, approved = await self._read_execution_approval(issue_key=issue_key)
                  ^^^^^^^^^^^^^^^^^^^^^^^^^^^^^^^^^^^^^^^^^^^^^^^^^^^^^^^^
src/kodezart/adapters/linear_mcp_tracker.py:3513: in _read_execution_approval
    approved = await resolve_execution_approval(
src/kodezart/domain/scope_approval.py:61: in resolve_execution_approval
    approved, parent = await read_container(ancestor)
                       ^^^^^^^^^^^^^^^^^^^^^^^^^^^^^^
src/kodezart/adapters/linear_mcp_tracker.py:3511: in read_container
    return await reader.approval_parent(ref=ref, approved_label=label)
           ^^^^^^^^^^^^^^^^^^^^^^^^^^^^^^^^^^^^^^^^^^^^^^^^^^^^^^^^^^^
src/kodezart/adapters/linear_scope_reader.py:89: in approval_parent
    labels, parent = await self.labels_parent(ref=ref)
                     ^^^^^^^^^^^^^^^^^^^^^^^^^^^^^^^^^
src/kodezart/adapters/linear_scope_reader.py:102: in labels_parent
    project = await self._read(
_ _ _ _ _ _ _ _ _ _ _ _ _ _ _ _ _ _ _ _ _ _ _ _ _ _ _ _ _ _ _ _ _ _ _ _ _ _ _ _ 

self = <kodezart.adapters.linear_scope_reader.LinearScopeReader object at 0x10d2cd1c0>
shape = <class 'kodezart.adapters.linear_scope_types.LinearApprovalProjectWire'>
tool = 'get_project', arguments = {'query': 'authority-project'}

    async def _read[WireT: LinearWireModel](
        self,
        shape: type[WireT],
        tool: str,
        arguments: Mapping[str, object],
    ) -> WireT:
        payload = await self._call(tool, arguments)
        try:
            return shape.model_validate(payload)
        except ValidationError as exc:
>           raise TrackerProtocolError(
                "scope response does not match its declared shape",
                tool=tool,
                detail=str(exc),
            ) from exc
E           kodezart.core.errors.TrackerProtocolError: scope response does not match its declared shape (tool: get_project; 1 validation error for LinearApprovalProjectWire
E           description
E             Field required [type=missing, input_value={'id': 'authority-project...ject/authority-project'}, input_type=dict]
E               For further information visit https://errors.pydantic.dev/2.12/v/missing)

src/kodezart/adapters/linear_scope_reader.py:415: TrackerProtocolError
_ test_actual_completed_or_uncertain_write_is_never_resent[issued_unknown-split] _

self = <kodezart.adapters.linear_scope_reader.LinearScopeReader object at 0x10d300b60>
shape = <class 'kodezart.adapters.linear_scope_types.LinearApprovalProjectWire'>
tool = 'get_project', arguments = {'query': 'authority-project'}

    async def _read[WireT: LinearWireModel](
        self,
        shape: type[WireT],
        tool: str,
        arguments: Mapping[str, object],
    ) -> WireT:
        payload = await self._call(tool, arguments)
        try:
>           return shape.model_validate(payload)
                   ^^^^^^^^^^^^^^^^^^^^^^^^^^^^^
E           pydantic_core._pydantic_core.ValidationError: 1 validation error for LinearApprovalProjectWire
E           description
E             Field required [type=missing, input_value={'id': 'authority-project...ject/authority-project'}, input_type=dict]
E               For further information visit https://errors.pydantic.dev/2.12/v/missing

src/kodezart/adapters/linear_scope_reader.py:413: ValidationError

The above exception was the direct cause of the following exception:

monkeypatch = <_pytest.monkeypatch.MonkeyPatch object at 0x10d25d760>
kind = 'split', outcome = 'issued_unknown'

    @pytest.mark.parametrize("kind", ["body", "graph", "split", "criteria"])
    @pytest.mark.parametrize("outcome", ["issued_unknown", "receipt_read_failure"])
    async def test_actual_completed_or_uncertain_write_is_never_resent(monkeypatch, kind, outcome):
        owner, board, selected = configured(monkeypatch, kind)
        original = board.call_tool
        issued = 0
    
        async def call_tool(*, name, arguments):
            nonlocal issued
            if selected(name, arguments):
                issued += 1
                value = await original(name=name, arguments=arguments)
                if outcome == "issued_unknown":
                    raise McpCallUnansweredError(
                        "Issued with no answer", server_name="fixture", tool_name=name
                    )
                return value
            if issued and name == "get_issue":
                raise McpTransportError(
                    "Readback unavailable", server_name="fixture", tool_name=name
                )
            return await original(name=name, arguments=arguments)
    
        monkeypatch.setattr(board, "call_tool", call_tool)
        from kodezart.core.errors import TrackerUnavailableError
    
        with pytest.raises(TrackerUnavailableError):
>           await fixtures.run_owner(owner)

tests/chains/test_authority_independent_review.py:165: 
_ _ _ _ _ _ _ _ _ _ _ _ _ _ _ _ _ _ _ _ _ _ _ _ _ _ _ _ _ _ _ _ _ _ _ _ _ _ _ _ 
tests/chains/test_organize_owner.py:191: in run_owner
    return await owner.run(
src/kodezart/services/organize_owner.py:972: in run
    await self._tracker.execution_approved(
src/kodezart/adapters/linear_mcp_tracker.py:3486: in execution_approved
    _, approved = await self._read_execution_approval(issue_key=issue_key)
                  ^^^^^^^^^^^^^^^^^^^^^^^^^^^^^^^^^^^^^^^^^^^^^^^^^^^^^^^^
src/kodezart/adapters/linear_mcp_tracker.py:3513: in _read_execution_approval
    approved = await resolve_execution_approval(
src/kodezart/domain/scope_approval.py:61: in resolve_execution_approval
    approved, parent = await read_container(ancestor)
                       ^^^^^^^^^^^^^^^^^^^^^^^^^^^^^^
src/kodezart/adapters/linear_mcp_tracker.py:3511: in read_container
    return await reader.approval_parent(ref=ref, approved_label=label)
           ^^^^^^^^^^^^^^^^^^^^^^^^^^^^^^^^^^^^^^^^^^^^^^^^^^^^^^^^^^^
src/kodezart/adapters/linear_scope_reader.py:89: in approval_parent
    labels, parent = await self.labels_parent(ref=ref)
                     ^^^^^^^^^^^^^^^^^^^^^^^^^^^^^^^^^
src/kodezart/adapters/linear_scope_reader.py:102: in labels_parent
    project = await self._read(
_ _ _ _ _ _ _ _ _ _ _ _ _ _ _ _ _ _ _ _ _ _ _ _ _ _ _ _ _ _ _ _ _ _ _ _ _ _ _ _ 

self = <kodezart.adapters.linear_scope_reader.LinearScopeReader object at 0x10d300b60>
shape = <class 'kodezart.adapters.linear_scope_types.LinearApprovalProjectWire'>
tool = 'get_project', arguments = {'query': 'authority-project'}

    async def _read[WireT: LinearWireModel](
        self,
        shape: type[WireT],
        tool: str,
        arguments: Mapping[str, object],
    ) -> WireT:
        payload = await self._call(tool, arguments)
        try:
            return shape.model_validate(payload)
        except ValidationError as exc:
>           raise TrackerProtocolError(
                "scope response does not match its declared shape",
                tool=tool,
                detail=str(exc),
            ) from exc
E           kodezart.core.errors.TrackerProtocolError: scope response does not match its declared shape (tool: get_project; 1 validation error for LinearApprovalProjectWire
E           description
E             Field required [type=missing, input_value={'id': 'authority-project...ject/authority-project'}, input_type=dict]
E               For further information visit https://errors.pydantic.dev/2.12/v/missing)

src/kodezart/adapters/linear_scope_reader.py:415: TrackerProtocolError
_ test_actual_completed_or_uncertain_write_is_never_resent[issued_unknown-criteria] _

self = <kodezart.adapters.linear_scope_reader.LinearScopeReader object at 0x10d2db0b0>
shape = <class 'kodezart.adapters.linear_scope_types.LinearApprovalProjectWire'>
tool = 'get_project', arguments = {'query': 'authority-project'}

    async def _read[WireT: LinearWireModel](
        self,
        shape: type[WireT],
        tool: str,
        arguments: Mapping[str, object],
    ) -> WireT:
        payload = await self._call(tool, arguments)
        try:
>           return shape.model_validate(payload)
                   ^^^^^^^^^^^^^^^^^^^^^^^^^^^^^
E           pydantic_core._pydantic_core.ValidationError: 1 validation error for LinearApprovalProjectWire
E           description
E             Field required [type=missing, input_value={'id': 'authority-project...ject/authority-project'}, input_type=dict]
E               For further information visit https://errors.pydantic.dev/2.12/v/missing

src/kodezart/adapters/linear_scope_reader.py:413: ValidationError

The above exception was the direct cause of the following exception:

monkeypatch = <_pytest.monkeypatch.MonkeyPatch object at 0x10d327680>
kind = 'criteria', outcome = 'issued_unknown'

    @pytest.mark.parametrize("kind", ["body", "graph", "split", "criteria"])
    @pytest.mark.parametrize("outcome", ["issued_unknown", "receipt_read_failure"])
    async def test_actual_completed_or_uncertain_write_is_never_resent(monkeypatch, kind, outcome):
        owner, board, selected = configured(monkeypatch, kind)
        original = board.call_tool
        issued = 0
    
        async def call_tool(*, name, arguments):
            nonlocal issued
            if selected(name, arguments):
                issued += 1
                value = await original(name=name, arguments=arguments)
                if outcome == "issued_unknown":
                    raise McpCallUnansweredError(
                        "Issued with no answer", server_name="fixture", tool_name=name
                    )
                return value
            if issued and name == "get_issue":
                raise McpTransportError(
                    "Readback unavailable", server_name="fixture", tool_name=name
                )
            return await original(name=name, arguments=arguments)
    
        monkeypatch.setattr(board, "call_tool", call_tool)
        from kodezart.core.errors import TrackerUnavailableError
    
        with pytest.raises(TrackerUnavailableError):
>           await fixtures.run_owner(owner)

tests/chains/test_authority_independent_review.py:165: 
_ _ _ _ _ _ _ _ _ _ _ _ _ _ _ _ _ _ _ _ _ _ _ _ _ _ _ _ _ _ _ _ _ _ _ _ _ _ _ _ 
tests/chains/test_organize_owner.py:191: in run_owner
    return await owner.run(
src/kodezart/services/organize_owner.py:972: in run
    await self._tracker.execution_approved(
src/kodezart/adapters/linear_mcp_tracker.py:3486: in execution_approved
    _, approved = await self._read_execution_approval(issue_key=issue_key)
                  ^^^^^^^^^^^^^^^^^^^^^^^^^^^^^^^^^^^^^^^^^^^^^^^^^^^^^^^^
src/kodezart/adapters/linear_mcp_tracker.py:3513: in _read_execution_approval
    approved = await resolve_execution_approval(
src/kodezart/domain/scope_approval.py:61: in resolve_execution_approval
    approved, parent = await read_container(ancestor)
                       ^^^^^^^^^^^^^^^^^^^^^^^^^^^^^^
src/kodezart/adapters/linear_mcp_tracker.py:3511: in read_container
    return await reader.approval_parent(ref=ref, approved_label=label)
           ^^^^^^^^^^^^^^^^^^^^^^^^^^^^^^^^^^^^^^^^^^^^^^^^^^^^^^^^^^^
src/kodezart/adapters/linear_scope_reader.py:89: in approval_parent
    labels, parent = await self.labels_parent(ref=ref)
                     ^^^^^^^^^^^^^^^^^^^^^^^^^^^^^^^^^
src/kodezart/adapters/linear_scope_reader.py:102: in labels_parent
    project = await self._read(
_ _ _ _ _ _ _ _ _ _ _ _ _ _ _ _ _ _ _ _ _ _ _ _ _ _ _ _ _ _ _ _ _ _ _ _ _ _ _ _ 

self = <kodezart.adapters.linear_scope_reader.LinearScopeReader object at 0x10d2db0b0>
shape = <class 'kodezart.adapters.linear_scope_types.LinearApprovalProjectWire'>
tool = 'get_project', arguments = {'query': 'authority-project'}

    async def _read[WireT: LinearWireModel](
        self,
        shape: type[WireT],
        tool: str,
        arguments: Mapping[str, object],
    ) -> WireT:
        payload = await self._call(tool, arguments)
        try:
            return shape.model_validate(payload)
        except ValidationError as exc:
>           raise TrackerProtocolError(
                "scope response does not match its declared shape",
                tool=tool,
                detail=str(exc),
            ) from exc
E           kodezart.core.errors.TrackerProtocolError: scope response does not match its declared shape (tool: get_project; 1 validation error for LinearApprovalProjectWire
E           description
E             Field required [type=missing, input_value={'id': 'authority-project...ject/authority-project'}, input_type=dict]
E               For further information visit https://errors.pydantic.dev/2.12/v/missing)

src/kodezart/adapters/linear_scope_reader.py:415: TrackerProtocolError
_ test_actual_completed_or_uncertain_write_is_never_resent[receipt_read_failure-body] _

self = <kodezart.adapters.linear_scope_reader.LinearScopeReader object at 0x10d25cb30>
shape = <class 'kodezart.adapters.linear_scope_types.LinearApprovalProjectWire'>
tool = 'get_project', arguments = {'query': 'authority-project'}

    async def _read[WireT: LinearWireModel](
        self,
        shape: type[WireT],
        tool: str,
        arguments: Mapping[str, object],
    ) -> WireT:
        payload = await self._call(tool, arguments)
        try:
>           return shape.model_validate(payload)
                   ^^^^^^^^^^^^^^^^^^^^^^^^^^^^^
E           pydantic_core._pydantic_core.ValidationError: 1 validation error for LinearApprovalProjectWire
E           description
E             Field required [type=missing, input_value={'id': 'authority-project...ject/authority-project'}, input_type=dict]
E               For further information visit https://errors.pydantic.dev/2.12/v/missing

src/kodezart/adapters/linear_scope_reader.py:413: ValidationError

The above exception was the direct cause of the following exception:

monkeypatch = <_pytest.monkeypatch.MonkeyPatch object at 0x10cf96b10>
kind = 'body', outcome = 'receipt_read_failure'

    @pytest.mark.parametrize("kind", ["body", "graph", "split", "criteria"])
    @pytest.mark.parametrize("outcome", ["issued_unknown", "receipt_read_failure"])
    async def test_actual_completed_or_uncertain_write_is_never_resent(monkeypatch, kind, outcome):
        owner, board, selected = configured(monkeypatch, kind)
        original = board.call_tool
        issued = 0
    
        async def call_tool(*, name, arguments):
            nonlocal issued
            if selected(name, arguments):
                issued += 1
                value = await original(name=name, arguments=arguments)
                if outcome == "issued_unknown":
                    raise McpCallUnansweredError(
                        "Issued with no answer", server_name="fixture", tool_name=name
                    )
                return value
            if issued and name == "get_issue":
                raise McpTransportError(
                    "Readback unavailable", server_name="fixture", tool_name=name
                )
            return await original(name=name, arguments=arguments)
    
        monkeypatch.setattr(board, "call_tool", call_tool)
        from kodezart.core.errors import TrackerUnavailableError
    
        with pytest.raises(TrackerUnavailableError):
>           await fixtures.run_owner(owner)

tests/chains/test_authority_independent_review.py:165: 
_ _ _ _ _ _ _ _ _ _ _ _ _ _ _ _ _ _ _ _ _ _ _ _ _ _ _ _ _ _ _ _ _ _ _ _ _ _ _ _ 
tests/chains/test_organize_owner.py:191: in run_owner
    return await owner.run(
src/kodezart/services/organize_owner.py:972: in run
    await self._tracker.execution_approved(
src/kodezart/adapters/linear_mcp_tracker.py:3486: in execution_approved
    _, approved = await self._read_execution_approval(issue_key=issue_key)
                  ^^^^^^^^^^^^^^^^^^^^^^^^^^^^^^^^^^^^^^^^^^^^^^^^^^^^^^^^
src/kodezart/adapters/linear_mcp_tracker.py:3513: in _read_execution_approval
    approved = await resolve_execution_approval(
src/kodezart/domain/scope_approval.py:61: in resolve_execution_approval
    approved, parent = await read_container(ancestor)
                       ^^^^^^^^^^^^^^^^^^^^^^^^^^^^^^
src/kodezart/adapters/linear_mcp_tracker.py:3511: in read_container
    return await reader.approval_parent(ref=ref, approved_label=label)
           ^^^^^^^^^^^^^^^^^^^^^^^^^^^^^^^^^^^^^^^^^^^^^^^^^^^^^^^^^^^
src/kodezart/adapters/linear_scope_reader.py:89: in approval_parent
    labels, parent = await self.labels_parent(ref=ref)
                     ^^^^^^^^^^^^^^^^^^^^^^^^^^^^^^^^^
src/kodezart/adapters/linear_scope_reader.py:102: in labels_parent
    project = await self._read(
_ _ _ _ _ _ _ _ _ _ _ _ _ _ _ _ _ _ _ _ _ _ _ _ _ _ _ _ _ _ _ _ _ _ _ _ _ _ _ _ 

self = <kodezart.adapters.linear_scope_reader.LinearScopeReader object at 0x10d25cb30>
shape = <class 'kodezart.adapters.linear_scope_types.LinearApprovalProjectWire'>
tool = 'get_project', arguments = {'query': 'authority-project'}

    async def _read[WireT: LinearWireModel](
        self,
        shape: type[WireT],
        tool: str,
        arguments: Mapping[str, object],
    ) -> WireT:
        payload = await self._call(tool, arguments)
        try:
            return shape.model_validate(payload)
        except ValidationError as exc:
>           raise TrackerProtocolError(
                "scope response does not match its declared shape",
                tool=tool,
                detail=str(exc),
            ) from exc
E           kodezart.core.errors.TrackerProtocolError: scope response does not match its declared shape (tool: get_project; 1 validation error for LinearApprovalProjectWire
E           description
E             Field required [type=missing, input_value={'id': 'authority-project...ject/authority-project'}, input_type=dict]
E               For further information visit https://errors.pydantic.dev/2.12/v/missing)

src/kodezart/adapters/linear_scope_reader.py:415: TrackerProtocolError
_ test_actual_completed_or_uncertain_write_is_never_resent[receipt_read_failure-graph] _

self = <kodezart.adapters.linear_scope_reader.LinearScopeReader object at 0x10cf8da90>
shape = <class 'kodezart.adapters.linear_scope_types.LinearApprovalProjectWire'>
tool = 'get_project', arguments = {'query': 'authority-project'}

    async def _read[WireT: LinearWireModel](
        self,
        shape: type[WireT],
        tool: str,
        arguments: Mapping[str, object],
    ) -> WireT:
        payload = await self._call(tool, arguments)
        try:
>           return shape.model_validate(payload)
                   ^^^^^^^^^^^^^^^^^^^^^^^^^^^^^
E           pydantic_core._pydantic_core.ValidationError: 1 validation error for LinearApprovalProjectWire
E           description
E             Field required [type=missing, input_value={'id': 'authority-project...ject/authority-project'}, input_type=dict]
E               For further information visit https://errors.pydantic.dev/2.12/v/missing

src/kodezart/adapters/linear_scope_reader.py:413: ValidationError

The above exception was the direct cause of the following exception:

monkeypatch = <_pytest.monkeypatch.MonkeyPatch object at 0x10d2db5c0>
kind = 'graph', outcome = 'receipt_read_failure'

    @pytest.mark.parametrize("kind", ["body", "graph", "split", "criteria"])
    @pytest.mark.parametrize("outcome", ["issued_unknown", "receipt_read_failure"])
    async def test_actual_completed_or_uncertain_write_is_never_resent(monkeypatch, kind, outcome):
        owner, board, selected = configured(monkeypatch, kind)
        original = board.call_tool
        issued = 0
    
        async def call_tool(*, name, arguments):
            nonlocal issued
            if selected(name, arguments):
                issued += 1
                value = await original(name=name, arguments=arguments)
                if outcome == "issued_unknown":
                    raise McpCallUnansweredError(
                        "Issued with no answer", server_name="fixture", tool_name=name
                    )
                return value
            if issued and name == "get_issue":
                raise McpTransportError(
                    "Readback unavailable", server_name="fixture", tool_name=name
                )
            return await original(name=name, arguments=arguments)
    
        monkeypatch.setattr(board, "call_tool", call_tool)
        from kodezart.core.errors import TrackerUnavailableError
    
        with pytest.raises(TrackerUnavailableError):
>           await fixtures.run_owner(owner)

tests/chains/test_authority_independent_review.py:165: 
_ _ _ _ _ _ _ _ _ _ _ _ _ _ _ _ _ _ _ _ _ _ _ _ _ _ _ _ _ _ _ _ _ _ _ _ _ _ _ _ 
tests/chains/test_organize_owner.py:191: in run_owner
    return await owner.run(
src/kodezart/services/organize_owner.py:972: in run
    await self._tracker.execution_approved(
src/kodezart/adapters/linear_mcp_tracker.py:3486: in execution_approved
    _, approved = await self._read_execution_approval(issue_key=issue_key)
                  ^^^^^^^^^^^^^^^^^^^^^^^^^^^^^^^^^^^^^^^^^^^^^^^^^^^^^^^^
src/kodezart/adapters/linear_mcp_tracker.py:3513: in _read_execution_approval
    approved = await resolve_execution_approval(
src/kodezart/domain/scope_approval.py:61: in resolve_execution_approval
    approved, parent = await read_container(ancestor)
                       ^^^^^^^^^^^^^^^^^^^^^^^^^^^^^^
src/kodezart/adapters/linear_mcp_tracker.py:3511: in read_container
    return await reader.approval_parent(ref=ref, approved_label=label)
           ^^^^^^^^^^^^^^^^^^^^^^^^^^^^^^^^^^^^^^^^^^^^^^^^^^^^^^^^^^^
src/kodezart/adapters/linear_scope_reader.py:89: in approval_parent
    labels, parent = await self.labels_parent(ref=ref)
                     ^^^^^^^^^^^^^^^^^^^^^^^^^^^^^^^^^
src/kodezart/adapters/linear_scope_reader.py:102: in labels_parent
    project = await self._read(
_ _ _ _ _ _ _ _ _ _ _ _ _ _ _ _ _ _ _ _ _ _ _ _ _ _ _ _ _ _ _ _ _ _ _ _ _ _ _ _ 

self = <kodezart.adapters.linear_scope_reader.LinearScopeReader object at 0x10cf8da90>
shape = <class 'kodezart.adapters.linear_scope_types.LinearApprovalProjectWire'>
tool = 'get_project', arguments = {'query': 'authority-project'}

    async def _read[WireT: LinearWireModel](
        self,
        shape: type[WireT],
        tool: str,
        arguments: Mapping[str, object],
    ) -> WireT:
        payload = await self._call(tool, arguments)
        try:
            return shape.model_validate(payload)
        except ValidationError as exc:
>           raise TrackerProtocolError(
                "scope response does not match its declared shape",
                tool=tool,
                detail=str(exc),
            ) from exc
E           kodezart.core.errors.TrackerProtocolError: scope response does not match its declared shape (tool: get_project; 1 validation error for LinearApprovalProjectWire
E           description
E             Field required [type=missing, input_value={'id': 'authority-project...ject/authority-project'}, input_type=dict]
E               For further information visit https://errors.pydantic.dev/2.12/v/missing)

src/kodezart/adapters/linear_scope_reader.py:415: TrackerProtocolError
_ test_actual_completed_or_uncertain_write_is_never_resent[receipt_read_failure-split] _

self = <kodezart.adapters.linear_scope_reader.LinearScopeReader object at 0x10cf8e780>
shape = <class 'kodezart.adapters.linear_scope_types.LinearApprovalProjectWire'>
tool = 'get_project', arguments = {'query': 'authority-project'}

    async def _read[WireT: LinearWireModel](
        self,
        shape: type[WireT],
        tool: str,
        arguments: Mapping[str, object],
    ) -> WireT:
        payload = await self._call(tool, arguments)
        try:
>           return shape.model_validate(payload)
                   ^^^^^^^^^^^^^^^^^^^^^^^^^^^^^
E           pydantic_core._pydantic_core.ValidationError: 1 validation error for LinearApprovalProjectWire
E           description
E             Field required [type=missing, input_value={'id': 'authority-project...ject/authority-project'}, input_type=dict]
E               For further information visit https://errors.pydantic.dev/2.12/v/missing

src/kodezart/adapters/linear_scope_reader.py:413: ValidationError

The above exception was the direct cause of the following exception:

monkeypatch = <_pytest.monkeypatch.MonkeyPatch object at 0x10d2cee70>
kind = 'split', outcome = 'receipt_read_failure'

    @pytest.mark.parametrize("kind", ["body", "graph", "split", "criteria"])
    @pytest.mark.parametrize("outcome", ["issued_unknown", "receipt_read_failure"])
    async def test_actual_completed_or_uncertain_write_is_never_resent(monkeypatch, kind, outcome):
        owner, board, selected = configured(monkeypatch, kind)
        original = board.call_tool
        issued = 0
    
        async def call_tool(*, name, arguments):
            nonlocal issued
            if selected(name, arguments):
                issued += 1
                value = await original(name=name, arguments=arguments)
                if outcome == "issued_unknown":
                    raise McpCallUnansweredError(
                        "Issued with no answer", server_name="fixture", tool_name=name
                    )
                return value
            if issued and name == "get_issue":
                raise McpTransportError(
                    "Readback unavailable", server_name="fixture", tool_name=name
                )
            return await original(name=name, arguments=arguments)
    
        monkeypatch.setattr(board, "call_tool", call_tool)
        from kodezart.core.errors import TrackerUnavailableError
    
        with pytest.raises(TrackerUnavailableError):
>           await fixtures.run_owner(owner)

tests/chains/test_authority_independent_review.py:165: 
_ _ _ _ _ _ _ _ _ _ _ _ _ _ _ _ _ _ _ _ _ _ _ _ _ _ _ _ _ _ _ _ _ _ _ _ _ _ _ _ 
tests/chains/test_organize_owner.py:191: in run_owner
    return await owner.run(
src/kodezart/services/organize_owner.py:972: in run
    await self._tracker.execution_approved(
src/kodezart/adapters/linear_mcp_tracker.py:3486: in execution_approved
    _, approved = await self._read_execution_approval(issue_key=issue_key)
                  ^^^^^^^^^^^^^^^^^^^^^^^^^^^^^^^^^^^^^^^^^^^^^^^^^^^^^^^^
src/kodezart/adapters/linear_mcp_tracker.py:3513: in _read_execution_approval
    approved = await resolve_execution_approval(
src/kodezart/domain/scope_approval.py:61: in resolve_execution_approval
    approved, parent = await read_container(ancestor)
                       ^^^^^^^^^^^^^^^^^^^^^^^^^^^^^^
src/kodezart/adapters/linear_mcp_tracker.py:3511: in read_container
    return await reader.approval_parent(ref=ref, approved_label=label)
           ^^^^^^^^^^^^^^^^^^^^^^^^^^^^^^^^^^^^^^^^^^^^^^^^^^^^^^^^^^^
src/kodezart/adapters/linear_scope_reader.py:89: in approval_parent
    labels, parent = await self.labels_parent(ref=ref)
                     ^^^^^^^^^^^^^^^^^^^^^^^^^^^^^^^^^
src/kodezart/adapters/linear_scope_reader.py:102: in labels_parent
    project = await self._read(
_ _ _ _ _ _ _ _ _ _ _ _ _ _ _ _ _ _ _ _ _ _ _ _ _ _ _ _ _ _ _ _ _ _ _ _ _ _ _ _ 

self = <kodezart.adapters.linear_scope_reader.LinearScopeReader object at 0x10cf8e780>
shape = <class 'kodezart.adapters.linear_scope_types.LinearApprovalProjectWire'>
tool = 'get_project', arguments = {'query': 'authority-project'}

    async def _read[WireT: LinearWireModel](
        self,
        shape: type[WireT],
        tool: str,
        arguments: Mapping[str, object],
    ) -> WireT:
        payload = await self._call(tool, arguments)
        try:
            return shape.model_validate(payload)
        except ValidationError as exc:
>           raise TrackerProtocolError(
                "scope response does not match its declared shape",
                tool=tool,
                detail=str(exc),
            ) from exc
E           kodezart.core.errors.TrackerProtocolError: scope response does not match its declared shape (tool: get_project; 1 validation error for LinearApprovalProjectWire
E           description
E             Field required [type=missing, input_value={'id': 'authority-project...ject/authority-project'}, input_type=dict]
E               For further information visit https://errors.pydantic.dev/2.12/v/missing)

src/kodezart/adapters/linear_scope_reader.py:415: TrackerProtocolError
_ test_actual_completed_or_uncertain_write_is_never_resent[receipt_read_failure-criteria] _

self = <kodezart.adapters.linear_scope_reader.LinearScopeReader object at 0x10d00da00>
shape = <class 'kodezart.adapters.linear_scope_types.LinearApprovalProjectWire'>
tool = 'get_project', arguments = {'query': 'authority-project'}

    async def _read[WireT: LinearWireModel](
        self,
        shape: type[WireT],
        tool: str,
        arguments: Mapping[str, object],
    ) -> WireT:
        payload = await self._call(tool, arguments)
        try:
>           return shape.model_validate(payload)
                   ^^^^^^^^^^^^^^^^^^^^^^^^^^^^^
E           pydantic_core._pydantic_core.ValidationError: 1 validation error for LinearApprovalProjectWire
E           description
E             Field required [type=missing, input_value={'id': 'authority-project...ject/authority-project'}, input_type=dict]
E               For further information visit https://errors.pydantic.dev/2.12/v/missing

src/kodezart/adapters/linear_scope_reader.py:413: ValidationError

The above exception was the direct cause of the following exception:

monkeypatch = <_pytest.monkeypatch.MonkeyPatch object at 0x10cf8c950>
kind = 'criteria', outcome = 'receipt_read_failure'

    @pytest.mark.parametrize("kind", ["body", "graph", "split", "criteria"])
    @pytest.mark.parametrize("outcome", ["issued_unknown", "receipt_read_failure"])
    async def test_actual_completed_or_uncertain_write_is_never_resent(monkeypatch, kind, outcome):
        owner, board, selected = configured(monkeypatch, kind)
        original = board.call_tool
        issued = 0
    
        async def call_tool(*, name, arguments):
            nonlocal issued
            if selected(name, arguments):
                issued += 1
                value = await original(name=name, arguments=arguments)
                if outcome == "issued_unknown":
                    raise McpCallUnansweredError(
                        "Issued with no answer", server_name="fixture", tool_name=name
                    )
                return value
            if issued and name == "get_issue":
                raise McpTransportError(
                    "Readback unavailable", server_name="fixture", tool_name=name
                )
            return await original(name=name, arguments=arguments)
    
        monkeypatch.setattr(board, "call_tool", call_tool)
        from kodezart.core.errors import TrackerUnavailableError
    
        with pytest.raises(TrackerUnavailableError):
>           await fixtures.run_owner(owner)

tests/chains/test_authority_independent_review.py:165: 
_ _ _ _ _ _ _ _ _ _ _ _ _ _ _ _ _ _ _ _ _ _ _ _ _ _ _ _ _ _ _ _ _ _ _ _ _ _ _ _ 
tests/chains/test_organize_owner.py:191: in run_owner
    return await owner.run(
src/kodezart/services/organize_owner.py:972: in run
    await self._tracker.execution_approved(
src/kodezart/adapters/linear_mcp_tracker.py:3486: in execution_approved
    _, approved = await self._read_execution_approval(issue_key=issue_key)
                  ^^^^^^^^^^^^^^^^^^^^^^^^^^^^^^^^^^^^^^^^^^^^^^^^^^^^^^^^
src/kodezart/adapters/linear_mcp_tracker.py:3513: in _read_execution_approval
    approved = await resolve_execution_approval(
src/kodezart/domain/scope_approval.py:61: in resolve_execution_approval
    approved, parent = await read_container(ancestor)
                       ^^^^^^^^^^^^^^^^^^^^^^^^^^^^^^
src/kodezart/adapters/linear_mcp_tracker.py:3511: in read_container
    return await reader.approval_parent(ref=ref, approved_label=label)
           ^^^^^^^^^^^^^^^^^^^^^^^^^^^^^^^^^^^^^^^^^^^^^^^^^^^^^^^^^^^
src/kodezart/adapters/linear_scope_reader.py:89: in approval_parent
    labels, parent = await self.labels_parent(ref=ref)
                     ^^^^^^^^^^^^^^^^^^^^^^^^^^^^^^^^^
src/kodezart/adapters/linear_scope_reader.py:102: in labels_parent
    project = await self._read(
_ _ _ _ _ _ _ _ _ _ _ _ _ _ _ _ _ _ _ _ _ _ _ _ _ _ _ _ _ _ _ _ _ _ _ _ _ _ _ _ 

self = <kodezart.adapters.linear_scope_reader.LinearScopeReader object at 0x10d00da00>
shape = <class 'kodezart.adapters.linear_scope_types.LinearApprovalProjectWire'>
tool = 'get_project', arguments = {'query': 'authority-project'}

    async def _read[WireT: LinearWireModel](
        self,
        shape: type[WireT],
        tool: str,
        arguments: Mapping[str, object],
    ) -> WireT:
        payload = await self._call(tool, arguments)
        try:
            return shape.model_validate(payload)
        except ValidationError as exc:
>           raise TrackerProtocolError(
                "scope response does not match its declared shape",
                tool=tool,
                detail=str(exc),
            ) from exc
E           kodezart.core.errors.TrackerProtocolError: scope response does not match its declared shape (tool: get_project; 1 validation error for LinearApprovalProjectWire
E           description
E             Field required [type=missing, input_value={'id': 'authority-project...ject/authority-project'}, input_type=dict]
E               For further information visit https://errors.pydantic.dev/2.12/v/missing)

src/kodezart/adapters/linear_scope_reader.py:415: TrackerProtocolError
_ test_repeated_cancellation_during_retry_validation_settles_before_release[False] _

fut = <coroutine object Event.wait at 0x10d3067a0>, timeout = 3

    async def wait_for(fut, timeout):
        """Wait for the single Future or coroutine to complete, with timeout.
    
        Coroutine will be wrapped in Task.
    
        Returns result of the Future or coroutine.  When a timeout occurs,
        it cancels the task and raises TimeoutError.  To avoid the task
        cancellation, wrap it in shield().
    
        If the wait is cancelled, the task is also cancelled.
    
        If the task suppresses the cancellation and returns a value instead,
        that value is returned.
    
        This function is a coroutine.
        """
        # The special case for timeout <= 0 is for the following case:
        #
        # async def test_waitfor():
        #     func_started = False
        #
        #     async def func():
        #         nonlocal func_started
        #         func_started = True
        #
        #     try:
        #         await asyncio.wait_for(func(), 0)
        #     except asyncio.TimeoutError:
        #         assert not func_started
        #     else:
        #         assert False
        #
        # asyncio.run(test_waitfor())
    
    
        if timeout is not None and timeout <= 0:
            fut = ensure_future(fut)
    
            if fut.done():
                return fut.result()
    
            await _cancel_and_wait(fut)
            try:
                return fut.result()
            except exceptions.CancelledError as exc:
                raise TimeoutError from exc
    
        async with timeouts.timeout(timeout):
>           return await fut
                   ^^^^^^^^^

/Users/kodezart/.local/share/uv/python/cpython-3.12.13-macos-aarch64-none/lib/python3.12/asyncio/tasks.py:520: 
_ _ _ _ _ _ _ _ _ _ _ _ _ _ _ _ _ _ _ _ _ _ _ _ _ _ _ _ _ _ _ _ _ _ _ _ _ _ _ _ 

self = <asyncio.locks.Event object at 0x10d2ba480 [unset]>

    async def wait(self):
        """Block until the internal flag is true.
    
        If the internal flag is true on entry, return True
        immediately.  Otherwise, block until another coroutine calls
        set() to set the flag to true, then return True.
        """
        if self._value:
            return True
    
        fut = self._get_loop().create_future()
        self._waiters.append(fut)
        try:
>           await fut
E           asyncio.exceptions.CancelledError

/Users/kodezart/.local/share/uv/python/cpython-3.12.13-macos-aarch64-none/lib/python3.12/asyncio/locks.py:212: CancelledError

The above exception was the direct cause of the following exception:

monkeypatch = <_pytest.monkeypatch.MonkeyPatch object at 0x10cf8d550>
refuse = False

    @pytest.mark.parametrize("refuse", [False, True])
    async def test_repeated_cancellation_during_retry_validation_settles_before_release(monkeypatch, refuse):
        owner, board, selected = configured(monkeypatch, "body")
        original = board.call_tool
        attempts = 0
        reached = asyncio.Event()
        resume = asyncio.Event()
        paused = False
    
        async def call_tool(*, name, arguments):
            nonlocal attempts, paused
            if selected(name, arguments):
                attempts += 1
                if attempts == 1:
                    raise McpTransportError(
                        "Known unsent interruption", server_name="fixture", tool_name=name
                    )
            if attempts == 1 and not paused and name == "get_issue":
                paused = True
                reached.set()
                await resume.wait()
            return await original(name=name, arguments=arguments)
    
        monkeypatch.setattr(board, "call_tool", call_tool)
        task = asyncio.create_task(fixtures.run_owner(owner))
        try:
>           await asyncio.wait_for(reached.wait(), timeout=3)

tests/chains/test_authority_independent_review.py:197: 
_ _ _ _ _ _ _ _ _ _ _ _ _ _ _ _ _ _ _ _ _ _ _ _ _ _ _ _ _ _ _ _ _ _ _ _ _ _ _ _ 
/Users/kodezart/.local/share/uv/python/cpython-3.12.13-macos-aarch64-none/lib/python3.12/asyncio/tasks.py:519: in wait_for
    async with timeouts.timeout(timeout):
               ^^^^^^^^^^^^^^^^^^^^^^^^^
_ _ _ _ _ _ _ _ _ _ _ _ _ _ _ _ _ _ _ _ _ _ _ _ _ _ _ _ _ _ _ _ _ _ _ _ _ _ _ _ 

self = <Timeout [expired]>
exc_type = <class 'asyncio.exceptions.CancelledError'>
exc_val = CancelledError(), exc_tb = <traceback object at 0x10d76fe80>

    async def __aexit__(
        self,
        exc_type: Optional[Type[BaseException]],
        exc_val: Optional[BaseException],
        exc_tb: Optional[TracebackType],
    ) -> Optional[bool]:
        assert self._state in (_State.ENTERED, _State.EXPIRING)
    
        if self._timeout_handler is not None:
            self._timeout_handler.cancel()
            self._timeout_handler = None
    
        if self._state is _State.EXPIRING:
            self._state = _State.EXPIRED
    
            if self._task.uncancel() <= self._cancelling and exc_type is exceptions.CancelledError:
                # Since there are no new cancel requests, we're
                # handling this.
>               raise TimeoutError from exc_val
E               TimeoutError

/Users/kodezart/.local/share/uv/python/cpython-3.12.13-macos-aarch64-none/lib/python3.12/asyncio/timeouts.py:115: TimeoutError
_ test_repeated_cancellation_during_retry_validation_settles_before_release[True] _

fut = <coroutine object Event.wait at 0x10d2c44a0>, timeout = 3

    async def wait_for(fut, timeout):
        """Wait for the single Future or coroutine to complete, with timeout.
    
        Coroutine will be wrapped in Task.
    
        Returns result of the Future or coroutine.  When a timeout occurs,
        it cancels the task and raises TimeoutError.  To avoid the task
        cancellation, wrap it in shield().
    
        If the wait is cancelled, the task is also cancelled.
    
        If the task suppresses the cancellation and returns a value instead,
        that value is returned.
    
        This function is a coroutine.
        """
        # The special case for timeout <= 0 is for the following case:
        #
        # async def test_waitfor():
        #     func_started = False
        #
        #     async def func():
        #         nonlocal func_started
        #         func_started = True
        #
        #     try:
        #         await asyncio.wait_for(func(), 0)
        #     except asyncio.TimeoutError:
        #         assert not func_started
        #     else:
        #         assert False
        #
        # asyncio.run(test_waitfor())
    
    
        if timeout is not None and timeout <= 0:
            fut = ensure_future(fut)
    
            if fut.done():
                return fut.result()
    
            await _cancel_and_wait(fut)
            try:
                return fut.result()
            except exceptions.CancelledError as exc:
                raise TimeoutError from exc
    
        async with timeouts.timeout(timeout):
>           return await fut
                   ^^^^^^^^^

/Users/kodezart/.local/share/uv/python/cpython-3.12.13-macos-aarch64-none/lib/python3.12/asyncio/tasks.py:520: 
_ _ _ _ _ _ _ _ _ _ _ _ _ _ _ _ _ _ _ _ _ _ _ _ _ _ _ _ _ _ _ _ _ _ _ _ _ _ _ _ 

self = <asyncio.locks.Event object at 0x10cfb8260 [unset]>

    async def wait(self):
        """Block until the internal flag is true.
    
        If the internal flag is true on entry, return True
        immediately.  Otherwise, block until another coroutine calls
        set() to set the flag to true, then return True.
        """
        if self._value:
            return True
    
        fut = self._get_loop().create_future()
        self._waiters.append(fut)
        try:
>           await fut
E           asyncio.exceptions.CancelledError

/Users/kodezart/.local/share/uv/python/cpython-3.12.13-macos-aarch64-none/lib/python3.12/asyncio/locks.py:212: CancelledError

The above exception was the direct cause of the following exception:

monkeypatch = <_pytest.monkeypatch.MonkeyPatch object at 0x10d00fb00>
refuse = True

    @pytest.mark.parametrize("refuse", [False, True])
    async def test_repeated_cancellation_during_retry_validation_settles_before_release(monkeypatch, refuse):
        owner, board, selected = configured(monkeypatch, "body")
        original = board.call_tool
        attempts = 0
        reached = asyncio.Event()
        resume = asyncio.Event()
        paused = False
    
        async def call_tool(*, name, arguments):
            nonlocal attempts, paused
            if selected(name, arguments):
                attempts += 1
                if attempts == 1:
                    raise McpTransportError(
                        "Known unsent interruption", server_name="fixture", tool_name=name
                    )
            if attempts == 1 and not paused and name == "get_issue":
                paused = True
                reached.set()
                await resume.wait()
            return await original(name=name, arguments=arguments)
    
        monkeypatch.setattr(board, "call_tool", call_tool)
        task = asyncio.create_task(fixtures.run_owner(owner))
        try:
>           await asyncio.wait_for(reached.wait(), timeout=3)

tests/chains/test_authority_independent_review.py:197: 
_ _ _ _ _ _ _ _ _ _ _ _ _ _ _ _ _ _ _ _ _ _ _ _ _ _ _ _ _ _ _ _ _ _ _ _ _ _ _ _ Task exception was never retrieved
future: <Task finished name='Task-98' coro=<run_owner() done, defined at /private/tmp/kodezart-v03-m2-authority-review/tests/chains/test_organize_owner.py:190> exception=TrackerProtocolError("scope response does not match its declared shape (tool: get_project; 1 validation error for LinearApprovalProjectWire\ndescription\n  Field required [type=missing, input_value={'id': 'authority-project...ject/authority-project'}, input_type=dict]\n    For further information visit https://errors.pydantic.dev/2.12/v/missing)")>
Traceback (most recent call last):
  File "/private/tmp/kodezart-v03-m2-authority-review/src/kodezart/adapters/linear_scope_reader.py", line 413, in _read
    return shape.model_validate(payload)
           ^^^^^^^^^^^^^^^^^^^^^^^^^^^^^
  File "/private/tmp/kodezart-v03-m2-authority-review/.venv/lib/python3.12/site-packages/pydantic/main.py", line 716, in model_validate
    return cls.__pydantic_validator__.validate_python(
           ^^^^^^^^^^^^^^^^^^^^^^^^^^^^^^^^^^^^^^^^^^^
pydantic_core._pydantic_core.ValidationError: 1 validation error for LinearApprovalProjectWire
description
  Field required [type=missing, input_value={'id': 'authority-project...ject/authority-project'}, input_type=dict]
    For further information visit https://errors.pydantic.dev/2.12/v/missing

The above exception was the direct cause of the following exception:

Traceback (most recent call last):
  File "/private/tmp/kodezart-v03-m2-authority-review/tests/chains/test_organize_owner.py", line 191, in run_owner
    return await owner.run(
           ^^^^^^^^^^^^^^^^
  File "/private/tmp/kodezart-v03-m2-authority-review/src/kodezart/services/organize_owner.py", line 972, in run
    await self._tracker.execution_approved(
  File "/private/tmp/kodezart-v03-m2-authority-review/src/kodezart/adapters/linear_mcp_tracker.py", line 3486, in execution_approved
    _, approved = await self._read_execution_approval(issue_key=issue_key)
                  ^^^^^^^^^^^^^^^^^^^^^^^^^^^^^^^^^^^^^^^^^^^^^^^^^^^^^^^^
  File "/private/tmp/kodezart-v03-m2-authority-review/src/kodezart/adapters/linear_mcp_tracker.py", line 3513, in _read_execution_approval
    approved = await resolve_execution_approval(
               ^^^^^^^^^^^^^^^^^^^^^^^^^^^^^^^^^
  File "/private/tmp/kodezart-v03-m2-authority-review/src/kodezart/domain/scope_approval.py", line 61, in resolve_execution_approval
    approved, parent = await read_container(ancestor)
                       ^^^^^^^^^^^^^^^^^^^^^^^^^^^^^^
  File "/private/tmp/kodezart-v03-m2-authority-review/src/kodezart/adapters/linear_mcp_tracker.py", line 3511, in read_container
    return await reader.approval_parent(ref=ref, approved_label=label)
           ^^^^^^^^^^^^^^^^^^^^^^^^^^^^^^^^^^^^^^^^^^^^^^^^^^^^^^^^^^^
  File "/private/tmp/kodezart-v03-m2-authority-review/src/kodezart/adapters/linear_scope_reader.py", line 89, in approval_parent
    labels, parent = await self.labels_parent(ref=ref)
                     ^^^^^^^^^^^^^^^^^^^^^^^^^^^^^^^^^
  File "/private/tmp/kodezart-v03-m2-authority-review/src/kodezart/adapters/linear_scope_reader.py", line 102, in labels_parent
    project = await self._read(
              ^^^^^^^^^^^^^^^^^
  File "/private/tmp/kodezart-v03-m2-authority-review/src/kodezart/adapters/linear_scope_reader.py", line 415, in _read
    raise TrackerProtocolError(
kodezart.core.errors.TrackerProtocolError: scope response does not match its declared shape (tool: get_project; 1 validation error for LinearApprovalProjectWire
description
  Field required [type=missing, input_value={'id': 'authority-project...ject/authority-project'}, input_type=dict]
    For further information visit https://errors.pydantic.dev/2.12/v/missing)

/Users/kodezart/.local/share/uv/python/cpython-3.12.13-macos-aarch64-none/lib/python3.12/asyncio/tasks.py:519: in wait_for
    async with timeouts.timeout(timeout):
               ^^^^^^^^^^^^^^^^^^^^^^^^^
_ _ _ _ _ _ _ _ _ _ _ _ _ _ _ _ _ _ _ _ _ _ _ _ _ _ _ _ _ _ _ _ _ _ _ _ _ _ _ _ 

self = <Timeout [expired]>
exc_type = <class 'asyncio.exceptions.CancelledError'>
exc_val = CancelledError(), exc_tb = <traceback object at 0x10d18fd40>

    async def __aexit__(
        self,
        exc_type: Optional[Type[BaseException]],
        exc_val: Optional[BaseException],
        exc_tb: Optional[TracebackType],
    ) -> Optional[bool]:
        assert self._state in (_State.ENTERED, _State.EXPIRING)
    
        if self._timeout_handler is not None:
            self._timeout_handler.cancel()
            self._timeout_handler = None
    
        if self._state is _State.EXPIRING:
            self._state = _State.EXPIRED
    
            if self._task.uncancel() <= self._cancelling and exc_type is exceptions.CancelledError:
                # Since there are no new cancel requests, we're
                # handling this.
>               raise TimeoutError from exc_val
E               TimeoutError

/Users/kodezart/.local/share/uv/python/cpython-3.12.13-macos-aarch64-none/lib/python3.12/asyncio/timeouts.py:115: TimeoutError
=========================== short test summary info ============================
FAILED tests/chains/test_authority_independent_review.py::test_unsent_retry_preserves_every_owner_precondition[parent_approval-body]
FAILED tests/chains/test_authority_independent_review.py::test_unsent_retry_preserves_every_owner_precondition[parent_approval-graph]
FAILED tests/chains/test_authority_independent_review.py::test_unsent_retry_preserves_every_owner_precondition[parent_approval-split]
FAILED tests/chains/test_authority_independent_review.py::test_unsent_retry_preserves_every_owner_precondition[parent_approval-criteria]
FAILED tests/chains/test_authority_independent_review.py::test_unsent_retry_preserves_every_owner_precondition[project_approval-body]
FAILED tests/chains/test_authority_independent_review.py::test_unsent_retry_preserves_every_owner_precondition[project_approval-graph]
FAILED tests/chains/test_authority_independent_review.py::test_unsent_retry_preserves_every_owner_precondition[project_approval-split]
FAILED tests/chains/test_authority_independent_review.py::test_unsent_retry_preserves_every_owner_precondition[project_approval-criteria]
FAILED tests/chains/test_authority_independent_review.py::test_unsent_retry_preserves_every_owner_precondition[context-body]
FAILED tests/chains/test_authority_independent_review.py::test_unsent_retry_preserves_every_owner_precondition[context-graph]
FAILED tests/chains/test_authority_independent_review.py::test_unsent_retry_preserves_every_owner_precondition[context-split]
FAILED tests/chains/test_authority_independent_review.py::test_unsent_retry_preserves_every_owner_precondition[context-criteria]
FAILED tests/chains/test_authority_independent_review.py::test_unsent_retry_preserves_every_owner_precondition[membership-body]
FAILED tests/chains/test_authority_independent_review.py::test_unsent_retry_preserves_every_owner_precondition[membership-graph]
FAILED tests/chains/test_authority_independent_review.py::test_unsent_retry_preserves_every_owner_precondition[membership-split]
FAILED tests/chains/test_authority_independent_review.py::test_unsent_retry_preserves_every_owner_precondition[membership-criteria]
FAILED tests/chains/test_authority_independent_review.py::test_unsent_retry_preserves_every_owner_precondition[phase-body]
FAILED tests/chains/test_authority_independent_review.py::test_unsent_retry_preserves_every_owner_precondition[phase-graph]
FAILED tests/chains/test_authority_independent_review.py::test_unsent_retry_preserves_every_owner_precondition[phase-split]
FAILED tests/chains/test_authority_independent_review.py::test_unsent_retry_preserves_every_owner_precondition[phase-criteria]
FAILED tests/chains/test_authority_independent_review.py::test_unsent_retry_preserves_every_owner_precondition[lease-body]
FAILED tests/chains/test_authority_independent_review.py::test_unsent_retry_preserves_every_owner_precondition[lease-graph]
FAILED tests/chains/test_authority_independent_review.py::test_unsent_retry_preserves_every_owner_precondition[lease-split]
FAILED tests/chains/test_authority_independent_review.py::test_unsent_retry_preserves_every_owner_precondition[lease-criteria]
FAILED tests/chains/test_authority_independent_review.py::test_actual_completed_or_uncertain_write_is_never_resent[issued_unknown-body]
FAILED tests/chains/test_authority_independent_review.py::test_actual_completed_or_uncertain_write_is_never_resent[issued_unknown-graph]
FAILED tests/chains/test_authority_independent_review.py::test_actual_completed_or_uncertain_write_is_never_resent[issued_unknown-split]
FAILED tests/chains/test_authority_independent_review.py::test_actual_completed_or_uncertain_write_is_never_resent[issued_unknown-criteria]
FAILED tests/chains/test_authority_independent_review.py::test_actual_completed_or_uncertain_write_is_never_resent[receipt_read_failure-body]
FAILED tests/chains/test_authority_independent_review.py::test_actual_completed_or_uncertain_write_is_never_resent[receipt_read_failure-graph]
FAILED tests/chains/test_authority_independent_review.py::test_actual_completed_or_uncertain_write_is_never_resent[receipt_read_failure-split]
FAILED tests/chains/test_authority_independent_review.py::test_actual_completed_or_uncertain_write_is_never_resent[receipt_read_failure-criteria]
FAILED tests/chains/test_authority_independent_review.py::test_repeated_cancellation_during_retry_validation_settles_before_release[False]
FAILED tests/chains/test_authority_independent_review.py::test_repeated_cancellation_during_retry_validation_settles_before_release[True]
34 failed in 25.76s
Task exception was never retrieved
future: <Task finished name='Task-102' coro=<run_owner() done, defined at /private/tmp/kodezart-v03-m2-authority-review/tests/chains/test_organize_owner.py:190> exception=TrackerProtocolError("scope response does not match its declared shape (tool: get_project; 1 validation error for LinearApprovalProjectWire\ndescription\n  Field required [type=missing, input_value={'id': 'authority-project...ject/authority-project'}, input_type=dict]\n    For further information visit https://errors.pydantic.dev/2.12/v/missing)")>
Traceback (most recent call last):
  File "/private/tmp/kodezart-v03-m2-authority-review/src/kodezart/adapters/linear_scope_reader.py", line 413, in _read
    return shape.model_validate(payload)
           ^^^^^^^^^^^^^^^^^^^^^^^^^^^^^
  File "/private/tmp/kodezart-v03-m2-authority-review/.venv/lib/python3.12/site-packages/pydantic/main.py", line 716, in model_validate
    return cls.__pydantic_validator__.validate_python(
           ^^^^^^^^^^^^^^^^^^^^^^^^^^^^^^^^^^^^^^^^^^^
pydantic_core._pydantic_core.ValidationError: 1 validation error for LinearApprovalProjectWire
description
  Field required [type=missing, input_value={'id': 'authority-project...ject/authority-project'}, input_type=dict]
    For further information visit https://errors.pydantic.dev/2.12/v/missing

The above exception was the direct cause of the following exception:

Traceback (most recent call last):
  File "/private/tmp/kodezart-v03-m2-authority-review/tests/chains/test_organize_owner.py", line 191, in run_owner
    return await owner.run(
           ^^^^^^^^^^^^^^^^
  File "/private/tmp/kodezart-v03-m2-authority-review/src/kodezart/services/organize_owner.py", line 972, in run
    await self._tracker.execution_approved(
  File "/private/tmp/kodezart-v03-m2-authority-review/src/kodezart/adapters/linear_mcp_tracker.py", line 3486, in execution_approved
    _, approved = await self._read_execution_approval(issue_key=issue_key)
                  ^^^^^^^^^^^^^^^^^^^^^^^^^^^^^^^^^^^^^^^^^^^^^^^^^^^^^^^^
  File "/private/tmp/kodezart-v03-m2-authority-review/src/kodezart/adapters/linear_mcp_tracker.py", line 3513, in _read_execution_approval
    approved = await resolve_execution_approval(
               ^^^^^^^^^^^^^^^^^^^^^^^^^^^^^^^^^
  File "/private/tmp/kodezart-v03-m2-authority-review/src/kodezart/domain/scope_approval.py", line 61, in resolve_execution_approval
    approved, parent = await read_container(ancestor)
                       ^^^^^^^^^^^^^^^^^^^^^^^^^^^^^^
  File "/private/tmp/kodezart-v03-m2-authority-review/src/kodezart/adapters/linear_mcp_tracker.py", line 3511, in read_container
    return await reader.approval_parent(ref=ref, approved_label=label)
           ^^^^^^^^^^^^^^^^^^^^^^^^^^^^^^^^^^^^^^^^^^^^^^^^^^^^^^^^^^^
  File "/private/tmp/kodezart-v03-m2-authority-review/src/kodezart/adapters/linear_scope_reader.py", line 89, in approval_parent
    labels, parent = await self.labels_parent(ref=ref)
                     ^^^^^^^^^^^^^^^^^^^^^^^^^^^^^^^^^
  File "/private/tmp/kodezart-v03-m2-authority-review/src/kodezart/adapters/linear_scope_reader.py", line 102, in labels_parent
    project = await self._read(
              ^^^^^^^^^^^^^^^^^
  File "/private/tmp/kodezart-v03-m2-authority-review/src/kodezart/adapters/linear_scope_reader.py", line 415, in _read
    raise TrackerProtocolError(
kodezart.core.errors.TrackerProtocolError: scope response does not match its declared shape (tool: get_project; 1 validation error for LinearApprovalProjectWire
description
  Field required [type=missing, input_value={'id': 'authority-project...ject/authority-project'}, input_type=dict]
    For further information visit https://errors.pydantic.dev/2.12/v/missing)
