Using CPython 3.12.13
Creating virtual environment at: .venv
   Building kodezart @ file:///private/tmp/kodezart-v03-recovery-native-compat
warning: `build_system.requires = ["uv-build>=0.10.9,<0.11.0"]` does not contain the current uv version 0.11.6
      Built kodezart @ file:///private/tmp/kodezart-v03-recovery-native-compat
Installed 174 packages in 1.25s
.F2026-09-12 15:41:35 [error    ] job_failed                     error="GatedQualityGate.run() got an unexpected keyword argument 'tracker_spec'" error_kind=TypeError job_id=c619d671e8414eefa119b4cf708d48f7 lane=workflow
╭───────────────────── [1mTraceback [0m[1;2m(most recent call last)[0m ──────────────────────╮
│ [2m/private/tmp/kodezart-v03-recovery-native-compat/src/kodezart/adapters/[0m[1masync[0m │
│ [1mio_job_queue.py[0m:292 in _run_job                                              │
│                                                                              │
│   [2m289 [0m[2m│   │   [0m                                                               │
│   [2m290 [0m[2m│   │   [0moutcome: WorkflowOutcome | None = None                         │
│   [2m291 [0m[2m│   │   [0mtry:                                                           │
│ ❱ 292 [2m│   │   │   [0masync for event in self._engine.run(                       │
│   [2m293 [0m[2m│   │   │   │   [0mprompt=request.prompt,                                 │
│   [2m294 [0m[2m│   │   │   │   [0missue_key=request.issue_key,                           │
│   [2m295 [0m[2m│   │   │   │   [0mrun_identity=(                                         │
│                                                                              │
│ ╭───────────────────────────────── locals ─────────────────────────────────╮ │
│ │   [3mevent[0m = [1mWorkflowCriteriaValidationEvent[0m[1m([0m                               │ │
│ │           [2m│   [0mtype='workflow_criteria_validation',                       │ │
│ │           [2m│   [0mregeneration_round=[1m0[0m,                                      │ │
│ │           [2m│   [0mvalidation=[1mCriteriaValidation[0m[1m([0m                             │ │
│ │           [2m│   │   [0mverdicts=[1m[[0m                                             │ │
│ │           [2m│   │   │   [0m[1mCriterionFeasibility[0m[1m([0m                              │ │
│ │           [2m│   │   │   │   [0mcriterion_id='AC-1',                           │ │
│ │           [2m│   │   │   │   [0mverdict=[1m<[0m[1mCriterionVerdict.feasible:[0m            │ │
│ │           'feasible'>,                                                   │ │
│ │           [2m│   │   │   │   [0mrefutation=[3mNone[0m,                               │ │
│ │           [2m│   │   │   │   [0mmissing_resource=[3mNone[0m,                         │ │
│ │           [2m│   │   │   │   [0mcost_measurement=[3mNone[0m,                         │ │
│ │           [2m│   │   │   │   [0mflags=[1m[[0m[1m][0m,                                      │ │
│ │           [2m│   │   │   │   [0mforbidden_class=[3mNone[0m,                          │ │
│ │           [2m│   │   │   │   [0mundeclared_switch_arms=[1m[[0m[1m][0m                      │ │
│ │           [2m│   │   │   [0m[1m)[0m,                                                 │ │
│ │           [2m│   │   │   [0m[1mCriterionFeasibility[0m[1m([0m                              │ │
│ │           [2m│   │   │   │   [0mcriterion_id='AC-2',                           │ │
│ │           [2m│   │   │   │   [0mverdict=<CriterionVerdict.feasible:            │ │
│ │           'feasible'>,                                                   │ │
│ │           [2m│   │   │   │   [0mrefutation=[3mNone[0m,                               │ │
│ │           [2m│   │   │   │   [0mmissing_resource=[3mNone[0m,                         │ │
│ │           [2m│   │   │   │   [0mcost_measurement=[3mNone[0m,                         │ │
│ │           [2m│   │   │   │   [0mflags=[1m[[0m[1m][0m,                                      │ │
│ │           [2m│   │   │   │   [0mforbidden_class=[3mNone[0m,                          │ │
│ │           [2m│   │   │   │   [0mundeclared_switch_arms=[1m[[0m[1m][0m                      │ │
│ │           [2m│   │   │   [0m[1m)[0m,                                                 │ │
│ │           [2m│   │   │   [0m[1mCriterionFeasibility[0m[1m([0m                              │ │
│ │           [2m│   │   │   │   [0mcriterion_id='AC-3',                           │ │
│ │           [2m│   │   │   │   [0mverdict=<CriterionVerdict.feasible:            │ │
│ │           'feasible'[1m>[0m,                                                   │ │
│ │           [2m│   │   │   │   [0mrefutation=[3mNone[0m,                               │ │
│ │           [2m│   │   │   │   [0mmissing_resource=[3mNone[0m,                         │ │
│ │           [2m│   │   │   │   [0mcost_measurement=[3mNone[0m,                         │ │
│ │           [2m│   │   │   │   [0mflags=[1m[[0m[1m][0m,                                      │ │
│ │           [2m│   │   │   │   [0mforbidden_class=[3mNone[0m,                          │ │
│ │           [2m│   │   │   │   [0mundeclared_switch_arms=[1m[[0m[1m][0m                      │ │
│ │           [2m│   │   │   [0m[1m)[0m                                                  │ │
│ │           [2m│   │   [0m[1m][0m,                                                     │ │
│ │           [2m│   │   [0mconjunction=[1mConjunctionVerdict[0m[1m([0m                        │ │
│ │           [2m│   │   │   [0msatisfiable=[3mTrue[0m,                                  │ │
│ │           [2m│   │   │   [0mcontradictions=[1m[[0m[1m][0m                                  │ │
│ │           [2m│   │   [0m[1m)[0m                                                      │ │
│ │           [2m│   [0m[1m)[0m,                                                         │ │
│ │           [2m│   [0mregeneration_targets=[1m[[0m[1m][0m,                                   │ │
│ │           [2m│   [0mcorrection=[3mNone[0m                                            │ │
│ │           [1m)[0m                                                              │ │
│ │     [3mexc[0m = [1mTypeError[0m[1m([0m"GatedQualityGate.run() got an unexpected keyword    │ │
│ │           argument 'tracker_spec'"[1m)[0m                                      │ │
│ │  [3mjob_id[0m = 'c619d671e8414eefa119b4cf708d48f7'                             │ │
│ │    [3mlane[0m = 'workflow'                                                     │ │
│ │ [3moutcome[0m = [1m<[0m[1mWorkflowOutcome.engine_error:[0m 'engine_error'[1m>[0m                 │ │
│ │  [3mrecord[0m = [1mJobRecord[0m[1m([0m                                                     │ │
│ │           [2m│   [0mjob_id='c619d671e8414eefa119b4cf708d48f7',                 │ │
│ │           [2m│   [0mlane='workflow',                                           │ │
│ │           [2m│   [0mstate=[1m<[0m[1mJobState.QUEUED:[0m 'queued'[1m>[0m,                         │ │
│ │           [2m│   [0mqueue_position=[1m1[0m,                                          │ │
│ │           [2m│   [0msubmitted_at=[1mdatetime[0m[1m.datetime[0m[1m([0m[1m2026[0m, [1m9[0m, [1m12[0m, [1m13[0m, [1m41[0m, [1m35[0m,    │ │
│ │           [1m901356[0m, tzinfo=datetime.timezone.utc[1m)[0m,                         │ │
│ │           [2m│   [0moutcome=[3mNone[0m,                                              │ │
│ │           [2m│   [0mtruncated=[3mFalse[0m                                            │ │
│ │           [1m)[0m                                                              │ │
│ │ [3mrequest[0m = [1mWorkflowSubmission[0m[1m([0m                                            │ │
│ │           [2m│   [0mprompt='fix',                                              │ │
│ │           [2m│   [0missue_key=[3mNone[0m,                                            │ │
│ │           [2m│   [0mrepo_path='/tmp/fake',                                     │ │
│ │           [2m│   [0mrepo_url=[3mNone[0m,                                             │ │
│ │           [2m│   [0mbase_spec=[1mBaseSpec[0m[1m([0m                                        │ │
│ │           [2m│   │   [0minputs=[1m([0m[1m)[0m,                                             │ │
│ │           [2m│   │   [0mbase_branch='main',                                    │ │
│ │           [2m│   │   [0mbase_role=[3mNone[0m                                         │ │
│ │           [2m│   [0m[1m)[0m,                                                         │ │
│ │           [2m│   [0mimplied_base=[3mNone[0m,                                         │ │
│ │           [2m│   [0mscope=[3mNone[0m,                                                │ │
│ │           [2m│   [0mpermission_mode=[1m<[0m[1mPermissionMode.UNATTENDED:[0m 'unattended'[1m>[0m, │ │
│ │           [2m│   [0mallowed_tools=[1m[[0m                                            │ │
│ │           [2m│   │   [0m'Read',                                                │ │
│ │           [2m│   │   [0m'Glob',                                                │ │
│ │           [2m│   │   [0m'Grep',                                                │ │
│ │           [2m│   │   [0m'Bash',                                                │ │
│ │           [2m│   │   [0m'Edit',                                                │ │
│ │           [2m│   │   [0m'Write'                                                │ │
│ │           [2m│   [0m[1m][0m                                                          │ │
│ │           [1m)[0m                                                              │ │
│ │ [3mruntime[0m = [1m<[0m[1mkodezart.adapters.asyncio_job_queue._Lane[0m object at           │ │
│ │           [1m0x10af40920[0m[1m>[0m                                                   │ │
│ │    [3mself[0m = [1m<[0m[1mkodezart.adapters.asyncio_job_queue.AsyncioJobQueue[0m object at │ │
│ │           [1m0x10af42780[0m[1m>[0m                                                   │ │
│ ╰──────────────────────────────────────────────────────────────────────────╯ │
│                                                                              │
│ [2m/private/tmp/kodezart-v03-recovery-native-compat/src/kodezart/chains/[0m[1mauthore[0m │
│ [1md_delivery.py[0m:94 in run                                                      │
│                                                                              │
│   [2m 91 [0m[2m│   │   │   [0mci_run_absent=False,                                       │
│   [2m 92 [0m[2m│   │   [0m)                                                              │
│   [2m 93 [0m[2m│   │   [0mterminal: AuthoredWorkflowCompleteEvent | None = None          │
│ ❱  94 [2m│   │   [0masync for event in [1;4mself[0m[1;4m._delivery_compiled.astream([0m            │
│   [2m 95 [0m[2m│   │   │   [0m[1;4minitial_state,[0m                                             │
│   [2m 96 [0m[2m│   │   │   [0m[1;4mconfig=config,[0m                                             │
│   [2m 97 [0m[2m│   │   │   [0m[1;4mstream_mode=[0m[1;4m"[0m[1;4mcustom[0m[1;4m"[0m[1;4m,[0m                                      │
│                                                                              │
│ ╭───────────────────────────────── locals ─────────────────────────────────╮ │
│ │               [3m_[0m = [1m([0m'fire:c2d1e733-cc9f-9c00-11fa-00fdf82aa9a5',[1m)[0m         │ │
│ │   [3mallowed_tools[0m = [1m[[0m'Read', 'Glob', 'Grep', 'Bash', 'Edit', 'Write'[1m][0m      │ │
│ │       [3mbase_spec[0m = [1mBaseSpec[0m[1m([0m                                              │ │
│ │                   [2m│   [0minputs=[1m([0m[1m)[0m,                                         │ │
│ │                   [2m│   [0mbase_branch='main',                                │ │
│ │                   [2m│   [0mbase_role=[3mNone[0m                                     │ │
│ │                   [1m)[0m                                                      │ │
│ │       [3mcache_key[0m = 'c619d671e8414eefa119b4cf708d48f7'                     │ │
│ │          [3mconfig[0m = [1m{[0m                                                      │ │
│ │                   [2m│   [0m'configurable': [1m{[0m                                  │ │
│ │                   [2m│   │   [0m'prompt': 'fix',                               │ │
│ │                   [2m│   │   [0m'repo_path': '/tmp/fake',                      │ │
│ │                   [2m│   │   [0m'repo_url': [3mNone[0m,                              │ │
│ │                   [2m│   │   [0m'cache_key':                                   │ │
│ │                   'c619d671e8414eefa119b4cf708d48f7',                    │ │
│ │                   [2m│   │   [0m'run_identity': [3mNone[0m,                          │ │
│ │                   [2m│   │   [0m'workspace_path': [3mNone[0m,                        │ │
│ │                   [2m│   │   [0m'base_spec': [1m{[0m                                 │ │
│ │                   [2m│   │   │   [0m'inputs': [1m([0m[1m)[0m,                              │ │
│ │                   [2m│   │   │   [0m'base_branch': 'main',                     │ │
│ │                   [2m│   │   │   [0m'base_role': [3mNone[0m                          │ │
│ │                   [2m│   │   [0m[1m}[0m,                                             │ │
│ │                   [2m│   │   [0m'permission_mode': [1m<[0m[1mPermissionMode.UNATTENDED:[0m │ │
│ │                   'unattended'[1m>[0m,                                         │ │
│ │                   [2m│   │   [0m'allowed_tools': [1m[[0m                             │ │
│ │                   [2m│   │   │   [0m'Read',                                    │ │
│ │                   [2m│   │   │   [0m'Glob',                                    │ │
│ │                   [2m│   │   │   [0m'Grep',                                    │ │
│ │                   [2m│   │   │   [0m'Bash',                                    │ │
│ │                   [2m│   │   │   [0m'Edit',                                    │ │
│ │                   [2m│   │   │   [0m'Write'                                    │ │
│ │                   [2m│   │   [0m[1m][0m,                                             │ │
│ │                   [2m│   │   [0m'thread_id':                                   │ │
│ │                   'c619d671e8414eefa119b4cf708d48f7'                     │ │
│ │                   [2m│   [0m[1m}[0m                                                  │ │
│ │                   [1m}[0m                                                      │ │
│ │           [3mevent[0m = [1m([0m                                                      │ │
│ │                   [2m│   [0m[1m([0m'fire:c2d1e733-cc9f-9c00-11fa-00fdf82aa9a5',[1m)[0m,    │ │
│ │                   [2m│   [0m[1mWorkflowCriteriaValidationEvent[0m[1m([0m                   │ │
│ │                   [2m│   │   [0mtype='workflow_criteria_validation',           │ │
│ │                   [2m│   │   [0mregeneration_round=[1m0[0m,                          │ │
│ │                   [2m│   │   [0mvalidation=[1mCriteriaValidation[0m[1m([0m                 │ │
│ │                   [2m│   │   │   [0mverdicts=[1m[[0m                                 │ │
│ │                   [2m│   │   │   │   [0m[1mCriterionFeasibility[0m[1m([0m                  │ │
│ │                   [2m│   │   │   │   │   [0mcriterion_id='AC-1',               │ │
│ │                   [2m│   │   │   │   │   [0m                                   │ │
│ │                   verdict=[1m<[0m[1mCriterionVerdict.feasible:[0m 'feasible'>,       │ │
│ │                   [2m│   │   │   │   │   [0mrefutation=[3mNone[0m,                   │ │
│ │                   [2m│   │   │   │   │   [0mmissing_resource=[3mNone[0m,             │ │
│ │                   [2m│   │   │   │   │   [0mcost_measurement=[3mNone[0m,             │ │
│ │                   [2m│   │   │   │   │   [0mflags=[1m[[0m[1m][0m,                          │ │
│ │                   [2m│   │   │   │   │   [0mforbidden_class=[3mNone[0m,              │ │
│ │                   [2m│   │   │   │   │   [0mundeclared_switch_arms=[1m[[0m[1m][0m          │ │
│ │                   [2m│   │   │   │   [0m[1m)[0m,                                     │ │
│ │                   [2m│   │   │   │   [0m[1mCriterionFeasibility[0m[1m([0m                  │ │
│ │                   [2m│   │   │   │   │   [0mcriterion_id='AC-2',               │ │
│ │                   [2m│   │   │   │   │   [0m                                   │ │
│ │                   verdict=<CriterionVerdict.feasible: 'feasible'>,       │ │
│ │                   [2m│   │   │   │   │   [0mrefutation=[3mNone[0m,                   │ │
│ │                   [2m│   │   │   │   │   [0mmissing_resource=[3mNone[0m,             │ │
│ │                   [2m│   │   │   │   │   [0mcost_measurement=[3mNone[0m,             │ │
│ │                   [2m│   │   │   │   │   [0mflags=[1m[[0m[1m][0m,                          │ │
│ │                   [2m│   │   │   │   │   [0mforbidden_class=[3mNone[0m,              │ │
│ │                   [2m│   │   │   │   │   [0mundeclared_switch_arms=[1m[[0m[1m][0m          │ │
│ │                   [2m│   │   │   │   [0m[1m)[0m,                                     │ │
│ │                   [2m│   │   │   │   [0m[1mCriterionFeasibility[0m[1m([0m                  │ │
│ │                   [2m│   │   │   │   │   [0mcriterion_id='AC-3',               │ │
│ │                   [2m│   │   │   │   │   [0m                                   │ │
│ │                   verdict=<CriterionVerdict.feasible: 'feasible'[1m>[0m,       │ │
│ │                   [2m│   │   │   │   │   [0mrefutation=[3mNone[0m,                   │ │
│ │                   [2m│   │   │   │   │   [0mmissing_resource=[3mNone[0m,             │ │
│ │                   [2m│   │   │   │   │   [0mcost_measurement=[3mNone[0m,             │ │
│ │                   [2m│   │   │   │   │   [0mflags=[1m[[0m[1m][0m,                          │ │
│ │                   [2m│   │   │   │   │   [0mforbidden_class=[3mNone[0m,              │ │
│ │                   [2m│   │   │   │   │   [0mundeclared_switch_arms=[1m[[0m[1m][0m          │ │
│ │                   [2m│   │   │   │   [0m[1m)[0m                                      │ │
│ │                   [2m│   │   │   [0m[1m][0m,                                         │ │
│ │                   [2m│   │   │   [0mconjunction=[1mConjunctionVerdict[0m[1m([0m            │ │
│ │                   [2m│   │   │   │   [0msatisfiable=[3mTrue[0m,                      │ │
│ │                   [2m│   │   │   │   [0mcontradictions=[1m[[0m[1m][0m                      │ │
│ │                   [2m│   │   │   [0m[1m)[0m                                          │ │
│ │                   [2m│   │   [0m[1m)[0m,                                             │ │
│ │                   [2m│   │   [0mregeneration_targets=[1m[[0m[1m][0m,                       │ │
│ │                   [2m│   │   [0mcorrection=[3mNone[0m                                │ │
│ │                   [2m│   [0m[1m)[0m                                                  │ │
│ │                   [1m)[0m                                                      │ │
│ │      [3mfire_state[0m = [1m{[0m                                                      │ │
│ │                   [2m│   [0m'issue_key': [3mNone[0m,                                 │ │
│ │                   [2m│   [0m'feature_branch': '',                              │ │
│ │                   [2m│   [0m'ralph_branch': '',                                │ │
│ │                   [2m│   [0m'work_base_ref': 'main',                           │ │
│ │                   [2m│   [0m'fire_spec': [3mNone[0m,                                 │ │
│ │                   [2m│   [0m'acceptance_criteria': [1m[[0m[1m][0m,                         │ │
│ │                   [2m│   [0m'criterion_set': [3mNone[0m,                             │ │
│ │                   [2m│   [0m'criteria_validation': [3mNone[0m,                       │ │
│ │                   [2m│   [0m'criteria_regeneration_rounds': [1m0[0m,                 │ │
│ │                   [2m│   [0m'criteria_infeasible': [3mFalse[0m,                      │ │
│ │                   [2m│   [0m... +[1m17[0m                                            │ │
│ │                   [1m}[0m                                                      │ │
│ │    [3mimplied_base[0m = [3mNone[0m                                                   │ │
│ │   [3minitial_state[0m = [1m{[0m                                                      │ │
│ │                   [2m│   [0m'issue_key': [3mNone[0m,                                 │ │
│ │                   [2m│   [0m'feature_branch': '',                              │ │
│ │                   [2m│   [0m'ralph_branch': '',                                │ │
│ │                   [2m│   [0m'work_base_ref': 'main',                           │ │
│ │                   [2m│   [0m'fire_spec': [3mNone[0m,                                 │ │
│ │                   [2m│   [0m'acceptance_criteria': [1m[[0m[1m][0m,                         │ │
│ │                   [2m│   [0m'criterion_set': [3mNone[0m,                             │ │
│ │                   [2m│   [0m'criteria_validation': [3mNone[0m,                       │ │
│ │                   [2m│   [0m'criteria_regeneration_rounds': [1m0[0m,                 │ │
│ │                   [2m│   [0m'criteria_infeasible': [3mFalse[0m,                      │ │
│ │                   [2m│   [0m... +[1m23[0m                                            │ │
│ │                   [1m}[0m                                                      │ │
│ │       [3missue_key[0m = [3mNone[0m                                                   │ │
│ │         [3mpayload[0m = [1mWorkflowCriteriaValidationEvent[0m[1m([0m                       │ │
│ │                   [2m│   [0mtype='workflow_criteria_validation',               │ │
│ │                   [2m│   [0mregeneration_round=[1m0[0m,                              │ │
│ │                   [2m│   [0mvalidation=[1mCriteriaValidation[0m[1m([0m                     │ │
│ │                   [2m│   │   [0mverdicts=[1m[[0m                                     │ │
│ │                   [2m│   │   │   [0m[1mCriterionFeasibility[0m[1m([0m                      │ │
│ │                   [2m│   │   │   │   [0mcriterion_id='AC-1',                   │ │
│ │                   [2m│   │   │   │   [0mverdict=[1m<[0m[1mCriterionVerdict.feasible:[0m    │ │
│ │                   'feasible'>,                                           │ │
│ │                   [2m│   │   │   │   [0mrefutation=[3mNone[0m,                       │ │
│ │                   [2m│   │   │   │   [0mmissing_resource=[3mNone[0m,                 │ │
│ │                   [2m│   │   │   │   [0mcost_measurement=[3mNone[0m,                 │ │
│ │                   [2m│   │   │   │   [0mflags=[1m[[0m[1m][0m,                              │ │
│ │                   [2m│   │   │   │   [0mforbidden_class=[3mNone[0m,                  │ │
│ │                   [2m│   │   │   │   [0mundeclared_switch_arms=[1m[[0m[1m][0m              │ │
│ │                   [2m│   │   │   [0m[1m)[0m,                                         │ │
│ │                   [2m│   │   │   [0m[1mCriterionFeasibility[0m[1m([0m                      │ │
│ │                   [2m│   │   │   │   [0mcriterion_id='AC-2',                   │ │
│ │                   [2m│   │   │   │   [0mverdict=<CriterionVerdict.feasible:    │ │
│ │                   'feasible'>,                                           │ │
│ │                   [2m│   │   │   │   [0mrefutation=[3mNone[0m,                       │ │
│ │                   [2m│   │   │   │   [0mmissing_resource=[3mNone[0m,                 │ │
│ │                   [2m│   │   │   │   [0mcost_measurement=[3mNone[0m,                 │ │
│ │                   [2m│   │   │   │   [0mflags=[1m[[0m[1m][0m,                              │ │
│ │                   [2m│   │   │   │   [0mforbidden_class=[3mNone[0m,                  │ │
│ │                   [2m│   │   │   │   [0mundeclared_switch_arms=[1m[[0m[1m][0m              │ │
│ │                   [2m│   │   │   [0m[1m)[0m,                                         │ │
│ │                   [2m│   │   │   [0m[1mCriterionFeasibility[0m[1m([0m                      │ │
│ │                   [2m│   │   │   │   [0mcriterion_id='AC-3',                   │ │
│ │                   [2m│   │   │   │   [0mverdict=<CriterionVerdict.feasible:    │ │
│ │                   'feasible'[1m>[0m,                                           │ │
│ │                   [2m│   │   │   │   [0mrefutation=[3mNone[0m,                       │ │
│ │                   [2m│   │   │   │   [0mmissing_resource=[3mNone[0m,                 │ │
│ │                   [2m│   │   │   │   [0mcost_measurement=[3mNone[0m,                 │ │
│ │                   [2m│   │   │   │   [0mflags=[1m[[0m[1m][0m,                              │ │
│ │                   [2m│   │   │   │   [0mforbidden_class=[3mNone[0m,                  │ │
│ │                   [2m│   │   │   │   [0mundeclared_switch_arms=[1m[[0m[1m][0m              │ │
│ │                   [2m│   │   │   [0m[1m)[0m                                          │ │
│ │                   [2m│   │   [0m[1m][0m,                                             │ │
│ │                   [2m│   │   [0mconjunction=[1mConjunctionVerdict[0m[1m([0m                │ │
│ │                   [2m│   │   │   [0msatisfiable=[3mTrue[0m,                          │ │
│ │                   [2m│   │   │   [0mcontradictions=[1m[[0m[1m][0m                          │ │
│ │                   [2m│   │   [0m[1m)[0m                                              │ │
│ │                   [2m│   [0m[1m)[0m,                                                 │ │
│ │                   [2m│   [0mregeneration_targets=[1m[[0m[1m][0m,                           │ │
│ │                   [2m│   [0mcorrection=[3mNone[0m                                    │ │
│ │                   [1m)[0m                                                      │ │
│ │ [3mpermission_mode[0m = [1m<[0m[1mPermissionMode.UNATTENDED:[0m 'unattended'[1m>[0m              │ │
│ │          [3mprompt[0m = 'fix'                                                  │ │
│ │       [3mrepo_path[0m = '/tmp/fake'                                            │ │
│ │        [3mrepo_url[0m = [3mNone[0m                                                   │ │
│ │    [3mrun_identity[0m = [3mNone[0m                                                   │ │
│ │           [3mscope[0m = [3mNone[0m                                                   │ │
│ │            [3mself[0m = [1m<[0m[1mkodezart.chains.authored_delivery.AuthoredDeliveryCo…[0m │ │
│ │                   object at [1m0x10af4a570[0m[1m>[0m                                 │ │
│ │        [3mterminal[0m = [3mNone[0m                                                   │ │
│ ╰──────────────────────────────────────────────────────────────────────────╯ │
│                                                                              │
│ [2m/private/tmp/kodezart-v03-recovery-native-compat/.venv/lib/python3.12/site-p[0m │
│ [2mackages/langgraph/pregel/[0m[1mmain.py[0m:2997 in astream                             │
│                                                                              │
│   [2m2994 [0m[2m│   │   │   │   │   [0mwhile loop.tick():                                │
│   [2m2995 [0m[2m│   │   │   │   │   │   [0mfor task in await loop.amatch_cached_writes() │
│   [2m2996 [0m[2m│   │   │   │   │   │   │   [0mloop.output_writes(task.id, task.writes,  │
│ ❱ 2997 [2m│   │   │   │   │   │   [0masync for _ in runner.atick(                  │
│   [2m2998 [0m[2m│   │   │   │   │   │   │   [0m[t for t in loop.tasks.values() if not t. │
│   [2m2999 [0m[2m│   │   │   │   │   │   │   [0mtimeout=self.step_timeout,                │
│   [2m3000 [0m[2m│   │   │   │   │   │   │   [0mget_waiter=get_waiter,                    │
│                                                                              │
│ ╭───────────────────────────────── locals ─────────────────────────────────╮ │
│ │                 [3m_[0m = [3mNone[0m                                                 │ │
│ │           [3maioloop[0m = [1m<[0m[1m_UnixSelectorEventLoop[0m running=[3mTrue[0m closed=[3mFalse[0m    │ │
│ │                     debug=[3mFalse[0m[1m>[0m                                         │ │
│ │             [3mcache[0m = [3mNone[0m                                                 │ │
│ │  [3mcallback_manager[0m = [1m<[0m[1mlangchain_core.callbacks.manager.AsyncCallbackMana…[0m │ │
│ │                     object at [1m0x10af43320[0m[1m>[0m                               │ │
│ │ [3mcheckpoint_during[0m = [3mNone[0m                                                 │ │
│ │      [3mcheckpointer[0m = [1m<[0m[1mlanggraph.checkpoint.memory.InMemorySaver[0m object at │ │
│ │                     [1m0x10af43860[0m[1m>[0m                                         │ │
│ │            [3mconfig[0m = [1m{[0m                                                    │ │
│ │                     [2m│   [0m'tags': [1m[[0m[1m][0m,                                      │ │
│ │                     [2m│   [0m'metadata': [1mChainMap[0m[1m([0m[1m{[0m'prompt': 'fix',           │ │
│ │                     'repo_path': '/tmp/fake', 'permission_mode':         │ │
│ │                     [1m<[0m[1mPermissionMode.UNATTENDED:[0m 'unattended'>,           │ │
│ │                     'thread_id': 'c619d671e8414eefa119b4cf708d48f7'[1m}[0m[1m)[0m,   │ │
│ │                     [2m│   [0m'callbacks': [3mNone[0m,                               │ │
│ │                     [2m│   [0m'recursion_limit': [1m10000[0m,                        │ │
│ │                     [2m│   [0m'configurable': [1m{[0m                                │ │
│ │                     [2m│   │   [0m'prompt': 'fix',                             │ │
│ │                     [2m│   │   [0m'repo_path': '/tmp/fake',                    │ │
│ │                     [2m│   │   [0m'repo_url': [3mNone[0m,                            │ │
│ │                     [2m│   │   [0m'cache_key':                                 │ │
│ │                     'c619d671e8414eefa119b4cf708d48f7',                  │ │
│ │                     [2m│   │   [0m'run_identity': [3mNone[0m,                        │ │
│ │                     [2m│   │   [0m'workspace_path': [3mNone[0m,                      │ │
│ │                     [2m│   │   [0m'base_spec': [1m{[0m                               │ │
│ │                     [2m│   │   │   [0m'inputs': [1m([0m[1m)[0m,                            │ │
│ │                     [2m│   │   │   [0m'base_branch': 'main',                   │ │
│ │                     [2m│   │   │   [0m'base_role': [3mNone[0m                        │ │
│ │                     [2m│   │   [0m[1m}[0m,                                           │ │
│ │                     [2m│   │   [0m'permission_mode':                           │ │
│ │                     <PermissionMode.UNATTENDED: 'unattended'[1m>[0m,           │ │
│ │                     [2m│   │   [0m'allowed_tools': [1m[[0m                           │ │
│ │                     [2m│   │   │   [0m'Read',                                  │ │
│ │                     [2m│   │   │   [0m'Glob',                                  │ │
│ │                     [2m│   │   │   [0m'Grep',                                  │ │
│ │                     [2m│   │   │   [0m'Bash',                                  │ │
│ │                     [2m│   │   │   [0m'Edit',                                  │ │
│ │                     [2m│   │   │   [0m'Write'                                  │ │
│ │                     [2m│   │   [0m[1m][0m,                                           │ │
│ │                     [2m│   │   [0m'thread_id':                                 │ │
│ │                     'c619d671e8414eefa119b4cf708d48f7',                  │ │
│ │                     [2m│   │   [0m... +[1m1[0m                                       │ │
│ │                     [2m│   [0m[1m}[0m                                                │ │
│ │                     [1m}[0m                                                    │ │
│ │           [3mcontext[0m = [3mNone[0m                                                 │ │
│ │             [3mdebug[0m = [3mNone[0m                                                 │ │
│ │         [3mdo_stream[0m = [3mFalse[0m                                                │ │
│ │        [3mdurability[0m = [3mNone[0m                                                 │ │
│ │       [3mdurability_[0m = 'async'                                              │ │
│ │             [3minput[0m = [1m{[0m                                                    │ │
│ │                     [2m│   [0m'issue_key': [3mNone[0m,                               │ │
│ │                     [2m│   [0m'feature_branch': '',                            │ │
│ │                     [2m│   [0m'ralph_branch': '',                              │ │
│ │                     [2m│   [0m'work_base_ref': 'main',                         │ │
│ │                     [2m│   [0m'fire_spec': [3mNone[0m,                               │ │
│ │                     [2m│   [0m'acceptance_criteria': [1m[[0m[1m][0m,                       │ │
│ │                     [2m│   [0m'criterion_set': [3mNone[0m,                           │ │
│ │                     [2m│   [0m'criteria_validation': [3mNone[0m,                     │ │
│ │                     [2m│   [0m'criteria_regeneration_rounds': [1m0[0m,               │ │
│ │                     [2m│   [0m'criteria_infeasible': [3mFalse[0m,                    │ │
│ │                     [2m│   [0m... +[1m23[0m                                          │ │
│ │                     [1m}[0m                                                    │ │
│ │   [3minterrupt_after[0m = [3mNone[0m                                                 │ │
│ │  [3minterrupt_after_[0m = [1m[[0m[1m][0m                                                   │ │
│ │  [3minterrupt_before[0m = [3mNone[0m                                                 │ │
│ │ [3minterrupt_before_[0m = [1m[[0m[1m][0m                                                   │ │
│ │            [3mkwargs[0m = [1m{[0m[1m}[0m                                                   │ │
│ │              [3mloop[0m = [1m<[0m[1mlanggraph.pregel._loop.AsyncPregelLoop[0m object at    │ │
│ │                     [1m0x10af432f0[0m[1m>[0m                                         │ │
│ │                 [3mo[0m = [1m([0m                                                    │ │
│ │                     [2m│   [0m[1m([0m'fire:c2d1e733-cc9f-9c00-11fa-00fdf82aa9a5',[1m)[0m,  │ │
│ │                     [2m│   [0m[1mWorkflowCriteriaValidationEvent[0m[1m([0m                 │ │
│ │                     [2m│   │   [0mtype='workflow_criteria_validation',         │ │
│ │                     [2m│   │   [0mregeneration_round=[1m0[0m,                        │ │
│ │                     [2m│   │   [0mvalidation=[1mCriteriaValidation[0m[1m([0m               │ │
│ │                     [2m│   │   │   [0mverdicts=[1m[[0m                               │ │
│ │                     [2m│   │   │   │   [0m[1mCriterionFeasibility[0m[1m([0m                │ │
│ │                     [2m│   │   │   │   │   [0mcriterion_id='AC-1',             │ │
│ │                     [2m│   │   │   │   │   [0m                                 │ │
│ │                     verdict=[1m<[0m[1mCriterionVerdict.feasible:[0m 'feasible'>,     │ │
│ │                     [2m│   │   │   │   │   [0mrefutation=[3mNone[0m,                 │ │
│ │                     [2m│   │   │   │   │   [0mmissing_resource=[3mNone[0m,           │ │
│ │                     [2m│   │   │   │   │   [0mcost_measurement=[3mNone[0m,           │ │
│ │                     [2m│   │   │   │   │   [0mflags=[1m[[0m[1m][0m,                        │ │
│ │                     [2m│   │   │   │   │   [0mforbidden_class=[3mNone[0m,            │ │
│ │                     [2m│   │   │   │   │   [0mundeclared_switch_arms=[1m[[0m[1m][0m        │ │
│ │                     [2m│   │   │   │   [0m[1m)[0m,                                   │ │
│ │                     [2m│   │   │   │   [0m[1mCriterionFeasibility[0m[1m([0m                │ │
│ │                     [2m│   │   │   │   │   [0mcriterion_id='AC-2',             │ │
│ │                     [2m│   │   │   │   │   [0m                                 │ │
│ │                     verdict=<CriterionVerdict.feasible: 'feasible'>,     │ │
│ │                     [2m│   │   │   │   │   [0mrefutation=[3mNone[0m,                 │ │
│ │                     [2m│   │   │   │   │   [0mmissing_resource=[3mNone[0m,           │ │
│ │                     [2m│   │   │   │   │   [0mcost_measurement=[3mNone[0m,           │ │
│ │                     [2m│   │   │   │   │   [0mflags=[1m[[0m[1m][0m,                        │ │
│ │                     [2m│   │   │   │   │   [0mforbidden_class=[3mNone[0m,            │ │
│ │                     [2m│   │   │   │   │   [0mundeclared_switch_arms=[1m[[0m[1m][0m        │ │
│ │                     [2m│   │   │   │   [0m[1m)[0m,                                   │ │
│ │                     [2m│   │   │   │   [0m[1mCriterionFeasibility[0m[1m([0m                │ │
│ │                     [2m│   │   │   │   │   [0mcriterion_id='AC-3',             │ │
│ │                     [2m│   │   │   │   │   [0m                                 │ │
│ │                     verdict=<CriterionVerdict.feasible: 'feasible'[1m>[0m,     │ │
│ │                     [2m│   │   │   │   │   [0mrefutation=[3mNone[0m,                 │ │
│ │                     [2m│   │   │   │   │   [0mmissing_resource=[3mNone[0m,           │ │
│ │                     [2m│   │   │   │   │   [0mcost_measurement=[3mNone[0m,           │ │
│ │                     [2m│   │   │   │   │   [0mflags=[1m[[0m[1m][0m,                        │ │
│ │                     [2m│   │   │   │   │   [0mforbidden_class=[3mNone[0m,            │ │
│ │                     [2m│   │   │   │   │   [0mundeclared_switch_arms=[1m[[0m[1m][0m        │ │
│ │                     [2m│   │   │   │   [0m[1m)[0m                                    │ │
│ │                     [2m│   │   │   [0m[1m][0m,                                       │ │
│ │                     [2m│   │   │   [0mconjunction=[1mConjunctionVerdict[0m[1m([0m          │ │
│ │                     [2m│   │   │   │   [0msatisfiable=[3mTrue[0m,                    │ │
│ │                     [2m│   │   │   │   [0mcontradictions=[1m[[0m[1m][0m                    │ │
│ │                     [2m│   │   │   [0m[1m)[0m                                        │ │
│ │                     [2m│   │   [0m[1m)[0m,                                           │ │
│ │                     [2m│   │   [0mregeneration_targets=[1m[[0m[1m][0m,                     │ │
│ │                     [2m│   │   [0mcorrection=[3mNone[0m                              │ │
│ │                     [2m│   [0m[1m)[0m                                                │ │
│ │                     [1m)[0m                                                    │ │
│ │       [3moutput_keys[0m = [1m[[0m                                                    │ │
│ │                     [2m│   [0m'issue_key',                                     │ │
│ │                     [2m│   [0m'feature_branch',                                │ │
│ │                     [2m│   [0m'ralph_branch',                                  │ │
│ │                     [2m│   [0m'work_base_ref',                                 │ │
│ │                     [2m│   [0m'fire_spec',                                     │ │
│ │                     [2m│   [0m'acceptance_criteria',                           │ │
│ │                     [2m│   [0m'criterion_set',                                 │ │
│ │                     [2m│   [0m'criteria_validation',                           │ │
│ │                     [2m│   [0m'criteria_regeneration_rounds',                  │ │
│ │                     [2m│   [0m'criteria_infeasible',                           │ │
│ │                     [2m│   [0m... +[1m23[0m                                          │ │
│ │                     [1m][0m                                                    │ │
│ │    [3mparent_runtime[0m = [1mRuntime[0m[1m([0m                                             │ │
│ │                     [2m│   [0mcontext=[3mNone[0m,                                    │ │
│ │                     [2m│   [0mstore=[3mNone[0m,                                      │ │
│ │                     [2m│   [0mstream_writer=[1m<[0m[1mfunction[0m _no_op_stream_writer at  │ │
│ │                     [1m0x10ac674c0[0m[1m>[0m,                                        │ │
│ │                     [2m│   [0mprevious=[3mNone[0m                                    │ │
│ │                     [1m)[0m                                                    │ │
│ │        [3mprint_mode[0m = [1m([0m[1m)[0m                                                   │ │
│ │       [3mrun_manager[0m = [1m<[0m[1mlangchain_core.callbacks.manager.AsyncCallbackMana…[0m │ │
│ │                     object at [1m0x10af42d80[0m[1m>[0m                               │ │
│ │            [3mrunner[0m = [1m<[0m[1mlanggraph.pregel._runner.PregelRunner[0m object at     │ │
│ │                     [1m0x10af46990[0m[1m>[0m                                         │ │
│ │           [3mruntime[0m = [1mRuntime[0m[1m([0m                                             │ │
│ │                     [2m│   [0mcontext=[3mNone[0m,                                    │ │
│ │                     [2m│   [0mstore=[3mNone[0m,                                      │ │
│ │                     [2m│   [0mstream_writer=[1m<[0m[1mfunction[0m                          │ │
│ │                     Pregel.astream.<locals>.stream_writer at             │ │
│ │                     [1m0x10b7f9bc0[0m[1m>[0m,                                        │ │
│ │                     [2m│   [0mprevious=[3mNone[0m                                    │ │
│ │                     [1m)[0m                                                    │ │
│ │              [3mself[0m = [1m<[0m[1mlanggraph.graph.state.CompiledStateGraph[0m object at  │ │
│ │                     [1m0x10af4e390[0m[1m>[0m                                         │ │
│ │             [3mstore[0m = [3mNone[0m                                                 │ │
│ │            [3mstream[0m = [1m<[0m[1mAsyncQueue[0m at [1m0x10af43740[0m maxsize=[1m0[0m tasks=[1m5[0m[1m>[0m        │ │
│ │       [3mstream_mode[0m = 'custom'                                             │ │
│ │      [3mstream_modes[0m = [1m{[0m'custom'[1m}[0m                                           │ │
│ │        [3mstream_put[0m = [1mfunctools.partial[0m[1m([0m[1m<[0m[1mbound[0m method                      │ │
│ │                     BaseEventLoop.call_soon_threadsafe of                │ │
│ │                     <_UnixSelectorEventLoop running=[3mTrue[0m closed=[3mFalse[0m    │ │
│ │                     debug=[3mFalse[0m>>, <bound method Queue.put_nowait of     │ │
│ │                     <AsyncQueue at [1m0x10af43740[0m maxsize=[1m0[0m tasks=[1m5[0m>[1m>[0m[1m)[0m      │ │
│ │         [3msubgraphs[0m = [3mTrue[0m                                                 │ │
│ │            [3mwaiter[0m = [3mNone[0m                                                 │ │
│ ╰──────────────────────────────────────────────────────────────────────────╯ │
│                                                                              │
│ [2m/private/tmp/kodezart-v03-recovery-native-compat/.venv/lib/python3.12/site-p[0m │
│ [2mackages/langgraph/pregel/[0m[1m_runner.py[0m:410 in atick                             │
│                                                                              │
│   [2m407 [0m[2m│   │   │   [0mfut.cancel()                                               │
│   [2m408 [0m[2m│   │   [0m[2m# panic on failure or timeout[0m                                  │
│   [2m409 [0m[2m│   │   [0mtry:                                                           │
│ ❱ 410 [2m│   │   │   [0m_panic_or_proceed(                                         │
│   [2m411 [0m[2m│   │   │   │   [0mfutures.done.union(f for f, t in futures.items() if t  │
│   [2m412 [0m[2m│   │   │   │   [0mtimeout_exc_cls=asyncio.TimeoutError,                  │
│   [2m413 [0m[2m│   │   │   │   [0mpanic=reraise,                                         │
│                                                                              │
│ ╭───────────────────────────────── locals ─────────────────────────────────╮ │
│ │          [3mdone[0m = [1m{[0m                                                        │ │
│ │                 [2m│   [0m[1m<[0m[1mTask[0m finished name='fire' coro=<[1marun_with_retry[0m[1m([0m[1m)[0m   │ │
│ │                 done, defined at                                         │ │
│ │                 /private/tmp/kodezart-v03-recovery-native-compat/.venv/… │ │
│ │                 exception=[1mTypeError[0m[1m([0m"GatedQualityGate.run() got an       │ │
│ │                 unexpected keyword argument 'tracker_spec'"[1m)[0m[1m>[0m            │ │
│ │                 [1m}[0m                                                        │ │
│ │      [3mend_time[0m = [3mNone[0m                                                     │ │
│ │           [3mfut[0m = [1m<[0m[1mTask[0m cancelled name='Task-36' coro=<[1mAsyncQueue.wait[0m[1m([0m[1m)[0m   │ │
│ │                 done, defined at                                         │ │
│ │                 /private/tmp/kodezart-v03-recovery-native-compat/.venv/… │ │
│ │       [3mfutures[0m = [1m{[0m                                                        │ │
│ │                 [2m│   [0m[1m<[0m[1mTask[0m cancelled name='Task-36'                       │ │
│ │                 coro=<[1mAsyncQueue.wait[0m[1m([0m[1m)[0m done, defined at                 │ │
│ │                 /private/tmp/kodezart-v03-recovery-native-compat/.venv/… │ │
│ │                 [3mNone[0m                                                     │ │
│ │                 [1m}[0m                                                        │ │
│ │      [3minflight[0m = [1m{[0m                                                        │ │
│ │                 [2m│   [0m[1m<[0m[1mTask[0m cancelled name='Task-36'                       │ │
│ │                 coro=<[1mAsyncQueue.wait[0m[1m([0m[1m)[0m done, defined at                 │ │
│ │                 /private/tmp/kodezart-v03-recovery-native-compat/.venv/… │ │
│ │                 [1m}[0m                                                        │ │
│ │          [3mloop[0m = [1m<[0m[1m_UnixSelectorEventLoop[0m running=[3mTrue[0m closed=[3mFalse[0m        │ │
│ │                 debug=[3mFalse[0m[1m>[0m                                             │ │
│ │       [3mreraise[0m = [3mTrue[0m                                                     │ │
│ │  [3mretry_policy[0m = [3mNone[0m                                                     │ │
│ │ [3mschedule_task[0m = [1m<[0m[1mbound[0m method AsyncPregelLoop.aaccept_push of            │ │
│ │                 <langgraph.pregel._loop.AsyncPregelLoop object at        │ │
│ │                 [1m0x10af432f0[0m>[1m>[0m                                            │ │
│ │          [3mself[0m = [1m<[0m[1mlanggraph.pregel._runner.PregelRunner[0m object at         │ │
│ │                 [1m0x10af46990[0m[1m>[0m                                             │ │
│ │             [3mt[0m = [1mPregelExecutableTask[0m[1m([0m                                    │ │
│ │                 [2m│   [0mname='fire',                                         │ │
│ │                 [2m│   [0minput=[1m{[0m                                              │ │
│ │                 [2m│   │   [0m'issue_key': [3mNone[0m,                               │ │
│ │                 [2m│   │   [0m'feature_branch': '',                            │ │
│ │                 [2m│   │   [0m'ralph_branch': '',                              │ │
│ │                 [2m│   │   [0m'work_base_ref': 'main',                         │ │
│ │                 [2m│   │   [0m'fire_spec': [3mNone[0m,                               │ │
│ │                 [2m│   │   [0m'acceptance_criteria': [1m[[0m[1m][0m,                       │ │
│ │                 [2m│   │   [0m'criterion_set': [3mNone[0m,                           │ │
│ │                 [2m│   │   [0m'criteria_validation': [3mNone[0m,                     │ │
│ │                 [2m│   │   [0m'criteria_regeneration_rounds': [1m0[0m,               │ │
│ │                 [2m│   │   [0m'criteria_infeasible': [3mFalse[0m,                    │ │
│ │                 [2m│   │   [0m... +[1m23[0m                                          │ │
│ │                 [2m│   [0m[1m}[0m,                                                   │ │
│ │                 [2m│   [0mproc=[1m<[0m[1mlanggraph._internal._runnable.RunnableSeq[0m      │ │
│ │                 object at [1m0x10af46db0[0m>,                                  │ │
│ │                 [2m│   [0mwrites=[1mdeque[0m[1m([0m[1m[[0m                                       │ │
│ │                 [2m│   │   [0m[1m([0m                                                │ │
│ │                 [2m│   │   │   [0m'__error__',                                 │ │
│ │                 [2m│   │   │   [0m[1mTypeError[0m[1m([0m"GatedQualityGate.run() got an     │ │
│ │                 unexpected keyword argument 'tracker_spec'"[1m)[0m             │ │
│ │                 [2m│   │   [0m[1m)[0m                                                │ │
│ │                 [2m│   [0m[1m][0m[1m)[0m,                                                  │ │
│ │                 [2m│   [0mconfig=[1m{[0m                                             │ │
│ │                 [2m│   │   [0m'metadata': [1m{[0m                                    │ │
│ │                 [2m│   │   │   [0m'prompt': 'fix',                             │ │
│ │                 [2m│   │   │   [0m'repo_path': '/tmp/fake',                    │ │
│ │                 [2m│   │   │   [0m'permission_mode':                           │ │
│ │                 <PermissionMode.UNATTENDED: 'unattended'>,               │ │
│ │                 [2m│   │   │   [0m'thread_id':                                 │ │
│ │                 'c619d671e8414eefa119b4cf708d48f7',                      │ │
│ │                 [2m│   │   │   [0m'langgraph_step': [1m1[0m,                         │ │
│ │                 [2m│   │   │   [0m'langgraph_node': 'fire',                    │ │
│ │                 [2m│   │   │   [0m'langgraph_triggers': [1m([0m'branch:to:fire',[1m)[0m,   │ │
│ │                 [2m│   │   │   [0m'langgraph_path': [1m([0m                          │ │
│ │                 [2m│   │   │   │   [0m'__pregel_pull',                         │ │
│ │                 [2m│   │   │   │   [0m'fire'                                   │ │
│ │                 [2m│   │   │   [0m[1m)[0m,                                           │ │
│ │                 [2m│   │   │   [0m'langgraph_checkpoint_ns':                   │ │
│ │                 'fire:c2d1e733-cc9f-9c00-11fa-00fdf82aa9a5',             │ │
│ │                 [2m│   │   │   [0m'checkpoint_ns':                             │ │
│ │                 'fire:c2d1e733-cc9f-9c00-11fa-00fdf82aa9a5'              │ │
│ │                 [2m│   │   [0m[1m}[0m,                                               │ │
│ │                 [2m│   │   [0m'configurable': [1m{[0m                                │ │
│ │                 [2m│   │   │   [0m'prompt': 'fix',                             │ │
│ │                 [2m│   │   │   [0m'repo_path': '/tmp/fake',                    │ │
│ │                 [2m│   │   │   [0m'repo_url': [3mNone[0m,                            │ │
│ │                 [2m│   │   │   [0m'cache_key':                                 │ │
│ │                 'c619d671e8414eefa119b4cf708d48f7',                      │ │
│ │                 [2m│   │   │   [0m'run_identity': [3mNone[0m,                        │ │
│ │                 [2m│   │   │   [0m'workspace_path': [3mNone[0m,                      │ │
│ │                 [2m│   │   │   [0m'base_spec': [1m{[0m                               │ │
│ │                 [2m│   │   │   │   [0m'inputs': [1m([0m[1m)[0m,                            │ │
│ │                 [2m│   │   │   │   [0m'base_branch': 'main',                   │ │
│ │                 [2m│   │   │   │   [0m'base_role': [3mNone[0m                        │ │
│ │                 [2m│   │   │   [0m[1m}[0m,                                           │ │
│ │                 [2m│   │   │   [0m'permission_mode':                           │ │
│ │                 <PermissionMode.UNATTENDED: 'unattended'>,               │ │
│ │                 [2m│   │   │   [0m'allowed_tools': [1m[[0m                           │ │
│ │                 [2m│   │   │   │   [0m'Read',                                  │ │
│ │                 [2m│   │   │   │   [0m'Glob',                                  │ │
│ │                 [2m│   │   │   │   [0m'Grep',                                  │ │
│ │                 [2m│   │   │   │   [0m'Bash',                                  │ │
│ │                 [2m│   │   │   │   [0m'Edit',                                  │ │
│ │                 [2m│   │   │   │   [0m'Write'                                  │ │
│ │                 [2m│   │   │   [0m[1m][0m,                                           │ │
│ │                 [2m│   │   │   [0m'thread_id':                                 │ │
│ │                 'c619d671e8414eefa119b4cf708d48f7',                      │ │
│ │                 [2m│   │   │   [0m... +[1m10[0m                                      │ │
│ │                 [2m│   │   [0m[1m}[0m,                                               │ │
│ │                 [2m│   │   [0m'callbacks':                                     │ │
│ │                 <langchain_core.callbacks.manager.AsyncCallbackManager   │ │
│ │                 object at [1m0x10af46e10[0m>,                                  │ │
│ │                 [2m│   │   [0m'run_name': 'fire'                               │ │
│ │                 [2m│   [0m[1m}[0m,                                                   │ │
│ │                 [2m│   [0mtriggers=[1m([0m'branch:to:fire',[1m)[0m,                        │ │
│ │                 [2m│   [0mretry_policy=[1m([0m[1m)[0m,                                     │ │
│ │                 [2m│   [0mcache_key=[3mNone[0m,                                      │ │
│ │                 [2m│   [0mid='c2d1e733-cc9f-9c00-11fa-00fdf82aa9a5',           │ │
│ │                 [2m│   [0mpath=[1m([0m'__pregel_pull', 'fire'[1m)[0m,                      │ │
│ │                 [2m│   [0mwriters=[1m[[0m                                            │ │
│ │                 [2m│   │   [0mChannelWrite<...,...>[1m([0mtags=[3mNone[0m, recurse=[3mTrue[0m,   │ │
│ │                 explode_args=[3mFalse[0m, func_accepts=[1m{[0m'config': [1m([0m'N/A',      │ │
│ │                 <class 'inspect._empty'>[1m)[0m[1m}[0m,                              │ │
│ │                 writes=[1m([0m[1mChannelWriteTupleEntry[0m[1m([0mmapper=<function          │ │
│ │                 CompiledStateGraph.attach_node.<locals>._get_updates at  │ │
│ │                 [1m0x10b856ca0[0m>, value=<object object at [1m0x10905e2e0[0m>,      │ │
│ │                 static=[3mNone[0m[1m)[0m, [1mChannelWriteTupleEntry[0m[1m([0mmapper=<function    │ │
│ │                 _control_branch at [1m0x10abdee80[0m>, value=<object object at │ │
│ │                 [1m0x10905e2e0[0m>, static=[1m[[0m[1m][0m[1m)[0m[1m)[0m[1m)[0m,                              │ │
│ │                 [2m│   │   [0m[1m_route[0m[1m([0mtags=[3mNone[0m, recurse=[3mTrue[0m,                  │ │
│ │                 explode_args=[3mFalse[0m, func_accepts=[1m{[0m'config': [1m([0m'N/A',      │ │
│ │                 <class 'inspect._empty'>[1m)[0m[1m}[0m,                              │ │
│ │                 _is_channel_writer=[1m[[0m[1m([0m[1mChannelWriteEntry[0m[1m([0mchannel='branch:… │ │
│ │                 value=[3mNone[0m, skip_none=[3mFalse[0m, mapper=[3mNone[0m[1m)[0m, 'open_pr'[1m)[0m,   │ │
│ │                 [1m([0m[1mChannelWriteEntry[0m[1m([0mchannel='branch:to:open_stalled_pr',  │ │
│ │                 value=[3mNone[0m, skip_none=[3mFalse[0m, mapper=[3mNone[0m[1m)[0m,               │ │
│ │                 'open_stalled_pr'[1m)[0m,                                      │ │
│ │                 [1m([0m[1mChannelWriteEntry[0m[1m([0mchannel='branch:to:monitor_ci',       │ │
│ │                 value=[3mNone[0m, skip_none=[3mFalse[0m, mapper=[3mNone[0m[1m)[0m,               │ │
│ │                 'monitor_ci'[1m)[0m,                                           │ │
│ │                 [1m([0m[1mChannelWriteEntry[0m[1m([0mchannel='branch:to:comment_failure',  │ │
│ │                 value=[3mNone[0m, skip_none=[3mFalse[0m, mapper=[3mNone[0m[1m)[0m,               │ │
│ │                 'comment_failure'[1m)[0m,                                      │ │
│ │                 [1m([0m[1mChannelWriteEntry[0m[1m([0mchannel='branch:to:complete',         │ │
│ │                 value=[3mNone[0m, skip_none=[3mFalse[0m, mapper=[3mNone[0m[1m)[0m, 'complete'[1m)[0m[1m][0m[1m)[0m │ │
│ │                 [2m│   [0m[1m][0m,                                                   │ │
│ │                 [2m│   [0msubgraphs=[1m[[0m                                          │ │
│ │                 [2m│   │   [0m<langgraph.graph.state.CompiledStateGraph object │ │
│ │                 at [1m0x10af4bf20[0m[1m>[0m                                          │ │
│ │                 [2m│   [0m[1m][0m                                                    │ │
│ │                 [1m)[0m                                                        │ │
│ │         [3mtasks[0m = [1m([0m                                                        │ │
│ │                 [2m│   [0m[1mPregelExecutableTask[0m[1m([0m                                │ │
│ │                 [2m│   │   [0mname='fire',                                     │ │
│ │                 [2m│   │   [0minput=[1m{[0m                                          │ │
│ │                 [2m│   │   │   [0m'issue_key': [3mNone[0m,                           │ │
│ │                 [2m│   │   │   [0m'feature_branch': '',                        │ │
│ │                 [2m│   │   │   [0m'ralph_branch': '',                          │ │
│ │                 [2m│   │   │   [0m'work_base_ref': 'main',                     │ │
│ │                 [2m│   │   │   [0m'fire_spec': [3mNone[0m,                           │ │
│ │                 [2m│   │   │   [0m'acceptance_criteria': [1m[[0m[1m][0m,                   │ │
│ │                 [2m│   │   │   [0m'criterion_set': [3mNone[0m,                       │ │
│ │                 [2m│   │   │   [0m'criteria_validation': [3mNone[0m,                 │ │
│ │                 [2m│   │   │   [0m'criteria_regeneration_rounds': [1m0[0m,           │ │
│ │                 [2m│   │   │   [0m'criteria_infeasible': [3mFalse[0m,                │ │
│ │                 [2m│   │   │   [0m... +[1m23[0m                                      │ │
│ │                 [2m│   │   [0m[1m}[0m,                                               │ │
│ │                 [2m│   │   [0mproc=[1m<[0m[1mlanggraph._internal._runnable.RunnableSeq[0m  │ │
│ │                 object at [1m0x10af46db0[0m>,                                  │ │
│ │                 [2m│   │   [0mwrites=[1mdeque[0m[1m([0m[1m[[0m                                   │ │
│ │                 [2m│   │   │   [0m[1m([0m                                            │ │
│ │                 [2m│   │   │   │   [0m'__error__',                             │ │
│ │                 [2m│   │   │   │   [0m[1mTypeError[0m[1m([0m"GatedQualityGate.run() got an │ │
│ │                 unexpected keyword argument 'tracker_spec'"[1m)[0m             │ │
│ │                 [2m│   │   │   [0m[1m)[0m                                            │ │
│ │                 [2m│   │   [0m[1m][0m[1m)[0m,                                              │ │
│ │                 [2m│   │   [0mconfig=[1m{[0m                                         │ │
│ │                 [2m│   │   │   [0m'metadata': [1m{[0m                                │ │
│ │                 [2m│   │   │   │   [0m'prompt': 'fix',                         │ │
│ │                 [2m│   │   │   │   [0m'repo_path': '/tmp/fake',                │ │
│ │                 [2m│   │   │   │   [0m'permission_mode':                       │ │
│ │                 <PermissionMode.UNATTENDED: 'unattended'>,               │ │
│ │                 [2m│   │   │   │   [0m'thread_id':                             │ │
│ │                 'c619d671e8414eefa119b4cf708d48f7',                      │ │
│ │                 [2m│   │   │   │   [0m'langgraph_step': [1m1[0m,                     │ │
│ │                 [2m│   │   │   │   [0m'langgraph_node': 'fire',                │ │
│ │                 [2m│   │   │   │   [0m'langgraph_triggers': [1m([0m                  │ │
│ │                 [2m│   │   │   │   │   [0m'branch:to:fire',                    │ │
│ │                 [2m│   │   │   │   [0m[1m)[0m,                                       │ │
│ │                 [2m│   │   │   │   [0m'langgraph_path': [1m([0m                      │ │
│ │                 [2m│   │   │   │   │   [0m'__pregel_pull',                     │ │
│ │                 [2m│   │   │   │   │   [0m'fire'                               │ │
│ │                 [2m│   │   │   │   [0m[1m)[0m,                                       │ │
│ │                 [2m│   │   │   │   [0m'langgraph_checkpoint_ns':               │ │
│ │                 'fire:c2d1e733-cc9f-9c00-11fa-00fdf82aa9a5',             │ │
│ │                 [2m│   │   │   │   [0m'checkpoint_ns':                         │ │
│ │                 'fire:c2d1e733-cc9f-9c00-11fa-00fdf82aa9a5'              │ │
│ │                 [2m│   │   │   [0m[1m}[0m,                                           │ │
│ │                 [2m│   │   │   [0m'configurable': [1m{[0m                            │ │
│ │                 [2m│   │   │   │   [0m'prompt': 'fix',                         │ │
│ │                 [2m│   │   │   │   [0m'repo_path': '/tmp/fake',                │ │
│ │                 [2m│   │   │   │   [0m'repo_url': [3mNone[0m,                        │ │
│ │                 [2m│   │   │   │   [0m'cache_key':                             │ │
│ │                 'c619d671e8414eefa119b4cf708d48f7',                      │ │
│ │                 [2m│   │   │   │   [0m'run_identity': [3mNone[0m,                    │ │
│ │                 [2m│   │   │   │   [0m'workspace_path': [3mNone[0m,                  │ │
│ │                 [2m│   │   │   │   [0m'base_spec': [1m{[0m                           │ │
│ │                 [2m│   │   │   │   │   [0m'inputs': [1m([0m[1m)[0m,                        │ │
│ │                 [2m│   │   │   │   │   [0m'base_branch': 'main',               │ │
│ │                 [2m│   │   │   │   │   [0m'base_role': [3mNone[0m                    │ │
│ │                 [2m│   │   │   │   [0m[1m}[0m,                                       │ │
│ │                 [2m│   │   │   │   [0m'permission_mode':                       │ │
│ │                 <PermissionMode.UNATTENDED: 'unattended'>,               │ │
│ │                 [2m│   │   │   │   [0m'allowed_tools': [1m[[0m                       │ │
│ │                 [2m│   │   │   │   │   [0m'Read',                              │ │
│ │                 [2m│   │   │   │   │   [0m'Glob',                              │ │
│ │                 [2m│   │   │   │   │   [0m'Grep',                              │ │
│ │                 [2m│   │   │   │   │   [0m'Bash',                              │ │
│ │                 [2m│   │   │   │   │   [0m'Edit',                              │ │
│ │                 [2m│   │   │   │   │   [0m'Write'                              │ │
│ │                 [2m│   │   │   │   [0m[1m][0m,                                       │ │
│ │                 [2m│   │   │   │   [0m'thread_id':                             │ │
│ │                 'c619d671e8414eefa119b4cf708d48f7',                      │ │
│ │                 [2m│   │   │   │   [0m... +[1m10[0m                                  │ │
│ │                 [2m│   │   │   [0m[1m}[0m,                                           │ │
│ │                 [2m│   │   │   [0m'callbacks':                                 │ │
│ │                 <langchain_core.callbacks.manager.AsyncCallbackManager   │ │
│ │                 object at [1m0x10af46e10[0m>,                                  │ │
│ │                 [2m│   │   │   [0m'run_name': 'fire'                           │ │
│ │                 [2m│   │   [0m[1m}[0m,                                               │ │
│ │                 [2m│   │   [0mtriggers=[1m([0m'branch:to:fire',[1m)[0m,                    │ │
│ │                 [2m│   │   [0mretry_policy=[1m([0m[1m)[0m,                                 │ │
│ │                 [2m│   │   [0mcache_key=[3mNone[0m,                                  │ │
│ │                 [2m│   │   [0mid='c2d1e733-cc9f-9c00-11fa-00fdf82aa9a5',       │ │
│ │                 [2m│   │   [0mpath=[1m([0m'__pregel_pull', 'fire'[1m)[0m,                  │ │
│ │                 [2m│   │   [0mwriters=[1m[[0m                                        │ │
│ │                 [2m│   │   │   [0mChannelWrite<...,...>[1m([0mtags=[3mNone[0m,             │ │
│ │                 recurse=[3mTrue[0m, explode_args=[3mFalse[0m,                        │ │
│ │                 func_accepts=[1m{[0m'config': [1m([0m'N/A', <class                   │ │
│ │                 'inspect._empty'>[1m)[0m[1m}[0m,                                     │ │
│ │                 writes=[1m([0m[1mChannelWriteTupleEntry[0m[1m([0mmapper=<function          │ │
│ │                 CompiledStateGraph.attach_node.<locals>._get_updates at  │ │
│ │                 [1m0x10b856ca0[0m>, value=<object object at [1m0x10905e2e0[0m>,      │ │
│ │                 static=[3mNone[0m[1m)[0m, [1mChannelWriteTupleEntry[0m[1m([0mmapper=<function    │ │
│ │                 _control_branch at [1m0x10abdee80[0m>, value=<object object at │ │
│ │                 [1m0x10905e2e0[0m>, static=[1m[[0m[1m][0m[1m)[0m[1m)[0m[1m)[0m,                              │ │
│ │                 [2m│   │   │   [0m[1m_route[0m[1m([0mtags=[3mNone[0m, recurse=[3mTrue[0m,              │ │
│ │                 explode_args=[3mFalse[0m, func_accepts=[1m{[0m'config': [1m([0m'N/A',      │ │
│ │                 <class 'inspect._empty'>[1m)[0m[1m}[0m,                              │ │
│ │                 _is_channel_writer=[1m[[0m[1m([0m[1mChannelWriteEntry[0m[1m([0mchannel='branch:… │ │
│ │                 value=[3mNone[0m, skip_none=[3mFalse[0m, mapper=[3mNone[0m[1m)[0m, 'open_pr'[1m)[0m,   │ │
│ │                 [1m([0m[1mChannelWriteEntry[0m[1m([0mchannel='branch:to:open_stalled_pr',  │ │
│ │                 value=[3mNone[0m, skip_none=[3mFalse[0m, mapper=[3mNone[0m[1m)[0m,               │ │
│ │                 'open_stalled_pr'[1m)[0m,                                      │ │
│ │                 [1m([0m[1mChannelWriteEntry[0m[1m([0mchannel='branch:to:monitor_ci',       │ │
│ │                 value=[3mNone[0m, skip_none=[3mFalse[0m, mapper=[3mNone[0m[1m)[0m,               │ │
│ │                 'monitor_ci'[1m)[0m,                                           │ │
│ │                 [1m([0m[1mChannelWriteEntry[0m[1m([0mchannel='branch:to:comment_failure',  │ │
│ │                 value=[3mNone[0m, skip_none=[3mFalse[0m, mapper=[3mNone[0m[1m)[0m,               │ │
│ │                 'comment_failure'[1m)[0m,                                      │ │
│ │                 [1m([0m[1mChannelWriteEntry[0m[1m([0mchannel='branch:to:complete',         │ │
│ │                 value=[3mNone[0m, skip_none=[3mFalse[0m, mapper=[3mNone[0m[1m)[0m, 'complete'[1m)[0m[1m][0m[1m)[0m │ │
│ │                 [2m│   │   [0m[1m][0m,                                               │ │
│ │                 [2m│   │   [0msubgraphs=[1m[[0m                                      │ │
│ │                 [2m│   │   │   [0m<langgraph.graph.state.CompiledStateGraph    │ │
│ │                 object at [1m0x10af4bf20[0m[1m>[0m                                   │ │
│ │                 [2m│   │   [0m[1m][0m                                                │ │
│ │                 [2m│   [0m[1m)[0m,                                                   │ │
│ │                 [1m)[0m                                                        │ │
│ │            [3mtb[0m = [1m<[0m[1mtraceback[0m object at [1m0x10b82e480[0m[1m>[0m                        │ │
│ │       [3mtimeout[0m = [3mNone[0m                                                     │ │
│ ╰──────────────────────────────────────────────────────────────────────────╯ │
│                                                                              │
│ [2m/private/tmp/kodezart-v03-recovery-native-compat/.venv/lib/python3.12/site-p[0m │
│ [2mackages/langgraph/pregel/[0m[1m_runner.py[0m:520 in _panic_or_proceed                 │
│                                                                              │
│   [2m517 [0m[2m│   │   │   │   │   [0m[2m# collect interrupts[0m                               │
│   [2m518 [0m[2m│   │   │   │   │   [0minterrupts.append(exc)                             │
│   [2m519 [0m[2m│   │   │   │   [0melif fut not in SKIP_RERAISE_SET:                      │
│ ❱ 520 [2m│   │   │   │   │   [0m[1;4mraise[0m[1;4m exc[0m                                          │
│   [2m521 [0m[2m│   [0m[2m# raise combined interrupts[0m                                        │
│   [2m522 [0m[2m│   [0mif interrupts:                                                     │
│   [2m523 [0m[2m│   │   [0mraise GraphInterrupt(tuple(i for exc in interrupts for i in ex │
│                                                                              │
│ ╭───────────────────────────────── locals ─────────────────────────────────╮ │
│ │       [3mdone[0m = [1mset[0m[1m([0m[1m)[0m                                                       │ │
│ │        [3mexc[0m = [1mTypeError[0m[1m([0m"GatedQualityGate.run() got an unexpected keyword │ │
│ │              argument 'tracker_spec'"[1m)[0m                                   │ │
│ │        [3mfut[0m = [1m<[0m[1mTask[0m finished name='fire' coro=<[1marun_with_retry[0m[1m([0m[1m)[0m done,    │ │
│ │              defined at                                                  │ │
│ │              /private/tmp/kodezart-v03-recovery-native-compat/.venv/lib… │ │
│ │              exception=[1mTypeError[0m[1m([0m"GatedQualityGate.run() got an          │ │
│ │              unexpected keyword argument 'tracker_spec'"[1m)[0m[1m>[0m               │ │
│ │       [3mfuts[0m = [1m{[0m                                                           │ │
│ │              [2m│   [0m[1m<[0m[1mTask[0m finished name='fire' coro=<[1marun_with_retry[0m[1m([0m[1m)[0m      │ │
│ │              done, defined at                                            │ │
│ │              /private/tmp/kodezart-v03-recovery-native-compat/.venv/lib… │ │
│ │              exception=[1mTypeError[0m[1m([0m"GatedQualityGate.run() got an          │ │
│ │              unexpected keyword argument 'tracker_spec'"[1m)[0m[1m>[0m               │ │
│ │              [1m}[0m                                                           │ │
│ │   [3minflight[0m = [1mset[0m[1m([0m[1m)[0m                                                       │ │
│ │ [3minterrupts[0m = [1m[[0m[1m][0m                                                          │ │
│ │      [3mpanic[0m = [3mTrue[0m                                                        │ │
│ ╰──────────────────────────────────────────────────────────────────────────╯ │
│                                                                              │
│ [2m/private/tmp/kodezart-v03-recovery-native-compat/.venv/lib/python3.12/site-p[0m │
│ [2mackages/langgraph/pregel/[0m[1m_retry.py[0m:163 in arun_with_retry                    │
│                                                                              │
│   [2m160 [0m[2m│   │   │   │   [0m[2m# if successful, end[0m                                   │
│   [2m161 [0m[2m│   │   │   │   [0mbreak                                                  │
│   [2m162 [0m[2m│   │   │   [0melse:                                                      │
│ ❱ 163 [2m│   │   │   │   [0mreturn await task.proc.ainvoke(task.input, config)     │
│   [2m164 [0m[2m│   │   [0mexcept ParentCommand as exc:                                   │
│   [2m165 [0m[2m│   │   │   [0mns: str = config[CONF][CONFIG_KEY_CHECKPOINT_NS]           │
│   [2m166 [0m[2m│   │   │   [0mcmd = exc.args[0]                                          │
│                                                                              │
│ ╭───────────────────────────────── locals ─────────────────────────────────╮ │
│ │            [3mattempts[0m = [1m0[0m                                                  │ │
│ │              [3mconfig[0m = [1m{[0m                                                  │ │
│ │                       [2m│   [0m'metadata': [1m{[0m                                  │ │
│ │                       [2m│   │   [0m'prompt': 'fix',                           │ │
│ │                       [2m│   │   [0m'repo_path': '/tmp/fake',                  │ │
│ │                       [2m│   │   [0m'permission_mode':                         │ │
│ │                       [1m<[0m[1mPermissionMode.UNATTENDED:[0m 'unattended'>,         │ │
│ │                       [2m│   │   [0m'thread_id':                               │ │
│ │                       'c619d671e8414eefa119b4cf708d48f7',                │ │
│ │                       [2m│   │   [0m'langgraph_step': [1m1[0m,                       │ │
│ │                       [2m│   │   [0m'langgraph_node': 'fire',                  │ │
│ │                       [2m│   │   [0m'langgraph_triggers': [1m([0m                    │ │
│ │                       [2m│   │   │   [0m'branch:to:fire',                      │ │
│ │                       [2m│   │   [0m[1m)[0m,                                         │ │
│ │                       [2m│   │   [0m'langgraph_path': [1m([0m                        │ │
│ │                       [2m│   │   │   [0m'__pregel_pull',                       │ │
│ │                       [2m│   │   │   [0m'fire'                                 │ │
│ │                       [2m│   │   [0m[1m)[0m,                                         │ │
│ │                       [2m│   │   [0m'langgraph_checkpoint_ns':                 │ │
│ │                       'fire:c2d1e733-cc9f-9c00-11fa-00fdf82aa9a5',       │ │
│ │                       [2m│   │   [0m'checkpoint_ns':                           │ │
│ │                       'fire:c2d1e733-cc9f-9c00-11fa-00fdf82aa9a5'        │ │
│ │                       [2m│   [0m[1m}[0m,                                             │ │
│ │                       [2m│   [0m'configurable': [1m{[0m                              │ │
│ │                       [2m│   │   [0m'prompt': 'fix',                           │ │
│ │                       [2m│   │   [0m'repo_path': '/tmp/fake',                  │ │
│ │                       [2m│   │   [0m'repo_url': [3mNone[0m,                          │ │
│ │                       [2m│   │   [0m'cache_key':                               │ │
│ │                       'c619d671e8414eefa119b4cf708d48f7',                │ │
│ │                       [2m│   │   [0m'run_identity': [3mNone[0m,                      │ │
│ │                       [2m│   │   [0m'workspace_path': [3mNone[0m,                    │ │
│ │                       [2m│   │   [0m'base_spec': [1m{[0m                             │ │
│ │                       [2m│   │   │   [0m'inputs': [1m([0m[1m)[0m,                          │ │
│ │                       [2m│   │   │   [0m'base_branch': 'main',                 │ │
│ │                       [2m│   │   │   [0m'base_role': [3mNone[0m                      │ │
│ │                       [2m│   │   [0m[1m}[0m,                                         │ │
│ │                       [2m│   │   [0m'permission_mode':                         │ │
│ │                       <PermissionMode.UNATTENDED: 'unattended'>,         │ │
│ │                       [2m│   │   [0m'allowed_tools': [1m[[0m                         │ │
│ │                       [2m│   │   │   [0m'Read',                                │ │
│ │                       [2m│   │   │   [0m'Glob',                                │ │
│ │                       [2m│   │   │   [0m'Grep',                                │ │
│ │                       [2m│   │   │   [0m'Bash',                                │ │
│ │                       [2m│   │   │   [0m'Edit',                                │ │
│ │                       [2m│   │   │   [0m'Write'                                │ │
│ │                       [2m│   │   [0m[1m][0m,                                         │ │
│ │                       [2m│   │   [0m'thread_id':                               │ │
│ │                       'c619d671e8414eefa119b4cf708d48f7',                │ │
│ │                       [2m│   │   [0m... +[1m11[0m                                    │ │
│ │                       [2m│   [0m[1m}[0m,                                             │ │
│ │                       [2m│   [0m'callbacks':                                   │ │
│ │                       <langchain_core.callbacks.manager.AsyncCallbackMa… │ │
│ │                       object at [1m0x10af46e10[0m[1m>[0m,                            │ │
│ │                       [2m│   [0m'run_name': 'fire'                             │ │
│ │                       [1m}[0m                                                  │ │
│ │        [3mconfigurable[0m = [1m{[0m                                                  │ │
│ │                       [2m│   [0m'__pregel_call': [1mfunctools.partial[0m[1m([0m[1m<[0m[1mfunction[0m   │ │
│ │                       _acall at [1m0x10ac7aca0[0m>, <weakref at [1m0x10b8a7fb0[0m;   │ │
│ │                       to 'PregelExecutableTask' at [1m0x10b88c8c0[0m>,         │ │
│ │                       retry_policy=[3mNone[0m, stream=[3mFalse[0m, futures=<weakref  │ │
│ │                       at [1m0x10b8a8040[0m; to 'FuturesDict' at [1m0x10b8a7f70[0m>,  │ │
│ │                       schedule_task=<bound method                        │ │
│ │                       AsyncPregelLoop.aaccept_push of                    │ │
│ │                       <langgraph.pregel._loop.AsyncPregelLoop object at  │ │
│ │                       [1m0x10af432f0[0m>>, submit=<weakref at [1m0x10b6f06d0[0m; to  │ │
│ │                       'AsyncBackgroundExecutor' at [1m0x10af4f080[0m>,         │ │
│ │                       loop=<_UnixSelectorEventLoop running=[3mTrue[0m          │ │
│ │                       closed=[3mFalse[0m debug=[3mFalse[0m[1m>[0m[1m)[0m                         │ │
│ │                       [1m}[0m                                                  │ │
│ │ [3mmatch_cached_writes[0m = [3mNone[0m                                               │ │
│ │        [3mretry_policy[0m = [3mNone[0m                                               │ │
│ │              [3mstream[0m = [3mFalse[0m                                              │ │
│ │                [3mtask[0m = [1mPregelExecutableTask[0m[1m([0m                              │ │
│ │                       [2m│   [0mname='fire',                                   │ │
│ │                       [2m│   [0minput=[1m{[0m                                        │ │
│ │                       [2m│   │   [0m'issue_key': [3mNone[0m,                         │ │
│ │                       [2m│   │   [0m'feature_branch': '',                      │ │
│ │                       [2m│   │   [0m'ralph_branch': '',                        │ │
│ │                       [2m│   │   [0m'work_base_ref': 'main',                   │ │
│ │                       [2m│   │   [0m'fire_spec': [3mNone[0m,                         │ │
│ │                       [2m│   │   [0m'acceptance_criteria': [1m[[0m[1m][0m,                 │ │
│ │                       [2m│   │   [0m'criterion_set': [3mNone[0m,                     │ │
│ │                       [2m│   │   [0m'criteria_validation': [3mNone[0m,               │ │
│ │                       [2m│   │   [0m'criteria_regeneration_rounds': [1m0[0m,         │ │
│ │                       [2m│   │   [0m'criteria_infeasible': [3mFalse[0m,              │ │
│ │                       [2m│   │   [0m... +[1m23[0m                                    │ │
│ │                       [2m│   [0m[1m}[0m,                                             │ │
│ │                       [2m│   [0m                                               │ │
│ │                       proc=[1m<[0m[1mlanggraph._internal._runnable.RunnableSeq[0m    │ │
│ │                       object at [1m0x10af46db0[0m>,                            │ │
│ │                       [2m│   [0mwrites=[1mdeque[0m[1m([0m[1m[[0m                                 │ │
│ │                       [2m│   │   [0m[1m([0m                                          │ │
│ │                       [2m│   │   │   [0m'__error__',                           │ │
│ │                       [2m│   │   │   [0m[1mTypeError[0m[1m([0m"GatedQualityGate.run() got  │ │
│ │                       an unexpected keyword argument 'tracker_spec'"[1m)[0m    │ │
│ │                       [2m│   │   [0m[1m)[0m                                          │ │
│ │                       [2m│   [0m[1m][0m[1m)[0m,                                            │ │
│ │                       [2m│   [0mconfig=[1m{[0m                                       │ │
│ │                       [2m│   │   [0m'metadata': [1m{[0m                              │ │
│ │                       [2m│   │   │   [0m'prompt': 'fix',                       │ │
│ │                       [2m│   │   │   [0m'repo_path': '/tmp/fake',              │ │
│ │                       [2m│   │   │   [0m'permission_mode':                     │ │
│ │                       <PermissionMode.UNATTENDED: 'unattended'>,         │ │
│ │                       [2m│   │   │   [0m'thread_id':                           │ │
│ │                       'c619d671e8414eefa119b4cf708d48f7',                │ │
│ │                       [2m│   │   │   [0m'langgraph_step': [1m1[0m,                   │ │
│ │                       [2m│   │   │   [0m'langgraph_node': 'fire',              │ │
│ │                       [2m│   │   │   [0m'langgraph_triggers': [1m([0m                │ │
│ │                       [2m│   │   │   │   [0m'branch:to:fire',                  │ │
│ │                       [2m│   │   │   [0m[1m)[0m,                                     │ │
│ │                       [2m│   │   │   [0m'langgraph_path': [1m([0m                    │ │
│ │                       [2m│   │   │   │   [0m'__pregel_pull',                   │ │
│ │                       [2m│   │   │   │   [0m'fire'                             │ │
│ │                       [2m│   │   │   [0m[1m)[0m,                                     │ │
│ │                       [2m│   │   │   [0m'langgraph_checkpoint_ns':             │ │
│ │                       'fire:c2d1e733-cc9f-9c00-11fa-00fdf82aa9a5',       │ │
│ │                       [2m│   │   │   [0m'checkpoint_ns':                       │ │
│ │                       'fire:c2d1e733-cc9f-9c00-11fa-00fdf82aa9a5'        │ │
│ │                       [2m│   │   [0m[1m}[0m,                                         │ │
│ │                       [2m│   │   [0m'configurable': [1m{[0m                          │ │
│ │                       [2m│   │   │   [0m'prompt': 'fix',                       │ │
│ │                       [2m│   │   │   [0m'repo_path': '/tmp/fake',              │ │
│ │                       [2m│   │   │   [0m'repo_url': [3mNone[0m,                      │ │
│ │                       [2m│   │   │   [0m'cache_key':                           │ │
│ │                       'c619d671e8414eefa119b4cf708d48f7',                │ │
│ │                       [2m│   │   │   [0m'run_identity': [3mNone[0m,                  │ │
│ │                       [2m│   │   │   [0m'workspace_path': [3mNone[0m,                │ │
│ │                       [2m│   │   │   [0m'base_spec': [1m{[0m                         │ │
│ │                       [2m│   │   │   │   [0m'inputs': [1m([0m[1m)[0m,                      │ │
│ │                       [2m│   │   │   │   [0m'base_branch': 'main',             │ │
│ │                       [2m│   │   │   │   [0m'base_role': [3mNone[0m                  │ │
│ │                       [2m│   │   │   [0m[1m}[0m,                                     │ │
│ │                       [2m│   │   │   [0m'permission_mode':                     │ │
│ │                       <PermissionMode.UNATTENDED: 'unattended'>,         │ │
│ │                       [2m│   │   │   [0m'allowed_tools': [1m[[0m                     │ │
│ │                       [2m│   │   │   │   [0m'Read',                            │ │
│ │                       [2m│   │   │   │   [0m'Glob',                            │ │
│ │                       [2m│   │   │   │   [0m'Grep',                            │ │
│ │                       [2m│   │   │   │   [0m'Bash',                            │ │
│ │                       [2m│   │   │   │   [0m'Edit',                            │ │
│ │                       [2m│   │   │   │   [0m'Write'                            │ │
│ │                       [2m│   │   │   [0m[1m][0m,                                     │ │
│ │                       [2m│   │   │   [0m'thread_id':                           │ │
│ │                       'c619d671e8414eefa119b4cf708d48f7',                │ │
│ │                       [2m│   │   │   [0m... +[1m10[0m                                │ │
│ │                       [2m│   │   [0m[1m}[0m,                                         │ │
│ │                       [2m│   │   [0m'callbacks':                               │ │
│ │                       <langchain_core.callbacks.manager.AsyncCallbackMa… │ │
│ │                       object at [1m0x10af46e10[0m>,                            │ │
│ │                       [2m│   │   [0m'run_name': 'fire'                         │ │
│ │                       [2m│   [0m[1m}[0m,                                             │ │
│ │                       [2m│   [0mtriggers=[1m([0m'branch:to:fire',[1m)[0m,                  │ │
│ │                       [2m│   [0mretry_policy=[1m([0m[1m)[0m,                               │ │
│ │                       [2m│   [0mcache_key=[3mNone[0m,                                │ │
│ │                       [2m│   [0mid='c2d1e733-cc9f-9c00-11fa-00fdf82aa9a5',     │ │
│ │                       [2m│   [0mpath=[1m([0m'__pregel_pull', 'fire'[1m)[0m,                │ │
│ │                       [2m│   [0mwriters=[1m[[0m                                      │ │
│ │                       [2m│   │   [0mChannelWrite<...,...>[1m([0mtags=[3mNone[0m,           │ │
│ │                       recurse=[3mTrue[0m, explode_args=[3mFalse[0m,                  │ │
│ │                       func_accepts=[1m{[0m'config': [1m([0m'N/A', <class             │ │
│ │                       'inspect._empty'>[1m)[0m[1m}[0m,                               │ │
│ │                       writes=[1m([0m[1mChannelWriteTupleEntry[0m[1m([0mmapper=<function    │ │
│ │                       CompiledStateGraph.attach_node.<locals>._get_upda… │ │
│ │                       at [1m0x10b856ca0[0m>, value=<object object at           │ │
│ │                       [1m0x10905e2e0[0m>, static=[3mNone[0m[1m)[0m,                        │ │
│ │                       [1mChannelWriteTupleEntry[0m[1m([0mmapper=<function            │ │
│ │                       _control_branch at [1m0x10abdee80[0m>, value=<object     │ │
│ │                       object at [1m0x10905e2e0[0m>, static=[1m[[0m[1m][0m[1m)[0m[1m)[0m[1m)[0m,              │ │
│ │                       [2m│   │   [0m[1m_route[0m[1m([0mtags=[3mNone[0m, recurse=[3mTrue[0m,            │ │
│ │                       explode_args=[3mFalse[0m, func_accepts=[1m{[0m'config':        │ │
│ │                       [1m([0m'N/A', <class 'inspect._empty'>[1m)[0m[1m}[0m,                │ │
│ │                       _is_channel_writer=[1m[[0m[1m([0m[1mChannelWriteEntry[0m[1m([0mchannel='b… │ │
│ │                       value=[3mNone[0m, skip_none=[3mFalse[0m, mapper=[3mNone[0m[1m)[0m,         │ │
│ │                       'open_pr'[1m)[0m,                                        │ │
│ │                       [1m([0m[1mChannelWriteEntry[0m[1m([0mchannel='branch:to:open_stalle… │ │
│ │                       value=[3mNone[0m, skip_none=[3mFalse[0m, mapper=[3mNone[0m[1m)[0m,         │ │
│ │                       'open_stalled_pr'[1m)[0m,                                │ │
│ │                       [1m([0m[1mChannelWriteEntry[0m[1m([0mchannel='branch:to:monitor_ci', │ │
│ │                       value=[3mNone[0m, skip_none=[3mFalse[0m, mapper=[3mNone[0m[1m)[0m,         │ │
│ │                       'monitor_ci'[1m)[0m,                                     │ │
│ │                       [1m([0m[1mChannelWriteEntry[0m[1m([0mchannel='branch:to:comment_fai… │ │
│ │                       value=[3mNone[0m, skip_none=[3mFalse[0m, mapper=[3mNone[0m[1m)[0m,         │ │
│ │                       'comment_failure'[1m)[0m,                                │ │
│ │                       [1m([0m[1mChannelWriteEntry[0m[1m([0mchannel='branch:to:complete',   │ │
│ │                       value=[3mNone[0m, skip_none=[3mFalse[0m, mapper=[3mNone[0m[1m)[0m,         │ │
│ │                       'complete'[1m)[0m[1m][0m[1m)[0m                                      │ │
│ │                       [2m│   [0m[1m][0m,                                             │ │
│ │                       [2m│   [0msubgraphs=[1m[[0m                                    │ │
│ │                       [2m│   │   [0m<langgraph.graph.state.CompiledStateGraph  │ │
│ │                       object at [1m0x10af4bf20[0m[1m>[0m                             │ │
│ │                       [2m│   [0m[1m][0m                                              │ │
│ │                       [1m)[0m                                                  │ │
│ ╰──────────────────────────────────────────────────────────────────────────╯ │
│                                                                              │
│ [2m/private/tmp/kodezart-v03-recovery-native-compat/.venv/lib/python3.12/site-p[0m │
│ [2mackages/langgraph/_internal/[0m[1m_runnable.py[0m:705 in ainvoke                      │
│                                                                              │
│   [2m702 [0m[2m│   │   │   │   │   │   │   [0mrun = None                                 │
│   [2m703 [0m[2m│   │   │   │   │   │   [0m[2m# run in context[0m                               │
│   [2m704 [0m[2m│   │   │   │   │   │   [0mwith set_config_context(config, run) as contex │
│ ❱ 705 [2m│   │   │   │   │   │   │   [0minput = await asyncio.create_task(         │
│   [2m706 [0m[2m│   │   │   │   │   │   │   │   [0mstep.ainvoke(input, config, **kwargs), │
│   [2m707 [0m[2m│   │   │   │   │   │   │   [0m)                                          │
│   [2m708 [0m[2m│   │   │   │   │   [0melse:                                              │
│                                                                              │
│ ╭───────────────────────────────── locals ─────────────────────────────────╮ │
│ │ [3mcallback_manager[0m = [1m<[0m[1mlangchain_core.callbacks.manager.AsyncCallbackManag…[0m │ │
│ │                    object at [1m0x10af46e10[0m[1m>[0m                                │ │
│ │           [3mconfig[0m = [1m{[0m                                                     │ │
│ │                    [2m│   [0m'metadata': [1m{[0m                                     │ │
│ │                    [2m│   │   [0m'prompt': 'fix',                              │ │
│ │                    [2m│   │   [0m'repo_path': '/tmp/fake',                     │ │
│ │                    [2m│   │   [0m'permission_mode':                            │ │
│ │                    [1m<[0m[1mPermissionMode.UNATTENDED:[0m 'unattended'>,            │ │
│ │                    [2m│   │   [0m'thread_id':                                  │ │
│ │                    'c619d671e8414eefa119b4cf708d48f7',                   │ │
│ │                    [2m│   │   [0m'langgraph_step': [1m1[0m,                          │ │
│ │                    [2m│   │   [0m'langgraph_node': 'fire',                     │ │
│ │                    [2m│   │   [0m'langgraph_triggers': [1m([0m'branch:to:fire',[1m)[0m,    │ │
│ │                    [2m│   │   [0m'langgraph_path': [1m([0m'__pregel_pull', 'fire'[1m)[0m,  │ │
│ │                    [2m│   │   [0m'langgraph_checkpoint_ns':                    │ │
│ │                    'fire:c2d1e733-cc9f-9c00-11fa-00fdf82aa9a5',          │ │
│ │                    [2m│   │   [0m'checkpoint_ns':                              │ │
│ │                    'fire:c2d1e733-cc9f-9c00-11fa-00fdf82aa9a5'           │ │
│ │                    [2m│   [0m[1m}[0m,                                                │ │
│ │                    [2m│   [0m'configurable': [1m{[0m                                 │ │
│ │                    [2m│   │   [0m'prompt': 'fix',                              │ │
│ │                    [2m│   │   [0m'repo_path': '/tmp/fake',                     │ │
│ │                    [2m│   │   [0m'repo_url': [3mNone[0m,                             │ │
│ │                    [2m│   │   [0m'cache_key':                                  │ │
│ │                    'c619d671e8414eefa119b4cf708d48f7',                   │ │
│ │                    [2m│   │   [0m'run_identity': [3mNone[0m,                         │ │
│ │                    [2m│   │   [0m'workspace_path': [3mNone[0m,                       │ │
│ │                    [2m│   │   [0m'base_spec': [1m{[0m                                │ │
│ │                    [2m│   │   │   [0m'inputs': [1m([0m[1m)[0m,                             │ │
│ │                    [2m│   │   │   [0m'base_branch': 'main',                    │ │
│ │                    [2m│   │   │   [0m'base_role': [3mNone[0m                         │ │
│ │                    [2m│   │   [0m[1m}[0m,                                            │ │
│ │                    [2m│   │   [0m'permission_mode':                            │ │
│ │                    <PermissionMode.UNATTENDED: 'unattended'>,            │ │
│ │                    [2m│   │   [0m'allowed_tools': [1m[[0m                            │ │
│ │                    [2m│   │   │   [0m'Read',                                   │ │
│ │                    [2m│   │   │   [0m'Glob',                                   │ │
│ │                    [2m│   │   │   [0m'Grep',                                   │ │
│ │                    [2m│   │   │   [0m'Bash',                                   │ │
│ │                    [2m│   │   │   [0m'Edit',                                   │ │
│ │                    [2m│   │   │   [0m'Write'                                   │ │
│ │                    [2m│   │   [0m[1m][0m,                                            │ │
│ │                    [2m│   │   [0m'thread_id':                                  │ │
│ │                    'c619d671e8414eefa119b4cf708d48f7',                   │ │
│ │                    [2m│   │   [0m... +[1m11[0m                                       │ │
│ │                    [2m│   [0m[1m}[0m,                                                │ │
│ │                    [2m│   [0m'callbacks':                                      │ │
│ │                    <langchain_core.callbacks.manager.AsyncCallbackManag… │ │
│ │                    object at [1m0x10af46150[0m[1m>[0m                                │ │
│ │                    [1m}[0m                                                     │ │
│ │          [3mcontext[0m = [1m<[0m[1m_contextvars.Context[0m object at [1m0x10b812700[0m[1m>[0m          │ │
│ │                [3mi[0m = [1m0[0m                                                     │ │
│ │            [3minput[0m = [1m{[0m                                                     │ │
│ │                    [2m│   [0m'issue_key': [3mNone[0m,                                │ │
│ │                    [2m│   [0m'feature_branch': '',                             │ │
│ │                    [2m│   [0m'ralph_branch': '',                               │ │
│ │                    [2m│   [0m'work_base_ref': 'main',                          │ │
│ │                    [2m│   [0m'fire_spec': [3mNone[0m,                                │ │
│ │                    [2m│   [0m'acceptance_criteria': [1m[[0m[1m][0m,                        │ │
│ │                    [2m│   [0m'criterion_set': [3mNone[0m,                            │ │
│ │                    [2m│   [0m'criteria_validation': [3mNone[0m,                      │ │
│ │                    [2m│   [0m'criteria_regeneration_rounds': [1m0[0m,                │ │
│ │                    [2m│   [0m'criteria_infeasible': [3mFalse[0m,                     │ │
│ │                    [2m│   [0m... +[1m23[0m                                           │ │
│ │                    [1m}[0m                                                     │ │
│ │           [3mkwargs[0m = [1m{[0m[1m}[0m                                                    │ │
│ │              [3mrun[0m = [3mNone[0m                                                  │ │
│ │      [3mrun_manager[0m = [1m<[0m[1mlangchain_core.callbacks.manager.AsyncCallbackManag…[0m │ │
│ │                    object at [1m0x10af47d40[0m[1m>[0m                                │ │
│ │             [3mself[0m = [1m<[0m[1mlanggraph._internal._runnable.RunnableSeq[0m object at  │ │
│ │                    [1m0x10af46db0[0m[1m>[0m                                          │ │
│ │             [3mstep[0m = [1m<[0m[1mlanggraph.graph.state.CompiledStateGraph[0m object at   │ │
│ │                    [1m0x10af4bf20[0m[1m>[0m                                          │ │
│ ╰──────────────────────────────────────────────────────────────────────────╯ │
│                                                                              │
│ [2m/private/tmp/kodezart-v03-recovery-native-compat/.venv/lib/python3.12/site-p[0m │
│ [2mackages/langgraph/pregel/[0m[1mmain.py[0m:3184 in ainvoke                             │
│                                                                              │
│   [2m3181 [0m[2m│   │   [0mchunks: list[dict[str, Any] | Any] = []                       │
│   [2m3182 [0m[2m│   │   [0minterrupts: list[Interrupt] = []                              │
│   [2m3183 [0m[2m│   │   [0m                                                              │
│ ❱ 3184 [2m│   │   [0masync for chunk in [1;4mself[0m[1;4m.astream([0m                              │
│   [2m3185 [0m[2m│   │   │   [0m[1;4minput[0m[1;4m,[0m                                                    │
│   [2m3186 [0m[2m│   │   │   [0m[1;4mconfig,[0m                                                   │
│   [2m3187 [0m[2m│   │   │   [0m[1;4mcontext=context,[0m                                          │
│                                                                              │
│ ╭───────────────────────────────── locals ─────────────────────────────────╮ │
│ │            [3mchunk[0m = [1m([0m                                                     │ │
│ │                    [2m│   [0m'values',                                         │ │
│ │                    [2m│   [0m[1m{[0m                                                 │ │
│ │                    [2m│   │   [0m'issue_key': [3mNone[0m,                            │ │
│ │                    [2m│   │   [0m'feature_branch':                             │ │
│ │                    'kodezart/scripted-branch-7f3febe8',                  │ │
│ │                    [2m│   │   [0m'ralph_branch':                               │ │
│ │                    'kodezart/scripted-branch-7f3febe8-ralph-7021a0c1',   │ │
│ │                    [2m│   │   [0m'work_base_ref': 'main',                      │ │
│ │                    [2m│   │   [0m'fire_spec': [1mAuthoredSpec[0m[1m([0m                    │ │
│ │                    [2m│   │   │   [0mticket=[1mTicketDraftOutput[0m[1m([0m                 │ │
│ │                    [2m│   │   │   │   [0mtitle='Test ticket',                  │ │
│ │                    [2m│   │   │   │   [0msummary='Test summary',               │ │
│ │                    [2m│   │   │   │   [0mcontext='Test context',               │ │
│ │                    [2m│   │   │   │   [0mreferences=[1m[[0m[1m][0m,                        │ │
│ │                    [2m│   │   │   │   [0mrequired_changes=[1m[[0m                    │ │
│ │                    [2m│   │   │   │   │   [0m[1mFileChange[0m[1m([0m                       │ │
│ │                    [2m│   │   │   │   │   │   [0mfile_path='test.py',          │ │
│ │                    [2m│   │   │   │   │   │   [0mchange_type='modify',         │ │
│ │                    [2m│   │   │   │   │   │   [0mdescription='test change',    │ │
│ │                    [2m│   │   │   │   │   │   [0mrationale='test rationale'    │ │
│ │                    [2m│   │   │   │   │   [0m[1m)[0m                                 │ │
│ │                    [2m│   │   │   │   [0m[1m][0m,                                    │ │
│ │                    [2m│   │   │   │   [0mout_of_scope=[1m[[0m[1m][0m,                      │ │
│ │                    [2m│   │   │   │   [0mopen_questions=[1m[[0m[1m][0m,                    │ │
│ │                    [2m│   │   │   │   [0msherlock_flags=[1m[[0m[1m][0m                     │ │
│ │                    [2m│   │   │   [0m[1m)[0m                                         │ │
│ │                    [2m│   │   [0m[1m)[0m,                                            │ │
│ │                    [2m│   │   [0m'acceptance_criteria': [1m[[0m                      │ │
│ │                    [2m│   │   │   [0m[1mGeneratedCriterion[0m[1m([0m                       │ │
│ │                    [2m│   │   │   │   [0mid='AC-1',                            │ │
│ │                    [2m│   │   │   │   [0mtext='The fix compiles without        │ │
│ │                    errors'                                               │ │
│ │                    [2m│   │   │   [0m[1m)[0m,                                        │ │
│ │                    [2m│   │   │   [0m[1mGeneratedCriterion[0m[1m([0m                       │ │
│ │                    [2m│   │   │   │   [0mid='AC-2',                            │ │
│ │                    [2m│   │   │   │   [0mtext='All existing tests pass'        │ │
│ │                    [2m│   │   │   [0m[1m)[0m,                                        │ │
│ │                    [2m│   │   │   [0m[1mGeneratedCriterion[0m[1m([0m                       │ │
│ │                    [2m│   │   │   │   [0mid='AC-3',                            │ │
│ │                    [2m│   │   │   │   [0mtext='Linting passes with no new      │ │
│ │                    warnings'                                             │ │
│ │                    [2m│   │   │   [0m[1m)[0m                                         │ │
│ │                    [2m│   │   [0m[1m][0m,                                            │ │
│ │                    [2m│   │   [0m'criterion_set': [1mCriteriaArtifact[0m[1m([0m            │ │
│ │                    [2m│   │   │   [0mcriteria=[1m[[0m                                │ │
│ │                    [2m│   │   │   │   [0m[1mValidatedCriterion[0m[1m([0m                   │ │
│ │                    [2m│   │   │   │   │   [0mid='AC-1',                        │ │
│ │                    [2m│   │   │   │   │   [0mtext='The fix compiles without    │ │
│ │                    errors',                                              │ │
│ │                    [2m│   │   │   │   │   [0mfeasibility=[1mCriterionFeasibility[0m[1m([0m │ │
│ │                    [2m│   │   │   │   │   │   [0mcriterion_id='AC-1',          │ │
│ │                    [2m│   │   │   │   │   │   [0m                              │ │
│ │                    verdict=[1m<[0m[1mCriterionVerdict.feasible:[0m 'feasible'>,      │ │
│ │                    [2m│   │   │   │   │   │   [0mrefutation=[3mNone[0m,              │ │
│ │                    [2m│   │   │   │   │   │   [0mmissing_resource=[3mNone[0m,        │ │
│ │                    [2m│   │   │   │   │   │   [0mcost_measurement=[3mNone[0m,        │ │
│ │                    [2m│   │   │   │   │   │   [0mflags=[1m[[0m[1m][0m,                     │ │
│ │                    [2m│   │   │   │   │   │   [0mforbidden_class=[3mNone[0m,         │ │
│ │                    [2m│   │   │   │   │   │   [0mundeclared_switch_arms=[1m[[0m[1m][0m     │ │
│ │                    [2m│   │   │   │   │   [0m[1m)[0m                                 │ │
│ │                    [2m│   │   │   │   [0m[1m)[0m,                                    │ │
│ │                    [2m│   │   │   │   [0m[1mValidatedCriterion[0m[1m([0m                   │ │
│ │                    [2m│   │   │   │   │   [0mid='AC-2',                        │ │
│ │                    [2m│   │   │   │   │   [0mtext='All existing tests pass',   │ │
│ │                    [2m│   │   │   │   │   [0mfeasibility=[1mCriterionFeasibility[0m[1m([0m │ │
│ │                    [2m│   │   │   │   │   │   [0mcriterion_id='AC-2',          │ │
│ │                    [2m│   │   │   │   │   │   [0m                              │ │
│ │                    verdict=<CriterionVerdict.feasible: 'feasible'>,      │ │
│ │                    [2m│   │   │   │   │   │   [0mrefutation=[3mNone[0m,              │ │
│ │                    [2m│   │   │   │   │   │   [0mmissing_resource=[3mNone[0m,        │ │
│ │                    [2m│   │   │   │   │   │   [0mcost_measurement=[3mNone[0m,        │ │
│ │                    [2m│   │   │   │   │   │   [0mflags=[1m[[0m[1m][0m,                     │ │
│ │                    [2m│   │   │   │   │   │   [0mforbidden_class=[3mNone[0m,         │ │
│ │                    [2m│   │   │   │   │   │   [0mundeclared_switch_arms=[1m[[0m[1m][0m     │ │
│ │                    [2m│   │   │   │   │   [0m[1m)[0m                                 │ │
│ │                    [2m│   │   │   │   [0m[1m)[0m,                                    │ │
│ │                    [2m│   │   │   │   [0m[1mValidatedCriterion[0m[1m([0m                   │ │
│ │                    [2m│   │   │   │   │   [0mid='AC-3',                        │ │
│ │                    [2m│   │   │   │   │   [0mtext='Linting passes with no new  │ │
│ │                    warnings',                                            │ │
│ │                    [2m│   │   │   │   │   [0mfeasibility=[1mCriterionFeasibility[0m[1m([0m │ │
│ │                    [2m│   │   │   │   │   │   [0mcriterion_id='AC-3',          │ │
│ │                    [2m│   │   │   │   │   │   [0m                              │ │
│ │                    verdict=<CriterionVerdict.feasible: 'feasible'>,      │ │
│ │                    [2m│   │   │   │   │   │   [0mrefutation=[3mNone[0m,              │ │
│ │                    [2m│   │   │   │   │   │   [0mmissing_resource=[3mNone[0m,        │ │
│ │                    [2m│   │   │   │   │   │   [0mcost_measurement=[3mNone[0m,        │ │
│ │                    [2m│   │   │   │   │   │   [0mflags=[1m[[0m[1m][0m,                     │ │
│ │                    [2m│   │   │   │   │   │   [0mforbidden_class=[3mNone[0m,         │ │
│ │                    [2m│   │   │   │   │   │   [0mundeclared_switch_arms=[1m[[0m[1m][0m     │ │
│ │                    [2m│   │   │   │   │   [0m[1m)[0m                                 │ │
│ │                    [2m│   │   │   │   [0m[1m)[0m                                     │ │
│ │                    [2m│   │   │   [0m[1m][0m,                                        │ │
│ │                    [2m│   │   │   [0mconjunction=[1mConjunctionVerdict[0m[1m([0m           │ │
│ │                    [2m│   │   │   │   [0msatisfiable=[3mTrue[0m,                     │ │
│ │                    [2m│   │   │   │   [0mcontradictions=[1m[[0m[1m][0m                     │ │
│ │                    [2m│   │   │   [0m[1m)[0m                                         │ │
│ │                    [2m│   │   [0m[1m)[0m,                                            │ │
│ │                    [2m│   │   [0m'criteria_validation': [1mCriteriaValidation[0m[1m([0m    │ │
│ │                    [2m│   │   │   [0mverdicts=[1m[[0m                                │ │
│ │                    [2m│   │   │   │   [0m[1mCriterionFeasibility[0m[1m([0m                 │ │
│ │                    [2m│   │   │   │   │   [0mcriterion_id='AC-1',              │ │
│ │                    [2m│   │   │   │   │   [0m                                  │ │
│ │                    verdict=<CriterionVerdict.feasible: 'feasible'>,      │ │
│ │                    [2m│   │   │   │   │   [0mrefutation=[3mNone[0m,                  │ │
│ │                    [2m│   │   │   │   │   [0mmissing_resource=[3mNone[0m,            │ │
│ │                    [2m│   │   │   │   │   [0mcost_measurement=[3mNone[0m,            │ │
│ │                    [2m│   │   │   │   │   [0mflags=[1m[[0m[1m][0m,                         │ │
│ │                    [2m│   │   │   │   │   [0mforbidden_class=[3mNone[0m,             │ │
│ │                    [2m│   │   │   │   │   [0mundeclared_switch_arms=[1m[[0m[1m][0m         │ │
│ │                    [2m│   │   │   │   [0m[1m)[0m,                                    │ │
│ │                    [2m│   │   │   │   [0m[1mCriterionFeasibility[0m[1m([0m                 │ │
│ │                    [2m│   │   │   │   │   [0mcriterion_id='AC-2',              │ │
│ │                    [2m│   │   │   │   │   [0m                                  │ │
│ │                    verdict=<CriterionVerdict.feasible: 'feasible'>,      │ │
│ │                    [2m│   │   │   │   │   [0mrefutation=[3mNone[0m,                  │ │
│ │                    [2m│   │   │   │   │   [0mmissing_resource=[3mNone[0m,            │ │
│ │                    [2m│   │   │   │   │   [0mcost_measurement=[3mNone[0m,            │ │
│ │                    [2m│   │   │   │   │   [0mflags=[1m[[0m[1m][0m,                         │ │
│ │                    [2m│   │   │   │   │   [0mforbidden_class=[3mNone[0m,             │ │
│ │                    [2m│   │   │   │   │   [0mundeclared_switch_arms=[1m[[0m[1m][0m         │ │
│ │                    [2m│   │   │   │   [0m[1m)[0m,                                    │ │
│ │                    [2m│   │   │   │   [0m[1mCriterionFeasibility[0m[1m([0m                 │ │
│ │                    [2m│   │   │   │   │   [0mcriterion_id='AC-3',              │ │
│ │                    [2m│   │   │   │   │   [0m                                  │ │
│ │                    verdict=<CriterionVerdict.feasible: 'feasible'[1m>[0m,      │ │
│ │                    [2m│   │   │   │   │   [0mrefutation=[3mNone[0m,                  │ │
│ │                    [2m│   │   │   │   │   [0mmissing_resource=[3mNone[0m,            │ │
│ │                    [2m│   │   │   │   │   [0mcost_measurement=[3mNone[0m,            │ │
│ │                    [2m│   │   │   │   │   [0mflags=[1m[[0m[1m][0m,                         │ │
│ │                    [2m│   │   │   │   │   [0mforbidden_class=[3mNone[0m,             │ │
│ │                    [2m│   │   │   │   │   [0mundeclared_switch_arms=[1m[[0m[1m][0m         │ │
│ │                    [2m│   │   │   │   [0m[1m)[0m                                     │ │
│ │                    [2m│   │   │   [0m[1m][0m,                                        │ │
│ │                    [2m│   │   │   [0mconjunction=[1mConjunctionVerdict[0m[1m([0m           │ │
│ │                    [2m│   │   │   │   [0msatisfiable=[3mTrue[0m,                     │ │
│ │                    [2m│   │   │   │   [0mcontradictions=[1m[[0m[1m][0m                     │ │
│ │                    [2m│   │   │   [0m[1m)[0m                                         │ │
│ │                    [2m│   │   [0m[1m)[0m,                                            │ │
│ │                    [2m│   │   [0m'criteria_regeneration_rounds': [1m0[0m,            │ │
│ │                    [2m│   │   [0m'criteria_infeasible': [3mFalse[0m,                 │ │
│ │                    [2m│   │   [0m... +[1m17[0m                                       │ │
│ │                    [2m│   [0m[1m}[0m                                                 │ │
│ │                    [1m)[0m                                                     │ │
│ │           [3mchunks[0m = [1m[[0m[1m][0m                                                    │ │
│ │           [3mconfig[0m = [1m{[0m                                                     │ │
│ │                    [2m│   [0m'metadata': [1m{[0m                                     │ │
│ │                    [2m│   │   [0m'prompt': 'fix',                              │ │
│ │                    [2m│   │   [0m'repo_path': '/tmp/fake',                     │ │
│ │                    [2m│   │   [0m'permission_mode':                            │ │
│ │                    [1m<[0m[1mPermissionMode.UNATTENDED:[0m 'unattended'>,            │ │
│ │                    [2m│   │   [0m'thread_id':                                  │ │
│ │                    'c619d671e8414eefa119b4cf708d48f7',                   │ │
│ │                    [2m│   │   [0m'langgraph_step': [1m1[0m,                          │ │
│ │                    [2m│   │   [0m'langgraph_node': 'fire',                     │ │
│ │                    [2m│   │   [0m'langgraph_triggers': [1m([0m'branch:to:fire',[1m)[0m,    │ │
│ │                    [2m│   │   [0m'langgraph_path': [1m([0m'__pregel_pull', 'fire'[1m)[0m,  │ │
│ │                    [2m│   │   [0m'langgraph_checkpoint_ns':                    │ │
│ │                    'fire:c2d1e733-cc9f-9c00-11fa-00fdf82aa9a5',          │ │
│ │                    [2m│   │   [0m'checkpoint_ns':                              │ │
│ │                    'fire:c2d1e733-cc9f-9c00-11fa-00fdf82aa9a5'           │ │
│ │                    [2m│   [0m[1m}[0m,                                                │ │
│ │                    [2m│   [0m'configurable': [1m{[0m                                 │ │
│ │                    [2m│   │   [0m'prompt': 'fix',                              │ │
│ │                    [2m│   │   [0m'repo_path': '/tmp/fake',                     │ │
│ │                    [2m│   │   [0m'repo_url': [3mNone[0m,                             │ │
│ │                    [2m│   │   [0m'cache_key':                                  │ │
│ │                    'c619d671e8414eefa119b4cf708d48f7',                   │ │
│ │                    [2m│   │   [0m'run_identity': [3mNone[0m,                         │ │
│ │                    [2m│   │   [0m'workspace_path': [3mNone[0m,                       │ │
│ │                    [2m│   │   [0m'base_spec': [1m{[0m                                │ │
│ │                    [2m│   │   │   [0m'inputs': [1m([0m[1m)[0m,                             │ │
│ │                    [2m│   │   │   [0m'base_branch': 'main',                    │ │
│ │                    [2m│   │   │   [0m'base_role': [3mNone[0m                         │ │
│ │                    [2m│   │   [0m[1m}[0m,                                            │ │
│ │                    [2m│   │   [0m'permission_mode':                            │ │
│ │                    <PermissionMode.UNATTENDED: 'unattended'>,            │ │
│ │                    [2m│   │   [0m'allowed_tools': [1m[[0m                            │ │
│ │                    [2m│   │   │   [0m'Read',                                   │ │
│ │                    [2m│   │   │   [0m'Glob',                                   │ │
│ │                    [2m│   │   │   [0m'Grep',                                   │ │
│ │                    [2m│   │   │   [0m'Bash',                                   │ │
│ │                    [2m│   │   │   [0m'Edit',                                   │ │
│ │                    [2m│   │   │   [0m'Write'                                   │ │
│ │                    [2m│   │   [0m[1m][0m,                                            │ │
│ │                    [2m│   │   [0m'thread_id':                                  │ │
│ │                    'c619d671e8414eefa119b4cf708d48f7',                   │ │
│ │                    [2m│   │   [0m... +[1m11[0m                                       │ │
│ │                    [2m│   [0m[1m}[0m,                                                │ │
│ │                    [2m│   [0m'callbacks':                                      │ │
│ │                    <langchain_core.callbacks.manager.AsyncCallbackManag… │ │
│ │                    object at [1m0x10af46150[0m[1m>[0m                                │ │
│ │                    [1m}[0m                                                     │ │
│ │          [3mcontext[0m = [3mNone[0m                                                  │ │
│ │       [3mdurability[0m = [3mNone[0m                                                  │ │
│ │            [3minput[0m = [1m{[0m                                                     │ │
│ │                    [2m│   [0m'issue_key': [3mNone[0m,                                │ │
│ │                    [2m│   [0m'feature_branch': '',                             │ │
│ │                    [2m│   [0m'ralph_branch': '',                               │ │
│ │                    [2m│   [0m'work_base_ref': 'main',                          │ │
│ │                    [2m│   [0m'fire_spec': [3mNone[0m,                                │ │
│ │                    [2m│   [0m'acceptance_criteria': [1m[[0m[1m][0m,                        │ │
│ │                    [2m│   [0m'criterion_set': [3mNone[0m,                            │ │
│ │                    [2m│   [0m'criteria_validation': [3mNone[0m,                      │ │
│ │                    [2m│   [0m'criteria_regeneration_rounds': [1m0[0m,                │ │
│ │                    [2m│   [0m'criteria_infeasible': [3mFalse[0m,                     │ │
│ │                    [2m│   [0m... +[1m23[0m                                           │ │
│ │                    [1m}[0m                                                     │ │
│ │  [3minterrupt_after[0m = [3mNone[0m                                                  │ │
│ │ [3minterrupt_before[0m = [3mNone[0m                                                  │ │
│ │       [3minterrupts[0m = [1m[[0m[1m][0m                                                    │ │
│ │             [3mints[0m = [3mNone[0m                                                  │ │
│ │           [3mkwargs[0m = [1m{[0m[1m}[0m                                                    │ │
│ │           [3mlatest[0m = [1m{[0m                                                     │ │
│ │                    [2m│   [0m'issue_key': [3mNone[0m,                                │ │
│ │                    [2m│   [0m'feature_branch':                                 │ │
│ │                    'kodezart/scripted-branch-7f3febe8',                  │ │
│ │                    [2m│   [0m'ralph_branch':                                   │ │
│ │                    'kodezart/scripted-branch-7f3febe8-ralph-7021a0c1',   │ │
│ │                    [2m│   [0m'work_base_ref': 'main',                          │ │
│ │                    [2m│   [0m'fire_spec': [1mAuthoredSpec[0m[1m([0m                        │ │
│ │                    [2m│   │   [0mticket=[1mTicketDraftOutput[0m[1m([0m                     │ │
│ │                    [2m│   │   │   [0mtitle='Test ticket',                      │ │
│ │                    [2m│   │   │   [0msummary='Test summary',                   │ │
│ │                    [2m│   │   │   [0mcontext='Test context',                   │ │
│ │                    [2m│   │   │   [0mreferences=[1m[[0m[1m][0m,                            │ │
│ │                    [2m│   │   │   [0mrequired_changes=[1m[[0m                        │ │
│ │                    [2m│   │   │   │   [0m[1mFileChange[0m[1m([0m                           │ │
│ │                    [2m│   │   │   │   │   [0mfile_path='test.py',              │ │
│ │                    [2m│   │   │   │   │   [0mchange_type='modify',             │ │
│ │                    [2m│   │   │   │   │   [0mdescription='test change',        │ │
│ │                    [2m│   │   │   │   │   [0mrationale='test rationale'        │ │
│ │                    [2m│   │   │   │   [0m[1m)[0m                                     │ │
│ │                    [2m│   │   │   [0m[1m][0m,                                        │ │
│ │                    [2m│   │   │   [0mout_of_scope=[1m[[0m[1m][0m,                          │ │
│ │                    [2m│   │   │   [0mopen_questions=[1m[[0m[1m][0m,                        │ │
│ │                    [2m│   │   │   [0msherlock_flags=[1m[[0m[1m][0m                         │ │
│ │                    [2m│   │   [0m[1m)[0m                                             │ │
│ │                    [2m│   [0m[1m)[0m,                                                │ │
│ │                    [2m│   [0m'acceptance_criteria': [1m[[0m                          │ │
│ │                    [2m│   │   [0m[1mGeneratedCriterion[0m[1m([0m                           │ │
│ │                    [2m│   │   │   [0mid='AC-1',                                │ │
│ │                    [2m│   │   │   [0mtext='The fix compiles without errors'    │ │
│ │                    [2m│   │   [0m[1m)[0m,                                            │ │
│ │                    [2m│   │   [0m[1mGeneratedCriterion[0m[1m([0m                           │ │
│ │                    [2m│   │   │   [0mid='AC-2',                                │ │
│ │                    [2m│   │   │   [0mtext='All existing tests pass'            │ │
│ │                    [2m│   │   [0m[1m)[0m,                                            │ │
│ │                    [2m│   │   [0m[1mGeneratedCriterion[0m[1m([0m                           │ │
│ │                    [2m│   │   │   [0mid='AC-3',                                │ │
│ │                    [2m│   │   │   [0mtext='Linting passes with no new          │ │
│ │                    warnings'                                             │ │
│ │                    [2m│   │   [0m[1m)[0m                                             │ │
│ │                    [2m│   [0m[1m][0m,                                                │ │
│ │                    [2m│   [0m'criterion_set': [1mCriteriaArtifact[0m[1m([0m                │ │
│ │                    [2m│   │   [0mcriteria=[1m[[0m                                    │ │
│ │                    [2m│   │   │   [0m[1mValidatedCriterion[0m[1m([0m                       │ │
│ │                    [2m│   │   │   │   [0mid='AC-1',                            │ │
│ │                    [2m│   │   │   │   [0mtext='The fix compiles without        │ │
│ │                    errors',                                              │ │
│ │                    [2m│   │   │   │   [0mfeasibility=[1mCriterionFeasibility[0m[1m([0m     │ │
│ │                    [2m│   │   │   │   │   [0mcriterion_id='AC-1',              │ │
│ │                    [2m│   │   │   │   │   [0m                                  │ │
│ │                    verdict=[1m<[0m[1mCriterionVerdict.feasible:[0m 'feasible'>,      │ │
│ │                    [2m│   │   │   │   │   [0mrefutation=[3mNone[0m,                  │ │
│ │                    [2m│   │   │   │   │   [0mmissing_resource=[3mNone[0m,            │ │
│ │                    [2m│   │   │   │   │   [0mcost_measurement=[3mNone[0m,            │ │
│ │                    [2m│   │   │   │   │   [0mflags=[1m[[0m[1m][0m,                         │ │
│ │                    [2m│   │   │   │   │   [0mforbidden_class=[3mNone[0m,             │ │
│ │                    [2m│   │   │   │   │   [0mundeclared_switch_arms=[1m[[0m[1m][0m         │ │
│ │                    [2m│   │   │   │   [0m[1m)[0m                                     │ │
│ │                    [2m│   │   │   [0m[1m)[0m,                                        │ │
│ │                    [2m│   │   │   [0m[1mValidatedCriterion[0m[1m([0m                       │ │
│ │                    [2m│   │   │   │   [0mid='AC-2',                            │ │
│ │                    [2m│   │   │   │   [0mtext='All existing tests pass',       │ │
│ │                    [2m│   │   │   │   [0mfeasibility=[1mCriterionFeasibility[0m[1m([0m     │ │
│ │                    [2m│   │   │   │   │   [0mcriterion_id='AC-2',              │ │
│ │                    [2m│   │   │   │   │   [0m                                  │ │
│ │                    verdict=<CriterionVerdict.feasible: 'feasible'>,      │ │
│ │                    [2m│   │   │   │   │   [0mrefutation=[3mNone[0m,                  │ │
│ │                    [2m│   │   │   │   │   [0mmissing_resource=[3mNone[0m,            │ │
│ │                    [2m│   │   │   │   │   [0mcost_measurement=[3mNone[0m,            │ │
│ │                    [2m│   │   │   │   │   [0mflags=[1m[[0m[1m][0m,                         │ │
│ │                    [2m│   │   │   │   │   [0mforbidden_class=[3mNone[0m,             │ │
│ │                    [2m│   │   │   │   │   [0mundeclared_switch_arms=[1m[[0m[1m][0m         │ │
│ │                    [2m│   │   │   │   [0m[1m)[0m                                     │ │
│ │                    [2m│   │   │   [0m[1m)[0m,                                        │ │
│ │                    [2m│   │   │   [0m[1mValidatedCriterion[0m[1m([0m                       │ │
│ │                    [2m│   │   │   │   [0mid='AC-3',                            │ │
│ │                    [2m│   │   │   │   [0mtext='Linting passes with no new      │ │
│ │                    warnings',                                            │ │
│ │                    [2m│   │   │   │   [0mfeasibility=[1mCriterionFeasibility[0m[1m([0m     │ │
│ │                    [2m│   │   │   │   │   [0mcriterion_id='AC-3',              │ │
│ │                    [2m│   │   │   │   │   [0m                                  │ │
│ │                    verdict=<CriterionVerdict.feasible: 'feasible'>,      │ │
│ │                    [2m│   │   │   │   │   [0mrefutation=[3mNone[0m,                  │ │
│ │                    [2m│   │   │   │   │   [0mmissing_resource=[3mNone[0m,            │ │
│ │                    [2m│   │   │   │   │   [0mcost_measurement=[3mNone[0m,            │ │
│ │                    [2m│   │   │   │   │   [0mflags=[1m[[0m[1m][0m,                         │ │
│ │                    [2m│   │   │   │   │   [0mforbidden_class=[3mNone[0m,             │ │
│ │                    [2m│   │   │   │   │   [0mundeclared_switch_arms=[1m[[0m[1m][0m         │ │
│ │                    [2m│   │   │   │   [0m[1m)[0m                                     │ │
│ │                    [2m│   │   │   [0m[1m)[0m                                         │ │
│ │                    [2m│   │   [0m[1m][0m,                                            │ │
│ │                    [2m│   │   [0mconjunction=[1mConjunctionVerdict[0m[1m([0m               │ │
│ │                    [2m│   │   │   [0msatisfiable=[3mTrue[0m,                         │ │
│ │                    [2m│   │   │   [0mcontradictions=[1m[[0m[1m][0m                         │ │
│ │                    [2m│   │   [0m[1m)[0m                                             │ │
│ │                    [2m│   [0m[1m)[0m,                                                │ │
│ │                    [2m│   [0m'criteria_validation': [1mCriteriaValidation[0m[1m([0m        │ │
│ │                    [2m│   │   [0mverdicts=[1m[[0m                                    │ │
│ │                    [2m│   │   │   [0m[1mCriterionFeasibility[0m[1m([0m                     │ │
│ │                    [2m│   │   │   │   [0mcriterion_id='AC-1',                  │ │
│ │                    [2m│   │   │   │   [0mverdict=<CriterionVerdict.feasible:   │ │
│ │                    'feasible'>,                                          │ │
│ │                    [2m│   │   │   │   [0mrefutation=[3mNone[0m,                      │ │
│ │                    [2m│   │   │   │   [0mmissing_resource=[3mNone[0m,                │ │
│ │                    [2m│   │   │   │   [0mcost_measurement=[3mNone[0m,                │ │
│ │                    [2m│   │   │   │   [0mflags=[1m[[0m[1m][0m,                             │ │
│ │                    [2m│   │   │   │   [0mforbidden_class=[3mNone[0m,                 │ │
│ │                    [2m│   │   │   │   [0mundeclared_switch_arms=[1m[[0m[1m][0m             │ │
│ │                    [2m│   │   │   [0m[1m)[0m,                                        │ │
│ │                    [2m│   │   │   [0m[1mCriterionFeasibility[0m[1m([0m                     │ │
│ │                    [2m│   │   │   │   [0mcriterion_id='AC-2',                  │ │
│ │                    [2m│   │   │   │   [0mverdict=<CriterionVerdict.feasible:   │ │
│ │                    'feasible'>,                                          │ │
│ │                    [2m│   │   │   │   [0mrefutation=[3mNone[0m,                      │ │
│ │                    [2m│   │   │   │   [0mmissing_resource=[3mNone[0m,                │ │
│ │                    [2m│   │   │   │   [0mcost_measurement=[3mNone[0m,                │ │
│ │                    [2m│   │   │   │   [0mflags=[1m[[0m[1m][0m,                             │ │
│ │                    [2m│   │   │   │   [0mforbidden_class=[3mNone[0m,                 │ │
│ │                    [2m│   │   │   │   [0mundeclared_switch_arms=[1m[[0m[1m][0m             │ │
│ │                    [2m│   │   │   [0m[1m)[0m,                                        │ │
│ │                    [2m│   │   │   [0m[1mCriterionFeasibility[0m[1m([0m                     │ │
│ │                    [2m│   │   │   │   [0mcriterion_id='AC-3',                  │ │
│ │                    [2m│   │   │   │   [0mverdict=<CriterionVerdict.feasible:   │ │
│ │                    'feasible'[1m>[0m,                                          │ │
│ │                    [2m│   │   │   │   [0mrefutation=[3mNone[0m,                      │ │
│ │                    [2m│   │   │   │   [0mmissing_resource=[3mNone[0m,                │ │
│ │                    [2m│   │   │   │   [0mcost_measurement=[3mNone[0m,                │ │
│ │                    [2m│   │   │   │   [0mflags=[1m[[0m[1m][0m,                             │ │
│ │                    [2m│   │   │   │   [0mforbidden_class=[3mNone[0m,                 │ │
│ │                    [2m│   │   │   │   [0mundeclared_switch_arms=[1m[[0m[1m][0m             │ │
│ │                    [2m│   │   │   [0m[1m)[0m                                         │ │
│ │                    [2m│   │   [0m[1m][0m,                                            │ │
│ │                    [2m│   │   [0mconjunction=[1mConjunctionVerdict[0m[1m([0m               │ │
│ │                    [2m│   │   │   [0msatisfiable=[3mTrue[0m,                         │ │
│ │                    [2m│   │   │   [0mcontradictions=[1m[[0m[1m][0m                         │ │
│ │                    [2m│   │   [0m[1m)[0m                                             │ │
│ │                    [2m│   [0m[1m)[0m,                                                │ │
│ │                    [2m│   [0m'criteria_regeneration_rounds': [1m0[0m,                │ │
│ │                    [2m│   [0m'criteria_infeasible': [3mFalse[0m,                     │ │
│ │                    [2m│   [0m... +[1m17[0m                                           │ │
│ │                    [1m}[0m                                                     │ │
│ │             [3mmode[0m = 'values'                                              │ │
│ │      [3moutput_keys[0m = [1m[[0m                                                     │ │
│ │                    [2m│   [0m'issue_key',                                      │ │
│ │                    [2m│   [0m'feature_branch',                                 │ │
│ │                    [2m│   [0m'ralph_branch',                                   │ │
│ │                    [2m│   [0m'work_base_ref',                                  │ │
│ │                    [2m│   [0m'fire_spec',                                      │ │
│ │                    [2m│   [0m'acceptance_criteria',                            │ │
│ │                    [2m│   [0m'criterion_set',                                  │ │
│ │                    [2m│   [0m'criteria_validation',                            │ │
│ │                    [2m│   [0m'criteria_regeneration_rounds',                   │ │
│ │                    [2m│   [0m'criteria_infeasible',                            │ │
│ │                    [2m│   [0m... +[1m17[0m                                           │ │
│ │                    [1m][0m                                                     │ │
│ │          [3mpayload[0m = [1m{[0m                                                     │ │
│ │                    [2m│   [0m'issue_key': [3mNone[0m,                                │ │
│ │                    [2m│   [0m'feature_branch':                                 │ │
│ │                    'kodezart/scripted-branch-7f3febe8',                  │ │
│ │                    [2m│   [0m'ralph_branch':                                   │ │
│ │                    'kodezart/scripted-branch-7f3febe8-ralph-7021a0c1',   │ │
│ │                    [2m│   [0m'work_base_ref': 'main',                          │ │
│ │                    [2m│   [0m'fire_spec': [1mAuthoredSpec[0m[1m([0m                        │ │
│ │                    [2m│   │   [0mticket=[1mTicketDraftOutput[0m[1m([0m                     │ │
│ │                    [2m│   │   │   [0mtitle='Test ticket',                      │ │
│ │                    [2m│   │   │   [0msummary='Test summary',                   │ │
│ │                    [2m│   │   │   [0mcontext='Test context',                   │ │
│ │                    [2m│   │   │   [0mreferences=[1m[[0m[1m][0m,                            │ │
│ │                    [2m│   │   │   [0mrequired_changes=[1m[[0m                        │ │
│ │                    [2m│   │   │   │   [0m[1mFileChange[0m[1m([0m                           │ │
│ │                    [2m│   │   │   │   │   [0mfile_path='test.py',              │ │
│ │                    [2m│   │   │   │   │   [0mchange_type='modify',             │ │
│ │                    [2m│   │   │   │   │   [0mdescription='test change',        │ │
│ │                    [2m│   │   │   │   │   [0mrationale='test rationale'        │ │
│ │                    [2m│   │   │   │   [0m[1m)[0m                                     │ │
│ │                    [2m│   │   │   [0m[1m][0m,                                        │ │
│ │                    [2m│   │   │   [0mout_of_scope=[1m[[0m[1m][0m,                          │ │
│ │                    [2m│   │   │   [0mopen_questions=[1m[[0m[1m][0m,                        │ │
│ │                    [2m│   │   │   [0msherlock_flags=[1m[[0m[1m][0m                         │ │
│ │                    [2m│   │   [0m[1m)[0m                                             │ │
│ │                    [2m│   [0m[1m)[0m,                                                │ │
│ │                    [2m│   [0m'acceptance_criteria': [1m[[0m                          │ │
│ │                    [2m│   │   [0m[1mGeneratedCriterion[0m[1m([0m                           │ │
│ │                    [2m│   │   │   [0mid='AC-1',                                │ │
│ │                    [2m│   │   │   [0mtext='The fix compiles without errors'    │ │
│ │                    [2m│   │   [0m[1m)[0m,                                            │ │
│ │                    [2m│   │   [0m[1mGeneratedCriterion[0m[1m([0m                           │ │
│ │                    [2m│   │   │   [0mid='AC-2',                                │ │
│ │                    [2m│   │   │   [0mtext='All existing tests pass'            │ │
│ │                    [2m│   │   [0m[1m)[0m,                                            │ │
│ │                    [2m│   │   [0m[1mGeneratedCriterion[0m[1m([0m                           │ │
│ │                    [2m│   │   │   [0mid='AC-3',                                │ │
│ │                    [2m│   │   │   [0mtext='Linting passes with no new          │ │
│ │                    warnings'                                             │ │
│ │                    [2m│   │   [0m[1m)[0m                                             │ │
│ │                    [2m│   [0m[1m][0m,                                                │ │
│ │                    [2m│   [0m'criterion_set': [1mCriteriaArtifact[0m[1m([0m                │ │
│ │                    [2m│   │   [0mcriteria=[1m[[0m                                    │ │
│ │                    [2m│   │   │   [0m[1mValidatedCriterion[0m[1m([0m                       │ │
│ │                    [2m│   │   │   │   [0mid='AC-1',                            │ │
│ │                    [2m│   │   │   │   [0mtext='The fix compiles without        │ │
│ │                    errors',                                              │ │
│ │                    [2m│   │   │   │   [0mfeasibility=[1mCriterionFeasibility[0m[1m([0m     │ │
│ │                    [2m│   │   │   │   │   [0mcriterion_id='AC-1',              │ │
│ │                    [2m│   │   │   │   │   [0m                                  │ │
│ │                    verdict=[1m<[0m[1mCriterionVerdict.feasible:[0m 'feasible'>,      │ │
│ │                    [2m│   │   │   │   │   [0mrefutation=[3mNone[0m,                  │ │
│ │                    [2m│   │   │   │   │   [0mmissing_resource=[3mNone[0m,            │ │
│ │                    [2m│   │   │   │   │   [0mcost_measurement=[3mNone[0m,            │ │
│ │                    [2m│   │   │   │   │   [0mflags=[1m[[0m[1m][0m,                         │ │
│ │                    [2m│   │   │   │   │   [0mforbidden_class=[3mNone[0m,             │ │
│ │                    [2m│   │   │   │   │   [0mundeclared_switch_arms=[1m[[0m[1m][0m         │ │
│ │                    [2m│   │   │   │   [0m[1m)[0m                                     │ │
│ │                    [2m│   │   │   [0m[1m)[0m,                                        │ │
│ │                    [2m│   │   │   [0m[1mValidatedCriterion[0m[1m([0m                       │ │
│ │                    [2m│   │   │   │   [0mid='AC-2',                            │ │
│ │                    [2m│   │   │   │   [0mtext='All existing tests pass',       │ │
│ │                    [2m│   │   │   │   [0mfeasibility=[1mCriterionFeasibility[0m[1m([0m     │ │
│ │                    [2m│   │   │   │   │   [0mcriterion_id='AC-2',              │ │
│ │                    [2m│   │   │   │   │   [0m                                  │ │
│ │                    verdict=<CriterionVerdict.feasible: 'feasible'>,      │ │
│ │                    [2m│   │   │   │   │   [0mrefutation=[3mNone[0m,                  │ │
│ │                    [2m│   │   │   │   │   [0mmissing_resource=[3mNone[0m,            │ │
│ │                    [2m│   │   │   │   │   [0mcost_measurement=[3mNone[0m,            │ │
│ │                    [2m│   │   │   │   │   [0mflags=[1m[[0m[1m][0m,                         │ │
│ │                    [2m│   │   │   │   │   [0mforbidden_class=[3mNone[0m,             │ │
│ │                    [2m│   │   │   │   │   [0mundeclared_switch_arms=[1m[[0m[1m][0m         │ │
│ │                    [2m│   │   │   │   [0m[1m)[0m                                     │ │
│ │                    [2m│   │   │   [0m[1m)[0m,                                        │ │
│ │                    [2m│   │   │   [0m[1mValidatedCriterion[0m[1m([0m                       │ │
│ │                    [2m│   │   │   │   [0mid='AC-3',                            │ │
│ │                    [2m│   │   │   │   [0mtext='Linting passes with no new      │ │
│ │                    warnings',                                            │ │
│ │                    [2m│   │   │   │   [0mfeasibility=[1mCriterionFeasibility[0m[1m([0m     │ │
│ │                    [2m│   │   │   │   │   [0mcriterion_id='AC-3',              │ │
│ │                    [2m│   │   │   │   │   [0m                                  │ │
│ │                    verdict=<CriterionVerdict.feasible: 'feasible'>,      │ │
│ │                    [2m│   │   │   │   │   [0mrefutation=[3mNone[0m,                  │ │
│ │                    [2m│   │   │   │   │   [0mmissing_resource=[3mNone[0m,            │ │
│ │                    [2m│   │   │   │   │   [0mcost_measurement=[3mNone[0m,            │ │
│ │                    [2m│   │   │   │   │   [0mflags=[1m[[0m[1m][0m,                         │ │
│ │                    [2m│   │   │   │   │   [0mforbidden_class=[3mNone[0m,             │ │
│ │                    [2m│   │   │   │   │   [0mundeclared_switch_arms=[1m[[0m[1m][0m         │ │
│ │                    [2m│   │   │   │   [0m[1m)[0m                                     │ │
│ │                    [2m│   │   │   [0m[1m)[0m                                         │ │
│ │                    [2m│   │   [0m[1m][0m,                                            │ │
│ │                    [2m│   │   [0mconjunction=[1mConjunctionVerdict[0m[1m([0m               │ │
│ │                    [2m│   │   │   [0msatisfiable=[3mTrue[0m,                         │ │
│ │                    [2m│   │   │   [0mcontradictions=[1m[[0m[1m][0m                         │ │
│ │                    [2m│   │   [0m[1m)[0m                                             │ │
│ │                    [2m│   [0m[1m)[0m,                                                │ │
│ │                    [2m│   [0m'criteria_validation': [1mCriteriaValidation[0m[1m([0m        │ │
│ │                    [2m│   │   [0mverdicts=[1m[[0m                                    │ │
│ │                    [2m│   │   │   [0m[1mCriterionFeasibility[0m[1m([0m                     │ │
│ │                    [2m│   │   │   │   [0mcriterion_id='AC-1',                  │ │
│ │                    [2m│   │   │   │   [0mverdict=<CriterionVerdict.feasible:   │ │
│ │                    'feasible'>,                                          │ │
│ │                    [2m│   │   │   │   [0mrefutation=[3mNone[0m,                      │ │
│ │                    [2m│   │   │   │   [0mmissing_resource=[3mNone[0m,                │ │
│ │                    [2m│   │   │   │   [0mcost_measurement=[3mNone[0m,                │ │
│ │                    [2m│   │   │   │   [0mflags=[1m[[0m[1m][0m,                             │ │
│ │                    [2m│   │   │   │   [0mforbidden_class=[3mNone[0m,                 │ │
│ │                    [2m│   │   │   │   [0mundeclared_switch_arms=[1m[[0m[1m][0m             │ │
│ │                    [2m│   │   │   [0m[1m)[0m,                                        │ │
│ │                    [2m│   │   │   [0m[1mCriterionFeasibility[0m[1m([0m                     │ │
│ │                    [2m│   │   │   │   [0mcriterion_id='AC-2',                  │ │
│ │                    [2m│   │   │   │   [0mverdict=<CriterionVerdict.feasible:   │ │
│ │                    'feasible'>,                                          │ │
│ │                    [2m│   │   │   │   [0mrefutation=[3mNone[0m,                      │ │
│ │                    [2m│   │   │   │   [0mmissing_resource=[3mNone[0m,                │ │
│ │                    [2m│   │   │   │   [0mcost_measurement=[3mNone[0m,                │ │
│ │                    [2m│   │   │   │   [0mflags=[1m[[0m[1m][0m,                             │ │
│ │                    [2m│   │   │   │   [0mforbidden_class=[3mNone[0m,                 │ │
│ │                    [2m│   │   │   │   [0mundeclared_switch_arms=[1m[[0m[1m][0m             │ │
│ │                    [2m│   │   │   [0m[1m)[0m,                                        │ │
│ │                    [2m│   │   │   [0m[1mCriterionFeasibility[0m[1m([0m                     │ │
│ │                    [2m│   │   │   │   [0mcriterion_id='AC-3',                  │ │
│ │                    [2m│   │   │   │   [0mverdict=<CriterionVerdict.feasible:   │ │
│ │                    'feasible'[1m>[0m,                                          │ │
│ │                    [2m│   │   │   │   [0mrefutation=[3mNone[0m,                      │ │
│ │                    [2m│   │   │   │   [0mmissing_resource=[3mNone[0m,                │ │
│ │                    [2m│   │   │   │   [0mcost_measurement=[3mNone[0m,                │ │
│ │                    [2m│   │   │   │   [0mflags=[1m[[0m[1m][0m,                             │ │
│ │                    [2m│   │   │   │   [0mforbidden_class=[3mNone[0m,                 │ │
│ │                    [2m│   │   │   │   [0mundeclared_switch_arms=[1m[[0m[1m][0m             │ │
│ │                    [2m│   │   │   [0m[1m)[0m                                         │ │
│ │                    [2m│   │   [0m[1m][0m,                                            │ │
│ │                    [2m│   │   [0mconjunction=[1mConjunctionVerdict[0m[1m([0m               │ │
│ │                    [2m│   │   │   [0msatisfiable=[3mTrue[0m,                         │ │
│ │                    [2m│   │   │   [0mcontradictions=[1m[[0m[1m][0m                         │ │
│ │                    [2m│   │   [0m[1m)[0m                                             │ │
│ │                    [2m│   [0m[1m)[0m,                                                │ │
│ │                    [2m│   [0m'criteria_regeneration_rounds': [1m0[0m,                │ │
│ │                    [2m│   [0m'criteria_infeasible': [3mFalse[0m,                     │ │
│ │                    [2m│   [0m... +[1m17[0m                                           │ │
│ │                    [1m}[0m                                                     │ │
│ │       [3mprint_mode[0m = [1m([0m[1m)[0m                                                    │ │
│ │             [3mself[0m = [1m<[0m[1mlanggraph.graph.state.CompiledStateGraph[0m object at   │ │
│ │                    [1m0x10af4bf20[0m[1m>[0m                                          │ │
│ │      [3mstream_mode[0m = 'values'                                              │ │
│ ╰──────────────────────────────────────────────────────────────────────────╯ │
│                                                                              │
│ [2m/private/tmp/kodezart-v03-recovery-native-compat/.venv/lib/python3.12/site-p[0m │
│ [2mackages/langgraph/pregel/[0m[1mmain.py[0m:2997 in astream                             │
│                                                                              │
│   [2m2994 [0m[2m│   │   │   │   │   [0mwhile loop.tick():                                │
│   [2m2995 [0m[2m│   │   │   │   │   │   [0mfor task in await loop.amatch_cached_writes() │
│   [2m2996 [0m[2m│   │   │   │   │   │   │   [0mloop.output_writes(task.id, task.writes,  │
│ ❱ 2997 [2m│   │   │   │   │   │   [0masync for _ in runner.atick(                  │
│   [2m2998 [0m[2m│   │   │   │   │   │   │   [0m[t for t in loop.tasks.values() if not t. │
│   [2m2999 [0m[2m│   │   │   │   │   │   │   [0mtimeout=self.step_timeout,                │
│   [2m3000 [0m[2m│   │   │   │   │   │   │   [0mget_waiter=get_waiter,                    │
│                                                                              │
│ ╭───────────────────────────────── locals ─────────────────────────────────╮ │
│ │                 [3m_[0m = [3mNone[0m                                                 │ │
│ │   [3m_cleanup_waiter[0m = [3mNone[0m                                                 │ │
│ │           [3maioloop[0m = [1m<[0m[1m_UnixSelectorEventLoop[0m running=[3mTrue[0m closed=[3mFalse[0m    │ │
│ │                     debug=[3mFalse[0m[1m>[0m                                         │ │
│ │             [3mcache[0m = [3mNone[0m                                                 │ │
│ │  [3mcallback_manager[0m = [1m<[0m[1mlangchain_core.callbacks.manager.AsyncCallbackMana…[0m │ │
│ │                     object at [1m0x10af44a10[0m[1m>[0m                               │ │
│ │ [3mcheckpoint_during[0m = [3mNone[0m                                                 │ │
│ │      [3mcheckpointer[0m = [1m<[0m[1mlanggraph.checkpoint.memory.InMemorySaver[0m object at │ │
│ │                     [1m0x10af43860[0m[1m>[0m                                         │ │
│ │            [3mconfig[0m = [1m{[0m                                                    │ │
│ │                     [2m│   [0m'tags': [1m[[0m[1m][0m,                                      │ │
│ │                     [2m│   [0m'metadata': [1m{[0m                                    │ │
│ │                     [2m│   │   [0m'prompt': 'fix',                             │ │
│ │                     [2m│   │   [0m'repo_path': '/tmp/fake',                    │ │
│ │                     [2m│   │   [0m'permission_mode':                           │ │
│ │                     [1m<[0m[1mPermissionMode.UNATTENDED:[0m 'unattended'>,           │ │
│ │                     [2m│   │   [0m'thread_id':                                 │ │
│ │                     'c619d671e8414eefa119b4cf708d48f7',                  │ │
│ │                     [2m│   │   [0m'langgraph_step': [1m1[0m,                         │ │
│ │                     [2m│   │   [0m'langgraph_node': 'fire',                    │ │
│ │                     [2m│   │   [0m'langgraph_triggers': [1m([0m'branch:to:fire',[1m)[0m,   │ │
│ │                     [2m│   │   [0m'langgraph_path': [1m([0m                          │ │
│ │                     [2m│   │   │   [0m'__pregel_pull',                         │ │
│ │                     [2m│   │   │   [0m'fire'                                   │ │
│ │                     [2m│   │   [0m[1m)[0m,                                           │ │
│ │                     [2m│   │   [0m'langgraph_checkpoint_ns':                   │ │
│ │                     'fire:c2d1e733-cc9f-9c00-11fa-00fdf82aa9a5',         │ │
│ │                     [2m│   │   [0m'checkpoint_ns':                             │ │
│ │                     'fire:c2d1e733-cc9f-9c00-11fa-00fdf82aa9a5'          │ │
│ │                     [2m│   [0m[1m}[0m,                                               │ │
│ │                     [2m│   [0m'callbacks':                                     │ │
│ │                     <langchain_core.callbacks.manager.AsyncCallbackMana… │ │
│ │                     object at [1m0x10af46150[0m>,                              │ │
│ │                     [2m│   [0m'recursion_limit': [1m10000[0m,                        │ │
│ │                     [2m│   [0m'configurable': [1m{[0m                                │ │
│ │                     [2m│   │   [0m'prompt': 'fix',                             │ │
│ │                     [2m│   │   [0m'repo_path': '/tmp/fake',                    │ │
│ │                     [2m│   │   [0m'repo_url': [3mNone[0m,                            │ │
│ │                     [2m│   │   [0m'cache_key':                                 │ │
│ │                     'c619d671e8414eefa119b4cf708d48f7',                  │ │
│ │                     [2m│   │   [0m'run_identity': [3mNone[0m,                        │ │
│ │                     [2m│   │   [0m'workspace_path': [3mNone[0m,                      │ │
│ │                     [2m│   │   [0m'base_spec': [1m{[0m                               │ │
│ │                     [2m│   │   │   [0m'inputs': [1m([0m[1m)[0m,                            │ │
│ │                     [2m│   │   │   [0m'base_branch': 'main',                   │ │
│ │                     [2m│   │   │   [0m'base_role': [3mNone[0m                        │ │
│ │                     [2m│   │   [0m[1m}[0m,                                           │ │
│ │                     [2m│   │   [0m'permission_mode':                           │ │
│ │                     <PermissionMode.UNATTENDED: 'unattended'[1m>[0m,           │ │
│ │                     [2m│   │   [0m'allowed_tools': [1m[[0m                           │ │
│ │                     [2m│   │   │   [0m'Read',                                  │ │
│ │                     [2m│   │   │   [0m'Glob',                                  │ │
│ │                     [2m│   │   │   [0m'Grep',                                  │ │
│ │                     [2m│   │   │   [0m'Bash',                                  │ │
│ │                     [2m│   │   │   [0m'Edit',                                  │ │
│ │                     [2m│   │   │   [0m'Write'                                  │ │
│ │                     [2m│   │   [0m[1m][0m,                                           │ │
│ │                     [2m│   │   [0m'thread_id':                                 │ │
│ │                     'c619d671e8414eefa119b4cf708d48f7',                  │ │
│ │                     [2m│   │   [0m... +[1m11[0m                                      │ │
│ │                     [2m│   [0m[1m}[0m                                                │ │
│ │                     [1m}[0m                                                    │ │
│ │           [3mcontext[0m = [3mNone[0m                                                 │ │
│ │             [3mdebug[0m = [3mNone[0m                                                 │ │
│ │         [3mdo_stream[0m = [3mFalse[0m                                                │ │
│ │        [3mdurability[0m = [3mNone[0m                                                 │ │
│ │       [3mdurability_[0m = 'async'                                              │ │
│ │        [3mget_waiter[0m = [3mNone[0m                                                 │ │
│ │             [3minput[0m = [1m{[0m                                                    │ │
│ │                     [2m│   [0m'issue_key': [3mNone[0m,                               │ │
│ │                     [2m│   [0m'feature_branch': '',                            │ │
│ │                     [2m│   [0m'ralph_branch': '',                              │ │
│ │                     [2m│   [0m'work_base_ref': 'main',                         │ │
│ │                     [2m│   [0m'fire_spec': [3mNone[0m,                               │ │
│ │                     [2m│   [0m'acceptance_criteria': [1m[[0m[1m][0m,                       │ │
│ │                     [2m│   [0m'criterion_set': [3mNone[0m,                           │ │
│ │                     [2m│   [0m'criteria_validation': [3mNone[0m,                     │ │
│ │                     [2m│   [0m'criteria_regeneration_rounds': [1m0[0m,               │ │
│ │                     [2m│   [0m'criteria_infeasible': [3mFalse[0m,                    │ │
│ │                     [2m│   [0m... +[1m23[0m                                          │ │
│ │                     [1m}[0m                                                    │ │
│ │   [3minterrupt_after[0m = [3mNone[0m                                                 │ │
│ │  [3minterrupt_after_[0m = [1m[[0m[1m][0m                                                   │ │
│ │  [3minterrupt_before[0m = [3mNone[0m                                                 │ │
│ │ [3minterrupt_before_[0m = [1m[[0m[1m][0m                                                   │ │
│ │            [3mkwargs[0m = [1m{[0m[1m}[0m                                                   │ │
│ │              [3mloop[0m = [1m<[0m[1mlanggraph.pregel._loop.AsyncPregelLoop[0m object at    │ │
│ │                     [1m0x10af46210[0m[1m>[0m                                         │ │
│ │                 [3mo[0m = [1m([0m                                                    │ │
│ │                     [2m│   [0m'values',                                        │ │
│ │                     [2m│   [0m[1m{[0m                                                │ │
│ │                     [2m│   │   [0m'issue_key': [3mNone[0m,                           │ │
│ │                     [2m│   │   [0m'feature_branch':                            │ │
│ │                     'kodezart/scripted-branch-7f3febe8',                 │ │
│ │                     [2m│   │   [0m'ralph_branch':                              │ │
│ │                     'kodezart/scripted-branch-7f3febe8-ralph-7021a0c1',  │ │
│ │                     [2m│   │   [0m'work_base_ref': 'main',                     │ │
│ │                     [2m│   │   [0m'fire_spec': [1mAuthoredSpec[0m[1m([0m                   │ │
│ │                     [2m│   │   │   [0mticket=[1mTicketDraftOutput[0m[1m([0m                │ │
│ │                     [2m│   │   │   │   [0mtitle='Test ticket',                 │ │
│ │                     [2m│   │   │   │   [0msummary='Test summary',              │ │
│ │                     [2m│   │   │   │   [0mcontext='Test context',              │ │
│ │                     [2m│   │   │   │   [0mreferences=[1m[[0m[1m][0m,                       │ │
│ │                     [2m│   │   │   │   [0mrequired_changes=[1m[[0m                   │ │
│ │                     [2m│   │   │   │   │   [0m[1mFileChange[0m[1m([0m                      │ │
│ │                     [2m│   │   │   │   │   │   [0mfile_path='test.py',         │ │
│ │                     [2m│   │   │   │   │   │   [0mchange_type='modify',        │ │
│ │                     [2m│   │   │   │   │   │   [0mdescription='test change',   │ │
│ │                     [2m│   │   │   │   │   │   [0mrationale='test rationale'   │ │
│ │                     [2m│   │   │   │   │   [0m[1m)[0m                                │ │
│ │                     [2m│   │   │   │   [0m[1m][0m,                                   │ │
│ │                     [2m│   │   │   │   [0mout_of_scope=[1m[[0m[1m][0m,                     │ │
│ │                     [2m│   │   │   │   [0mopen_questions=[1m[[0m[1m][0m,                   │ │
│ │                     [2m│   │   │   │   [0msherlock_flags=[1m[[0m[1m][0m                    │ │
│ │                     [2m│   │   │   [0m[1m)[0m                                        │ │
│ │                     [2m│   │   [0m[1m)[0m,                                           │ │
│ │                     [2m│   │   [0m'acceptance_criteria': [1m[[0m                     │ │
│ │                     [2m│   │   │   [0m[1mGeneratedCriterion[0m[1m([0m                      │ │
│ │                     [2m│   │   │   │   [0mid='AC-1',                           │ │
│ │                     [2m│   │   │   │   [0mtext='The fix compiles without       │ │
│ │                     errors'                                              │ │
│ │                     [2m│   │   │   [0m[1m)[0m,                                       │ │
│ │                     [2m│   │   │   [0m[1mGeneratedCriterion[0m[1m([0m                      │ │
│ │                     [2m│   │   │   │   [0mid='AC-2',                           │ │
│ │                     [2m│   │   │   │   [0mtext='All existing tests pass'       │ │
│ │                     [2m│   │   │   [0m[1m)[0m,                                       │ │
│ │                     [2m│   │   │   [0m[1mGeneratedCriterion[0m[1m([0m                      │ │
│ │                     [2m│   │   │   │   [0mid='AC-3',                           │ │
│ │                     [2m│   │   │   │   [0mtext='Linting passes with no new     │ │
│ │                     warnings'                                            │ │
│ │                     [2m│   │   │   [0m[1m)[0m                                        │ │
│ │                     [2m│   │   [0m[1m][0m,                                           │ │
│ │                     [2m│   │   [0m'criterion_set': [1mCriteriaArtifact[0m[1m([0m           │ │
│ │                     [2m│   │   │   [0mcriteria=[1m[[0m                               │ │
│ │                     [2m│   │   │   │   [0m[1mValidatedCriterion[0m[1m([0m                  │ │
│ │                     [2m│   │   │   │   │   [0mid='AC-1',                       │ │
│ │                     [2m│   │   │   │   │   [0mtext='The fix compiles without   │ │
│ │                     errors',                                             │ │
│ │                     [2m│   │   │   │   │   [0m                                 │ │
│ │                     feasibility=[1mCriterionFeasibility[0m[1m([0m                    │ │
│ │                     [2m│   │   │   │   │   │   [0mcriterion_id='AC-1',         │ │
│ │                     [2m│   │   │   │   │   │   [0m                             │ │
│ │                     verdict=[1m<[0m[1mCriterionVerdict.feasible:[0m 'feasible'>,     │ │
│ │                     [2m│   │   │   │   │   │   [0mrefutation=[3mNone[0m,             │ │
│ │                     [2m│   │   │   │   │   │   [0mmissing_resource=[3mNone[0m,       │ │
│ │                     [2m│   │   │   │   │   │   [0mcost_measurement=[3mNone[0m,       │ │
│ │                     [2m│   │   │   │   │   │   [0mflags=[1m[[0m[1m][0m,                    │ │
│ │                     [2m│   │   │   │   │   │   [0mforbidden_class=[3mNone[0m,        │ │
│ │                     [2m│   │   │   │   │   │   [0mundeclared_switch_arms=[1m[[0m[1m][0m    │ │
│ │                     [2m│   │   │   │   │   [0m[1m)[0m                                │ │
│ │                     [2m│   │   │   │   [0m[1m)[0m,                                   │ │
│ │                     [2m│   │   │   │   [0m[1mValidatedCriterion[0m[1m([0m                  │ │
│ │                     [2m│   │   │   │   │   [0mid='AC-2',                       │ │
│ │                     [2m│   │   │   │   │   [0mtext='All existing tests pass',  │ │
│ │                     [2m│   │   │   │   │   [0m                                 │ │
│ │                     feasibility=[1mCriterionFeasibility[0m[1m([0m                    │ │
│ │                     [2m│   │   │   │   │   │   [0mcriterion_id='AC-2',         │ │
│ │                     [2m│   │   │   │   │   │   [0m                             │ │
│ │                     verdict=<CriterionVerdict.feasible: 'feasible'>,     │ │
│ │                     [2m│   │   │   │   │   │   [0mrefutation=[3mNone[0m,             │ │
│ │                     [2m│   │   │   │   │   │   [0mmissing_resource=[3mNone[0m,       │ │
│ │                     [2m│   │   │   │   │   │   [0mcost_measurement=[3mNone[0m,       │ │
│ │                     [2m│   │   │   │   │   │   [0mflags=[1m[[0m[1m][0m,                    │ │
│ │                     [2m│   │   │   │   │   │   [0mforbidden_class=[3mNone[0m,        │ │
│ │                     [2m│   │   │   │   │   │   [0mundeclared_switch_arms=[1m[[0m[1m][0m    │ │
│ │                     [2m│   │   │   │   │   [0m[1m)[0m                                │ │
│ │                     [2m│   │   │   │   [0m[1m)[0m,                                   │ │
│ │                     [2m│   │   │   │   [0m[1mValidatedCriterion[0m[1m([0m                  │ │
│ │                     [2m│   │   │   │   │   [0mid='AC-3',                       │ │
│ │                     [2m│   │   │   │   │   [0mtext='Linting passes with no new │ │
│ │                     warnings',                                           │ │
│ │                     [2m│   │   │   │   │   [0m                                 │ │
│ │                     feasibility=[1mCriterionFeasibility[0m[1m([0m                    │ │
│ │                     [2m│   │   │   │   │   │   [0mcriterion_id='AC-3',         │ │
│ │                     [2m│   │   │   │   │   │   [0m                             │ │
│ │                     verdict=<CriterionVerdict.feasible: 'feasible'>,     │ │
│ │                     [2m│   │   │   │   │   │   [0mrefutation=[3mNone[0m,             │ │
│ │                     [2m│   │   │   │   │   │   [0mmissing_resource=[3mNone[0m,       │ │
│ │                     [2m│   │   │   │   │   │   [0mcost_measurement=[3mNone[0m,       │ │
│ │                     [2m│   │   │   │   │   │   [0mflags=[1m[[0m[1m][0m,                    │ │
│ │                     [2m│   │   │   │   │   │   [0mforbidden_class=[3mNone[0m,        │ │
│ │                     [2m│   │   │   │   │   │   [0mundeclared_switch_arms=[1m[[0m[1m][0m    │ │
│ │                     [2m│   │   │   │   │   [0m[1m)[0m                                │ │
│ │                     [2m│   │   │   │   [0m[1m)[0m                                    │ │
│ │                     [2m│   │   │   [0m[1m][0m,                                       │ │
│ │                     [2m│   │   │   [0mconjunction=[1mConjunctionVerdict[0m[1m([0m          │ │
│ │                     [2m│   │   │   │   [0msatisfiable=[3mTrue[0m,                    │ │
│ │                     [2m│   │   │   │   [0mcontradictions=[1m[[0m[1m][0m                    │ │
│ │                     [2m│   │   │   [0m[1m)[0m                                        │ │
│ │                     [2m│   │   [0m[1m)[0m,                                           │ │
│ │                     [2m│   │   [0m'criteria_validation': [1mCriteriaValidation[0m[1m([0m   │ │
│ │                     [2m│   │   │   [0mverdicts=[1m[[0m                               │ │
│ │                     [2m│   │   │   │   [0m[1mCriterionFeasibility[0m[1m([0m                │ │
│ │                     [2m│   │   │   │   │   [0mcriterion_id='AC-1',             │ │
│ │                     [2m│   │   │   │   │   [0m                                 │ │
│ │                     verdict=<CriterionVerdict.feasible: 'feasible'>,     │ │
│ │                     [2m│   │   │   │   │   [0mrefutation=[3mNone[0m,                 │ │
│ │                     [2m│   │   │   │   │   [0mmissing_resource=[3mNone[0m,           │ │
│ │                     [2m│   │   │   │   │   [0mcost_measurement=[3mNone[0m,           │ │
│ │                     [2m│   │   │   │   │   [0mflags=[1m[[0m[1m][0m,                        │ │
│ │                     [2m│   │   │   │   │   [0mforbidden_class=[3mNone[0m,            │ │
│ │                     [2m│   │   │   │   │   [0mundeclared_switch_arms=[1m[[0m[1m][0m        │ │
│ │                     [2m│   │   │   │   [0m[1m)[0m,                                   │ │
│ │                     [2m│   │   │   │   [0m[1mCriterionFeasibility[0m[1m([0m                │ │
│ │                     [2m│   │   │   │   │   [0mcriterion_id='AC-2',             │ │
│ │                     [2m│   │   │   │   │   [0m                                 │ │
│ │                     verdict=<CriterionVerdict.feasible: 'feasible'>,     │ │
│ │                     [2m│   │   │   │   │   [0mrefutation=[3mNone[0m,                 │ │
│ │                     [2m│   │   │   │   │   [0mmissing_resource=[3mNone[0m,           │ │
│ │                     [2m│   │   │   │   │   [0mcost_measurement=[3mNone[0m,           │ │
│ │                     [2m│   │   │   │   │   [0mflags=[1m[[0m[1m][0m,                        │ │
│ │                     [2m│   │   │   │   │   [0mforbidden_class=[3mNone[0m,            │ │
│ │                     [2m│   │   │   │   │   [0mundeclared_switch_arms=[1m[[0m[1m][0m        │ │
│ │                     [2m│   │   │   │   [0m[1m)[0m,                                   │ │
│ │                     [2m│   │   │   │   [0m[1mCriterionFeasibility[0m[1m([0m                │ │
│ │                     [2m│   │   │   │   │   [0mcriterion_id='AC-3',             │ │
│ │                     [2m│   │   │   │   │   [0m                                 │ │
│ │                     verdict=<CriterionVerdict.feasible: 'feasible'[1m>[0m,     │ │
│ │                     [2m│   │   │   │   │   [0mrefutation=[3mNone[0m,                 │ │
│ │                     [2m│   │   │   │   │   [0mmissing_resource=[3mNone[0m,           │ │
│ │                     [2m│   │   │   │   │   [0mcost_measurement=[3mNone[0m,           │ │
│ │                     [2m│   │   │   │   │   [0mflags=[1m[[0m[1m][0m,                        │ │
│ │                     [2m│   │   │   │   │   [0mforbidden_class=[3mNone[0m,            │ │
│ │                     [2m│   │   │   │   │   [0mundeclared_switch_arms=[1m[[0m[1m][0m        │ │
│ │                     [2m│   │   │   │   [0m[1m)[0m                                    │ │
│ │                     [2m│   │   │   [0m[1m][0m,                                       │ │
│ │                     [2m│   │   │   [0mconjunction=[1mConjunctionVerdict[0m[1m([0m          │ │
│ │                     [2m│   │   │   │   [0msatisfiable=[3mTrue[0m,                    │ │
│ │                     [2m│   │   │   │   [0mcontradictions=[1m[[0m[1m][0m                    │ │
│ │                     [2m│   │   │   [0m[1m)[0m                                        │ │
│ │                     [2m│   │   [0m[1m)[0m,                                           │ │
│ │                     [2m│   │   [0m'criteria_regeneration_rounds': [1m0[0m,           │ │
│ │                     [2m│   │   [0m'criteria_infeasible': [3mFalse[0m,                │ │
│ │                     [2m│   │   [0m... +[1m17[0m                                      │ │
│ │                     [2m│   [0m[1m}[0m                                                │ │
│ │                     [1m)[0m                                                    │ │
│ │       [3moutput_keys[0m = [1m[[0m                                                    │ │
│ │                     [2m│   [0m'issue_key',                                     │ │
│ │                     [2m│   [0m'feature_branch',                                │ │
│ │                     [2m│   [0m'ralph_branch',                                  │ │
│ │                     [2m│   [0m'work_base_ref',                                 │ │
│ │                     [2m│   [0m'fire_spec',                                     │ │
│ │                     [2m│   [0m'acceptance_criteria',                           │ │
│ │                     [2m│   [0m'criterion_set',                                 │ │
│ │                     [2m│   [0m'criteria_validation',                           │ │
│ │                     [2m│   [0m'criteria_regeneration_rounds',                  │ │
│ │                     [2m│   [0m'criteria_infeasible',                           │ │
│ │                     [2m│   [0m... +[1m17[0m                                          │ │
│ │                     [1m][0m                                                    │ │
│ │    [3mparent_runtime[0m = [1mRuntime[0m[1m([0m                                             │ │
│ │                     [2m│   [0mcontext=[3mNone[0m,                                    │ │
│ │                     [2m│   [0mstore=[3mNone[0m,                                      │ │
│ │                     [2m│   [0mstream_writer=[1m<[0m[1mfunction[0m                          │ │
│ │                     Pregel.astream.<locals>.stream_writer at             │ │
│ │                     [1m0x10b7f9bc0[0m[1m>[0m,                                        │ │
│ │                     [2m│   [0mprevious=[3mNone[0m                                    │ │
│ │                     [1m)[0m                                                    │ │
│ │        [3mprint_mode[0m = [1m([0m[1m)[0m                                                   │ │
│ │       [3mrun_manager[0m = [1m<[0m[1mlangchain_core.callbacks.manager.AsyncCallbackMana…[0m │ │
│ │                     object at [1m0x10af44f50[0m[1m>[0m                               │ │
│ │            [3mrunner[0m = [1m<[0m[1mlanggraph.pregel._runner.PregelRunner[0m object at     │ │
│ │                     [1m0x10af44fe0[0m[1m>[0m                                         │ │
│ │           [3mruntime[0m = [1mRuntime[0m[1m([0m                                             │ │
│ │                     [2m│   [0mcontext=[3mNone[0m,                                    │ │
│ │                     [2m│   [0mstore=[3mNone[0m,                                      │ │
│ │                     [2m│   [0mstream_writer=[1m<[0m[1mfunction[0m                          │ │
│ │                     Pregel.astream.<locals>.stream_writer at             │ │
│ │                     [1m0x10b7f9bc0[0m[1m>[0m,                                        │ │
│ │                     [2m│   [0mprevious=[3mNone[0m                                    │ │
│ │                     [1m)[0m                                                    │ │
│ │              [3mself[0m = [1m<[0m[1mlanggraph.graph.state.CompiledStateGraph[0m object at  │ │
│ │                     [1m0x10af4bf20[0m[1m>[0m                                         │ │
│ │             [3mstore[0m = [3mNone[0m                                                 │ │
│ │            [3mstream[0m = [1m<[0m[1mAsyncQueue[0m at [1m0x10af469c0[0m maxsize=[1m0[0m tasks=[1m11[0m[1m>[0m       │ │
│ │       [3mstream_mode[0m = [1m[[0m'updates', 'values'[1m][0m                                │ │
│ │      [3mstream_modes[0m = [1m{[0m'updates', 'values'[1m}[0m                                │ │
│ │        [3mstream_put[0m = [1mfunctools.partial[0m[1m([0m[1m<[0m[1mbound[0m method                      │ │
│ │                     BaseEventLoop.call_soon_threadsafe of                │ │
│ │                     <_UnixSelectorEventLoop running=[3mTrue[0m closed=[3mFalse[0m    │ │
│ │                     debug=[3mFalse[0m>>, <bound method Queue.put_nowait of     │ │
│ │                     <AsyncQueue at [1m0x10af469c0[0m maxsize=[1m0[0m tasks=[1m11[0m>[1m>[0m[1m)[0m     │ │
│ │         [3msubgraphs[0m = [3mFalse[0m                                                │ │
│ ╰──────────────────────────────────────────────────────────────────────────╯ │
│                                                                              │
│ [2m/private/tmp/kodezart-v03-recovery-native-compat/.venv/lib/python3.12/site-p[0m │
│ [2mackages/langgraph/pregel/[0m[1m_runner.py[0m:304 in atick                             │
│                                                                              │
│   [2m301 [0m[2m│   │   [0melif len(tasks) == 1 and get_waiter is None and timeout is Non │
│   [2m302 [0m[2m│   │   │   [0mt = tasks[0]                                               │
│   [2m303 [0m[2m│   │   │   [0mtry:                                                       │
│ ❱ 304 [2m│   │   │   │   [0mawait arun_with_retry(                                 │
│   [2m305 [0m[2m│   │   │   │   │   [0mt,                                                 │
│   [2m306 [0m[2m│   │   │   │   │   [0mretry_policy,                                      │
│   [2m307 [0m[2m│   │   │   │   │   [0mstream=self.use_astream,                           │
│                                                                              │
│ ╭───────────────────────────────── locals ─────────────────────────────────╮ │
│ │       [3mfutures[0m = [1m{[0m[1m}[0m                                                       │ │
│ │    [3mget_waiter[0m = [3mNone[0m                                                     │ │
│ │          [3mloop[0m = [1m<[0m[1m_UnixSelectorEventLoop[0m running=[3mTrue[0m closed=[3mFalse[0m        │ │
│ │                 debug=[3mFalse[0m[1m>[0m                                             │ │
│ │       [3mreraise[0m = [3mTrue[0m                                                     │ │
│ │  [3mretry_policy[0m = [3mNone[0m                                                     │ │
│ │ [3mschedule_task[0m = [1m<[0m[1mbound[0m method AsyncPregelLoop.aaccept_push of            │ │
│ │                 <langgraph.pregel._loop.AsyncPregelLoop object at        │ │
│ │                 [1m0x10af46210[0m>[1m>[0m                                            │ │
│ │          [3mself[0m = [1m<[0m[1mlanggraph.pregel._runner.PregelRunner[0m object at         │ │
│ │                 [1m0x10af44fe0[0m[1m>[0m                                             │ │
│ │             [3mt[0m = [1mPregelExecutableTask[0m[1m([0m                                    │ │
│ │                 [2m│   [0mname='run_ralph_loop',                               │ │
│ │                 [2m│   [0minput=[1m{[0m                                              │ │
│ │                 [2m│   │   [0m'issue_key': [3mNone[0m,                               │ │
│ │                 [2m│   │   [0m'feature_branch':                                │ │
│ │                 'kodezart/scripted-branch-7f3febe8',                     │ │
│ │                 [2m│   │   [0m'ralph_branch':                                  │ │
│ │                 'kodezart/scripted-branch-7f3febe8-ralph-7021a0c1',      │ │
│ │                 [2m│   │   [0m'work_base_ref': 'main',                         │ │
│ │                 [2m│   │   [0m'fire_spec': [1mAuthoredSpec[0m[1m([0m                       │ │
│ │                 [2m│   │   │   [0mticket=[1mTicketDraftOutput[0m[1m([0m                    │ │
│ │                 [2m│   │   │   │   [0mtitle='Test ticket',                     │ │
│ │                 [2m│   │   │   │   [0msummary='Test summary',                  │ │
│ │                 [2m│   │   │   │   [0mcontext='Test context',                  │ │
│ │                 [2m│   │   │   │   [0mreferences=[1m[[0m[1m][0m,                           │ │
│ │                 [2m│   │   │   │   [0mrequired_changes=[1m[[0m                       │ │
│ │                 [2m│   │   │   │   │   [0m[1mFileChange[0m[1m([0m                          │ │
│ │                 [2m│   │   │   │   │   │   [0mfile_path='test.py',             │ │
│ │                 [2m│   │   │   │   │   │   [0mchange_type='modify',            │ │
│ │                 [2m│   │   │   │   │   │   [0mdescription='test change',       │ │
│ │                 [2m│   │   │   │   │   │   [0mrationale='test rationale'       │ │
│ │                 [2m│   │   │   │   │   [0m[1m)[0m                                    │ │
│ │                 [2m│   │   │   │   [0m[1m][0m,                                       │ │
│ │                 [2m│   │   │   │   [0mout_of_scope=[1m[[0m[1m][0m,                         │ │
│ │                 [2m│   │   │   │   [0mopen_questions=[1m[[0m[1m][0m,                       │ │
│ │                 [2m│   │   │   │   [0msherlock_flags=[1m[[0m[1m][0m                        │ │
│ │                 [2m│   │   │   [0m[1m)[0m                                            │ │
│ │                 [2m│   │   [0m[1m)[0m,                                               │ │
│ │                 [2m│   │   [0m'acceptance_criteria': [1m[[0m                         │ │
│ │                 [2m│   │   │   [0m[1mGeneratedCriterion[0m[1m([0m                          │ │
│ │                 [2m│   │   │   │   [0mid='AC-1',                               │ │
│ │                 [2m│   │   │   │   [0mtext='The fix compiles without errors'   │ │
│ │                 [2m│   │   │   [0m[1m)[0m,                                           │ │
│ │                 [2m│   │   │   [0m[1mGeneratedCriterion[0m[1m([0m                          │ │
│ │                 [2m│   │   │   │   [0mid='AC-2',                               │ │
│ │                 [2m│   │   │   │   [0mtext='All existing tests pass'           │ │
│ │                 [2m│   │   │   [0m[1m)[0m,                                           │ │
│ │                 [2m│   │   │   [0m[1mGeneratedCriterion[0m[1m([0m                          │ │
│ │                 [2m│   │   │   │   [0mid='AC-3',                               │ │
│ │                 [2m│   │   │   │   [0mtext='Linting passes with no new         │ │
│ │                 warnings'                                                │ │
│ │                 [2m│   │   │   [0m[1m)[0m                                            │ │
│ │                 [2m│   │   [0m[1m][0m,                                               │ │
│ │                 [2m│   │   [0m'criterion_set': [1mCriteriaArtifact[0m[1m([0m               │ │
│ │                 [2m│   │   │   [0mcriteria=[1m[[0m                                   │ │
│ │                 [2m│   │   │   │   [0m[1mValidatedCriterion[0m[1m([0m                      │ │
│ │                 [2m│   │   │   │   │   [0mid='AC-1',                           │ │
│ │                 [2m│   │   │   │   │   [0mtext='The fix compiles without       │ │
│ │                 errors',                                                 │ │
│ │                 [2m│   │   │   │   │   [0mfeasibility=[1mCriterionFeasibility[0m[1m([0m    │ │
│ │                 [2m│   │   │   │   │   │   [0mcriterion_id='AC-1',             │ │
│ │                 [2m│   │   │   │   │   │   [0m                                 │ │
│ │                 verdict=[1m<[0m[1mCriterionVerdict.feasible:[0m 'feasible'>,         │ │
│ │                 [2m│   │   │   │   │   │   [0mrefutation=[3mNone[0m,                 │ │
│ │                 [2m│   │   │   │   │   │   [0mmissing_resource=[3mNone[0m,           │ │
│ │                 [2m│   │   │   │   │   │   [0mcost_measurement=[3mNone[0m,           │ │
│ │                 [2m│   │   │   │   │   │   [0mflags=[1m[[0m[1m][0m,                        │ │
│ │                 [2m│   │   │   │   │   │   [0mforbidden_class=[3mNone[0m,            │ │
│ │                 [2m│   │   │   │   │   │   [0mundeclared_switch_arms=[1m[[0m[1m][0m        │ │
│ │                 [2m│   │   │   │   │   [0m[1m)[0m                                    │ │
│ │                 [2m│   │   │   │   [0m[1m)[0m,                                       │ │
│ │                 [2m│   │   │   │   [0m[1mValidatedCriterion[0m[1m([0m                      │ │
│ │                 [2m│   │   │   │   │   [0mid='AC-2',                           │ │
│ │                 [2m│   │   │   │   │   [0mtext='All existing tests pass',      │ │
│ │                 [2m│   │   │   │   │   [0mfeasibility=[1mCriterionFeasibility[0m[1m([0m    │ │
│ │                 [2m│   │   │   │   │   │   [0mcriterion_id='AC-2',             │ │
│ │                 [2m│   │   │   │   │   │   [0m                                 │ │
│ │                 verdict=<CriterionVerdict.feasible: 'feasible'>,         │ │
│ │                 [2m│   │   │   │   │   │   [0mrefutation=[3mNone[0m,                 │ │
│ │                 [2m│   │   │   │   │   │   [0mmissing_resource=[3mNone[0m,           │ │
│ │                 [2m│   │   │   │   │   │   [0mcost_measurement=[3mNone[0m,           │ │
│ │                 [2m│   │   │   │   │   │   [0mflags=[1m[[0m[1m][0m,                        │ │
│ │                 [2m│   │   │   │   │   │   [0mforbidden_class=[3mNone[0m,            │ │
│ │                 [2m│   │   │   │   │   │   [0mundeclared_switch_arms=[1m[[0m[1m][0m        │ │
│ │                 [2m│   │   │   │   │   [0m[1m)[0m                                    │ │
│ │                 [2m│   │   │   │   [0m[1m)[0m,                                       │ │
│ │                 [2m│   │   │   │   [0m[1mValidatedCriterion[0m[1m([0m                      │ │
│ │                 [2m│   │   │   │   │   [0mid='AC-3',                           │ │
│ │                 [2m│   │   │   │   │   [0mtext='Linting passes with no new     │ │
│ │                 warnings',                                               │ │
│ │                 [2m│   │   │   │   │   [0mfeasibility=[1mCriterionFeasibility[0m[1m([0m    │ │
│ │                 [2m│   │   │   │   │   │   [0mcriterion_id='AC-3',             │ │
│ │                 [2m│   │   │   │   │   │   [0m                                 │ │
│ │                 verdict=<CriterionVerdict.feasible: 'feasible'>,         │ │
│ │                 [2m│   │   │   │   │   │   [0mrefutation=[3mNone[0m,                 │ │
│ │                 [2m│   │   │   │   │   │   [0mmissing_resource=[3mNone[0m,           │ │
│ │                 [2m│   │   │   │   │   │   [0mcost_measurement=[3mNone[0m,           │ │
│ │                 [2m│   │   │   │   │   │   [0mflags=[1m[[0m[1m][0m,                        │ │
│ │                 [2m│   │   │   │   │   │   [0mforbidden_class=[3mNone[0m,            │ │
│ │                 [2m│   │   │   │   │   │   [0mundeclared_switch_arms=[1m[[0m[1m][0m        │ │
│ │                 [2m│   │   │   │   │   [0m[1m)[0m                                    │ │
│ │                 [2m│   │   │   │   [0m[1m)[0m                                        │ │
│ │                 [2m│   │   │   [0m[1m][0m,                                           │ │
│ │                 [2m│   │   │   [0mconjunction=[1mConjunctionVerdict[0m[1m([0m              │ │
│ │                 [2m│   │   │   │   [0msatisfiable=[3mTrue[0m,                        │ │
│ │                 [2m│   │   │   │   [0mcontradictions=[1m[[0m[1m][0m                        │ │
│ │                 [2m│   │   │   [0m[1m)[0m                                            │ │
│ │                 [2m│   │   [0m[1m)[0m,                                               │ │
│ │                 [2m│   │   [0m'criteria_validation': [1mCriteriaValidation[0m[1m([0m       │ │
│ │                 [2m│   │   │   [0mverdicts=[1m[[0m                                   │ │
│ │                 [2m│   │   │   │   [0m[1mCriterionFeasibility[0m[1m([0m                    │ │
│ │                 [2m│   │   │   │   │   [0mcriterion_id='AC-1',                 │ │
│ │                 [2m│   │   │   │   │   [0mverdict=<CriterionVerdict.feasible:  │ │
│ │                 'feasible'>,                                             │ │
│ │                 [2m│   │   │   │   │   [0mrefutation=[3mNone[0m,                     │ │
│ │                 [2m│   │   │   │   │   [0mmissing_resource=[3mNone[0m,               │ │
│ │                 [2m│   │   │   │   │   [0mcost_measurement=[3mNone[0m,               │ │
│ │                 [2m│   │   │   │   │   [0mflags=[1m[[0m[1m][0m,                            │ │
│ │                 [2m│   │   │   │   │   [0mforbidden_class=[3mNone[0m,                │ │
│ │                 [2m│   │   │   │   │   [0mundeclared_switch_arms=[1m[[0m[1m][0m            │ │
│ │                 [2m│   │   │   │   [0m[1m)[0m,                                       │ │
│ │                 [2m│   │   │   │   [0m[1mCriterionFeasibility[0m[1m([0m                    │ │
│ │                 [2m│   │   │   │   │   [0mcriterion_id='AC-2',                 │ │
│ │                 [2m│   │   │   │   │   [0mverdict=<CriterionVerdict.feasible:  │ │
│ │                 'feasible'>,                                             │ │
│ │                 [2m│   │   │   │   │   [0mrefutation=[3mNone[0m,                     │ │
│ │                 [2m│   │   │   │   │   [0mmissing_resource=[3mNone[0m,               │ │
│ │                 [2m│   │   │   │   │   [0mcost_measurement=[3mNone[0m,               │ │
│ │                 [2m│   │   │   │   │   [0mflags=[1m[[0m[1m][0m,                            │ │
│ │                 [2m│   │   │   │   │   [0mforbidden_class=[3mNone[0m,                │ │
│ │                 [2m│   │   │   │   │   [0mundeclared_switch_arms=[1m[[0m[1m][0m            │ │
│ │                 [2m│   │   │   │   [0m[1m)[0m,                                       │ │
│ │                 [2m│   │   │   │   [0m[1mCriterionFeasibility[0m[1m([0m                    │ │
│ │                 [2m│   │   │   │   │   [0mcriterion_id='AC-3',                 │ │
│ │                 [2m│   │   │   │   │   [0mverdict=<CriterionVerdict.feasible:  │ │
│ │                 'feasible'>,                                             │ │
│ │                 [2m│   │   │   │   │   [0mrefutation=[3mNone[0m,                     │ │
│ │                 [2m│   │   │   │   │   [0mmissing_resource=[3mNone[0m,               │ │
│ │                 [2m│   │   │   │   │   [0mcost_measurement=[3mNone[0m,               │ │
│ │                 [2m│   │   │   │   │   [0mflags=[1m[[0m[1m][0m,                            │ │
│ │                 [2m│   │   │   │   │   [0mforbidden_class=[3mNone[0m,                │ │
│ │                 [2m│   │   │   │   │   [0mundeclared_switch_arms=[1m[[0m[1m][0m            │ │
│ │                 [2m│   │   │   │   [0m[1m)[0m                                        │ │
│ │                 [2m│   │   │   [0m[1m][0m,                                           │ │
│ │                 [2m│   │   │   [0mconjunction=[1mConjunctionVerdict[0m[1m([0m              │ │
│ │                 [2m│   │   │   │   [0msatisfiable=[3mTrue[0m,                        │ │
│ │                 [2m│   │   │   │   [0mcontradictions=[1m[[0m[1m][0m                        │ │
│ │                 [2m│   │   │   [0m[1m)[0m                                            │ │
│ │                 [2m│   │   [0m[1m)[0m,                                               │ │
│ │                 [2m│   │   [0m'criteria_regeneration_rounds': [1m0[0m,               │ │
│ │                 [2m│   │   [0m'criteria_infeasible': [3mFalse[0m,                    │ │
│ │                 [2m│   │   [0m... +[1m17[0m                                          │ │
│ │                 [2m│   [0m[1m}[0m,                                                   │ │
│ │                 [2m│   [0mproc=<langgraph._internal._runnable.RunnableSeq      │ │
│ │                 object at [1m0x10af44740[0m>,                                  │ │
│ │                 [2m│   [0mwrites=[1mdeque[0m[1m([0m[1m[[0m                                       │ │
│ │                 [2m│   │   [0m[1m([0m                                                │ │
│ │                 [2m│   │   │   [0m'__error__',                                 │ │
│ │                 [2m│   │   │   [0m[1mTypeError[0m[1m([0m"GatedQualityGate.run() got an     │ │
│ │                 unexpected keyword argument 'tracker_spec'"[1m)[0m             │ │
│ │                 [2m│   │   [0m[1m)[0m                                                │ │
│ │                 [2m│   [0m[1m][0m[1m)[0m,                                                  │ │
│ │                 [2m│   [0mconfig=[1m{[0m                                             │ │
│ │                 [2m│   │   [0m'metadata': [1m{[0m                                    │ │
│ │                 [2m│   │   │   [0m'prompt': 'fix',                             │ │
│ │                 [2m│   │   │   [0m'repo_path': '/tmp/fake',                    │ │
│ │                 [2m│   │   │   [0m'permission_mode':                           │ │
│ │                 <PermissionMode.UNATTENDED: 'unattended'>,               │ │
│ │                 [2m│   │   │   [0m'thread_id':                                 │ │
│ │                 'c619d671e8414eefa119b4cf708d48f7',                      │ │
│ │                 [2m│   │   │   [0m'langgraph_step': [1m6[0m,                         │ │
│ │                 [2m│   │   │   [0m'langgraph_node': 'run_ralph_loop',          │ │
│ │                 [2m│   │   │   [0m'langgraph_triggers': [1m([0m                      │ │
│ │                 [2m│   │   │   │   [0m'branch:to:run_ralph_loop',              │ │
│ │                 [2m│   │   │   [0m[1m)[0m,                                           │ │
│ │                 [2m│   │   │   [0m'langgraph_path': [1m([0m                          │ │
│ │                 [2m│   │   │   │   [0m'__pregel_pull',                         │ │
│ │                 [2m│   │   │   │   [0m'run_ralph_loop'                         │ │
│ │                 [2m│   │   │   [0m[1m)[0m,                                           │ │
│ │                 [2m│   │   │   [0m'langgraph_checkpoint_ns':                   │ │
│ │                 'fire:c2d1e733-cc9f-9c00-11fa-00fdf82aa9a5|run_ralph_lo… │ │
│ │                 [2m│   │   │   [0m'checkpoint_ns':                             │ │
│ │                 'fire:c2d1e733-cc9f-9c00-11fa-00fdf82aa9a5'              │ │
│ │                 [2m│   │   [0m[1m}[0m,                                               │ │
│ │                 [2m│   │   [0m'callbacks':                                     │ │
│ │                 <langchain_core.callbacks.manager.AsyncCallbackManager   │ │
│ │                 object at [1m0x10af443e0[0m>,                                  │ │
│ │                 [2m│   │   [0m'configurable': [1m{[0m                                │ │
│ │                 [2m│   │   │   [0m'prompt': 'fix',                             │ │
│ │                 [2m│   │   │   [0m'repo_path': '/tmp/fake',                    │ │
│ │                 [2m│   │   │   [0m'repo_url': [3mNone[0m,                            │ │
│ │                 [2m│   │   │   [0m'cache_key':                                 │ │
│ │                 'c619d671e8414eefa119b4cf708d48f7',                      │ │
│ │                 [2m│   │   │   [0m'run_identity': [3mNone[0m,                        │ │
│ │                 [2m│   │   │   [0m'workspace_path': [3mNone[0m,                      │ │
│ │                 [2m│   │   │   [0m'base_spec': [1m{[0m                               │ │
│ │                 [2m│   │   │   │   [0m'inputs': [1m([0m[1m)[0m,                            │ │
│ │                 [2m│   │   │   │   [0m'base_branch': 'main',                   │ │
│ │                 [2m│   │   │   │   [0m'base_role': [3mNone[0m                        │ │
│ │                 [2m│   │   │   [0m[1m}[0m,                                           │ │
│ │                 [2m│   │   │   [0m'permission_mode':                           │ │
│ │                 <PermissionMode.UNATTENDED: 'unattended'>,               │ │
│ │                 [2m│   │   │   [0m'allowed_tools': [1m[[0m                           │ │
│ │                 [2m│   │   │   │   [0m'Read',                                  │ │
│ │                 [2m│   │   │   │   [0m'Glob',                                  │ │
│ │                 [2m│   │   │   │   [0m'Grep',                                  │ │
│ │                 [2m│   │   │   │   [0m'Bash',                                  │ │
│ │                 [2m│   │   │   │   [0m'Edit',                                  │ │
│ │                 [2m│   │   │   │   [0m'Write'                                  │ │
│ │                 [2m│   │   │   [0m[1m][0m,                                           │ │
│ │                 [2m│   │   │   [0m'thread_id':                                 │ │
│ │                 'c619d671e8414eefa119b4cf708d48f7',                      │ │
│ │                 [2m│   │   │   [0m... +[1m11[0m                                      │ │
│ │                 [2m│   │   [0m[1m}[0m,                                               │ │
│ │                 [2m│   │   [0m'run_name': 'run_ralph_loop'                     │ │
│ │                 [2m│   [0m[1m}[0m,                                                   │ │
│ │                 [2m│   [0mtriggers=[1m([0m'branch:to:run_ralph_loop',[1m)[0m,              │ │
│ │                 [2m│   [0mretry_policy=[1m([0m                                       │ │
│ │                 [2m│   │   [0m[1mRetryPolicy[0m[1m([0m                                     │ │
│ │                 [2m│   │   │   [0minitial_interval=[1m1[0m[1m.0[0m,                        │ │
│ │                 [2m│   │   │   [0mbackoff_factor=[1m2[0m[1m.0[0m,                          │ │
│ │                 [2m│   │   │   [0mmax_interval=[1m128[0m[1m.0[0m,                          │ │
│ │                 [2m│   │   │   [0mmax_attempts=[1m3[0m,                              │ │
│ │                 [2m│   │   │   [0mjitter=[3mTrue[0m,                                 │ │
│ │                 [2m│   │   │   [0mretry_on=<function should_retry at           │ │
│ │                 [1m0x10abdb420[0m>                                             │ │
│ │                 [2m│   │   [0m[1m)[0m,                                               │ │
│ │                 [2m│   [0m[1m)[0m,                                                   │ │
│ │                 [2m│   [0mcache_key=[3mNone[0m,                                      │ │
│ │                 [2m│   [0mid='0f75d7ae-ed30-6d70-908c-6598d2982227',           │ │
│ │                 [2m│   [0mpath=[1m([0m'__pregel_pull', 'run_ralph_loop'[1m)[0m,            │ │
│ │                 [2m│   [0mwriters=[1m[[0m                                            │ │
│ │                 [2m│   │   [0m                                                 │ │
│ │                 ChannelWrite<...,...,branch:to:merge_to_feature>[1m([0mtags=[3mN…[0m │ │
│ │                 recurse=[3mTrue[0m, explode_args=[3mFalse[0m,                        │ │
│ │                 func_accepts=[1m{[0m'config': [1m([0m'N/A', <class                   │ │
│ │                 'inspect._empty'>[1m)[0m[1m}[0m,                                     │ │
│ │                 writes=[1m([0m[1mChannelWriteTupleEntry[0m[1m([0mmapper=<function          │ │
│ │                 CompiledStateGraph.attach_node.<locals>._get_updates at  │ │
│ │                 [1m0x10b1f11c0[0m>, value=<object object at [1m0x10905e2e0[0m>,      │ │
│ │                 static=[3mNone[0m[1m)[0m, [1mChannelWriteTupleEntry[0m[1m([0mmapper=<function    │ │
│ │                 _control_branch at [1m0x10abdee80[0m>, value=<object object at │ │
│ │                 [1m0x10905e2e0[0m[1m>[0m, static=[1m[[0m[1m][0m[1m)[0m,                                │ │
│ │                 [1mChannelWriteEntry[0m[1m([0mchannel='branch:to:merge_to_feature',  │ │
│ │                 value=[3mNone[0m, skip_none=[3mFalse[0m, mapper=[3mNone[0m[1m)[0m[1m)[0m[1m)[0m              │ │
│ │                 [2m│   [0m[1m][0m,                                                   │ │
│ │                 [2m│   [0msubgraphs=[1m[[0m[1m][0m                                         │ │
│ │                 [1m)[0m                                                        │ │
│ │         [3mtasks[0m = [1m([0m                                                        │ │
│ │                 [2m│   [0m[1mPregelExecutableTask[0m[1m([0m                                │ │
│ │                 [2m│   │   [0mname='run_ralph_loop',                           │ │
│ │                 [2m│   │   [0minput=[1m{[0m                                          │ │
│ │                 [2m│   │   │   [0m'issue_key': [3mNone[0m,                           │ │
│ │                 [2m│   │   │   [0m'feature_branch':                            │ │
│ │                 'kodezart/scripted-branch-7f3febe8',                     │ │
│ │                 [2m│   │   │   [0m'ralph_branch':                              │ │
│ │                 'kodezart/scripted-branch-7f3febe8-ralph-7021a0c1',      │ │
│ │                 [2m│   │   │   [0m'work_base_ref': 'main',                     │ │
│ │                 [2m│   │   │   [0m'fire_spec': [1mAuthoredSpec[0m[1m([0m                   │ │
│ │                 [2m│   │   │   │   [0mticket=[1mTicketDraftOutput[0m[1m([0m                │ │
│ │                 [2m│   │   │   │   │   [0mtitle='Test ticket',                 │ │
│ │                 [2m│   │   │   │   │   [0msummary='Test summary',              │ │
│ │                 [2m│   │   │   │   │   [0mcontext='Test context',              │ │
│ │                 [2m│   │   │   │   │   [0mreferences=[1m[[0m[1m][0m,                       │ │
│ │                 [2m│   │   │   │   │   [0mrequired_changes=[1m[[0m                   │ │
│ │                 [2m│   │   │   │   │   │   [0m[1mFileChange[0m[1m([0m                      │ │
│ │                 [2m│   │   │   │   │   │   │   [0mfile_path='test.py',         │ │
│ │                 [2m│   │   │   │   │   │   │   [0mchange_type='modify',        │ │
│ │                 [2m│   │   │   │   │   │   │   [0mdescription='test change',   │ │
│ │                 [2m│   │   │   │   │   │   │   [0mrationale='test rationale'   │ │
│ │                 [2m│   │   │   │   │   │   [0m[1m)[0m                                │ │
│ │                 [2m│   │   │   │   │   [0m[1m][0m,                                   │ │
│ │                 [2m│   │   │   │   │   [0mout_of_scope=[1m[[0m[1m][0m,                     │ │
│ │                 [2m│   │   │   │   │   [0mopen_questions=[1m[[0m[1m][0m,                   │ │
│ │                 [2m│   │   │   │   │   [0msherlock_flags=[1m[[0m[1m][0m                    │ │
│ │                 [2m│   │   │   │   [0m[1m)[0m                                        │ │
│ │                 [2m│   │   │   [0m[1m)[0m,                                           │ │
│ │                 [2m│   │   │   [0m'acceptance_criteria': [1m[[0m                     │ │
│ │                 [2m│   │   │   │   [0m[1mGeneratedCriterion[0m[1m([0m                      │ │
│ │                 [2m│   │   │   │   │   [0mid='AC-1',                           │ │
│ │                 [2m│   │   │   │   │   [0mtext='The fix compiles without       │ │
│ │                 errors'                                                  │ │
│ │                 [2m│   │   │   │   [0m[1m)[0m,                                       │ │
│ │                 [2m│   │   │   │   [0m[1mGeneratedCriterion[0m[1m([0m                      │ │
│ │                 [2m│   │   │   │   │   [0mid='AC-2',                           │ │
│ │                 [2m│   │   │   │   │   [0mtext='All existing tests pass'       │ │
│ │                 [2m│   │   │   │   [0m[1m)[0m,                                       │ │
│ │                 [2m│   │   │   │   [0m[1mGeneratedCriterion[0m[1m([0m                      │ │
│ │                 [2m│   │   │   │   │   [0mid='AC-3',                           │ │
│ │                 [2m│   │   │   │   │   [0mtext='Linting passes with no new     │ │
│ │                 warnings'                                                │ │
│ │                 [2m│   │   │   │   [0m[1m)[0m                                        │ │
│ │                 [2m│   │   │   [0m[1m][0m,                                           │ │
│ │                 [2m│   │   │   [0m'criterion_set': [1mCriteriaArtifact[0m[1m([0m           │ │
│ │                 [2m│   │   │   │   [0mcriteria=[1m[[0m                               │ │
│ │                 [2m│   │   │   │   │   [0m[1mValidatedCriterion[0m[1m([0m                  │ │
│ │                 [2m│   │   │   │   │   │   [0mid='AC-1',                       │ │
│ │                 [2m│   │   │   │   │   │   [0mtext='The fix compiles without   │ │
│ │                 errors',                                                 │ │
│ │                 [2m│   │   │   │   │   │   [0m                                 │ │
│ │                 feasibility=[1mCriterionFeasibility[0m[1m([0m                        │ │
│ │                 [2m│   │   │   │   │   │   │   [0mcriterion_id='AC-1',         │ │
│ │                 [2m│   │   │   │   │   │   │   [0m                             │ │
│ │                 verdict=[1m<[0m[1mCriterionVerdict.feasible:[0m 'feasible'>,         │ │
│ │                 [2m│   │   │   │   │   │   │   [0mrefutation=[3mNone[0m,             │ │
│ │                 [2m│   │   │   │   │   │   │   [0mmissing_resource=[3mNone[0m,       │ │
│ │                 [2m│   │   │   │   │   │   │   [0mcost_measurement=[3mNone[0m,       │ │
│ │                 [2m│   │   │   │   │   │   │   [0mflags=[1m[[0m[1m][0m,                    │ │
│ │                 [2m│   │   │   │   │   │   │   [0mforbidden_class=[3mNone[0m,        │ │
│ │                 [2m│   │   │   │   │   │   │   [0mundeclared_switch_arms=[1m[[0m[1m][0m    │ │
│ │                 [2m│   │   │   │   │   │   [0m[1m)[0m                                │ │
│ │                 [2m│   │   │   │   │   [0m[1m)[0m,                                   │ │
│ │                 [2m│   │   │   │   │   [0m[1mValidatedCriterion[0m[1m([0m                  │ │
│ │                 [2m│   │   │   │   │   │   [0mid='AC-2',                       │ │
│ │                 [2m│   │   │   │   │   │   [0mtext='All existing tests pass',  │ │
│ │                 [2m│   │   │   │   │   │   [0m                                 │ │
│ │                 feasibility=[1mCriterionFeasibility[0m[1m([0m                        │ │
│ │                 [2m│   │   │   │   │   │   │   [0mcriterion_id='AC-2',         │ │
│ │                 [2m│   │   │   │   │   │   │   [0m                             │ │
│ │                 verdict=<CriterionVerdict.feasible: 'feasible'>,         │ │
│ │                 [2m│   │   │   │   │   │   │   [0mrefutation=[3mNone[0m,             │ │
│ │                 [2m│   │   │   │   │   │   │   [0mmissing_resource=[3mNone[0m,       │ │
│ │                 [2m│   │   │   │   │   │   │   [0mcost_measurement=[3mNone[0m,       │ │
│ │                 [2m│   │   │   │   │   │   │   [0mflags=[1m[[0m[1m][0m,                    │ │
│ │                 [2m│   │   │   │   │   │   │   [0mforbidden_class=[3mNone[0m,        │ │
│ │                 [2m│   │   │   │   │   │   │   [0mundeclared_switch_arms=[1m[[0m[1m][0m    │ │
│ │                 [2m│   │   │   │   │   │   [0m[1m)[0m                                │ │
│ │                 [2m│   │   │   │   │   [0m[1m)[0m,                                   │ │
│ │                 [2m│   │   │   │   │   [0m[1mValidatedCriterion[0m[1m([0m                  │ │
│ │                 [2m│   │   │   │   │   │   [0mid='AC-3',                       │ │
│ │                 [2m│   │   │   │   │   │   [0mtext='Linting passes with no new │ │
│ │                 warnings',                                               │ │
│ │                 [2m│   │   │   │   │   │   [0m                                 │ │
│ │                 feasibility=[1mCriterionFeasibility[0m[1m([0m                        │ │
│ │                 [2m│   │   │   │   │   │   │   [0mcriterion_id='AC-3',         │ │
│ │                 [2m│   │   │   │   │   │   │   [0m                             │ │
│ │                 verdict=<CriterionVerdict.feasible: 'feasible'>,         │ │
│ │                 [2m│   │   │   │   │   │   │   [0mrefutation=[3mNone[0m,             │ │
│ │                 [2m│   │   │   │   │   │   │   [0mmissing_resource=[3mNone[0m,       │ │
│ │                 [2m│   │   │   │   │   │   │   [0mcost_measurement=[3mNone[0m,       │ │
│ │                 [2m│   │   │   │   │   │   │   [0mflags=[1m[[0m[1m][0m,                    │ │
│ │                 [2m│   │   │   │   │   │   │   [0mforbidden_class=[3mNone[0m,        │ │
│ │                 [2m│   │   │   │   │   │   │   [0mundeclared_switch_arms=[1m[[0m[1m][0m    │ │
│ │                 [2m│   │   │   │   │   │   [0m[1m)[0m                                │ │
│ │                 [2m│   │   │   │   │   [0m[1m)[0m                                    │ │
│ │                 [2m│   │   │   │   [0m[1m][0m,                                       │ │
│ │                 [2m│   │   │   │   [0mconjunction=[1mConjunctionVerdict[0m[1m([0m          │ │
│ │                 [2m│   │   │   │   │   [0msatisfiable=[3mTrue[0m,                    │ │
│ │                 [2m│   │   │   │   │   [0mcontradictions=[1m[[0m[1m][0m                    │ │
│ │                 [2m│   │   │   │   [0m[1m)[0m                                        │ │
│ │                 [2m│   │   │   [0m[1m)[0m,                                           │ │
│ │                 [2m│   │   │   [0m'criteria_validation': [1mCriteriaValidation[0m[1m([0m   │ │
│ │                 [2m│   │   │   │   [0mverdicts=[1m[[0m                               │ │
│ │                 [2m│   │   │   │   │   [0m[1mCriterionFeasibility[0m[1m([0m                │ │
│ │                 [2m│   │   │   │   │   │   [0mcriterion_id='AC-1',             │ │
│ │                 [2m│   │   │   │   │   │   [0m                                 │ │
│ │                 verdict=<CriterionVerdict.feasible: 'feasible'>,         │ │
│ │                 [2m│   │   │   │   │   │   [0mrefutation=[3mNone[0m,                 │ │
│ │                 [2m│   │   │   │   │   │   [0mmissing_resource=[3mNone[0m,           │ │
│ │                 [2m│   │   │   │   │   │   [0mcost_measurement=[3mNone[0m,           │ │
│ │                 [2m│   │   │   │   │   │   [0mflags=[1m[[0m[1m][0m,                        │ │
│ │                 [2m│   │   │   │   │   │   [0mforbidden_class=[3mNone[0m,            │ │
│ │                 [2m│   │   │   │   │   │   [0mundeclared_switch_arms=[1m[[0m[1m][0m        │ │
│ │                 [2m│   │   │   │   │   [0m[1m)[0m,                                   │ │
│ │                 [2m│   │   │   │   │   [0m[1mCriterionFeasibility[0m[1m([0m                │ │
│ │                 [2m│   │   │   │   │   │   [0mcriterion_id='AC-2',             │ │
│ │                 [2m│   │   │   │   │   │   [0m                                 │ │
│ │                 verdict=<CriterionVerdict.feasible: 'feasible'>,         │ │
│ │                 [2m│   │   │   │   │   │   [0mrefutation=[3mNone[0m,                 │ │
│ │                 [2m│   │   │   │   │   │   [0mmissing_resource=[3mNone[0m,           │ │
│ │                 [2m│   │   │   │   │   │   [0mcost_measurement=[3mNone[0m,           │ │
│ │                 [2m│   │   │   │   │   │   [0mflags=[1m[[0m[1m][0m,                        │ │
│ │                 [2m│   │   │   │   │   │   [0mforbidden_class=[3mNone[0m,            │ │
│ │                 [2m│   │   │   │   │   │   [0mundeclared_switch_arms=[1m[[0m[1m][0m        │ │
│ │                 [2m│   │   │   │   │   [0m[1m)[0m,                                   │ │
│ │                 [2m│   │   │   │   │   [0m[1mCriterionFeasibility[0m[1m([0m                │ │
│ │                 [2m│   │   │   │   │   │   [0mcriterion_id='AC-3',             │ │
│ │                 [2m│   │   │   │   │   │   [0m                                 │ │
│ │                 verdict=<CriterionVerdict.feasible: 'feasible'>,         │ │
│ │                 [2m│   │   │   │   │   │   [0mrefutation=[3mNone[0m,                 │ │
│ │                 [2m│   │   │   │   │   │   [0mmissing_resource=[3mNone[0m,           │ │
│ │                 [2m│   │   │   │   │   │   [0mcost_measurement=[3mNone[0m,           │ │
│ │                 [2m│   │   │   │   │   │   [0mflags=[1m[[0m[1m][0m,                        │ │
│ │                 [2m│   │   │   │   │   │   [0mforbidden_class=[3mNone[0m,            │ │
│ │                 [2m│   │   │   │   │   │   [0mundeclared_switch_arms=[1m[[0m[1m][0m        │ │
│ │                 [2m│   │   │   │   │   [0m[1m)[0m                                    │ │
│ │                 [2m│   │   │   │   [0m[1m][0m,                                       │ │
│ │                 [2m│   │   │   │   [0mconjunction=[1mConjunctionVerdict[0m[1m([0m          │ │
│ │                 [2m│   │   │   │   │   [0msatisfiable=[3mTrue[0m,                    │ │
│ │                 [2m│   │   │   │   │   [0mcontradictions=[1m[[0m[1m][0m                    │ │
│ │                 [2m│   │   │   │   [0m[1m)[0m                                        │ │
│ │                 [2m│   │   │   [0m[1m)[0m,                                           │ │
│ │                 [2m│   │   │   [0m'criteria_regeneration_rounds': [1m0[0m,           │ │
│ │                 [2m│   │   │   [0m'criteria_infeasible': [3mFalse[0m,                │ │
│ │                 [2m│   │   │   [0m... +[1m17[0m                                      │ │
│ │                 [2m│   │   [0m[1m}[0m,                                               │ │
│ │                 [2m│   │   [0mproc=<langgraph._internal._runnable.RunnableSeq  │ │
│ │                 object at [1m0x10af44740[0m>,                                  │ │
│ │                 [2m│   │   [0mwrites=[1mdeque[0m[1m([0m[1m[[0m                                   │ │
│ │                 [2m│   │   │   [0m[1m([0m                                            │ │
│ │                 [2m│   │   │   │   [0m'__error__',                             │ │
│ │                 [2m│   │   │   │   [0m[1mTypeError[0m[1m([0m"GatedQualityGate.run() got an │ │
│ │                 unexpected keyword argument 'tracker_spec'"[1m)[0m             │ │
│ │                 [2m│   │   │   [0m[1m)[0m                                            │ │
│ │                 [2m│   │   [0m[1m][0m[1m)[0m,                                              │ │
│ │                 [2m│   │   [0mconfig=[1m{[0m                                         │ │
│ │                 [2m│   │   │   [0m'metadata': [1m{[0m                                │ │
│ │                 [2m│   │   │   │   [0m'prompt': 'fix',                         │ │
│ │                 [2m│   │   │   │   [0m'repo_path': '/tmp/fake',                │ │
│ │                 [2m│   │   │   │   [0m'permission_mode':                       │ │
│ │                 <PermissionMode.UNATTENDED: 'unattended'>,               │ │
│ │                 [2m│   │   │   │   [0m'thread_id':                             │ │
│ │                 'c619d671e8414eefa119b4cf708d48f7',                      │ │
│ │                 [2m│   │   │   │   [0m'langgraph_step': [1m6[0m,                     │ │
│ │                 [2m│   │   │   │   [0m'langgraph_node': 'run_ralph_loop',      │ │
│ │                 [2m│   │   │   │   [0m'langgraph_triggers': [1m([0m                  │ │
│ │                 [2m│   │   │   │   │   [0m'branch:to:run_ralph_loop',          │ │
│ │                 [2m│   │   │   │   [0m[1m)[0m,                                       │ │
│ │                 [2m│   │   │   │   [0m'langgraph_path': [1m([0m                      │ │
│ │                 [2m│   │   │   │   │   [0m'__pregel_pull',                     │ │
│ │                 [2m│   │   │   │   │   [0m'run_ralph_loop'                     │ │
│ │                 [2m│   │   │   │   [0m[1m)[0m,                                       │ │
│ │                 [2m│   │   │   │   [0m'langgraph_checkpoint_ns':               │ │
│ │                 'fire:c2d1e733-cc9f-9c00-11fa-00fdf82aa9a5|run_ralph_lo… │ │
│ │                 [2m│   │   │   │   [0m'checkpoint_ns':                         │ │
│ │                 'fire:c2d1e733-cc9f-9c00-11fa-00fdf82aa9a5'              │ │
│ │                 [2m│   │   │   [0m[1m}[0m,                                           │ │
│ │                 [2m│   │   │   [0m'callbacks':                                 │ │
│ │                 <langchain_core.callbacks.manager.AsyncCallbackManager   │ │
│ │                 object at [1m0x10af443e0[0m>,                                  │ │
│ │                 [2m│   │   │   [0m'configurable': [1m{[0m                            │ │
│ │                 [2m│   │   │   │   [0m'prompt': 'fix',                         │ │
│ │                 [2m│   │   │   │   [0m'repo_path': '/tmp/fake',                │ │
│ │                 [2m│   │   │   │   [0m'repo_url': [3mNone[0m,                        │ │
│ │                 [2m│   │   │   │   [0m'cache_key':                             │ │
│ │                 'c619d671e8414eefa119b4cf708d48f7',                      │ │
│ │                 [2m│   │   │   │   [0m'run_identity': [3mNone[0m,                    │ │
│ │                 [2m│   │   │   │   [0m'workspace_path': [3mNone[0m,                  │ │
│ │                 [2m│   │   │   │   [0m'base_spec': [1m{[0m                           │ │
│ │                 [2m│   │   │   │   │   [0m'inputs': [1m([0m[1m)[0m,                        │ │
│ │                 [2m│   │   │   │   │   [0m'base_branch': 'main',               │ │
│ │                 [2m│   │   │   │   │   [0m'base_role': [3mNone[0m                    │ │
│ │                 [2m│   │   │   │   [0m[1m}[0m,                                       │ │
│ │                 [2m│   │   │   │   [0m'permission_mode':                       │ │
│ │                 <PermissionMode.UNATTENDED: 'unattended'>,               │ │
│ │                 [2m│   │   │   │   [0m'allowed_tools': [1m[[0m                       │ │
│ │                 [2m│   │   │   │   │   [0m'Read',                              │ │
│ │                 [2m│   │   │   │   │   [0m'Glob',                              │ │
│ │                 [2m│   │   │   │   │   [0m'Grep',                              │ │
│ │                 [2m│   │   │   │   │   [0m'Bash',                              │ │
│ │                 [2m│   │   │   │   │   [0m'Edit',                              │ │
│ │                 [2m│   │   │   │   │   [0m'Write'                              │ │
│ │                 [2m│   │   │   │   [0m[1m][0m,                                       │ │
│ │                 [2m│   │   │   │   [0m'thread_id':                             │ │
│ │                 'c619d671e8414eefa119b4cf708d48f7',                      │ │
│ │                 [2m│   │   │   │   [0m... +[1m11[0m                                  │ │
│ │                 [2m│   │   │   [0m[1m}[0m,                                           │ │
│ │                 [2m│   │   │   [0m'run_name': 'run_ralph_loop'                 │ │
│ │                 [2m│   │   [0m[1m}[0m,                                               │ │
│ │                 [2m│   │   [0mtriggers=[1m([0m'branch:to:run_ralph_loop',[1m)[0m,          │ │
│ │                 [2m│   │   [0mretry_policy=[1m([0m                                   │ │
│ │                 [2m│   │   │   [0m[1mRetryPolicy[0m[1m([0m                                 │ │
│ │                 [2m│   │   │   │   [0minitial_interval=[1m1[0m[1m.0[0m,                    │ │
│ │                 [2m│   │   │   │   [0mbackoff_factor=[1m2[0m[1m.0[0m,                      │ │
│ │                 [2m│   │   │   │   [0mmax_interval=[1m128[0m[1m.0[0m,                      │ │
│ │                 [2m│   │   │   │   [0mmax_attempts=[1m3[0m,                          │ │
│ │                 [2m│   │   │   │   [0mjitter=[3mTrue[0m,                             │ │
│ │                 [2m│   │   │   │   [0mretry_on=<function should_retry at       │ │
│ │                 [1m0x10abdb420[0m>                                             │ │
│ │                 [2m│   │   │   [0m[1m)[0m,                                           │ │
│ │                 [2m│   │   [0m[1m)[0m,                                               │ │
│ │                 [2m│   │   [0mcache_key=[3mNone[0m,                                  │ │
│ │                 [2m│   │   [0mid='0f75d7ae-ed30-6d70-908c-6598d2982227',       │ │
│ │                 [2m│   │   [0mpath=[1m([0m'__pregel_pull', 'run_ralph_loop'[1m)[0m,        │ │
│ │                 [2m│   │   [0mwriters=[1m[[0m                                        │ │
│ │                 [2m│   │   │   [0m                                             │ │
│ │                 ChannelWrite<...,...,branch:to:merge_to_feature>[1m([0mtags=[3mN…[0m │ │
│ │                 recurse=[3mTrue[0m, explode_args=[3mFalse[0m,                        │ │
│ │                 func_accepts=[1m{[0m'config': [1m([0m'N/A', <class                   │ │
│ │                 'inspect._empty'>[1m)[0m[1m}[0m,                                     │ │
│ │                 writes=[1m([0m[1mChannelWriteTupleEntry[0m[1m([0mmapper=<function          │ │
│ │                 CompiledStateGraph.attach_node.<locals>._get_updates at  │ │
│ │                 [1m0x10b1f11c0[0m>, value=<object object at [1m0x10905e2e0[0m>,      │ │
│ │                 static=[3mNone[0m[1m)[0m, [1mChannelWriteTupleEntry[0m[1m([0mmapper=<function    │ │
│ │                 _control_branch at [1m0x10abdee80[0m>, value=<object object at │ │
│ │                 [1m0x10905e2e0[0m[1m>[0m, static=[1m[[0m[1m][0m[1m)[0m,                                │ │
│ │                 [1mChannelWriteEntry[0m[1m([0mchannel='branch:to:merge_to_feature',  │ │
│ │                 value=[3mNone[0m, skip_none=[3mFalse[0m, mapper=[3mNone[0m[1m)[0m[1m)[0m[1m)[0m              │ │
│ │                 [2m│   │   [0m[1m][0m,                                               │ │
│ │                 [2m│   │   [0msubgraphs=[1m[[0m[1m][0m                                     │ │
│ │                 [2m│   [0m[1m)[0m,                                                   │ │
│ │                 [1m)[0m                                                        │ │
│ │            [3mtb[0m = [1m<[0m[1mtraceback[0m object at [1m0x10aca7ac0[0m[1m>[0m                        │ │
│ │       [3mtimeout[0m = [3mNone[0m                                                     │ │
│ ╰──────────────────────────────────────────────────────────────────────────╯ │
│                                                                              │
│ [2m/private/tmp/kodezart-v03-recovery-native-compat/.venv/lib/python3.12/site-p[0m │
│ [2mackages/langgraph/pregel/[0m[1m_retry.py[0m:163 in arun_with_retry                    │
│                                                                              │
│   [2m160 [0m[2m│   │   │   │   [0m[2m# if successful, end[0m                                   │
│   [2m161 [0m[2m│   │   │   │   [0mbreak                                                  │
│   [2m162 [0m[2m│   │   │   [0melse:                                                      │
│ ❱ 163 [2m│   │   │   │   [0mreturn await task.proc.ainvoke(task.input, config)     │
│   [2m164 [0m[2m│   │   [0mexcept ParentCommand as exc:                                   │
│   [2m165 [0m[2m│   │   │   [0mns: str = config[CONF][CONFIG_KEY_CHECKPOINT_NS]           │
│   [2m166 [0m[2m│   │   │   [0mcmd = exc.args[0]                                          │
│                                                                              │
│ ╭───────────────────────────────── locals ─────────────────────────────────╮ │
│ │            [3mattempts[0m = [1m0[0m                                                  │ │
│ │              [3mconfig[0m = [1m{[0m                                                  │ │
│ │                       [2m│   [0m'metadata': [1m{[0m                                  │ │
│ │                       [2m│   │   [0m'prompt': 'fix',                           │ │
│ │                       [2m│   │   [0m'repo_path': '/tmp/fake',                  │ │
│ │                       [2m│   │   [0m'permission_mode':                         │ │
│ │                       [1m<[0m[1mPermissionMode.UNATTENDED:[0m 'unattended'>,         │ │
│ │                       [2m│   │   [0m'thread_id':                               │ │
│ │                       'c619d671e8414eefa119b4cf708d48f7',                │ │
│ │                       [2m│   │   [0m'langgraph_step': [1m6[0m,                       │ │
│ │                       [2m│   │   [0m'langgraph_node': 'run_ralph_loop',        │ │
│ │                       [2m│   │   [0m'langgraph_triggers': [1m([0m                    │ │
│ │                       [2m│   │   │   [0m'branch:to:run_ralph_loop',            │ │
│ │                       [2m│   │   [0m[1m)[0m,                                         │ │
│ │                       [2m│   │   [0m'langgraph_path': [1m([0m                        │ │
│ │                       [2m│   │   │   [0m'__pregel_pull',                       │ │
│ │                       [2m│   │   │   [0m'run_ralph_loop'                       │ │
│ │                       [2m│   │   [0m[1m)[0m,                                         │ │
│ │                       [2m│   │   [0m'langgraph_checkpoint_ns':                 │ │
│ │                       'fire:c2d1e733-cc9f-9c00-11fa-00fdf82aa9a5|run_ra… │ │
│ │                       [2m│   │   [0m'checkpoint_ns':                           │ │
│ │                       'fire:c2d1e733-cc9f-9c00-11fa-00fdf82aa9a5'        │ │
│ │                       [2m│   [0m[1m}[0m,                                             │ │
│ │                       [2m│   [0m'callbacks':                                   │ │
│ │                       <langchain_core.callbacks.manager.AsyncCallbackMa… │ │
│ │                       object at [1m0x10af443e0[0m>,                            │ │
│ │                       [2m│   [0m'configurable': [1m{[0m                              │ │
│ │                       [2m│   │   [0m'prompt': 'fix',                           │ │
│ │                       [2m│   │   [0m'repo_path': '/tmp/fake',                  │ │
│ │                       [2m│   │   [0m'repo_url': [3mNone[0m,                          │ │
│ │                       [2m│   │   [0m'cache_key':                               │ │
│ │                       'c619d671e8414eefa119b4cf708d48f7',                │ │
│ │                       [2m│   │   [0m'run_identity': [3mNone[0m,                      │ │
│ │                       [2m│   │   [0m'workspace_path': [3mNone[0m,                    │ │
│ │                       [2m│   │   [0m'base_spec': [1m{[0m                             │ │
│ │                       [2m│   │   │   [0m'inputs': [1m([0m[1m)[0m,                          │ │
│ │                       [2m│   │   │   [0m'base_branch': 'main',                 │ │
│ │                       [2m│   │   │   [0m'base_role': [3mNone[0m                      │ │
│ │                       [2m│   │   [0m[1m}[0m,                                         │ │
│ │                       [2m│   │   [0m'permission_mode':                         │ │
│ │                       <PermissionMode.UNATTENDED: 'unattended'[1m>[0m,         │ │
│ │                       [2m│   │   [0m'allowed_tools': [1m[[0m                         │ │
│ │                       [2m│   │   │   [0m'Read',                                │ │
│ │                       [2m│   │   │   [0m'Glob',                                │ │
│ │                       [2m│   │   │   [0m'Grep',                                │ │
│ │                       [2m│   │   │   [0m'Bash',                                │ │
│ │                       [2m│   │   │   [0m'Edit',                                │ │
│ │                       [2m│   │   │   [0m'Write'                                │ │
│ │                       [2m│   │   [0m[1m][0m,                                         │ │
│ │                       [2m│   │   [0m'thread_id':                               │ │
│ │                       'c619d671e8414eefa119b4cf708d48f7',                │ │
│ │                       [2m│   │   [0m... +[1m11[0m                                    │ │
│ │                       [2m│   [0m[1m}[0m,                                             │ │
│ │                       [2m│   [0m'run_name': 'run_ralph_loop'                   │ │
│ │                       [1m}[0m                                                  │ │
│ │        [3mconfigurable[0m = [1m{[0m                                                  │ │
│ │                       [2m│   [0m'__pregel_call': [1mfunctools.partial[0m[1m([0m[1m<[0m[1mfunction[0m   │ │
│ │                       _acall at [1m0x10ac7aca0[0m>, <weakref at [1m0x10b8aed40[0m;   │ │
│ │                       to 'PregelExecutableTask' at [1m0x10b88ca70[0m>,         │ │
│ │                       stream=[3mFalse[0m, retry_policy=[3mNone[0m, futures=<weakref  │ │
│ │                       at [1m0x10b8ae930[0m; to 'FuturesDict' at [1m0x10b8ac8c0[0m>,  │ │
│ │                       schedule_task=<bound method                        │ │
│ │                       AsyncPregelLoop.aaccept_push of                    │ │
│ │                       <langgraph.pregel._loop.AsyncPregelLoop object at  │ │
│ │                       [1m0x10af46210[0m>>, submit=<weakref at [1m0x10b69dbd0[0m; to  │ │
│ │                       'AsyncBackgroundExecutor' at [1m0x10af40230[0m>,         │ │
│ │                       loop=<_UnixSelectorEventLoop running=[3mTrue[0m          │ │
│ │                       closed=[3mFalse[0m debug=[3mFalse[0m[1m>[0m[1m)[0m                         │ │
│ │                       [1m}[0m                                                  │ │
│ │ [3mmatch_cached_writes[0m = [3mNone[0m                                               │ │
│ │     [3mmatching_policy[0m = [3mNone[0m                                               │ │
│ │              [3mpolicy[0m = [1mRetryPolicy[0m[1m([0m                                       │ │
│ │                       [2m│   [0minitial_interval=[1m1[0m[1m.0[0m,                          │ │
│ │                       [2m│   [0mbackoff_factor=[1m2[0m[1m.0[0m,                            │ │
│ │                       [2m│   [0mmax_interval=[1m128[0m[1m.0[0m,                            │ │
│ │                       [2m│   [0mmax_attempts=[1m3[0m,                                │ │
│ │                       [2m│   [0mjitter=[3mTrue[0m,                                   │ │
│ │                       [2m│   [0mretry_on=[1m<[0m[1mfunction[0m should_retry at             │ │
│ │                       [1m0x10abdb420[0m[1m>[0m                                       │ │
│ │                       [1m)[0m                                                  │ │
│ │        [3mretry_policy[0m = [1m([0m                                                  │ │
│ │                       [2m│   [0m[1mRetryPolicy[0m[1m([0m                                   │ │
│ │                       [2m│   │   [0minitial_interval=[1m1[0m[1m.0[0m,                      │ │
│ │                       [2m│   │   [0mbackoff_factor=[1m2[0m[1m.0[0m,                        │ │
│ │                       [2m│   │   [0mmax_interval=[1m128[0m[1m.0[0m,                        │ │
│ │                       [2m│   │   [0mmax_attempts=[1m3[0m,                            │ │
│ │                       [2m│   │   [0mjitter=[3mTrue[0m,                               │ │
│ │                       [2m│   │   [0mretry_on=[1m<[0m[1mfunction[0m should_retry at         │ │
│ │                       [1m0x10abdb420[0m[1m>[0m                                       │ │
│ │                       [2m│   [0m[1m)[0m,                                             │ │
│ │                       [1m)[0m                                                  │ │
│ │              [3mstream[0m = [3mFalse[0m                                              │ │
│ │                [3mtask[0m = [1mPregelExecutableTask[0m[1m([0m                              │ │
│ │                       [2m│   [0mname='run_ralph_loop',                         │ │
│ │                       [2m│   [0minput=[1m{[0m                                        │ │
│ │                       [2m│   │   [0m'issue_key': [3mNone[0m,                         │ │
│ │                       [2m│   │   [0m'feature_branch':                          │ │
│ │                       'kodezart/scripted-branch-7f3febe8',               │ │
│ │                       [2m│   │   [0m'ralph_branch':                            │ │
│ │                       'kodezart/scripted-branch-7f3febe8-ralph-7021a0c1… │ │
│ │                       [2m│   │   [0m'work_base_ref': 'main',                   │ │
│ │                       [2m│   │   [0m'fire_spec': [1mAuthoredSpec[0m[1m([0m                 │ │
│ │                       [2m│   │   │   [0mticket=[1mTicketDraftOutput[0m[1m([0m              │ │
│ │                       [2m│   │   │   │   [0mtitle='Test ticket',               │ │
│ │                       [2m│   │   │   │   [0msummary='Test summary',            │ │
│ │                       [2m│   │   │   │   [0mcontext='Test context',            │ │
│ │                       [2m│   │   │   │   [0mreferences=[1m[[0m[1m][0m,                     │ │
│ │                       [2m│   │   │   │   [0mrequired_changes=[1m[[0m                 │ │
│ │                       [2m│   │   │   │   │   [0m[1mFileChange[0m[1m([0m                    │ │
│ │                       [2m│   │   │   │   │   │   [0mfile_path='test.py',       │ │
│ │                       [2m│   │   │   │   │   │   [0mchange_type='modify',      │ │
│ │                       [2m│   │   │   │   │   │   [0mdescription='test change', │ │
│ │                       [2m│   │   │   │   │   │   [0mrationale='test rationale' │ │
│ │                       [2m│   │   │   │   │   [0m[1m)[0m                              │ │
│ │                       [2m│   │   │   │   [0m[1m][0m,                                 │ │
│ │                       [2m│   │   │   │   [0mout_of_scope=[1m[[0m[1m][0m,                   │ │
│ │                       [2m│   │   │   │   [0mopen_questions=[1m[[0m[1m][0m,                 │ │
│ │                       [2m│   │   │   │   [0msherlock_flags=[1m[[0m[1m][0m                  │ │
│ │                       [2m│   │   │   [0m[1m)[0m                                      │ │
│ │                       [2m│   │   [0m[1m)[0m,                                         │ │
│ │                       [2m│   │   [0m'acceptance_criteria': [1m[[0m                   │ │
│ │                       [2m│   │   │   [0m[1mGeneratedCriterion[0m[1m([0m                    │ │
│ │                       [2m│   │   │   │   [0mid='AC-1',                         │ │
│ │                       [2m│   │   │   │   [0mtext='The fix compiles without     │ │
│ │                       errors'                                            │ │
│ │                       [2m│   │   │   [0m[1m)[0m,                                     │ │
│ │                       [2m│   │   │   [0m[1mGeneratedCriterion[0m[1m([0m                    │ │
│ │                       [2m│   │   │   │   [0mid='AC-2',                         │ │
│ │                       [2m│   │   │   │   [0mtext='All existing tests pass'     │ │
│ │                       [2m│   │   │   [0m[1m)[0m,                                     │ │
│ │                       [2m│   │   │   [0m[1mGeneratedCriterion[0m[1m([0m                    │ │
│ │                       [2m│   │   │   │   [0mid='AC-3',                         │ │
│ │                       [2m│   │   │   │   [0mtext='Linting passes with no new   │ │
│ │                       warnings'                                          │ │
│ │                       [2m│   │   │   [0m[1m)[0m                                      │ │
│ │                       [2m│   │   [0m[1m][0m,                                         │ │
│ │                       [2m│   │   [0m'criterion_set': [1mCriteriaArtifact[0m[1m([0m         │ │
│ │                       [2m│   │   │   [0mcriteria=[1m[[0m                             │ │
│ │                       [2m│   │   │   │   [0m[1mValidatedCriterion[0m[1m([0m                │ │
│ │                       [2m│   │   │   │   │   [0mid='AC-1',                     │ │
│ │                       [2m│   │   │   │   │   [0mtext='The fix compiles without │ │
│ │                       errors',                                           │ │
│ │                       [2m│   │   │   │   │   [0m                               │ │
│ │                       feasibility=[1mCriterionFeasibility[0m[1m([0m                  │ │
│ │                       [2m│   │   │   │   │   │   [0mcriterion_id='AC-1',       │ │
│ │                       [2m│   │   │   │   │   │   [0m                           │ │
│ │                       verdict=[1m<[0m[1mCriterionVerdict.feasible:[0m 'feasible'>,   │ │
│ │                       [2m│   │   │   │   │   │   [0mrefutation=[3mNone[0m,           │ │
│ │                       [2m│   │   │   │   │   │   [0mmissing_resource=[3mNone[0m,     │ │
│ │                       [2m│   │   │   │   │   │   [0mcost_measurement=[3mNone[0m,     │ │
│ │                       [2m│   │   │   │   │   │   [0mflags=[1m[[0m[1m][0m,                  │ │
│ │                       [2m│   │   │   │   │   │   [0mforbidden_class=[3mNone[0m,      │ │
│ │                       [2m│   │   │   │   │   │   [0mundeclared_switch_arms=[1m[[0m[1m][0m  │ │
│ │                       [2m│   │   │   │   │   [0m[1m)[0m                              │ │
│ │                       [2m│   │   │   │   [0m[1m)[0m,                                 │ │
│ │                       [2m│   │   │   │   [0m[1mValidatedCriterion[0m[1m([0m                │ │
│ │                       [2m│   │   │   │   │   [0mid='AC-2',                     │ │
│ │                       [2m│   │   │   │   │   [0mtext='All existing tests       │ │
│ │                       pass',                                             │ │
│ │                       [2m│   │   │   │   │   [0m                               │ │
│ │                       feasibility=[1mCriterionFeasibility[0m[1m([0m                  │ │
│ │                       [2m│   │   │   │   │   │   [0mcriterion_id='AC-2',       │ │
│ │                       [2m│   │   │   │   │   │   [0m                           │ │
│ │                       verdict=<CriterionVerdict.feasible: 'feasible'>,   │ │
│ │                       [2m│   │   │   │   │   │   [0mrefutation=[3mNone[0m,           │ │
│ │                       [2m│   │   │   │   │   │   [0mmissing_resource=[3mNone[0m,     │ │
│ │                       [2m│   │   │   │   │   │   [0mcost_measurement=[3mNone[0m,     │ │
│ │                       [2m│   │   │   │   │   │   [0mflags=[1m[[0m[1m][0m,                  │ │
│ │                       [2m│   │   │   │   │   │   [0mforbidden_class=[3mNone[0m,      │ │
│ │                       [2m│   │   │   │   │   │   [0mundeclared_switch_arms=[1m[[0m[1m][0m  │ │
│ │                       [2m│   │   │   │   │   [0m[1m)[0m                              │ │
│ │                       [2m│   │   │   │   [0m[1m)[0m,                                 │ │
│ │                       [2m│   │   │   │   [0m[1mValidatedCriterion[0m[1m([0m                │ │
│ │                       [2m│   │   │   │   │   [0mid='AC-3',                     │ │
│ │                       [2m│   │   │   │   │   [0mtext='Linting passes with no   │ │
│ │                       new warnings',                                     │ │
│ │                       [2m│   │   │   │   │   [0m                               │ │
│ │                       feasibility=[1mCriterionFeasibility[0m[1m([0m                  │ │
│ │                       [2m│   │   │   │   │   │   [0mcriterion_id='AC-3',       │ │
│ │                       [2m│   │   │   │   │   │   [0m                           │ │
│ │                       verdict=<CriterionVerdict.feasible: 'feasible'>,   │ │
│ │                       [2m│   │   │   │   │   │   [0mrefutation=[3mNone[0m,           │ │
│ │                       [2m│   │   │   │   │   │   [0mmissing_resource=[3mNone[0m,     │ │
│ │                       [2m│   │   │   │   │   │   [0mcost_measurement=[3mNone[0m,     │ │
│ │                       [2m│   │   │   │   │   │   [0mflags=[1m[[0m[1m][0m,                  │ │
│ │                       [2m│   │   │   │   │   │   [0mforbidden_class=[3mNone[0m,      │ │
│ │                       [2m│   │   │   │   │   │   [0mundeclared_switch_arms=[1m[[0m[1m][0m  │ │
│ │                       [2m│   │   │   │   │   [0m[1m)[0m                              │ │
│ │                       [2m│   │   │   │   [0m[1m)[0m                                  │ │
│ │                       [2m│   │   │   [0m[1m][0m,                                     │ │
│ │                       [2m│   │   │   [0mconjunction=[1mConjunctionVerdict[0m[1m([0m        │ │
│ │                       [2m│   │   │   │   [0msatisfiable=[3mTrue[0m,                  │ │
│ │                       [2m│   │   │   │   [0mcontradictions=[1m[[0m[1m][0m                  │ │
│ │                       [2m│   │   │   [0m[1m)[0m                                      │ │
│ │                       [2m│   │   [0m[1m)[0m,                                         │ │
│ │                       [2m│   │   [0m'criteria_validation': [1mCriteriaValidation[0m[1m([0m │ │
│ │                       [2m│   │   │   [0mverdicts=[1m[[0m                             │ │
│ │                       [2m│   │   │   │   [0m[1mCriterionFeasibility[0m[1m([0m              │ │
│ │                       [2m│   │   │   │   │   [0mcriterion_id='AC-1',           │ │
│ │                       [2m│   │   │   │   │   [0m                               │ │
│ │                       verdict=<CriterionVerdict.feasible: 'feasible'>,   │ │
│ │                       [2m│   │   │   │   │   [0mrefutation=[3mNone[0m,               │ │
│ │                       [2m│   │   │   │   │   [0mmissing_resource=[3mNone[0m,         │ │
│ │                       [2m│   │   │   │   │   [0mcost_measurement=[3mNone[0m,         │ │
│ │                       [2m│   │   │   │   │   [0mflags=[1m[[0m[1m][0m,                      │ │
│ │                       [2m│   │   │   │   │   [0mforbidden_class=[3mNone[0m,          │ │
│ │                       [2m│   │   │   │   │   [0mundeclared_switch_arms=[1m[[0m[1m][0m      │ │
│ │                       [2m│   │   │   │   [0m[1m)[0m,                                 │ │
│ │                       [2m│   │   │   │   [0m[1mCriterionFeasibility[0m[1m([0m              │ │
│ │                       [2m│   │   │   │   │   [0mcriterion_id='AC-2',           │ │
│ │                       [2m│   │   │   │   │   [0m                               │ │
│ │                       verdict=<CriterionVerdict.feasible: 'feasible'>,   │ │
│ │                       [2m│   │   │   │   │   [0mrefutation=[3mNone[0m,               │ │
│ │                       [2m│   │   │   │   │   [0mmissing_resource=[3mNone[0m,         │ │
│ │                       [2m│   │   │   │   │   [0mcost_measurement=[3mNone[0m,         │ │
│ │                       [2m│   │   │   │   │   [0mflags=[1m[[0m[1m][0m,                      │ │
│ │                       [2m│   │   │   │   │   [0mforbidden_class=[3mNone[0m,          │ │
│ │                       [2m│   │   │   │   │   [0mundeclared_switch_arms=[1m[[0m[1m][0m      │ │
│ │                       [2m│   │   │   │   [0m[1m)[0m,                                 │ │
│ │                       [2m│   │   │   │   [0m[1mCriterionFeasibility[0m[1m([0m              │ │
│ │                       [2m│   │   │   │   │   [0mcriterion_id='AC-3',           │ │
│ │                       [2m│   │   │   │   │   [0m                               │ │
│ │                       verdict=<CriterionVerdict.feasible: 'feasible'>,   │ │
│ │                       [2m│   │   │   │   │   [0mrefutation=[3mNone[0m,               │ │
│ │                       [2m│   │   │   │   │   [0mmissing_resource=[3mNone[0m,         │ │
│ │                       [2m│   │   │   │   │   [0mcost_measurement=[3mNone[0m,         │ │
│ │                       [2m│   │   │   │   │   [0mflags=[1m[[0m[1m][0m,                      │ │
│ │                       [2m│   │   │   │   │   [0mforbidden_class=[3mNone[0m,          │ │
│ │                       [2m│   │   │   │   │   [0mundeclared_switch_arms=[1m[[0m[1m][0m      │ │
│ │                       [2m│   │   │   │   [0m[1m)[0m                                  │ │
│ │                       [2m│   │   │   [0m[1m][0m,                                     │ │
│ │                       [2m│   │   │   [0mconjunction=[1mConjunctionVerdict[0m[1m([0m        │ │
│ │                       [2m│   │   │   │   [0msatisfiable=[3mTrue[0m,                  │ │
│ │                       [2m│   │   │   │   [0mcontradictions=[1m[[0m[1m][0m                  │ │
│ │                       [2m│   │   │   [0m[1m)[0m                                      │ │
│ │                       [2m│   │   [0m[1m)[0m,                                         │ │
│ │                       [2m│   │   [0m'criteria_regeneration_rounds': [1m0[0m,         │ │
│ │                       [2m│   │   [0m'criteria_infeasible': [3mFalse[0m,              │ │
│ │                       [2m│   │   [0m... +[1m17[0m                                    │ │
│ │                       [2m│   [0m[1m}[0m,                                             │ │
│ │                       [2m│   [0m                                               │ │
│ │                       proc=<langgraph._internal._runnable.RunnableSeq    │ │
│ │                       object at [1m0x10af44740[0m>,                            │ │
│ │                       [2m│   [0mwrites=[1mdeque[0m[1m([0m[1m[[0m                                 │ │
│ │                       [2m│   │   [0m[1m([0m                                          │ │
│ │                       [2m│   │   │   [0m'__error__',                           │ │
│ │                       [2m│   │   │   [0m[1mTypeError[0m[1m([0m"GatedQualityGate.run() got  │ │
│ │                       an unexpected keyword argument 'tracker_spec'"[1m)[0m    │ │
│ │                       [2m│   │   [0m[1m)[0m                                          │ │
│ │                       [2m│   [0m[1m][0m[1m)[0m,                                            │ │
│ │                       [2m│   [0mconfig=[1m{[0m                                       │ │
│ │                       [2m│   │   [0m'metadata': [1m{[0m                              │ │
│ │                       [2m│   │   │   [0m'prompt': 'fix',                       │ │
│ │                       [2m│   │   │   [0m'repo_path': '/tmp/fake',              │ │
│ │                       [2m│   │   │   [0m'permission_mode':                     │ │
│ │                       <PermissionMode.UNATTENDED: 'unattended'>,         │ │
│ │                       [2m│   │   │   [0m'thread_id':                           │ │
│ │                       'c619d671e8414eefa119b4cf708d48f7',                │ │
│ │                       [2m│   │   │   [0m'langgraph_step': [1m6[0m,                   │ │
│ │                       [2m│   │   │   [0m'langgraph_node': 'run_ralph_loop',    │ │
│ │                       [2m│   │   │   [0m'langgraph_triggers': [1m([0m                │ │
│ │                       [2m│   │   │   │   [0m'branch:to:run_ralph_loop',        │ │
│ │                       [2m│   │   │   [0m[1m)[0m,                                     │ │
│ │                       [2m│   │   │   [0m'langgraph_path': [1m([0m                    │ │
│ │                       [2m│   │   │   │   [0m'__pregel_pull',                   │ │
│ │                       [2m│   │   │   │   [0m'run_ralph_loop'                   │ │
│ │                       [2m│   │   │   [0m[1m)[0m,                                     │ │
│ │                       [2m│   │   │   [0m'langgraph_checkpoint_ns':             │ │
│ │                       'fire:c2d1e733-cc9f-9c00-11fa-00fdf82aa9a5|run_ra… │ │
│ │                       [2m│   │   │   [0m'checkpoint_ns':                       │ │
│ │                       'fire:c2d1e733-cc9f-9c00-11fa-00fdf82aa9a5'        │ │
│ │                       [2m│   │   [0m[1m}[0m,                                         │ │
│ │                       [2m│   │   [0m'callbacks':                               │ │
│ │                       <langchain_core.callbacks.manager.AsyncCallbackMa… │ │
│ │                       object at [1m0x10af443e0[0m>,                            │ │
│ │                       [2m│   │   [0m'configurable': [1m{[0m                          │ │
│ │                       [2m│   │   │   [0m'prompt': 'fix',                       │ │
│ │                       [2m│   │   │   [0m'repo_path': '/tmp/fake',              │ │
│ │                       [2m│   │   │   [0m'repo_url': [3mNone[0m,                      │ │
│ │                       [2m│   │   │   [0m'cache_key':                           │ │
│ │                       'c619d671e8414eefa119b4cf708d48f7',                │ │
│ │                       [2m│   │   │   [0m'run_identity': [3mNone[0m,                  │ │
│ │                       [2m│   │   │   [0m'workspace_path': [3mNone[0m,                │ │
│ │                       [2m│   │   │   [0m'base_spec': [1m{[0m                         │ │
│ │                       [2m│   │   │   │   [0m'inputs': [1m([0m[1m)[0m,                      │ │
│ │                       [2m│   │   │   │   [0m'base_branch': 'main',             │ │
│ │                       [2m│   │   │   │   [0m'base_role': [3mNone[0m                  │ │
│ │                       [2m│   │   │   [0m[1m}[0m,                                     │ │
│ │                       [2m│   │   │   [0m'permission_mode':                     │ │
│ │                       <PermissionMode.UNATTENDED: 'unattended'>,         │ │
│ │                       [2m│   │   │   [0m'allowed_tools': [1m[[0m                     │ │
│ │                       [2m│   │   │   │   [0m'Read',                            │ │
│ │                       [2m│   │   │   │   [0m'Glob',                            │ │
│ │                       [2m│   │   │   │   [0m'Grep',                            │ │
│ │                       [2m│   │   │   │   [0m'Bash',                            │ │
│ │                       [2m│   │   │   │   [0m'Edit',                            │ │
│ │                       [2m│   │   │   │   [0m'Write'                            │ │
│ │                       [2m│   │   │   [0m[1m][0m,                                     │ │
│ │                       [2m│   │   │   [0m'thread_id':                           │ │
│ │                       'c619d671e8414eefa119b4cf708d48f7',                │ │
│ │                       [2m│   │   │   [0m... +[1m11[0m                                │ │
│ │                       [2m│   │   [0m[1m}[0m,                                         │ │
│ │                       [2m│   │   [0m'run_name': 'run_ralph_loop'               │ │
│ │                       [2m│   [0m[1m}[0m,                                             │ │
│ │                       [2m│   [0mtriggers=[1m([0m'branch:to:run_ralph_loop',[1m)[0m,        │ │
│ │                       [2m│   [0mretry_policy=[1m([0m                                 │ │
│ │                       [2m│   │   [0m[1mRetryPolicy[0m[1m([0m                               │ │
│ │                       [2m│   │   │   [0minitial_interval=[1m1[0m[1m.0[0m,                  │ │
│ │                       [2m│   │   │   [0mbackoff_factor=[1m2[0m[1m.0[0m,                    │ │
│ │                       [2m│   │   │   [0mmax_interval=[1m128[0m[1m.0[0m,                    │ │
│ │                       [2m│   │   │   [0mmax_attempts=[1m3[0m,                        │ │
│ │                       [2m│   │   │   [0mjitter=[3mTrue[0m,                           │ │
│ │                       [2m│   │   │   [0mretry_on=<function should_retry at     │ │
│ │                       [1m0x10abdb420[0m>                                       │ │
│ │                       [2m│   │   [0m[1m)[0m,                                         │ │
│ │                       [2m│   [0m[1m)[0m,                                             │ │
│ │                       [2m│   [0mcache_key=[3mNone[0m,                                │ │
│ │                       [2m│   [0mid='0f75d7ae-ed30-6d70-908c-6598d2982227',     │ │
│ │                       [2m│   [0mpath=[1m([0m'__pregel_pull', 'run_ralph_loop'[1m)[0m,      │ │
│ │                       [2m│   [0mwriters=[1m[[0m                                      │ │
│ │                       [2m│   │   [0m                                           │ │
│ │                       ChannelWrite<...,...,branch:to:merge_to_feature>[1m([0m… │ │
│ │                       recurse=[3mTrue[0m, explode_args=[3mFalse[0m,                  │ │
│ │                       func_accepts=[1m{[0m'config': [1m([0m'N/A', <class             │ │
│ │                       'inspect._empty'>[1m)[0m[1m}[0m,                               │ │
│ │                       writes=[1m([0m[1mChannelWriteTupleEntry[0m[1m([0mmapper=<function    │ │
│ │                       CompiledStateGraph.attach_node.<locals>._get_upda… │ │
│ │                       at [1m0x10b1f11c0[0m>, value=<object object at           │ │
│ │                       [1m0x10905e2e0[0m>, static=[3mNone[0m[1m)[0m,                        │ │
│ │                       [1mChannelWriteTupleEntry[0m[1m([0mmapper=<function            │ │
│ │                       _control_branch at [1m0x10abdee80[0m>, value=<object     │ │
│ │                       object at [1m0x10905e2e0[0m[1m>[0m, static=[1m[[0m[1m][0m[1m)[0m,                │ │
│ │                       [1mChannelWriteEntry[0m[1m([0mchannel='branch:to:merge_to_fea… │ │
│ │                       value=[3mNone[0m, skip_none=[3mFalse[0m, mapper=[3mNone[0m[1m)[0m[1m)[0m[1m)[0m        │ │
│ │                       [2m│   [0m[1m][0m,                                             │ │
│ │                       [2m│   [0msubgraphs=[1m[[0m[1m][0m                                   │ │
│ │                       [1m)[0m                                                  │ │
│ ╰──────────────────────────────────────────────────────────────────────────╯ │
│                                                                              │
│ [2m/private/tmp/kodezart-v03-recovery-native-compat/.venv/lib/python3.12/site-p[0m │
│ [2mackages/langgraph/_internal/[0m[1m_runnable.py[0m:705 in ainvoke                      │
│                                                                              │
│   [2m702 [0m[2m│   │   │   │   │   │   │   [0mrun = None                                 │
│   [2m703 [0m[2m│   │   │   │   │   │   [0m[2m# run in context[0m                               │
│   [2m704 [0m[2m│   │   │   │   │   │   [0mwith set_config_context(config, run) as contex │
│ ❱ 705 [2m│   │   │   │   │   │   │   [0minput = await asyncio.create_task(         │
│   [2m706 [0m[2m│   │   │   │   │   │   │   │   [0mstep.ainvoke(input, config, **kwargs), │
│   [2m707 [0m[2m│   │   │   │   │   │   │   [0m)                                          │
│   [2m708 [0m[2m│   │   │   │   │   [0melse:                                              │
│                                                                              │
│ ╭───────────────────────────────── locals ─────────────────────────────────╮ │
│ │ [3mcallback_manager[0m = [1m<[0m[1mlangchain_core.callbacks.manager.AsyncCallbackManag…[0m │ │
│ │                    object at [1m0x10af443e0[0m[1m>[0m                                │ │
│ │           [3mconfig[0m = [1m{[0m                                                     │ │
│ │                    [2m│   [0m'metadata': [1m{[0m                                     │ │
│ │                    [2m│   │   [0m'prompt': 'fix',                              │ │
│ │                    [2m│   │   [0m'repo_path': '/tmp/fake',                     │ │
│ │                    [2m│   │   [0m'permission_mode':                            │ │
│ │                    [1m<[0m[1mPermissionMode.UNATTENDED:[0m 'unattended'>,            │ │
│ │                    [2m│   │   [0m'thread_id':                                  │ │
│ │                    'c619d671e8414eefa119b4cf708d48f7',                   │ │
│ │                    [2m│   │   [0m'langgraph_step': [1m6[0m,                          │ │
│ │                    [2m│   │   [0m'langgraph_node': 'run_ralph_loop',           │ │
│ │                    [2m│   │   [0m'langgraph_triggers': [1m([0m                       │ │
│ │                    [2m│   │   │   [0m'branch:to:run_ralph_loop',               │ │
│ │                    [2m│   │   [0m[1m)[0m,                                            │ │
│ │                    [2m│   │   [0m'langgraph_path': [1m([0m                           │ │
│ │                    [2m│   │   │   [0m'__pregel_pull',                          │ │
│ │                    [2m│   │   │   [0m'run_ralph_loop'                          │ │
│ │                    [2m│   │   [0m[1m)[0m,                                            │ │
│ │                    [2m│   │   [0m'langgraph_checkpoint_ns':                    │ │
│ │                    'fire:c2d1e733-cc9f-9c00-11fa-00fdf82aa9a5|run_ralph… │ │
│ │                    [2m│   │   [0m'checkpoint_ns':                              │ │
│ │                    'fire:c2d1e733-cc9f-9c00-11fa-00fdf82aa9a5'           │ │
│ │                    [2m│   [0m[1m}[0m,                                                │ │
│ │                    [2m│   [0m'callbacks':                                      │ │
│ │                    <langchain_core.callbacks.manager.AsyncCallbackManag… │ │
│ │                    object at [1m0x10af45370[0m>,                               │ │
│ │                    [2m│   [0m'configurable': [1m{[0m                                 │ │
│ │                    [2m│   │   [0m'prompt': 'fix',                              │ │
│ │                    [2m│   │   [0m'repo_path': '/tmp/fake',                     │ │
│ │                    [2m│   │   [0m'repo_url': [3mNone[0m,                             │ │
│ │                    [2m│   │   [0m'cache_key':                                  │ │
│ │                    'c619d671e8414eefa119b4cf708d48f7',                   │ │
│ │                    [2m│   │   [0m'run_identity': [3mNone[0m,                         │ │
│ │                    [2m│   │   [0m'workspace_path': [3mNone[0m,                       │ │
│ │                    [2m│   │   [0m'base_spec': [1m{[0m                                │ │
│ │                    [2m│   │   │   [0m'inputs': [1m([0m[1m)[0m,                             │ │
│ │                    [2m│   │   │   [0m'base_branch': 'main',                    │ │
│ │                    [2m│   │   │   [0m'base_role': [3mNone[0m                         │ │
│ │                    [2m│   │   [0m[1m}[0m,                                            │ │
│ │                    [2m│   │   [0m'permission_mode':                            │ │
│ │                    <PermissionMode.UNATTENDED: 'unattended'[1m>[0m,            │ │
│ │                    [2m│   │   [0m'allowed_tools': [1m[[0m                            │ │
│ │                    [2m│   │   │   [0m'Read',                                   │ │
│ │                    [2m│   │   │   [0m'Glob',                                   │ │
│ │                    [2m│   │   │   [0m'Grep',                                   │ │
│ │                    [2m│   │   │   [0m'Bash',                                   │ │
│ │                    [2m│   │   │   [0m'Edit',                                   │ │
│ │                    [2m│   │   │   [0m'Write'                                   │ │
│ │                    [2m│   │   [0m[1m][0m,                                            │ │
│ │                    [2m│   │   [0m'thread_id':                                  │ │
│ │                    'c619d671e8414eefa119b4cf708d48f7',                   │ │
│ │                    [2m│   │   [0m... +[1m11[0m                                       │ │
│ │                    [2m│   [0m[1m}[0m                                                 │ │
│ │                    [1m}[0m                                                     │ │
│ │          [3mcontext[0m = [1m<[0m[1m_contextvars.Context[0m object at [1m0x10b82f280[0m[1m>[0m          │ │
│ │                [3mi[0m = [1m0[0m                                                     │ │
│ │            [3minput[0m = [1m{[0m                                                     │ │
│ │                    [2m│   [0m'issue_key': [3mNone[0m,                                │ │
│ │                    [2m│   [0m'feature_branch':                                 │ │
│ │                    'kodezart/scripted-branch-7f3febe8',                  │ │
│ │                    [2m│   [0m'ralph_branch':                                   │ │
│ │                    'kodezart/scripted-branch-7f3febe8-ralph-7021a0c1',   │ │
│ │                    [2m│   [0m'work_base_ref': 'main',                          │ │
│ │                    [2m│   [0m'fire_spec': [1mAuthoredSpec[0m[1m([0m                        │ │
│ │                    [2m│   │   [0mticket=[1mTicketDraftOutput[0m[1m([0m                     │ │
│ │                    [2m│   │   │   [0mtitle='Test ticket',                      │ │
│ │                    [2m│   │   │   [0msummary='Test summary',                   │ │
│ │                    [2m│   │   │   [0mcontext='Test context',                   │ │
│ │                    [2m│   │   │   [0mreferences=[1m[[0m[1m][0m,                            │ │
│ │                    [2m│   │   │   [0mrequired_changes=[1m[[0m                        │ │
│ │                    [2m│   │   │   │   [0m[1mFileChange[0m[1m([0m                           │ │
│ │                    [2m│   │   │   │   │   [0mfile_path='test.py',              │ │
│ │                    [2m│   │   │   │   │   [0mchange_type='modify',             │ │
│ │                    [2m│   │   │   │   │   [0mdescription='test change',        │ │
│ │                    [2m│   │   │   │   │   [0mrationale='test rationale'        │ │
│ │                    [2m│   │   │   │   [0m[1m)[0m                                     │ │
│ │                    [2m│   │   │   [0m[1m][0m,                                        │ │
│ │                    [2m│   │   │   [0mout_of_scope=[1m[[0m[1m][0m,                          │ │
│ │                    [2m│   │   │   [0mopen_questions=[1m[[0m[1m][0m,                        │ │
│ │                    [2m│   │   │   [0msherlock_flags=[1m[[0m[1m][0m                         │ │
│ │                    [2m│   │   [0m[1m)[0m                                             │ │
│ │                    [2m│   [0m[1m)[0m,                                                │ │
│ │                    [2m│   [0m'acceptance_criteria': [1m[[0m                          │ │
│ │                    [2m│   │   [0m[1mGeneratedCriterion[0m[1m([0m                           │ │
│ │                    [2m│   │   │   [0mid='AC-1',                                │ │
│ │                    [2m│   │   │   [0mtext='The fix compiles without errors'    │ │
│ │                    [2m│   │   [0m[1m)[0m,                                            │ │
│ │                    [2m│   │   [0m[1mGeneratedCriterion[0m[1m([0m                           │ │
│ │                    [2m│   │   │   [0mid='AC-2',                                │ │
│ │                    [2m│   │   │   [0mtext='All existing tests pass'            │ │
│ │                    [2m│   │   [0m[1m)[0m,                                            │ │
│ │                    [2m│   │   [0m[1mGeneratedCriterion[0m[1m([0m                           │ │
│ │                    [2m│   │   │   [0mid='AC-3',                                │ │
│ │                    [2m│   │   │   [0mtext='Linting passes with no new          │ │
│ │                    warnings'                                             │ │
│ │                    [2m│   │   [0m[1m)[0m                                             │ │
│ │                    [2m│   [0m[1m][0m,                                                │ │
│ │                    [2m│   [0m'criterion_set': [1mCriteriaArtifact[0m[1m([0m                │ │
│ │                    [2m│   │   [0mcriteria=[1m[[0m                                    │ │
│ │                    [2m│   │   │   [0m[1mValidatedCriterion[0m[1m([0m                       │ │
│ │                    [2m│   │   │   │   [0mid='AC-1',                            │ │
│ │                    [2m│   │   │   │   [0mtext='The fix compiles without        │ │
│ │                    errors',                                              │ │
│ │                    [2m│   │   │   │   [0mfeasibility=[1mCriterionFeasibility[0m[1m([0m     │ │
│ │                    [2m│   │   │   │   │   [0mcriterion_id='AC-1',              │ │
│ │                    [2m│   │   │   │   │   [0m                                  │ │
│ │                    verdict=[1m<[0m[1mCriterionVerdict.feasible:[0m 'feasible'>,      │ │
│ │                    [2m│   │   │   │   │   [0mrefutation=[3mNone[0m,                  │ │
│ │                    [2m│   │   │   │   │   [0mmissing_resource=[3mNone[0m,            │ │
│ │                    [2m│   │   │   │   │   [0mcost_measurement=[3mNone[0m,            │ │
│ │                    [2m│   │   │   │   │   [0mflags=[1m[[0m[1m][0m,                         │ │
│ │                    [2m│   │   │   │   │   [0mforbidden_class=[3mNone[0m,             │ │
│ │                    [2m│   │   │   │   │   [0mundeclared_switch_arms=[1m[[0m[1m][0m         │ │
│ │                    [2m│   │   │   │   [0m[1m)[0m                                     │ │
│ │                    [2m│   │   │   [0m[1m)[0m,                                        │ │
│ │                    [2m│   │   │   [0m[1mValidatedCriterion[0m[1m([0m                       │ │
│ │                    [2m│   │   │   │   [0mid='AC-2',                            │ │
│ │                    [2m│   │   │   │   [0mtext='All existing tests pass',       │ │
│ │                    [2m│   │   │   │   [0mfeasibility=[1mCriterionFeasibility[0m[1m([0m     │ │
│ │                    [2m│   │   │   │   │   [0mcriterion_id='AC-2',              │ │
│ │                    [2m│   │   │   │   │   [0m                                  │ │
│ │                    verdict=<CriterionVerdict.feasible: 'feasible'>,      │ │
│ │                    [2m│   │   │   │   │   [0mrefutation=[3mNone[0m,                  │ │
│ │                    [2m│   │   │   │   │   [0mmissing_resource=[3mNone[0m,            │ │
│ │                    [2m│   │   │   │   │   [0mcost_measurement=[3mNone[0m,            │ │
│ │                    [2m│   │   │   │   │   [0mflags=[1m[[0m[1m][0m,                         │ │
│ │                    [2m│   │   │   │   │   [0mforbidden_class=[3mNone[0m,             │ │
│ │                    [2m│   │   │   │   │   [0mundeclared_switch_arms=[1m[[0m[1m][0m         │ │
│ │                    [2m│   │   │   │   [0m[1m)[0m                                     │ │
│ │                    [2m│   │   │   [0m[1m)[0m,                                        │ │
│ │                    [2m│   │   │   [0m[1mValidatedCriterion[0m[1m([0m                       │ │
│ │                    [2m│   │   │   │   [0mid='AC-3',                            │ │
│ │                    [2m│   │   │   │   [0mtext='Linting passes with no new      │ │
│ │                    warnings',                                            │ │
│ │                    [2m│   │   │   │   [0mfeasibility=[1mCriterionFeasibility[0m[1m([0m     │ │
│ │                    [2m│   │   │   │   │   [0mcriterion_id='AC-3',              │ │
│ │                    [2m│   │   │   │   │   [0m                                  │ │
│ │                    verdict=<CriterionVerdict.feasible: 'feasible'>,      │ │
│ │                    [2m│   │   │   │   │   [0mrefutation=[3mNone[0m,                  │ │
│ │                    [2m│   │   │   │   │   [0mmissing_resource=[3mNone[0m,            │ │
│ │                    [2m│   │   │   │   │   [0mcost_measurement=[3mNone[0m,            │ │
│ │                    [2m│   │   │   │   │   [0mflags=[1m[[0m[1m][0m,                         │ │
│ │                    [2m│   │   │   │   │   [0mforbidden_class=[3mNone[0m,             │ │
│ │                    [2m│   │   │   │   │   [0mundeclared_switch_arms=[1m[[0m[1m][0m         │ │
│ │                    [2m│   │   │   │   [0m[1m)[0m                                     │ │
│ │                    [2m│   │   │   [0m[1m)[0m                                         │ │
│ │                    [2m│   │   [0m[1m][0m,                                            │ │
│ │                    [2m│   │   [0mconjunction=[1mConjunctionVerdict[0m[1m([0m               │ │
│ │                    [2m│   │   │   [0msatisfiable=[3mTrue[0m,                         │ │
│ │                    [2m│   │   │   [0mcontradictions=[1m[[0m[1m][0m                         │ │
│ │                    [2m│   │   [0m[1m)[0m                                             │ │
│ │                    [2m│   [0m[1m)[0m,                                                │ │
│ │                    [2m│   [0m'criteria_validation': [1mCriteriaValidation[0m[1m([0m        │ │
│ │                    [2m│   │   [0mverdicts=[1m[[0m                                    │ │
│ │                    [2m│   │   │   [0m[1mCriterionFeasibility[0m[1m([0m                     │ │
│ │                    [2m│   │   │   │   [0mcriterion_id='AC-1',                  │ │
│ │                    [2m│   │   │   │   [0mverdict=<CriterionVerdict.feasible:   │ │
│ │                    'feasible'>,                                          │ │
│ │                    [2m│   │   │   │   [0mrefutation=[3mNone[0m,                      │ │
│ │                    [2m│   │   │   │   [0mmissing_resource=[3mNone[0m,                │ │
│ │                    [2m│   │   │   │   [0mcost_measurement=[3mNone[0m,                │ │
│ │                    [2m│   │   │   │   [0mflags=[1m[[0m[1m][0m,                             │ │
│ │                    [2m│   │   │   │   [0mforbidden_class=[3mNone[0m,                 │ │
│ │                    [2m│   │   │   │   [0mundeclared_switch_arms=[1m[[0m[1m][0m             │ │
│ │                    [2m│   │   │   [0m[1m)[0m,                                        │ │
│ │                    [2m│   │   │   [0m[1mCriterionFeasibility[0m[1m([0m                     │ │
│ │                    [2m│   │   │   │   [0mcriterion_id='AC-2',                  │ │
│ │                    [2m│   │   │   │   [0mverdict=<CriterionVerdict.feasible:   │ │
│ │                    'feasible'>,                                          │ │
│ │                    [2m│   │   │   │   [0mrefutation=[3mNone[0m,                      │ │
│ │                    [2m│   │   │   │   [0mmissing_resource=[3mNone[0m,                │ │
│ │                    [2m│   │   │   │   [0mcost_measurement=[3mNone[0m,                │ │
│ │                    [2m│   │   │   │   [0mflags=[1m[[0m[1m][0m,                             │ │
│ │                    [2m│   │   │   │   [0mforbidden_class=[3mNone[0m,                 │ │
│ │                    [2m│   │   │   │   [0mundeclared_switch_arms=[1m[[0m[1m][0m             │ │
│ │                    [2m│   │   │   [0m[1m)[0m,                                        │ │
│ │                    [2m│   │   │   [0m[1mCriterionFeasibility[0m[1m([0m                     │ │
│ │                    [2m│   │   │   │   [0mcriterion_id='AC-3',                  │ │
│ │                    [2m│   │   │   │   [0mverdict=<CriterionVerdict.feasible:   │ │
│ │                    'feasible'[1m>[0m,                                          │ │
│ │                    [2m│   │   │   │   [0mrefutation=[3mNone[0m,                      │ │
│ │                    [2m│   │   │   │   [0mmissing_resource=[3mNone[0m,                │ │
│ │                    [2m│   │   │   │   [0mcost_measurement=[3mNone[0m,                │ │
│ │                    [2m│   │   │   │   [0mflags=[1m[[0m[1m][0m,                             │ │
│ │                    [2m│   │   │   │   [0mforbidden_class=[3mNone[0m,                 │ │
│ │                    [2m│   │   │   │   [0mundeclared_switch_arms=[1m[[0m[1m][0m             │ │
│ │                    [2m│   │   │   [0m[1m)[0m                                         │ │
│ │                    [2m│   │   [0m[1m][0m,                                            │ │
│ │                    [2m│   │   [0mconjunction=[1mConjunctionVerdict[0m[1m([0m               │ │
│ │                    [2m│   │   │   [0msatisfiable=[3mTrue[0m,                         │ │
│ │                    [2m│   │   │   [0mcontradictions=[1m[[0m[1m][0m                         │ │
│ │                    [2m│   │   [0m[1m)[0m                                             │ │
│ │                    [2m│   [0m[1m)[0m,                                                │ │
│ │                    [2m│   [0m'criteria_regeneration_rounds': [1m0[0m,                │ │
│ │                    [2m│   [0m'criteria_infeasible': [3mFalse[0m,                     │ │
│ │                    [2m│   [0m... +[1m17[0m                                           │ │
│ │                    [1m}[0m                                                     │ │
│ │           [3mkwargs[0m = [1m{[0m[1m}[0m                                                    │ │
│ │              [3mrun[0m = [3mNone[0m                                                  │ │
│ │      [3mrun_manager[0m = [1m<[0m[1mlangchain_core.callbacks.manager.AsyncCallbackManag…[0m │ │
│ │                    object at [1m0x10af46450[0m[1m>[0m                                │ │
│ │             [3mself[0m = [1m<[0m[1mlanggraph._internal._runnable.RunnableSeq[0m object at  │ │
│ │                    [1m0x10af44740[0m[1m>[0m                                          │ │
│ │             [3mstep[0m = [1mrun_ralph_loop[0m[1m([0mtags=[3mNone[0m, recurse=[3mTrue[0m,               │ │
│ │                    explode_args=[3mFalse[0m, func_accepts=[1m{[0m'config': [1m([0m'N/A',   │ │
│ │                    [1m<[0m[1mclass[0m 'inspect._empty'[1m>[0m[1m)[0m[1m}[0m[1m)[0m                           │ │
│ ╰──────────────────────────────────────────────────────────────────────────╯ │
│                                                                              │
│ [2m/private/tmp/kodezart-v03-recovery-native-compat/.venv/lib/python3.12/site-p[0m │
│ [2mackages/langgraph/_internal/[0m[1m_runnable.py[0m:473 in ainvoke                      │
│                                                                              │
│   [2m470 [0m[2m│   │   │   [0melse:                                                      │
│   [2m471 [0m[2m│   │   │   │   [0mawait run_manager.on_chain_end(ret)                    │
│   [2m472 [0m[2m│   │   [0melse:                                                          │
│ ❱ 473 [2m│   │   │   [0mret = [1;4mawait[0m[1;4m [0m[1;4mself[0m[1;4m.afunc(*args, **kwargs)[0m                    │
│   [2m474 [0m[2m│   │   [0mif self.recurse and isinstance(ret, Runnable):                 │
│   [2m475 [0m[2m│   │   │   [0mreturn await ret.ainvoke(input, config)                    │
│   [2m476 [0m[2m│   │   [0mreturn ret                                                     │
│                                                                              │
│ ╭───────────────────────────────── locals ─────────────────────────────────╮ │
│ │        [3margs[0m = [1m([0m                                                          │ │
│ │               [2m│   [0m[1m{[0m                                                      │ │
│ │               [2m│   │   [0m'issue_key': [3mNone[0m,                                 │ │
│ │               [2m│   │   [0m'feature_branch':                                  │ │
│ │               'kodezart/scripted-branch-7f3febe8',                       │ │
│ │               [2m│   │   [0m'ralph_branch':                                    │ │
│ │               'kodezart/scripted-branch-7f3febe8-ralph-7021a0c1',        │ │
│ │               [2m│   │   [0m'work_base_ref': 'main',                           │ │
│ │               [2m│   │   [0m'fire_spec': [1mAuthoredSpec[0m[1m([0m                         │ │
│ │               [2m│   │   │   [0mticket=[1mTicketDraftOutput[0m[1m([0m                      │ │
│ │               [2m│   │   │   │   [0mtitle='Test ticket',                       │ │
│ │               [2m│   │   │   │   [0msummary='Test summary',                    │ │
│ │               [2m│   │   │   │   [0mcontext='Test context',                    │ │
│ │               [2m│   │   │   │   [0mreferences=[1m[[0m[1m][0m,                             │ │
│ │               [2m│   │   │   │   [0mrequired_changes=[1m[[0m                         │ │
│ │               [2m│   │   │   │   │   [0m[1mFileChange[0m[1m([0m                            │ │
│ │               [2m│   │   │   │   │   │   [0mfile_path='test.py',               │ │
│ │               [2m│   │   │   │   │   │   [0mchange_type='modify',              │ │
│ │               [2m│   │   │   │   │   │   [0mdescription='test change',         │ │
│ │               [2m│   │   │   │   │   │   [0mrationale='test rationale'         │ │
│ │               [2m│   │   │   │   │   [0m[1m)[0m                                      │ │
│ │               [2m│   │   │   │   [0m[1m][0m,                                         │ │
│ │               [2m│   │   │   │   [0mout_of_scope=[1m[[0m[1m][0m,                           │ │
│ │               [2m│   │   │   │   [0mopen_questions=[1m[[0m[1m][0m,                         │ │
│ │               [2m│   │   │   │   [0msherlock_flags=[1m[[0m[1m][0m                          │ │
│ │               [2m│   │   │   [0m[1m)[0m                                              │ │
│ │               [2m│   │   [0m[1m)[0m,                                                 │ │
│ │               [2m│   │   [0m'acceptance_criteria': [1m[[0m                           │ │
│ │               [2m│   │   │   [0m[1mGeneratedCriterion[0m[1m([0m                            │ │
│ │               [2m│   │   │   │   [0mid='AC-1',                                 │ │
│ │               [2m│   │   │   │   [0mtext='The fix compiles without errors'     │ │
│ │               [2m│   │   │   [0m[1m)[0m,                                             │ │
│ │               [2m│   │   │   [0m[1mGeneratedCriterion[0m[1m([0m                            │ │
│ │               [2m│   │   │   │   [0mid='AC-2',                                 │ │
│ │               [2m│   │   │   │   [0mtext='All existing tests pass'             │ │
│ │               [2m│   │   │   [0m[1m)[0m,                                             │ │
│ │               [2m│   │   │   [0m[1mGeneratedCriterion[0m[1m([0m                            │ │
│ │               [2m│   │   │   │   [0mid='AC-3',                                 │ │
│ │               [2m│   │   │   │   [0mtext='Linting passes with no new warnings' │ │
│ │               [2m│   │   │   [0m[1m)[0m                                              │ │
│ │               [2m│   │   [0m[1m][0m,                                                 │ │
│ │               [2m│   │   [0m'criterion_set': [1mCriteriaArtifact[0m[1m([0m                 │ │
│ │               [2m│   │   │   [0mcriteria=[1m[[0m                                     │ │
│ │               [2m│   │   │   │   [0m[1mValidatedCriterion[0m[1m([0m                        │ │
│ │               [2m│   │   │   │   │   [0mid='AC-1',                             │ │
│ │               [2m│   │   │   │   │   [0mtext='The fix compiles without         │ │
│ │               errors',                                                   │ │
│ │               [2m│   │   │   │   │   [0mfeasibility=[1mCriterionFeasibility[0m[1m([0m      │ │
│ │               [2m│   │   │   │   │   │   [0mcriterion_id='AC-1',               │ │
│ │               [2m│   │   │   │   │   │   [0m                                   │ │
│ │               verdict=[1m<[0m[1mCriterionVerdict.feasible:[0m 'feasible'>,           │ │
│ │               [2m│   │   │   │   │   │   [0mrefutation=[3mNone[0m,                   │ │
│ │               [2m│   │   │   │   │   │   [0mmissing_resource=[3mNone[0m,             │ │
│ │               [2m│   │   │   │   │   │   [0mcost_measurement=[3mNone[0m,             │ │
│ │               [2m│   │   │   │   │   │   [0mflags=[1m[[0m[1m][0m,                          │ │
│ │               [2m│   │   │   │   │   │   [0mforbidden_class=[3mNone[0m,              │ │
│ │               [2m│   │   │   │   │   │   [0mundeclared_switch_arms=[1m[[0m[1m][0m          │ │
│ │               [2m│   │   │   │   │   [0m[1m)[0m                                      │ │
│ │               [2m│   │   │   │   [0m[1m)[0m,                                         │ │
│ │               [2m│   │   │   │   [0m[1mValidatedCriterion[0m[1m([0m                        │ │
│ │               [2m│   │   │   │   │   [0mid='AC-2',                             │ │
│ │               [2m│   │   │   │   │   [0mtext='All existing tests pass',        │ │
│ │               [2m│   │   │   │   │   [0mfeasibility=[1mCriterionFeasibility[0m[1m([0m      │ │
│ │               [2m│   │   │   │   │   │   [0mcriterion_id='AC-2',               │ │
│ │               [2m│   │   │   │   │   │   [0m                                   │ │
│ │               verdict=<CriterionVerdict.feasible: 'feasible'>,           │ │
│ │               [2m│   │   │   │   │   │   [0mrefutation=[3mNone[0m,                   │ │
│ │               [2m│   │   │   │   │   │   [0mmissing_resource=[3mNone[0m,             │ │
│ │               [2m│   │   │   │   │   │   [0mcost_measurement=[3mNone[0m,             │ │
│ │               [2m│   │   │   │   │   │   [0mflags=[1m[[0m[1m][0m,                          │ │
│ │               [2m│   │   │   │   │   │   [0mforbidden_class=[3mNone[0m,              │ │
│ │               [2m│   │   │   │   │   │   [0mundeclared_switch_arms=[1m[[0m[1m][0m          │ │
│ │               [2m│   │   │   │   │   [0m[1m)[0m                                      │ │
│ │               [2m│   │   │   │   [0m[1m)[0m,                                         │ │
│ │               [2m│   │   │   │   [0m[1mValidatedCriterion[0m[1m([0m                        │ │
│ │               [2m│   │   │   │   │   [0mid='AC-3',                             │ │
│ │               [2m│   │   │   │   │   [0mtext='Linting passes with no new       │ │
│ │               warnings',                                                 │ │
│ │               [2m│   │   │   │   │   [0mfeasibility=[1mCriterionFeasibility[0m[1m([0m      │ │
│ │               [2m│   │   │   │   │   │   [0mcriterion_id='AC-3',               │ │
│ │               [2m│   │   │   │   │   │   [0m                                   │ │
│ │               verdict=<CriterionVerdict.feasible: 'feasible'>,           │ │
│ │               [2m│   │   │   │   │   │   [0mrefutation=[3mNone[0m,                   │ │
│ │               [2m│   │   │   │   │   │   [0mmissing_resource=[3mNone[0m,             │ │
│ │               [2m│   │   │   │   │   │   [0mcost_measurement=[3mNone[0m,             │ │
│ │               [2m│   │   │   │   │   │   [0mflags=[1m[[0m[1m][0m,                          │ │
│ │               [2m│   │   │   │   │   │   [0mforbidden_class=[3mNone[0m,              │ │
│ │               [2m│   │   │   │   │   │   [0mundeclared_switch_arms=[1m[[0m[1m][0m          │ │
│ │               [2m│   │   │   │   │   [0m[1m)[0m                                      │ │
│ │               [2m│   │   │   │   [0m[1m)[0m                                          │ │
│ │               [2m│   │   │   [0m[1m][0m,                                             │ │
│ │               [2m│   │   │   [0mconjunction=[1mConjunctionVerdict[0m[1m([0m                │ │
│ │               [2m│   │   │   │   [0msatisfiable=[3mTrue[0m,                          │ │
│ │               [2m│   │   │   │   [0mcontradictions=[1m[[0m[1m][0m                          │ │
│ │               [2m│   │   │   [0m[1m)[0m                                              │ │
│ │               [2m│   │   [0m[1m)[0m,                                                 │ │
│ │               [2m│   │   [0m'criteria_validation': [1mCriteriaValidation[0m[1m([0m         │ │
│ │               [2m│   │   │   [0mverdicts=[1m[[0m                                     │ │
│ │               [2m│   │   │   │   [0m[1mCriterionFeasibility[0m[1m([0m                      │ │
│ │               [2m│   │   │   │   │   [0mcriterion_id='AC-1',                   │ │
│ │               [2m│   │   │   │   │   [0mverdict=<CriterionVerdict.feasible:    │ │
│ │               'feasible'>,                                               │ │
│ │               [2m│   │   │   │   │   [0mrefutation=[3mNone[0m,                       │ │
│ │               [2m│   │   │   │   │   [0mmissing_resource=[3mNone[0m,                 │ │
│ │               [2m│   │   │   │   │   [0mcost_measurement=[3mNone[0m,                 │ │
│ │               [2m│   │   │   │   │   [0mflags=[1m[[0m[1m][0m,                              │ │
│ │               [2m│   │   │   │   │   [0mforbidden_class=[3mNone[0m,                  │ │
│ │               [2m│   │   │   │   │   [0mundeclared_switch_arms=[1m[[0m[1m][0m              │ │
│ │               [2m│   │   │   │   [0m[1m)[0m,                                         │ │
│ │               [2m│   │   │   │   [0m[1mCriterionFeasibility[0m[1m([0m                      │ │
│ │               [2m│   │   │   │   │   [0mcriterion_id='AC-2',                   │ │
│ │               [2m│   │   │   │   │   [0mverdict=<CriterionVerdict.feasible:    │ │
│ │               'feasible'>,                                               │ │
│ │               [2m│   │   │   │   │   [0mrefutation=[3mNone[0m,                       │ │
│ │               [2m│   │   │   │   │   [0mmissing_resource=[3mNone[0m,                 │ │
│ │               [2m│   │   │   │   │   [0mcost_measurement=[3mNone[0m,                 │ │
│ │               [2m│   │   │   │   │   [0mflags=[1m[[0m[1m][0m,                              │ │
│ │               [2m│   │   │   │   │   [0mforbidden_class=[3mNone[0m,                  │ │
│ │               [2m│   │   │   │   │   [0mundeclared_switch_arms=[1m[[0m[1m][0m              │ │
│ │               [2m│   │   │   │   [0m[1m)[0m,                                         │ │
│ │               [2m│   │   │   │   [0m[1mCriterionFeasibility[0m[1m([0m                      │ │
│ │               [2m│   │   │   │   │   [0mcriterion_id='AC-3',                   │ │
│ │               [2m│   │   │   │   │   [0mverdict=<CriterionVerdict.feasible:    │ │
│ │               'feasible'[1m>[0m,                                               │ │
│ │               [2m│   │   │   │   │   [0mrefutation=[3mNone[0m,                       │ │
│ │               [2m│   │   │   │   │   [0mmissing_resource=[3mNone[0m,                 │ │
│ │               [2m│   │   │   │   │   [0mcost_measurement=[3mNone[0m,                 │ │
│ │               [2m│   │   │   │   │   [0mflags=[1m[[0m[1m][0m,                              │ │
│ │               [2m│   │   │   │   │   [0mforbidden_class=[3mNone[0m,                  │ │
│ │               [2m│   │   │   │   │   [0mundeclared_switch_arms=[1m[[0m[1m][0m              │ │
│ │               [2m│   │   │   │   [0m[1m)[0m                                          │ │
│ │               [2m│   │   │   [0m[1m][0m,                                             │ │
│ │               [2m│   │   │   [0mconjunction=[1mConjunctionVerdict[0m[1m([0m                │ │
│ │               [2m│   │   │   │   [0msatisfiable=[3mTrue[0m,                          │ │
│ │               [2m│   │   │   │   [0mcontradictions=[1m[[0m[1m][0m                          │ │
│ │               [2m│   │   │   [0m[1m)[0m                                              │ │
│ │               [2m│   │   [0m[1m)[0m,                                                 │ │
│ │               [2m│   │   [0m'criteria_regeneration_rounds': [1m0[0m,                 │ │
│ │               [2m│   │   [0m'criteria_infeasible': [3mFalse[0m,                      │ │
│ │               [2m│   │   [0m... +[1m17[0m                                            │ │
│ │               [2m│   [0m[1m}[0m,                                                     │ │
│ │               [1m)[0m                                                          │ │
│ │      [3mconfig[0m = [1m{[0m                                                          │ │
│ │               [2m│   [0m'metadata': [1m{[0m                                          │ │
│ │               [2m│   │   [0m'prompt': 'fix',                                   │ │
│ │               [2m│   │   [0m'repo_path': '/tmp/fake',                          │ │
│ │               [2m│   │   [0m'permission_mode': [1m<[0m[1mPermissionMode.UNATTENDED:[0m     │ │
│ │               'unattended'>,                                             │ │
│ │               [2m│   │   [0m'thread_id': 'c619d671e8414eefa119b4cf708d48f7',   │ │
│ │               [2m│   │   [0m'langgraph_step': [1m6[0m,                               │ │
│ │               [2m│   │   [0m'langgraph_node': 'run_ralph_loop',                │ │
│ │               [2m│   │   [0m'langgraph_triggers': [1m([0m                            │ │
│ │               [2m│   │   │   [0m'branch:to:run_ralph_loop',                    │ │
│ │               [2m│   │   [0m[1m)[0m,                                                 │ │
│ │               [2m│   │   [0m'langgraph_path': [1m([0m                                │ │
│ │               [2m│   │   │   [0m'__pregel_pull',                               │ │
│ │               [2m│   │   │   [0m'run_ralph_loop'                               │ │
│ │               [2m│   │   [0m[1m)[0m,                                                 │ │
│ │               [2m│   │   [0m'langgraph_checkpoint_ns':                         │ │
│ │               'fire:c2d1e733-cc9f-9c00-11fa-00fdf82aa9a5|run_ralph_loop… │ │
│ │               [2m│   │   [0m'checkpoint_ns':                                   │ │
│ │               'fire:c2d1e733-cc9f-9c00-11fa-00fdf82aa9a5'                │ │
│ │               [2m│   [0m[1m}[0m,                                                     │ │
│ │               [2m│   [0m'callbacks':                                           │ │
│ │               <langchain_core.callbacks.manager.AsyncCallbackManager     │ │
│ │               object at [1m0x10af45370[0m>,                                    │ │
│ │               [2m│   [0m'configurable': [1m{[0m                                      │ │
│ │               [2m│   │   [0m'prompt': 'fix',                                   │ │
│ │               [2m│   │   [0m'repo_path': '/tmp/fake',                          │ │
│ │               [2m│   │   [0m'repo_url': [3mNone[0m,                                  │ │
│ │               [2m│   │   [0m'cache_key': 'c619d671e8414eefa119b4cf708d48f7',   │ │
│ │               [2m│   │   [0m'run_identity': [3mNone[0m,                              │ │
│ │               [2m│   │   [0m'workspace_path': [3mNone[0m,                            │ │
│ │               [2m│   │   [0m'base_spec': [1m{[0m                                     │ │
│ │               [2m│   │   │   [0m'inputs': [1m([0m[1m)[0m,                                  │ │
│ │               [2m│   │   │   [0m'base_branch': 'main',                         │ │
│ │               [2m│   │   │   [0m'base_role': [3mNone[0m                              │ │
│ │               [2m│   │   [0m[1m}[0m,                                                 │ │
│ │               [2m│   │   [0m'permission_mode': <PermissionMode.UNATTENDED:     │ │
│ │               'unattended'[1m>[0m,                                             │ │
│ │               [2m│   │   [0m'allowed_tools': [1m[[0m                                 │ │
│ │               [2m│   │   │   [0m'Read',                                        │ │
│ │               [2m│   │   │   [0m'Glob',                                        │ │
│ │               [2m│   │   │   [0m'Grep',                                        │ │
│ │               [2m│   │   │   [0m'Bash',                                        │ │
│ │               [2m│   │   │   [0m'Edit',                                        │ │
│ │               [2m│   │   │   [0m'Write'                                        │ │
│ │               [2m│   │   [0m[1m][0m,                                                 │ │
│ │               [2m│   │   [0m'thread_id': 'c619d671e8414eefa119b4cf708d48f7',   │ │
│ │               [2m│   │   [0m... +[1m11[0m                                            │ │
│ │               [2m│   [0m[1m}[0m                                                      │ │
│ │               [1m}[0m                                                          │ │
│ │       [3minput[0m = [1m{[0m                                                          │ │
│ │               [2m│   [0m'issue_key': [3mNone[0m,                                     │ │
│ │               [2m│   [0m'feature_branch': 'kodezart/scripted-branch-7f3febe8', │ │
│ │               [2m│   [0m'ralph_branch':                                        │ │
│ │               'kodezart/scripted-branch-7f3febe8-ralph-7021a0c1',        │ │
│ │               [2m│   [0m'work_base_ref': 'main',                               │ │
│ │               [2m│   [0m'fire_spec': [1mAuthoredSpec[0m[1m([0m                             │ │
│ │               [2m│   │   [0mticket=[1mTicketDraftOutput[0m[1m([0m                          │ │
│ │               [2m│   │   │   [0mtitle='Test ticket',                           │ │
│ │               [2m│   │   │   [0msummary='Test summary',                        │ │
│ │               [2m│   │   │   [0mcontext='Test context',                        │ │
│ │               [2m│   │   │   [0mreferences=[1m[[0m[1m][0m,                                 │ │
│ │               [2m│   │   │   [0mrequired_changes=[1m[[0m                             │ │
│ │               [2m│   │   │   │   [0m[1mFileChange[0m[1m([0m                                │ │
│ │               [2m│   │   │   │   │   [0mfile_path='test.py',                   │ │
│ │               [2m│   │   │   │   │   [0mchange_type='modify',                  │ │
│ │               [2m│   │   │   │   │   [0mdescription='test change',             │ │
│ │               [2m│   │   │   │   │   [0mrationale='test rationale'             │ │
│ │               [2m│   │   │   │   [0m[1m)[0m                                          │ │
│ │               [2m│   │   │   [0m[1m][0m,                                             │ │
│ │               [2m│   │   │   [0mout_of_scope=[1m[[0m[1m][0m,                               │ │
│ │               [2m│   │   │   [0mopen_questions=[1m[[0m[1m][0m,                             │ │
│ │               [2m│   │   │   [0msherlock_flags=[1m[[0m[1m][0m                              │ │
│ │               [2m│   │   [0m[1m)[0m                                                  │ │
│ │               [2m│   [0m[1m)[0m,                                                     │ │
│ │               [2m│   [0m'acceptance_criteria': [1m[[0m                               │ │
│ │               [2m│   │   [0m[1mGeneratedCriterion[0m[1m([0m                                │ │
│ │               [2m│   │   │   [0mid='AC-1',                                     │ │
│ │               [2m│   │   │   [0mtext='The fix compiles without errors'         │ │
│ │               [2m│   │   [0m[1m)[0m,                                                 │ │
│ │               [2m│   │   [0m[1mGeneratedCriterion[0m[1m([0m                                │ │
│ │               [2m│   │   │   [0mid='AC-2',                                     │ │
│ │               [2m│   │   │   [0mtext='All existing tests pass'                 │ │
│ │               [2m│   │   [0m[1m)[0m,                                                 │ │
│ │               [2m│   │   [0m[1mGeneratedCriterion[0m[1m([0m                                │ │
│ │               [2m│   │   │   [0mid='AC-3',                                     │ │
│ │               [2m│   │   │   [0mtext='Linting passes with no new warnings'     │ │
│ │               [2m│   │   [0m[1m)[0m                                                  │ │
│ │               [2m│   [0m[1m][0m,                                                     │ │
│ │               [2m│   [0m'criterion_set': [1mCriteriaArtifact[0m[1m([0m                     │ │
│ │               [2m│   │   [0mcriteria=[1m[[0m                                         │ │
│ │               [2m│   │   │   [0m[1mValidatedCriterion[0m[1m([0m                            │ │
│ │               [2m│   │   │   │   [0mid='AC-1',                                 │ │
│ │               [2m│   │   │   │   [0mtext='The fix compiles without errors',    │ │
│ │               [2m│   │   │   │   [0mfeasibility=[1mCriterionFeasibility[0m[1m([0m          │ │
│ │               [2m│   │   │   │   │   [0mcriterion_id='AC-1',                   │ │
│ │               [2m│   │   │   │   │   [0mverdict=[1m<[0m[1mCriterionVerdict.feasible:[0m    │ │
│ │               'feasible'>,                                               │ │
│ │               [2m│   │   │   │   │   [0mrefutation=[3mNone[0m,                       │ │
│ │               [2m│   │   │   │   │   [0mmissing_resource=[3mNone[0m,                 │ │
│ │               [2m│   │   │   │   │   [0mcost_measurement=[3mNone[0m,                 │ │
│ │               [2m│   │   │   │   │   [0mflags=[1m[[0m[1m][0m,                              │ │
│ │               [2m│   │   │   │   │   [0mforbidden_class=[3mNone[0m,                  │ │
│ │               [2m│   │   │   │   │   [0mundeclared_switch_arms=[1m[[0m[1m][0m              │ │
│ │               [2m│   │   │   │   [0m[1m)[0m                                          │ │
│ │               [2m│   │   │   [0m[1m)[0m,                                             │ │
│ │               [2m│   │   │   [0m[1mValidatedCriterion[0m[1m([0m                            │ │
│ │               [2m│   │   │   │   [0mid='AC-2',                                 │ │
│ │               [2m│   │   │   │   [0mtext='All existing tests pass',            │ │
│ │               [2m│   │   │   │   [0mfeasibility=[1mCriterionFeasibility[0m[1m([0m          │ │
│ │               [2m│   │   │   │   │   [0mcriterion_id='AC-2',                   │ │
│ │               [2m│   │   │   │   │   [0mverdict=<CriterionVerdict.feasible:    │ │
│ │               'feasible'>,                                               │ │
│ │               [2m│   │   │   │   │   [0mrefutation=[3mNone[0m,                       │ │
│ │               [2m│   │   │   │   │   [0mmissing_resource=[3mNone[0m,                 │ │
│ │               [2m│   │   │   │   │   [0mcost_measurement=[3mNone[0m,                 │ │
│ │               [2m│   │   │   │   │   [0mflags=[1m[[0m[1m][0m,                              │ │
│ │               [2m│   │   │   │   │   [0mforbidden_class=[3mNone[0m,                  │ │
│ │               [2m│   │   │   │   │   [0mundeclared_switch_arms=[1m[[0m[1m][0m              │ │
│ │               [2m│   │   │   │   [0m[1m)[0m                                          │ │
│ │               [2m│   │   │   [0m[1m)[0m,                                             │ │
│ │               [2m│   │   │   [0m[1mValidatedCriterion[0m[1m([0m                            │ │
│ │               [2m│   │   │   │   [0mid='AC-3',                                 │ │
│ │               [2m│   │   │   │   [0mtext='Linting passes with no new           │ │
│ │               warnings',                                                 │ │
│ │               [2m│   │   │   │   [0mfeasibility=[1mCriterionFeasibility[0m[1m([0m          │ │
│ │               [2m│   │   │   │   │   [0mcriterion_id='AC-3',                   │ │
│ │               [2m│   │   │   │   │   [0mverdict=<CriterionVerdict.feasible:    │ │
│ │               'feasible'>,                                               │ │
│ │               [2m│   │   │   │   │   [0mrefutation=[3mNone[0m,                       │ │
│ │               [2m│   │   │   │   │   [0mmissing_resource=[3mNone[0m,                 │ │
│ │               [2m│   │   │   │   │   [0mcost_measurement=[3mNone[0m,                 │ │
│ │               [2m│   │   │   │   │   [0mflags=[1m[[0m[1m][0m,                              │ │
│ │               [2m│   │   │   │   │   [0mforbidden_class=[3mNone[0m,                  │ │
│ │               [2m│   │   │   │   │   [0mundeclared_switch_arms=[1m[[0m[1m][0m              │ │
│ │               [2m│   │   │   │   [0m[1m)[0m                                          │ │
│ │               [2m│   │   │   [0m[1m)[0m                                              │ │
│ │               [2m│   │   [0m[1m][0m,                                                 │ │
│ │               [2m│   │   [0mconjunction=[1mConjunctionVerdict[0m[1m([0m                    │ │
│ │               [2m│   │   │   [0msatisfiable=[3mTrue[0m,                              │ │
│ │               [2m│   │   │   [0mcontradictions=[1m[[0m[1m][0m                              │ │
│ │               [2m│   │   [0m[1m)[0m                                                  │ │
│ │               [2m│   [0m[1m)[0m,                                                     │ │
│ │               [2m│   [0m'criteria_validation': [1mCriteriaValidation[0m[1m([0m             │ │
│ │               [2m│   │   [0mverdicts=[1m[[0m                                         │ │
│ │               [2m│   │   │   [0m[1mCriterionFeasibility[0m[1m([0m                          │ │
│ │               [2m│   │   │   │   [0mcriterion_id='AC-1',                       │ │
│ │               [2m│   │   │   │   [0mverdict=<CriterionVerdict.feasible:        │ │
│ │               'feasible'>,                                               │ │
│ │               [2m│   │   │   │   [0mrefutation=[3mNone[0m,                           │ │
│ │               [2m│   │   │   │   [0mmissing_resource=[3mNone[0m,                     │ │
│ │               [2m│   │   │   │   [0mcost_measurement=[3mNone[0m,                     │ │
│ │               [2m│   │   │   │   [0mflags=[1m[[0m[1m][0m,                                  │ │
│ │               [2m│   │   │   │   [0mforbidden_class=[3mNone[0m,                      │ │
│ │               [2m│   │   │   │   [0mundeclared_switch_arms=[1m[[0m[1m][0m                  │ │
│ │               [2m│   │   │   [0m[1m)[0m,                                             │ │
│ │               [2m│   │   │   [0m[1mCriterionFeasibility[0m[1m([0m                          │ │
│ │               [2m│   │   │   │   [0mcriterion_id='AC-2',                       │ │
│ │               [2m│   │   │   │   [0mverdict=<CriterionVerdict.feasible:        │ │
│ │               'feasible'>,                                               │ │
│ │               [2m│   │   │   │   [0mrefutation=[3mNone[0m,                           │ │
│ │               [2m│   │   │   │   [0mmissing_resource=[3mNone[0m,                     │ │
│ │               [2m│   │   │   │   [0mcost_measurement=[3mNone[0m,                     │ │
│ │               [2m│   │   │   │   [0mflags=[1m[[0m[1m][0m,                                  │ │
│ │               [2m│   │   │   │   [0mforbidden_class=[3mNone[0m,                      │ │
│ │               [2m│   │   │   │   [0mundeclared_switch_arms=[1m[[0m[1m][0m                  │ │
│ │               [2m│   │   │   [0m[1m)[0m,                                             │ │
│ │               [2m│   │   │   [0m[1mCriterionFeasibility[0m[1m([0m                          │ │
│ │               [2m│   │   │   │   [0mcriterion_id='AC-3',                       │ │
│ │               [2m│   │   │   │   [0mverdict=<CriterionVerdict.feasible:        │ │
│ │               'feasible'[1m>[0m,                                               │ │
│ │               [2m│   │   │   │   [0mrefutation=[3mNone[0m,                           │ │
│ │               [2m│   │   │   │   [0mmissing_resource=[3mNone[0m,                     │ │
│ │               [2m│   │   │   │   [0mcost_measurement=[3mNone[0m,                     │ │
│ │               [2m│   │   │   │   [0mflags=[1m[[0m[1m][0m,                                  │ │
│ │               [2m│   │   │   │   [0mforbidden_class=[3mNone[0m,                      │ │
│ │               [2m│   │   │   │   [0mundeclared_switch_arms=[1m[[0m[1m][0m                  │ │
│ │               [2m│   │   │   [0m[1m)[0m                                              │ │
│ │               [2m│   │   [0m[1m][0m,                                                 │ │
│ │               [2m│   │   [0mconjunction=[1mConjunctionVerdict[0m[1m([0m                    │ │
│ │               [2m│   │   │   [0msatisfiable=[3mTrue[0m,                              │ │
│ │               [2m│   │   │   [0mcontradictions=[1m[[0m[1m][0m                              │ │
│ │               [2m│   │   [0m[1m)[0m                                                  │ │
│ │               [2m│   [0m[1m)[0m,                                                     │ │
│ │               [2m│   [0m'criteria_regeneration_rounds': [1m0[0m,                     │ │
│ │               [2m│   [0m'criteria_infeasible': [3mFalse[0m,                          │ │
│ │               [2m│   [0m... +[1m17[0m                                                │ │
│ │               [1m}[0m                                                          │ │
│ │          [3mkw[0m = 'config'                                                   │ │
│ │    [3mkw_value[0m = [1m{[0m                                                          │ │
│ │               [2m│   [0m'metadata': [1m{[0m                                          │ │
│ │               [2m│   │   [0m'prompt': 'fix',                                   │ │
│ │               [2m│   │   [0m'repo_path': '/tmp/fake',                          │ │
│ │               [2m│   │   [0m'permission_mode': [1m<[0m[1mPermissionMode.UNATTENDED:[0m     │ │
│ │               'unattended'>,                                             │ │
│ │               [2m│   │   [0m'thread_id': 'c619d671e8414eefa119b4cf708d48f7',   │ │
│ │               [2m│   │   [0m'langgraph_step': [1m6[0m,                               │ │
│ │               [2m│   │   [0m'langgraph_node': 'run_ralph_loop',                │ │
│ │               [2m│   │   [0m'langgraph_triggers': [1m([0m                            │ │
│ │               [2m│   │   │   [0m'branch:to:run_ralph_loop',                    │ │
│ │               [2m│   │   [0m[1m)[0m,                                                 │ │
│ │               [2m│   │   [0m'langgraph_path': [1m([0m                                │ │
│ │               [2m│   │   │   [0m'__pregel_pull',                               │ │
│ │               [2m│   │   │   [0m'run_ralph_loop'                               │ │
│ │               [2m│   │   [0m[1m)[0m,                                                 │ │
│ │               [2m│   │   [0m'langgraph_checkpoint_ns':                         │ │
│ │               'fire:c2d1e733-cc9f-9c00-11fa-00fdf82aa9a5|run_ralph_loop… │ │
│ │               [2m│   │   [0m'checkpoint_ns':                                   │ │
│ │               'fire:c2d1e733-cc9f-9c00-11fa-00fdf82aa9a5'                │ │
│ │               [2m│   [0m[1m}[0m,                                                     │ │
│ │               [2m│   [0m'callbacks':                                           │ │
│ │               <langchain_core.callbacks.manager.AsyncCallbackManager     │ │
│ │               object at [1m0x10af45370[0m>,                                    │ │
│ │               [2m│   [0m'configurable': [1m{[0m                                      │ │
│ │               [2m│   │   [0m'prompt': 'fix',                                   │ │
│ │               [2m│   │   [0m'repo_path': '/tmp/fake',                          │ │
│ │               [2m│   │   [0m'repo_url': [3mNone[0m,                                  │ │
│ │               [2m│   │   [0m'cache_key': 'c619d671e8414eefa119b4cf708d48f7',   │ │
│ │               [2m│   │   [0m'run_identity': [3mNone[0m,                              │ │
│ │               [2m│   │   [0m'workspace_path': [3mNone[0m,                            │ │
│ │               [2m│   │   [0m'base_spec': [1m{[0m                                     │ │
│ │               [2m│   │   │   [0m'inputs': [1m([0m[1m)[0m,                                  │ │
│ │               [2m│   │   │   [0m'base_branch': 'main',                         │ │
│ │               [2m│   │   │   [0m'base_role': [3mNone[0m                              │ │
│ │               [2m│   │   [0m[1m}[0m,                                                 │ │
│ │               [2m│   │   [0m'permission_mode': <PermissionMode.UNATTENDED:     │ │
│ │               'unattended'[1m>[0m,                                             │ │
│ │               [2m│   │   [0m'allowed_tools': [1m[[0m                                 │ │
│ │               [2m│   │   │   [0m'Read',                                        │ │
│ │               [2m│   │   │   [0m'Glob',                                        │ │
│ │               [2m│   │   │   [0m'Grep',                                        │ │
│ │               [2m│   │   │   [0m'Bash',                                        │ │
│ │               [2m│   │   │   [0m'Edit',                                        │ │
│ │               [2m│   │   │   [0m'Write'                                        │ │
│ │               [2m│   │   [0m[1m][0m,                                                 │ │
│ │               [2m│   │   [0m'thread_id': 'c619d671e8414eefa119b4cf708d48f7',   │ │
│ │               [2m│   │   [0m... +[1m11[0m                                            │ │
│ │               [2m│   [0m[1m}[0m                                                      │ │
│ │               [1m}[0m                                                          │ │
│ │      [3mkwargs[0m = [1m{[0m                                                          │ │
│ │               [2m│   [0m'config': [1m{[0m                                            │ │
│ │               [2m│   │   [0m'metadata': [1m{[0m                                      │ │
│ │               [2m│   │   │   [0m'prompt': 'fix',                               │ │
│ │               [2m│   │   │   [0m'repo_path': '/tmp/fake',                      │ │
│ │               [2m│   │   │   [0m'permission_mode': [1m<[0m[1mPermissionMode.UNATTENDED:[0m │ │
│ │               'unattended'>,                                             │ │
│ │               [2m│   │   │   [0m'thread_id':                                   │ │
│ │               'c619d671e8414eefa119b4cf708d48f7',                        │ │
│ │               [2m│   │   │   [0m'langgraph_step': [1m6[0m,                           │ │
│ │               [2m│   │   │   [0m'langgraph_node': 'run_ralph_loop',            │ │
│ │               [2m│   │   │   [0m'langgraph_triggers': [1m([0m                        │ │
│ │               [2m│   │   │   │   [0m'branch:to:run_ralph_loop',                │ │
│ │               [2m│   │   │   [0m[1m)[0m,                                             │ │
│ │               [2m│   │   │   [0m'langgraph_path': [1m([0m                            │ │
│ │               [2m│   │   │   │   [0m'__pregel_pull',                           │ │
│ │               [2m│   │   │   │   [0m'run_ralph_loop'                           │ │
│ │               [2m│   │   │   [0m[1m)[0m,                                             │ │
│ │               [2m│   │   │   [0m'langgraph_checkpoint_ns':                     │ │
│ │               'fire:c2d1e733-cc9f-9c00-11fa-00fdf82aa9a5|run_ralph_loop… │ │
│ │               [2m│   │   │   [0m'checkpoint_ns':                               │ │
│ │               'fire:c2d1e733-cc9f-9c00-11fa-00fdf82aa9a5'                │ │
│ │               [2m│   │   [0m[1m}[0m,                                                 │ │
│ │               [2m│   │   [0m'callbacks':                                       │ │
│ │               <langchain_core.callbacks.manager.AsyncCallbackManager     │ │
│ │               object at [1m0x10af45370[0m>,                                    │ │
│ │               [2m│   │   [0m'configurable': [1m{[0m                                  │ │
│ │               [2m│   │   │   [0m'prompt': 'fix',                               │ │
│ │               [2m│   │   │   [0m'repo_path': '/tmp/fake',                      │ │
│ │               [2m│   │   │   [0m'repo_url': [3mNone[0m,                              │ │
│ │               [2m│   │   │   [0m'cache_key':                                   │ │
│ │               'c619d671e8414eefa119b4cf708d48f7',                        │ │
│ │               [2m│   │   │   [0m'run_identity': [3mNone[0m,                          │ │
│ │               [2m│   │   │   [0m'workspace_path': [3mNone[0m,                        │ │
│ │               [2m│   │   │   [0m'base_spec': [1m{[0m                                 │ │
│ │               [2m│   │   │   │   [0m'inputs': [1m([0m[1m)[0m,                              │ │
│ │               [2m│   │   │   │   [0m'base_branch': 'main',                     │ │
│ │               [2m│   │   │   │   [0m'base_role': [3mNone[0m                          │ │
│ │               [2m│   │   │   [0m[1m}[0m,                                             │ │
│ │               [2m│   │   │   [0m'permission_mode': <PermissionMode.UNATTENDED: │ │
│ │               'unattended'[1m>[0m,                                             │ │
│ │               [2m│   │   │   [0m'allowed_tools': [1m[[0m                             │ │
│ │               [2m│   │   │   │   [0m'Read',                                    │ │
│ │               [2m│   │   │   │   [0m'Glob',                                    │ │
│ │               [2m│   │   │   │   [0m'Grep',                                    │ │
│ │               [2m│   │   │   │   [0m'Bash',                                    │ │
│ │               [2m│   │   │   │   [0m'Edit',                                    │ │
│ │               [2m│   │   │   │   [0m'Write'                                    │ │
│ │               [2m│   │   │   [0m[1m][0m,                                             │ │
│ │               [2m│   │   │   [0m'thread_id':                                   │ │
│ │               'c619d671e8414eefa119b4cf708d48f7',                        │ │
│ │               [2m│   │   │   [0m... +[1m11[0m                                        │ │
│ │               [2m│   │   [0m[1m}[0m                                                  │ │
│ │               [2m│   [0m[1m}[0m                                                      │ │
│ │               [1m}[0m                                                          │ │
│ │     [3mruntime[0m = [1mRuntime[0m[1m([0m                                                   │ │
│ │               [2m│   [0mcontext=[3mNone[0m,                                          │ │
│ │               [2m│   [0mstore=[3mNone[0m,                                            │ │
│ │               [2m│   [0mstream_writer=[1m<[0m[1mfunction[0m                                │ │
│ │               Pregel.astream.<locals>.stream_writer at [1m0x10b7f9bc0[0m[1m>[0m,     │ │
│ │               [2m│   [0mprevious=[3mNone[0m                                          │ │
│ │               [1m)[0m                                                          │ │
│ │ [3mruntime_key[0m = 'N/A'                                                      │ │
│ │        [3mself[0m = [1mrun_ralph_loop[0m[1m([0mtags=[3mNone[0m, recurse=[3mTrue[0m,                    │ │
│ │               explode_args=[3mFalse[0m, func_accepts=[1m{[0m'config': [1m([0m'N/A', [1m<[0m[1mclass[0m │ │
│ │               'inspect._empty'[1m>[0m[1m)[0m[1m}[0m[1m)[0m                                       │ │
│ ╰──────────────────────────────────────────────────────────────────────────╯ │
│                                                                              │
│ [2m/private/tmp/kodezart-v03-recovery-native-compat/src/kodezart/core/[0m[1mretry.py[0m: │
│ 109 in guarded                                                               │
│                                                                              │
│   [2m106 [0m[2m│   │   [0m[1m@functools[0m.wraps(node)                                         │
│   [2m107 [0m[2m│   │   [0masync def guarded(state: _StateT, config: RunnableConfig) -> _ │
│   [2m108 [0m[2m│   │   │   [0mtry:                                                       │
│ ❱ 109 [2m│   │   │   │   [0mreturn await node(state, config)                       │
│   [2m110 [0m[2m│   │   │   [0mexcept Exception as exc:                                   │
│   [2m111 [0m[2m│   │   │   │   [0mif not getattr(exc, _FLOOR_PAID, False):               │
│   [2m112 [0m[2m│   │   │   │   │   [0mfloor = resolve(exc)                               │
│                                                                              │
│ ╭───────────────────────────────── locals ─────────────────────────────────╮ │
│ │ [3mconfig[0m = [1m{[0m                                                               │ │
│ │          [2m│   [0m'metadata': [1m{[0m                                               │ │
│ │          [2m│   │   [0m'prompt': 'fix',                                        │ │
│ │          [2m│   │   [0m'repo_path': '/tmp/fake',                               │ │
│ │          [2m│   │   [0m'permission_mode': [1m<[0m[1mPermissionMode.UNATTENDED:[0m          │ │
│ │          'unattended'>,                                                  │ │
│ │          [2m│   │   [0m'thread_id': 'c619d671e8414eefa119b4cf708d48f7',        │ │
│ │          [2m│   │   [0m'langgraph_step': [1m6[0m,                                    │ │
│ │          [2m│   │   [0m'langgraph_node': 'run_ralph_loop',                     │ │
│ │          [2m│   │   [0m'langgraph_triggers': [1m([0m'branch:to:run_ralph_loop',[1m)[0m,    │ │
│ │          [2m│   │   [0m'langgraph_path': [1m([0m'__pregel_pull', 'run_ralph_loop'[1m)[0m,  │ │
│ │          [2m│   │   [0m'langgraph_checkpoint_ns':                              │ │
│ │          'fire:c2d1e733-cc9f-9c00-11fa-00fdf82aa9a5|run_ralph_loop:0f75… │ │
│ │          [2m│   │   [0m'checkpoint_ns':                                        │ │
│ │          'fire:c2d1e733-cc9f-9c00-11fa-00fdf82aa9a5'                     │ │
│ │          [2m│   [0m[1m}[0m,                                                          │ │
│ │          [2m│   [0m'callbacks':                                                │ │
│ │          <langchain_core.callbacks.manager.AsyncCallbackManager object   │ │
│ │          at [1m0x10af45370[0m>,                                                │ │
│ │          [2m│   [0m'configurable': [1m{[0m                                           │ │
│ │          [2m│   │   [0m'prompt': 'fix',                                        │ │
│ │          [2m│   │   [0m'repo_path': '/tmp/fake',                               │ │
│ │          [2m│   │   [0m'repo_url': [3mNone[0m,                                       │ │
│ │          [2m│   │   [0m'cache_key': 'c619d671e8414eefa119b4cf708d48f7',        │ │
│ │          [2m│   │   [0m'run_identity': [3mNone[0m,                                   │ │
│ │          [2m│   │   [0m'workspace_path': [3mNone[0m,                                 │ │
│ │          [2m│   │   [0m'base_spec': [1m{[0m                                          │ │
│ │          [2m│   │   │   [0m'inputs': [1m([0m[1m)[0m,                                       │ │
│ │          [2m│   │   │   [0m'base_branch': 'main',                              │ │
│ │          [2m│   │   │   [0m'base_role': [3mNone[0m                                   │ │
│ │          [2m│   │   [0m[1m}[0m,                                                      │ │
│ │          [2m│   │   [0m'permission_mode': <PermissionMode.UNATTENDED:          │ │
│ │          'unattended'[1m>[0m,                                                  │ │
│ │          [2m│   │   [0m'allowed_tools': [1m[[0m                                      │ │
│ │          [2m│   │   │   [0m'Read',                                             │ │
│ │          [2m│   │   │   [0m'Glob',                                             │ │
│ │          [2m│   │   │   [0m'Grep',                                             │ │
│ │          [2m│   │   │   [0m'Bash',                                             │ │
│ │          [2m│   │   │   [0m'Edit',                                             │ │
│ │          [2m│   │   │   [0m'Write'                                             │ │
│ │          [2m│   │   [0m[1m][0m,                                                      │ │
│ │          [2m│   │   [0m'thread_id': 'c619d671e8414eefa119b4cf708d48f7',        │ │
│ │          [2m│   │   [0m... +[1m11[0m                                                 │ │
│ │          [2m│   [0m[1m}[0m                                                           │ │
│ │          [1m}[0m                                                               │ │
│ │  [3mfloor[0m = [3mNone[0m                                                            │ │
│ │   [3mnode[0m = [1m<[0m[1mbound[0m method FireImplementation.run_ralph_loop of              │ │
│ │          <kodezart.chains.fire_implementation.FireImplementation object  │ │
│ │          at [1m0x10af4ed50[0m>[1m>[0m                                                │ │
│ │  [3mstate[0m = [1m{[0m                                                               │ │
│ │          [2m│   [0m'issue_key': [3mNone[0m,                                          │ │
│ │          [2m│   [0m'feature_branch': 'kodezart/scripted-branch-7f3febe8',      │ │
│ │          [2m│   [0m'ralph_branch':                                             │ │
│ │          'kodezart/scripted-branch-7f3febe8-ralph-7021a0c1',             │ │
│ │          [2m│   [0m'work_base_ref': 'main',                                    │ │
│ │          [2m│   [0m'fire_spec': [1mAuthoredSpec[0m[1m([0m                                  │ │
│ │          [2m│   │   [0mticket=[1mTicketDraftOutput[0m[1m([0m                               │ │
│ │          [2m│   │   │   [0mtitle='Test ticket',                                │ │
│ │          [2m│   │   │   [0msummary='Test summary',                             │ │
│ │          [2m│   │   │   [0mcontext='Test context',                             │ │
│ │          [2m│   │   │   [0mreferences=[1m[[0m[1m][0m,                                      │ │
│ │          [2m│   │   │   [0mrequired_changes=[1m[[0m                                  │ │
│ │          [2m│   │   │   │   [0m[1mFileChange[0m[1m([0m                                     │ │
│ │          [2m│   │   │   │   │   [0mfile_path='test.py',                        │ │
│ │          [2m│   │   │   │   │   [0mchange_type='modify',                       │ │
│ │          [2m│   │   │   │   │   [0mdescription='test change',                  │ │
│ │          [2m│   │   │   │   │   [0mrationale='test rationale'                  │ │
│ │          [2m│   │   │   │   [0m[1m)[0m                                               │ │
│ │          [2m│   │   │   [0m[1m][0m,                                                  │ │
│ │          [2m│   │   │   [0mout_of_scope=[1m[[0m[1m][0m,                                    │ │
│ │          [2m│   │   │   [0mopen_questions=[1m[[0m[1m][0m,                                  │ │
│ │          [2m│   │   │   [0msherlock_flags=[1m[[0m[1m][0m                                   │ │
│ │          [2m│   │   [0m[1m)[0m                                                       │ │
│ │          [2m│   [0m[1m)[0m,                                                          │ │
│ │          [2m│   [0m'acceptance_criteria': [1m[[0m                                    │ │
│ │          [2m│   │   [0m[1mGeneratedCriterion[0m[1m([0m                                     │ │
│ │          [2m│   │   │   [0mid='AC-1',                                          │ │
│ │          [2m│   │   │   [0mtext='The fix compiles without errors'              │ │
│ │          [2m│   │   [0m[1m)[0m,                                                      │ │
│ │          [2m│   │   [0m[1mGeneratedCriterion[0m[1m([0m                                     │ │
│ │          [2m│   │   │   [0mid='AC-2',                                          │ │
│ │          [2m│   │   │   [0mtext='All existing tests pass'                      │ │
│ │          [2m│   │   [0m[1m)[0m,                                                      │ │
│ │          [2m│   │   [0m[1mGeneratedCriterion[0m[1m([0m                                     │ │
│ │          [2m│   │   │   [0mid='AC-3',                                          │ │
│ │          [2m│   │   │   [0mtext='Linting passes with no new warnings'          │ │
│ │          [2m│   │   [0m[1m)[0m                                                       │ │
│ │          [2m│   [0m[1m][0m,                                                          │ │
│ │          [2m│   [0m'criterion_set': [1mCriteriaArtifact[0m[1m([0m                          │ │
│ │          [2m│   │   [0mcriteria=[1m[[0m                                              │ │
│ │          [2m│   │   │   [0m[1mValidatedCriterion[0m[1m([0m                                 │ │
│ │          [2m│   │   │   │   [0mid='AC-1',                                      │ │
│ │          [2m│   │   │   │   [0mtext='The fix compiles without errors',         │ │
│ │          [2m│   │   │   │   [0mfeasibility=[1mCriterionFeasibility[0m[1m([0m               │ │
│ │          [2m│   │   │   │   │   [0mcriterion_id='AC-1',                        │ │
│ │          [2m│   │   │   │   │   [0mverdict=[1m<[0m[1mCriterionVerdict.feasible:[0m         │ │
│ │          'feasible'>,                                                    │ │
│ │          [2m│   │   │   │   │   [0mrefutation=[3mNone[0m,                            │ │
│ │          [2m│   │   │   │   │   [0mmissing_resource=[3mNone[0m,                      │ │
│ │          [2m│   │   │   │   │   [0mcost_measurement=[3mNone[0m,                      │ │
│ │          [2m│   │   │   │   │   [0mflags=[1m[[0m[1m][0m,                                   │ │
│ │          [2m│   │   │   │   │   [0mforbidden_class=[3mNone[0m,                       │ │
│ │          [2m│   │   │   │   │   [0mundeclared_switch_arms=[1m[[0m[1m][0m                   │ │
│ │          [2m│   │   │   │   [0m[1m)[0m                                               │ │
│ │          [2m│   │   │   [0m[1m)[0m,                                                  │ │
│ │          [2m│   │   │   [0m[1mValidatedCriterion[0m[1m([0m                                 │ │
│ │          [2m│   │   │   │   [0mid='AC-2',                                      │ │
│ │          [2m│   │   │   │   [0mtext='All existing tests pass',                 │ │
│ │          [2m│   │   │   │   [0mfeasibility=[1mCriterionFeasibility[0m[1m([0m               │ │
│ │          [2m│   │   │   │   │   [0mcriterion_id='AC-2',                        │ │
│ │          [2m│   │   │   │   │   [0mverdict=<CriterionVerdict.feasible:         │ │
│ │          'feasible'>,                                                    │ │
│ │          [2m│   │   │   │   │   [0mrefutation=[3mNone[0m,                            │ │
│ │          [2m│   │   │   │   │   [0mmissing_resource=[3mNone[0m,                      │ │
│ │          [2m│   │   │   │   │   [0mcost_measurement=[3mNone[0m,                      │ │
│ │          [2m│   │   │   │   │   [0mflags=[1m[[0m[1m][0m,                                   │ │
│ │          [2m│   │   │   │   │   [0mforbidden_class=[3mNone[0m,                       │ │
│ │          [2m│   │   │   │   │   [0mundeclared_switch_arms=[1m[[0m[1m][0m                   │ │
│ │          [2m│   │   │   │   [0m[1m)[0m                                               │ │
│ │          [2m│   │   │   [0m[1m)[0m,                                                  │ │
│ │          [2m│   │   │   [0m[1mValidatedCriterion[0m[1m([0m                                 │ │
│ │          [2m│   │   │   │   [0mid='AC-3',                                      │ │
│ │          [2m│   │   │   │   [0mtext='Linting passes with no new warnings',     │ │
│ │          [2m│   │   │   │   [0mfeasibility=[1mCriterionFeasibility[0m[1m([0m               │ │
│ │          [2m│   │   │   │   │   [0mcriterion_id='AC-3',                        │ │
│ │          [2m│   │   │   │   │   [0mverdict=<CriterionVerdict.feasible:         │ │
│ │          'feasible'>,                                                    │ │
│ │          [2m│   │   │   │   │   [0mrefutation=[3mNone[0m,                            │ │
│ │          [2m│   │   │   │   │   [0mmissing_resource=[3mNone[0m,                      │ │
│ │          [2m│   │   │   │   │   [0mcost_measurement=[3mNone[0m,                      │ │
│ │          [2m│   │   │   │   │   [0mflags=[1m[[0m[1m][0m,                                   │ │
│ │          [2m│   │   │   │   │   [0mforbidden_class=[3mNone[0m,                       │ │
│ │          [2m│   │   │   │   │   [0mundeclared_switch_arms=[1m[[0m[1m][0m                   │ │
│ │          [2m│   │   │   │   [0m[1m)[0m                                               │ │
│ │          [2m│   │   │   [0m[1m)[0m                                                   │ │
│ │          [2m│   │   [0m[1m][0m,                                                      │ │
│ │          [2m│   │   [0mconjunction=[1mConjunctionVerdict[0m[1m([0m                         │ │
│ │          [2m│   │   │   [0msatisfiable=[3mTrue[0m,                                   │ │
│ │          [2m│   │   │   [0mcontradictions=[1m[[0m[1m][0m                                   │ │
│ │          [2m│   │   [0m[1m)[0m                                                       │ │
│ │          [2m│   [0m[1m)[0m,                                                          │ │
│ │          [2m│   [0m'criteria_validation': [1mCriteriaValidation[0m[1m([0m                  │ │
│ │          [2m│   │   [0mverdicts=[1m[[0m                                              │ │
│ │          [2m│   │   │   [0m[1mCriterionFeasibility[0m[1m([0m                               │ │
│ │          [2m│   │   │   │   [0mcriterion_id='AC-1',                            │ │
│ │          [2m│   │   │   │   [0mverdict=<CriterionVerdict.feasible:             │ │
│ │          'feasible'>,                                                    │ │
│ │          [2m│   │   │   │   [0mrefutation=[3mNone[0m,                                │ │
│ │          [2m│   │   │   │   [0mmissing_resource=[3mNone[0m,                          │ │
│ │          [2m│   │   │   │   [0mcost_measurement=[3mNone[0m,                          │ │
│ │          [2m│   │   │   │   [0mflags=[1m[[0m[1m][0m,                                       │ │
│ │          [2m│   │   │   │   [0mforbidden_class=[3mNone[0m,                           │ │
│ │          [2m│   │   │   │   [0mundeclared_switch_arms=[1m[[0m[1m][0m                       │ │
│ │          [2m│   │   │   [0m[1m)[0m,                                                  │ │
│ │          [2m│   │   │   [0m[1mCriterionFeasibility[0m[1m([0m                               │ │
│ │          [2m│   │   │   │   [0mcriterion_id='AC-2',                            │ │
│ │          [2m│   │   │   │   [0mverdict=<CriterionVerdict.feasible:             │ │
│ │          'feasible'>,                                                    │ │
│ │          [2m│   │   │   │   [0mrefutation=[3mNone[0m,                                │ │
│ │          [2m│   │   │   │   [0mmissing_resource=[3mNone[0m,                          │ │
│ │          [2m│   │   │   │   [0mcost_measurement=[3mNone[0m,                          │ │
│ │          [2m│   │   │   │   [0mflags=[1m[[0m[1m][0m,                                       │ │
│ │          [2m│   │   │   │   [0mforbidden_class=[3mNone[0m,                           │ │
│ │          [2m│   │   │   │   [0mundeclared_switch_arms=[1m[[0m[1m][0m                       │ │
│ │          [2m│   │   │   [0m[1m)[0m,                                                  │ │
│ │          [2m│   │   │   [0m[1mCriterionFeasibility[0m[1m([0m                               │ │
│ │          [2m│   │   │   │   [0mcriterion_id='AC-3',                            │ │
│ │          [2m│   │   │   │   [0mverdict=<CriterionVerdict.feasible:             │ │
│ │          'feasible'[1m>[0m,                                                    │ │
│ │          [2m│   │   │   │   [0mrefutation=[3mNone[0m,                                │ │
│ │          [2m│   │   │   │   [0mmissing_resource=[3mNone[0m,                          │ │
│ │          [2m│   │   │   │   [0mcost_measurement=[3mNone[0m,                          │ │
│ │          [2m│   │   │   │   [0mflags=[1m[[0m[1m][0m,                                       │ │
│ │          [2m│   │   │   │   [0mforbidden_class=[3mNone[0m,                           │ │
│ │          [2m│   │   │   │   [0mundeclared_switch_arms=[1m[[0m[1m][0m                       │ │
│ │          [2m│   │   │   [0m[1m)[0m                                                   │ │
│ │          [2m│   │   [0m[1m][0m,                                                      │ │
│ │          [2m│   │   [0mconjunction=[1mConjunctionVerdict[0m[1m([0m                         │ │
│ │          [2m│   │   │   [0msatisfiable=[3mTrue[0m,                                   │ │
│ │          [2m│   │   │   [0mcontradictions=[1m[[0m[1m][0m                                   │ │
│ │          [2m│   │   [0m[1m)[0m                                                       │ │
│ │          [2m│   [0m[1m)[0m,                                                          │ │
│ │          [2m│   [0m'criteria_regeneration_rounds': [1m0[0m,                          │ │
│ │          [2m│   [0m'criteria_infeasible': [3mFalse[0m,                               │ │
│ │          [2m│   [0m... +[1m17[0m                                                     │ │
│ │          [1m}[0m                                                               │ │
│ ╰──────────────────────────────────────────────────────────────────────────╯ │
│                                                                              │
│ [2m/private/tmp/kodezart-v03-recovery-native-compat/src/kodezart/chains/[0m[1mfire_im[0m │
│ [1mplementation.py[0m:156 in run_ralph_loop                                        │
│                                                                              │
│   [2m153 [0m[2m│   │   │   [0mPromptKey.IMPLEMENTATION,                                  │
│   [2m154 [0m[2m│   │   [0m).render({"task_md": task_md})                                 │
│   [2m155 [0m[2m│   │   [0m                                                               │
│ ❱ 156 [2m│   │   [0mlast_iteration_event = [1;4mawait[0m[1;4m [0m[1;4mself[0m[1;4m.run_quality_gate([0m            │
│   [2m157 [0m[2m│   │   │   [0m[1;4mprompt=implementation_prompt,[0m                              │
│   [2m158 [0m[2m│   │   │   [0m[1;4mrepo_path=ctx.repo_path,[0m                                   │
│   [2m159 [0m[2m│   │   │   [0m[1;4mrepo_url=ctx.repo_url,[0m                                     │
│                                                                              │
│ ╭───────────────────────────────── locals ─────────────────────────────────╮ │
│ │                [3mconfig[0m = [1m{[0m                                                │ │
│ │                         [2m│   [0m'metadata': [1m{[0m                                │ │
│ │                         [2m│   │   [0m'prompt': 'fix',                         │ │
│ │                         [2m│   │   [0m'repo_path': '/tmp/fake',                │ │
│ │                         [2m│   │   [0m'permission_mode':                       │ │
│ │                         [1m<[0m[1mPermissionMode.UNATTENDED:[0m 'unattended'>,       │ │
│ │                         [2m│   │   [0m'thread_id':                             │ │
│ │                         'c619d671e8414eefa119b4cf708d48f7',              │ │
│ │                         [2m│   │   [0m'langgraph_step': [1m6[0m,                     │ │
│ │                         [2m│   │   [0m'langgraph_node': 'run_ralph_loop',      │ │
│ │                         [2m│   │   [0m'langgraph_triggers': [1m([0m                  │ │
│ │                         [2m│   │   │   [0m'branch:to:run_ralph_loop',          │ │
│ │                         [2m│   │   [0m[1m)[0m,                                       │ │
│ │                         [2m│   │   [0m'langgraph_path': [1m([0m                      │ │
│ │                         [2m│   │   │   [0m'__pregel_pull',                     │ │
│ │                         [2m│   │   │   [0m'run_ralph_loop'                     │ │
│ │                         [2m│   │   [0m[1m)[0m,                                       │ │
│ │                         [2m│   │   [0m'langgraph_checkpoint_ns':               │ │
│ │                         'fire:c2d1e733-cc9f-9c00-11fa-00fdf82aa9a5|run_… │ │
│ │                         [2m│   │   [0m'checkpoint_ns':                         │ │
│ │                         'fire:c2d1e733-cc9f-9c00-11fa-00fdf82aa9a5'      │ │
│ │                         [2m│   [0m[1m}[0m,                                           │ │
│ │                         [2m│   [0m'callbacks':                                 │ │
│ │                         <langchain_core.callbacks.manager.AsyncCallback… │ │
│ │                         object at [1m0x10af45370[0m>,                          │ │
│ │                         [2m│   [0m'configurable': [1m{[0m                            │ │
│ │                         [2m│   │   [0m'prompt': 'fix',                         │ │
│ │                         [2m│   │   [0m'repo_path': '/tmp/fake',                │ │
│ │                         [2m│   │   [0m'repo_url': [3mNone[0m,                        │ │
│ │                         [2m│   │   [0m'cache_key':                             │ │
│ │                         'c619d671e8414eefa119b4cf708d48f7',              │ │
│ │                         [2m│   │   [0m'run_identity': [3mNone[0m,                    │ │
│ │                         [2m│   │   [0m'workspace_path': [3mNone[0m,                  │ │
│ │                         [2m│   │   [0m'base_spec': [1m{[0m                           │ │
│ │                         [2m│   │   │   [0m'inputs': [1m([0m[1m)[0m,                        │ │
│ │                         [2m│   │   │   [0m'base_branch': 'main',               │ │
│ │                         [2m│   │   │   [0m'base_role': [3mNone[0m                    │ │
│ │                         [2m│   │   [0m[1m}[0m,                                       │ │
│ │                         [2m│   │   [0m'permission_mode':                       │ │
│ │                         <PermissionMode.UNATTENDED: 'unattended'[1m>[0m,       │ │
│ │                         [2m│   │   [0m'allowed_tools': [1m[[0m                       │ │
│ │                         [2m│   │   │   [0m'Read',                              │ │
│ │                         [2m│   │   │   [0m'Glob',                              │ │
│ │                         [2m│   │   │   [0m'Grep',                              │ │
│ │                         [2m│   │   │   [0m'Bash',                              │ │
│ │                         [2m│   │   │   [0m'Edit',                              │ │
│ │                         [2m│   │   │   [0m'Write'                              │ │
│ │                         [2m│   │   [0m[1m][0m,                                       │ │
│ │                         [2m│   │   [0m'thread_id':                             │ │
│ │                         'c619d671e8414eefa119b4cf708d48f7',              │ │
│ │                         [2m│   │   [0m... +[1m11[0m                                  │ │
│ │                         [2m│   [0m[1m}[0m                                            │ │
│ │                         [1m}[0m                                                │ │
│ │              [3mcriteria[0m = [1m[[0m                                                │ │
│ │                         [2m│   [0m[1mValidatedCriterion[0m[1m([0m                          │ │
│ │                         [2m│   │   [0mid='AC-1',                               │ │
│ │                         [2m│   │   [0mtext='The fix compiles without errors',  │ │
│ │                         [2m│   │   [0mfeasibility=[1mCriterionFeasibility[0m[1m([0m        │ │
│ │                         [2m│   │   │   [0mcriterion_id='AC-1',                 │ │
│ │                         [2m│   │   │   [0mverdict=[1m<[0m[1mCriterionVerdict.feasible:[0m  │ │
│ │                         'feasible'>,                                     │ │
│ │                         [2m│   │   │   [0mrefutation=[3mNone[0m,                     │ │
│ │                         [2m│   │   │   [0mmissing_resource=[3mNone[0m,               │ │
│ │                         [2m│   │   │   [0mcost_measurement=[3mNone[0m,               │ │
│ │                         [2m│   │   │   [0mflags=[1m[[0m[1m][0m,                            │ │
│ │                         [2m│   │   │   [0mforbidden_class=[3mNone[0m,                │ │
│ │                         [2m│   │   │   [0mundeclared_switch_arms=[1m[[0m[1m][0m            │ │
│ │                         [2m│   │   [0m[1m)[0m                                        │ │
│ │                         [2m│   [0m[1m)[0m,                                           │ │
│ │                         [2m│   [0m[1mValidatedCriterion[0m[1m([0m                          │ │
│ │                         [2m│   │   [0mid='AC-2',                               │ │
│ │                         [2m│   │   [0mtext='All existing tests pass',          │ │
│ │                         [2m│   │   [0mfeasibility=[1mCriterionFeasibility[0m[1m([0m        │ │
│ │                         [2m│   │   │   [0mcriterion_id='AC-2',                 │ │
│ │                         [2m│   │   │   [0mverdict=<CriterionVerdict.feasible:  │ │
│ │                         'feasible'>,                                     │ │
│ │                         [2m│   │   │   [0mrefutation=[3mNone[0m,                     │ │
│ │                         [2m│   │   │   [0mmissing_resource=[3mNone[0m,               │ │
│ │                         [2m│   │   │   [0mcost_measurement=[3mNone[0m,               │ │
│ │                         [2m│   │   │   [0mflags=[1m[[0m[1m][0m,                            │ │
│ │                         [2m│   │   │   [0mforbidden_class=[3mNone[0m,                │ │
│ │                         [2m│   │   │   [0mundeclared_switch_arms=[1m[[0m[1m][0m            │ │
│ │                         [2m│   │   [0m[1m)[0m                                        │ │
│ │                         [2m│   [0m[1m)[0m,                                           │ │
│ │                         [2m│   [0m[1mValidatedCriterion[0m[1m([0m                          │ │
│ │                         [2m│   │   [0mid='AC-3',                               │ │
│ │                         [2m│   │   [0mtext='Linting passes with no new         │ │
│ │                         warnings',                                       │ │
│ │                         [2m│   │   [0mfeasibility=[1mCriterionFeasibility[0m[1m([0m        │ │
│ │                         [2m│   │   │   [0mcriterion_id='AC-3',                 │ │
│ │                         [2m│   │   │   [0mverdict=<CriterionVerdict.feasible:  │ │
│ │                         'feasible'[1m>[0m,                                     │ │
│ │                         [2m│   │   │   [0mrefutation=[3mNone[0m,                     │ │
│ │                         [2m│   │   │   [0mmissing_resource=[3mNone[0m,               │ │
│ │                         [2m│   │   │   [0mcost_measurement=[3mNone[0m,               │ │
│ │                         [2m│   │   │   [0mflags=[1m[[0m[1m][0m,                            │ │
│ │                         [2m│   │   │   [0mforbidden_class=[3mNone[0m,                │ │
│ │                         [2m│   │   │   [0mundeclared_switch_arms=[1m[[0m[1m][0m            │ │
│ │                         [2m│   │   [0m[1m)[0m                                        │ │
│ │                         [2m│   [0m[1m)[0m                                            │ │
│ │                         [1m][0m                                                │ │
│ │         [3mcriterion_set[0m = [1mCriteriaArtifact[0m[1m([0m                                │ │
│ │                         [2m│   [0mcriteria=[1m[[0m                                   │ │
│ │                         [2m│   │   [0m[1mValidatedCriterion[0m[1m([0m                      │ │
│ │                         [2m│   │   │   [0mid='AC-1',                           │ │
│ │                         [2m│   │   │   [0mtext='The fix compiles without       │ │
│ │                         errors',                                         │ │
│ │                         [2m│   │   │   [0mfeasibility=[1mCriterionFeasibility[0m[1m([0m    │ │
│ │                         [2m│   │   │   │   [0mcriterion_id='AC-1',             │ │
│ │                         [2m│   │   │   │   [0m                                 │ │
│ │                         verdict=[1m<[0m[1mCriterionVerdict.feasible:[0m 'feasible'>, │ │
│ │                         [2m│   │   │   │   [0mrefutation=[3mNone[0m,                 │ │
│ │                         [2m│   │   │   │   [0mmissing_resource=[3mNone[0m,           │ │
│ │                         [2m│   │   │   │   [0mcost_measurement=[3mNone[0m,           │ │
│ │                         [2m│   │   │   │   [0mflags=[1m[[0m[1m][0m,                        │ │
│ │                         [2m│   │   │   │   [0mforbidden_class=[3mNone[0m,            │ │
│ │                         [2m│   │   │   │   [0mundeclared_switch_arms=[1m[[0m[1m][0m        │ │
│ │                         [2m│   │   │   [0m[1m)[0m                                    │ │
│ │                         [2m│   │   [0m[1m)[0m,                                       │ │
│ │                         [2m│   │   [0m[1mValidatedCriterion[0m[1m([0m                      │ │
│ │                         [2m│   │   │   [0mid='AC-2',                           │ │
│ │                         [2m│   │   │   [0mtext='All existing tests pass',      │ │
│ │                         [2m│   │   │   [0mfeasibility=[1mCriterionFeasibility[0m[1m([0m    │ │
│ │                         [2m│   │   │   │   [0mcriterion_id='AC-2',             │ │
│ │                         [2m│   │   │   │   [0m                                 │ │
│ │                         verdict=<CriterionVerdict.feasible: 'feasible'>, │ │
│ │                         [2m│   │   │   │   [0mrefutation=[3mNone[0m,                 │ │
│ │                         [2m│   │   │   │   [0mmissing_resource=[3mNone[0m,           │ │
│ │                         [2m│   │   │   │   [0mcost_measurement=[3mNone[0m,           │ │
│ │                         [2m│   │   │   │   [0mflags=[1m[[0m[1m][0m,                        │ │
│ │                         [2m│   │   │   │   [0mforbidden_class=[3mNone[0m,            │ │
│ │                         [2m│   │   │   │   [0mundeclared_switch_arms=[1m[[0m[1m][0m        │ │
│ │                         [2m│   │   │   [0m[1m)[0m                                    │ │
│ │                         [2m│   │   [0m[1m)[0m,                                       │ │
│ │                         [2m│   │   [0m[1mValidatedCriterion[0m[1m([0m                      │ │
│ │                         [2m│   │   │   [0mid='AC-3',                           │ │
│ │                         [2m│   │   │   [0mtext='Linting passes with no new     │ │
│ │                         warnings',                                       │ │
│ │                         [2m│   │   │   [0mfeasibility=[1mCriterionFeasibility[0m[1m([0m    │ │
│ │                         [2m│   │   │   │   [0mcriterion_id='AC-3',             │ │
│ │                         [2m│   │   │   │   [0m                                 │ │
│ │                         verdict=<CriterionVerdict.feasible: 'feasible'[1m>[0m, │ │
│ │                         [2m│   │   │   │   [0mrefutation=[3mNone[0m,                 │ │
│ │                         [2m│   │   │   │   [0mmissing_resource=[3mNone[0m,           │ │
│ │                         [2m│   │   │   │   [0mcost_measurement=[3mNone[0m,           │ │
│ │                         [2m│   │   │   │   [0mflags=[1m[[0m[1m][0m,                        │ │
│ │                         [2m│   │   │   │   [0mforbidden_class=[3mNone[0m,            │ │
│ │                         [2m│   │   │   │   [0mundeclared_switch_arms=[1m[[0m[1m][0m        │ │
│ │                         [2m│   │   │   [0m[1m)[0m                                    │ │
│ │                         [2m│   │   [0m[1m)[0m                                        │ │
│ │                         [2m│   [0m[1m][0m,                                           │ │
│ │                         [2m│   [0mconjunction=[1mConjunctionVerdict[0m[1m([0m              │ │
│ │                         [2m│   │   [0msatisfiable=[3mTrue[0m,                        │ │
│ │                         [2m│   │   [0mcontradictions=[1m[[0m[1m][0m                        │ │
│ │                         [2m│   [0m[1m)[0m                                            │ │
│ │                         [1m)[0m                                                │ │
│ │                   [3mctx[0m = [1mExecutionContext[0m[1m([0m                                │ │
│ │                         [2m│   [0mprompt='fix',                                │ │
│ │                         [2m│   [0mrepo_path='/tmp/fake',                       │ │
│ │                         [2m│   [0mrepo_url=[3mNone[0m,                               │ │
│ │                         [2m│   [0m                                             │ │
│ │                         cache_key='c619d671e8414eefa119b4cf708d48f7',    │ │
│ │                         [2m│   [0mrun_identity=[3mNone[0m,                           │ │
│ │                         [2m│   [0mworkspace_path=[3mNone[0m,                         │ │
│ │                         [2m│   [0mbase_spec=[1mBaseSpec[0m[1m([0m                          │ │
│ │                         [2m│   │   [0minputs=[1m([0m[1m)[0m,                               │ │
│ │                         [2m│   │   [0mbase_branch='main',                      │ │
│ │                         [2m│   │   [0mbase_role=[3mNone[0m                           │ │
│ │                         [2m│   [0m[1m)[0m,                                           │ │
│ │                         [2m│   [0mpermission_mode=[1m<[0m[1mPermissionMode.UNATTENDED:[0m  │ │
│ │                         'unattended'[1m>[0m,                                   │ │
│ │                         [2m│   [0mallowed_tools=[1m[[0m                              │ │
│ │                         [2m│   │   [0m'Read',                                  │ │
│ │                         [2m│   │   [0m'Glob',                                  │ │
│ │                         [2m│   │   [0m'Grep',                                  │ │
│ │                         [2m│   │   [0m'Bash',                                  │ │
│ │                         [2m│   │   [0m'Edit',                                  │ │
│ │                         [2m│   │   [0m'Write'                                  │ │
│ │                         [2m│   [0m[1m][0m                                            │ │
│ │                         [1m)[0m                                                │ │
│ │ [3mimplementation_prompt[0m = '── SKILLS AVAILABLE FOR THIS ROLE ──\nLoad each │ │
│ │                         skill below when its subject matt'+[1m196[0m           │ │
│ │           [3mremediation[0m = [3mNone[0m                                             │ │
│ │                  [3mself[0m = [1m<[0m[1mkodezart.chains.fire_implementation.FireImplem…[0m │ │
│ │                         object at [1m0x10af4ed50[0m[1m>[0m                           │ │
│ │                  [3mspec[0m = [1mAuthoredSpec[0m[1m([0m                                    │ │
│ │                         [2m│   [0mticket=[1mTicketDraftOutput[0m[1m([0m                    │ │
│ │                         [2m│   │   [0mtitle='Test ticket',                     │ │
│ │                         [2m│   │   [0msummary='Test summary',                  │ │
│ │                         [2m│   │   [0mcontext='Test context',                  │ │
│ │                         [2m│   │   [0mreferences=[1m[[0m[1m][0m,                           │ │
│ │                         [2m│   │   [0mrequired_changes=[1m[[0m                       │ │
│ │                         [2m│   │   │   [0m[1mFileChange[0m[1m([0m                          │ │
│ │                         [2m│   │   │   │   [0mfile_path='test.py',             │ │
│ │                         [2m│   │   │   │   [0mchange_type='modify',            │ │
│ │                         [2m│   │   │   │   [0mdescription='test change',       │ │
│ │                         [2m│   │   │   │   [0mrationale='test rationale'       │ │
│ │                         [2m│   │   │   [0m[1m)[0m                                    │ │
│ │                         [2m│   │   [0m[1m][0m,                                       │ │
│ │                         [2m│   │   [0mout_of_scope=[1m[[0m[1m][0m,                         │ │
│ │                         [2m│   │   [0mopen_questions=[1m[[0m[1m][0m,                       │ │
│ │                         [2m│   │   [0msherlock_flags=[1m[[0m[1m][0m                        │ │
│ │                         [2m│   [0m[1m)[0m                                            │ │
│ │                         [1m)[0m                                                │ │
│ │                 [3mstate[0m = [1m{[0m                                                │ │
│ │                         [2m│   [0m'issue_key': [3mNone[0m,                           │ │
│ │                         [2m│   [0m'feature_branch':                            │ │
│ │                         'kodezart/scripted-branch-7f3febe8',             │ │
│ │                         [2m│   [0m'ralph_branch':                              │ │
│ │                         'kodezart/scripted-branch-7f3febe8-ralph-7021a0… │ │
│ │                         [2m│   [0m'work_base_ref': 'main',                     │ │
│ │                         [2m│   [0m'fire_spec': [1mAuthoredSpec[0m[1m([0m                   │ │
│ │                         [2m│   │   [0mticket=[1mTicketDraftOutput[0m[1m([0m                │ │
│ │                         [2m│   │   │   [0mtitle='Test ticket',                 │ │
│ │                         [2m│   │   │   [0msummary='Test summary',              │ │
│ │                         [2m│   │   │   [0mcontext='Test context',              │ │
│ │                         [2m│   │   │   [0mreferences=[1m[[0m[1m][0m,                       │ │
│ │                         [2m│   │   │   [0mrequired_changes=[1m[[0m                   │ │
│ │                         [2m│   │   │   │   [0m[1mFileChange[0m[1m([0m                      │ │
│ │                         [2m│   │   │   │   │   [0mfile_path='test.py',         │ │
│ │                         [2m│   │   │   │   │   [0mchange_type='modify',        │ │
│ │                         [2m│   │   │   │   │   [0mdescription='test change',   │ │
│ │                         [2m│   │   │   │   │   [0mrationale='test rationale'   │ │
│ │                         [2m│   │   │   │   [0m[1m)[0m                                │ │
│ │                         [2m│   │   │   [0m[1m][0m,                                   │ │
│ │                         [2m│   │   │   [0mout_of_scope=[1m[[0m[1m][0m,                     │ │
│ │                         [2m│   │   │   [0mopen_questions=[1m[[0m[1m][0m,                   │ │
│ │                         [2m│   │   │   [0msherlock_flags=[1m[[0m[1m][0m                    │ │
│ │                         [2m│   │   [0m[1m)[0m                                        │ │
│ │                         [2m│   [0m[1m)[0m,                                           │ │
│ │                         [2m│   [0m'acceptance_criteria': [1m[[0m                     │ │
│ │                         [2m│   │   [0m[1mGeneratedCriterion[0m[1m([0m                      │ │
│ │                         [2m│   │   │   [0mid='AC-1',                           │ │
│ │                         [2m│   │   │   [0mtext='The fix compiles without       │ │
│ │                         errors'                                          │ │
│ │                         [2m│   │   [0m[1m)[0m,                                       │ │
│ │                         [2m│   │   [0m[1mGeneratedCriterion[0m[1m([0m                      │ │
│ │                         [2m│   │   │   [0mid='AC-2',                           │ │
│ │                         [2m│   │   │   [0mtext='All existing tests pass'       │ │
│ │                         [2m│   │   [0m[1m)[0m,                                       │ │
│ │                         [2m│   │   [0m[1mGeneratedCriterion[0m[1m([0m                      │ │
│ │                         [2m│   │   │   [0mid='AC-3',                           │ │
│ │                         [2m│   │   │   [0mtext='Linting passes with no new     │ │
│ │                         warnings'                                        │ │
│ │                         [2m│   │   [0m[1m)[0m                                        │ │
│ │                         [2m│   [0m[1m][0m,                                           │ │
│ │                         [2m│   [0m'criterion_set': [1mCriteriaArtifact[0m[1m([0m           │ │
│ │                         [2m│   │   [0mcriteria=[1m[[0m                               │ │
│ │                         [2m│   │   │   [0m[1mValidatedCriterion[0m[1m([0m                  │ │
│ │                         [2m│   │   │   │   [0mid='AC-1',                       │ │
│ │                         [2m│   │   │   │   [0mtext='The fix compiles without   │ │
│ │                         errors',                                         │ │
│ │                         [2m│   │   │   │   [0m                                 │ │
│ │                         feasibility=[1mCriterionFeasibility[0m[1m([0m                │ │
│ │                         [2m│   │   │   │   │   [0mcriterion_id='AC-1',         │ │
│ │                         [2m│   │   │   │   │   [0m                             │ │
│ │                         verdict=[1m<[0m[1mCriterionVerdict.feasible:[0m 'feasible'>, │ │
│ │                         [2m│   │   │   │   │   [0mrefutation=[3mNone[0m,             │ │
│ │                         [2m│   │   │   │   │   [0mmissing_resource=[3mNone[0m,       │ │
│ │                         [2m│   │   │   │   │   [0mcost_measurement=[3mNone[0m,       │ │
│ │                         [2m│   │   │   │   │   [0mflags=[1m[[0m[1m][0m,                    │ │
│ │                         [2m│   │   │   │   │   [0mforbidden_class=[3mNone[0m,        │ │
│ │                         [2m│   │   │   │   │   [0mundeclared_switch_arms=[1m[[0m[1m][0m    │ │
│ │                         [2m│   │   │   │   [0m[1m)[0m                                │ │
│ │                         [2m│   │   │   [0m[1m)[0m,                                   │ │
│ │                         [2m│   │   │   [0m[1mValidatedCriterion[0m[1m([0m                  │ │
│ │                         [2m│   │   │   │   [0mid='AC-2',                       │ │
│ │                         [2m│   │   │   │   [0mtext='All existing tests pass',  │ │
│ │                         [2m│   │   │   │   [0m                                 │ │
│ │                         feasibility=[1mCriterionFeasibility[0m[1m([0m                │ │
│ │                         [2m│   │   │   │   │   [0mcriterion_id='AC-2',         │ │
│ │                         [2m│   │   │   │   │   [0m                             │ │
│ │                         verdict=<CriterionVerdict.feasible: 'feasible'>, │ │
│ │                         [2m│   │   │   │   │   [0mrefutation=[3mNone[0m,             │ │
│ │                         [2m│   │   │   │   │   [0mmissing_resource=[3mNone[0m,       │ │
│ │                         [2m│   │   │   │   │   [0mcost_measurement=[3mNone[0m,       │ │
│ │                         [2m│   │   │   │   │   [0mflags=[1m[[0m[1m][0m,                    │ │
│ │                         [2m│   │   │   │   │   [0mforbidden_class=[3mNone[0m,        │ │
│ │                         [2m│   │   │   │   │   [0mundeclared_switch_arms=[1m[[0m[1m][0m    │ │
│ │                         [2m│   │   │   │   [0m[1m)[0m                                │ │
│ │                         [2m│   │   │   [0m[1m)[0m,                                   │ │
│ │                         [2m│   │   │   [0m[1mValidatedCriterion[0m[1m([0m                  │ │
│ │                         [2m│   │   │   │   [0mid='AC-3',                       │ │
│ │                         [2m│   │   │   │   [0mtext='Linting passes with no new │ │
│ │                         warnings',                                       │ │
│ │                         [2m│   │   │   │   [0m                                 │ │
│ │                         feasibility=[1mCriterionFeasibility[0m[1m([0m                │ │
│ │                         [2m│   │   │   │   │   [0mcriterion_id='AC-3',         │ │
│ │                         [2m│   │   │   │   │   [0m                             │ │
│ │                         verdict=<CriterionVerdict.feasible: 'feasible'>, │ │
│ │                         [2m│   │   │   │   │   [0mrefutation=[3mNone[0m,             │ │
│ │                         [2m│   │   │   │   │   [0mmissing_resource=[3mNone[0m,       │ │
│ │                         [2m│   │   │   │   │   [0mcost_measurement=[3mNone[0m,       │ │
│ │                         [2m│   │   │   │   │   [0mflags=[1m[[0m[1m][0m,                    │ │
│ │                         [2m│   │   │   │   │   [0mforbidden_class=[3mNone[0m,        │ │
│ │                         [2m│   │   │   │   │   [0mundeclared_switch_arms=[1m[[0m[1m][0m    │ │
│ │                         [2m│   │   │   │   [0m[1m)[0m                                │ │
│ │                         [2m│   │   │   [0m[1m)[0m                                    │ │
│ │                         [2m│   │   [0m[1m][0m,                                       │ │
│ │                         [2m│   │   [0mconjunction=[1mConjunctionVerdict[0m[1m([0m          │ │
│ │                         [2m│   │   │   [0msatisfiable=[3mTrue[0m,                    │ │
│ │                         [2m│   │   │   [0mcontradictions=[1m[[0m[1m][0m                    │ │
│ │                         [2m│   │   [0m[1m)[0m                                        │ │
│ │                         [2m│   [0m[1m)[0m,                                           │ │
│ │                         [2m│   [0m'criteria_validation': [1mCriteriaValidation[0m[1m([0m   │ │
│ │                         [2m│   │   [0mverdicts=[1m[[0m                               │ │
│ │                         [2m│   │   │   [0m[1mCriterionFeasibility[0m[1m([0m                │ │
│ │                         [2m│   │   │   │   [0mcriterion_id='AC-1',             │ │
│ │                         [2m│   │   │   │   [0m                                 │ │
│ │                         verdict=<CriterionVerdict.feasible: 'feasible'>, │ │
│ │                         [2m│   │   │   │   [0mrefutation=[3mNone[0m,                 │ │
│ │                         [2m│   │   │   │   [0mmissing_resource=[3mNone[0m,           │ │
│ │                         [2m│   │   │   │   [0mcost_measurement=[3mNone[0m,           │ │
│ │                         [2m│   │   │   │   [0mflags=[1m[[0m[1m][0m,                        │ │
│ │                         [2m│   │   │   │   [0mforbidden_class=[3mNone[0m,            │ │
│ │                         [2m│   │   │   │   [0mundeclared_switch_arms=[1m[[0m[1m][0m        │ │
│ │                         [2m│   │   │   [0m[1m)[0m,                                   │ │
│ │                         [2m│   │   │   [0m[1mCriterionFeasibility[0m[1m([0m                │ │
│ │                         [2m│   │   │   │   [0mcriterion_id='AC-2',             │ │
│ │                         [2m│   │   │   │   [0m                                 │ │
│ │                         verdict=<CriterionVerdict.feasible: 'feasible'>, │ │
│ │                         [2m│   │   │   │   [0mrefutation=[3mNone[0m,                 │ │
│ │                         [2m│   │   │   │   [0mmissing_resource=[3mNone[0m,           │ │
│ │                         [2m│   │   │   │   [0mcost_measurement=[3mNone[0m,           │ │
│ │                         [2m│   │   │   │   [0mflags=[1m[[0m[1m][0m,                        │ │
│ │                         [2m│   │   │   │   [0mforbidden_class=[3mNone[0m,            │ │
│ │                         [2m│   │   │   │   [0mundeclared_switch_arms=[1m[[0m[1m][0m        │ │
│ │                         [2m│   │   │   [0m[1m)[0m,                                   │ │
│ │                         [2m│   │   │   [0m[1mCriterionFeasibility[0m[1m([0m                │ │
│ │                         [2m│   │   │   │   [0mcriterion_id='AC-3',             │ │
│ │                         [2m│   │   │   │   [0m                                 │ │
│ │                         verdict=<CriterionVerdict.feasible: 'feasible'[1m>[0m, │ │
│ │                         [2m│   │   │   │   [0mrefutation=[3mNone[0m,                 │ │
│ │                         [2m│   │   │   │   [0mmissing_resource=[3mNone[0m,           │ │
│ │                         [2m│   │   │   │   [0mcost_measurement=[3mNone[0m,           │ │
│ │                         [2m│   │   │   │   [0mflags=[1m[[0m[1m][0m,                        │ │
│ │                         [2m│   │   │   │   [0mforbidden_class=[3mNone[0m,            │ │
│ │                         [2m│   │   │   │   [0mundeclared_switch_arms=[1m[[0m[1m][0m        │ │
│ │                         [2m│   │   │   [0m[1m)[0m                                    │ │
│ │                         [2m│   │   [0m[1m][0m,                                       │ │
│ │                         [2m│   │   [0mconjunction=[1mConjunctionVerdict[0m[1m([0m          │ │
│ │                         [2m│   │   │   [0msatisfiable=[3mTrue[0m,                    │ │
│ │                         [2m│   │   │   [0mcontradictions=[1m[[0m[1m][0m                    │ │
│ │                         [2m│   │   [0m[1m)[0m                                        │ │
│ │                         [2m│   [0m[1m)[0m,                                           │ │
│ │                         [2m│   [0m'criteria_regeneration_rounds': [1m0[0m,           │ │
│ │                         [2m│   [0m'criteria_infeasible': [3mFalse[0m,                │ │
│ │                         [2m│   [0m... +[1m17[0m                                      │ │
│ │                         [1m}[0m                                                │ │
│ │               [3mtask_md[0m = '# Test ticket\n\n## Summary\nTest summary\n\n## │ │
│ │                         Context\nTest context\n\n## Required Cha'+[1m51[0m     │ │
│ ╰──────────────────────────────────────────────────────────────────────────╯ │
│                                                                              │
│ [2m/private/tmp/kodezart-v03-recovery-native-compat/src/kodezart/chains/[0m[1mfire_im[0m │
│ [1mplementation.py[0m:99 in run_quality_gate                                       │
│                                                                              │
│   [2m 96 [0m[2m│   │   [0m"""Delegate to the quality gate for iterative execution."""    │
│   [2m 97 [0m[2m│   │   [0mwriter = get_stream_writer()                                   │
│   [2m 98 [0m[2m│   │   [0mlast_iteration_event: WorkflowIterationEvent | None = None     │
│ ❱  99 [2m│   │   [0masync for event in [1;4mself[0m[1;4m._quality_gate.run([0m                     │
│   [2m100 [0m[2m│   │   │   [0m[1;4mprompt=prompt,[0m                                             │
│   [2m101 [0m[2m│   │   │   [0m[1;4mrepo_path=repo_path,[0m                                       │
│   [2m102 [0m[2m│   │   │   [0m[1;4mrepo_url=repo_url,[0m                                         │
│                                                                              │
│ ╭───────────────────────────────── locals ─────────────────────────────────╮ │
│ │  [3macceptance_criteria[0m = [1m[[0m                                                 │ │
│ │                        [2m│   [0m[1mValidatedCriterion[0m[1m([0m                           │ │
│ │                        [2m│   │   [0mid='AC-1',                                │ │
│ │                        [2m│   │   [0mtext='The fix compiles without errors',   │ │
│ │                        [2m│   │   [0mfeasibility=[1mCriterionFeasibility[0m[1m([0m         │ │
│ │                        [2m│   │   │   [0mcriterion_id='AC-1',                  │ │
│ │                        [2m│   │   │   [0mverdict=[1m<[0m[1mCriterionVerdict.feasible:[0m   │ │
│ │                        'feasible'>,                                      │ │
│ │                        [2m│   │   │   [0mrefutation=[3mNone[0m,                      │ │
│ │                        [2m│   │   │   [0mmissing_resource=[3mNone[0m,                │ │
│ │                        [2m│   │   │   [0mcost_measurement=[3mNone[0m,                │ │
│ │                        [2m│   │   │   [0mflags=[1m[[0m[1m][0m,                             │ │
│ │                        [2m│   │   │   [0mforbidden_class=[3mNone[0m,                 │ │
│ │                        [2m│   │   │   [0mundeclared_switch_arms=[1m[[0m[1m][0m             │ │
│ │                        [2m│   │   [0m[1m)[0m                                         │ │
│ │                        [2m│   [0m[1m)[0m,                                            │ │
│ │                        [2m│   [0m[1mValidatedCriterion[0m[1m([0m                           │ │
│ │                        [2m│   │   [0mid='AC-2',                                │ │
│ │                        [2m│   │   [0mtext='All existing tests pass',           │ │
│ │                        [2m│   │   [0mfeasibility=[1mCriterionFeasibility[0m[1m([0m         │ │
│ │                        [2m│   │   │   [0mcriterion_id='AC-2',                  │ │
│ │                        [2m│   │   │   [0mverdict=<CriterionVerdict.feasible:   │ │
│ │                        'feasible'>,                                      │ │
│ │                        [2m│   │   │   [0mrefutation=[3mNone[0m,                      │ │
│ │                        [2m│   │   │   [0mmissing_resource=[3mNone[0m,                │ │
│ │                        [2m│   │   │   [0mcost_measurement=[3mNone[0m,                │ │
│ │                        [2m│   │   │   [0mflags=[1m[[0m[1m][0m,                             │ │
│ │                        [2m│   │   │   [0mforbidden_class=[3mNone[0m,                 │ │
│ │                        [2m│   │   │   [0mundeclared_switch_arms=[1m[[0m[1m][0m             │ │
│ │                        [2m│   │   [0m[1m)[0m                                         │ │
│ │                        [2m│   [0m[1m)[0m,                                            │ │
│ │                        [2m│   [0m[1mValidatedCriterion[0m[1m([0m                           │ │
│ │                        [2m│   │   [0mid='AC-3',                                │ │
│ │                        [2m│   │   [0mtext='Linting passes with no new          │ │
│ │                        warnings',                                        │ │
│ │                        [2m│   │   [0mfeasibility=[1mCriterionFeasibility[0m[1m([0m         │ │
│ │                        [2m│   │   │   [0mcriterion_id='AC-3',                  │ │
│ │                        [2m│   │   │   [0mverdict=<CriterionVerdict.feasible:   │ │
│ │                        'feasible'[1m>[0m,                                      │ │
│ │                        [2m│   │   │   [0mrefutation=[3mNone[0m,                      │ │
│ │                        [2m│   │   │   [0mmissing_resource=[3mNone[0m,                │ │
│ │                        [2m│   │   │   [0mcost_measurement=[3mNone[0m,                │ │
│ │                        [2m│   │   │   [0mflags=[1m[[0m[1m][0m,                             │ │
│ │                        [2m│   │   │   [0mforbidden_class=[3mNone[0m,                 │ │
│ │                        [2m│   │   │   [0mundeclared_switch_arms=[1m[[0m[1m][0m             │ │
│ │                        [2m│   │   [0m[1m)[0m                                         │ │
│ │                        [2m│   [0m[1m)[0m                                             │ │
│ │                        [1m][0m                                                 │ │
│ │        [3mallowed_tools[0m = [1m[[0m'Read', 'Glob', 'Grep', 'Bash', 'Edit', 'Write'[1m][0m │ │
│ │            [3mbase_spec[0m = [1mBaseSpec[0m[1m([0m                                         │ │
│ │                        [2m│   [0minputs=[1m([0m[1m)[0m,                                    │ │
│ │                        [2m│   [0mbase_branch='main',                           │ │
│ │                        [2m│   [0mbase_role=[3mNone[0m                                │ │
│ │                        [1m)[0m                                                 │ │
│ │            [3mcache_key[0m = 'c619d671e8414eefa119b4cf708d48f7'                │ │
│ │       [3mfeature_branch[0m = 'kodezart/scripted-branch-7f3febe8'               │ │
│ │ [3mlast_iteration_event[0m = [3mNone[0m                                              │ │
│ │      [3mpermission_mode[0m = [1m<[0m[1mPermissionMode.UNATTENDED:[0m 'unattended'[1m>[0m         │ │
│ │               [3mprompt[0m = '── SKILLS AVAILABLE FOR THIS ROLE ──\nLoad each  │ │
│ │                        skill below when its subject matt'+[1m196[0m            │ │
│ │         [3mralph_branch[0m = 'kodezart/scripted-branch-7f3febe8-ralph-7021a0c… │ │
│ │            [3mrepo_path[0m = '/tmp/fake'                                       │ │
│ │             [3mrepo_url[0m = [3mNone[0m                                              │ │
│ │      [3mrepo_visibility[0m = [1m<[0m[1mRepoVisibility.UNKNOWN:[0m 'unknown'[1m>[0m               │ │
│ │         [3mrun_identity[0m = [3mNone[0m                                              │ │
│ │                 [3mself[0m = [1m<[0m[1mkodezart.chains.fire_implementation.FireImpleme…[0m │ │
│ │                        object at [1m0x10af4ed50[0m[1m>[0m                            │ │
│ │         [3mtracker_spec[0m = [3mNone[0m                                              │ │
│ │        [3mwork_base_ref[0m = 'main'                                            │ │
│ ╰──────────────────────────────────────────────────────────────────────────╯ │
╰──────────────────────────────────────────────────────────────────────────────╯
[1mTypeError: [0m[1mGatedQualityGate.run[0m[1m([0m[1m)[0m got an unexpected keyword argument 
'tracker_spec'
[1m[NOTE] [0mDuring task with name 'run_ralph_loop' and id 
'0f75d7ae-ed30-6d70-908c-6598d2982227'
[1m[NOTE] [0mDuring task with name 'fire' and id 
'c2d1e733-cc9f-9c00-11fa-00fdf82aa9a5'

F                                                                      [100%]
=================================== FAILURES ===================================
_ test_authored_wire_schemas_equal_the_captured_dispatch_base[CriteriaValidationOutput-1e49292eb7a9c7b364fb7f30db016c2c2ab9505cf51bfaa6b9b1e0f532f327bc] _

model = <class 'kodezart.types.domain.criteria.CriteriaValidationOutput'>
digest = '1e49292eb7a9c7b364fb7f30db016c2c2ab9505cf51bfaa6b9b1e0f532f327bc'

    @pytest.mark.parametrize(
        "model,digest",
        [
            (
                CriterionFinding,
                "2ef057be09f5787863cb9274da5a811fa114401b526c007c1ba2d7073ad3fff0",
            ),
            (
                CriteriaValidationOutput,
                "1e49292eb7a9c7b364fb7f30db016c2c2ab9505cf51bfaa6b9b1e0f532f327bc",
            ),
        ],
    )
    def test_authored_wire_schemas_equal_the_captured_dispatch_base(model, digest):
        # Captured before extracting shared evidence at fbc4daa; moved once, when
        # the criterion class was deleted and ForbiddenCriterionClass stopped
        # describing the downgrade in the description these schemas ship.
        value = json.dumps(
            model.model_json_schema(),
            sort_keys=True,
            ensure_ascii=True,
            separators=(",", ":"),
        )
>       assert hashlib.sha256(value.encode()).hexdigest() == digest
E       AssertionError: assert '3abb4888a62d...e998bacd6384c' == '1e49292eb7a9...1e0f532f327bc'
E         
E         - 1e49292eb7a9c7b364fb7f30db016c2c2ab9505cf51bfaa6b9b1e0f532f327bc
E         + 3abb4888a62dbf9dc87f5c9a60e1841c14d249b5168744ea837e998bacd6384c

tests/domain/test_authored_feasibility_compatibility.py:37: AssertionError
________ test_status_reports_progress_while_the_graph_is_paused_mid_run ________

    async def test_status_reports_progress_while_the_graph_is_paused_mid_run() -> None:
        """A checkpoint read mid-graph names an intermediate node, not the last.
    
        The engine is a real ``AuthoredDeliveryCoordinator``; its quality gate blocks
        on the remediation round's loop, so the graph is genuinely suspended
        part-way through that round while the status endpoint answers.
        """
        saver = InMemorySaver()
        gate = GatedQualityGate(gate_on_call=2)
        async for wired in _build_app(
            _mid_run_engine(saver, gate),
            checkpointer=saver,
        ):
            fired = await wired.client.post("/api/v1/agent/fire", json=_BODY)
            job_id = fired.json()["jobId"]
    
            # Suspended inside the remediation round's loop: the first loop,
            # the failed review and the round's fresh criteria are committed,
            # the round's own loop is not.
>           await _until(gate.entered.is_set)

tests/api/v1/test_jobs.py:1338: 
_ _ _ _ _ _ _ _ _ _ _ _ _ _ _ _ _ _ _ _ _ _ _ _ _ _ _ _ _ _ _ _ _ _ _ _ _ _ _ _ 

predicate = <bound method Event.is_set of <asyncio.locks.Event object at 0x10af43c50 [unset]>>

    async def _until(predicate: object, *, timeout: float = SETTLE_TIMEOUT) -> None:
        """Yield to the loop until *predicate* holds. Fails loudly on timeout."""
        check = predicate
        assert callable(check)
        loop = asyncio.get_running_loop()
        deadline = loop.time() + timeout
        while not check():
            if loop.time() >= deadline:
                msg = "condition never became true"
>               raise AssertionError(msg)
E               AssertionError: condition never became true

tests/api/v1/test_jobs.py:213: AssertionError
----------------------------- Captured stdout call -----------------------------
2026-09-12 15:41:35 [debug    ] fire_workflow_endpoint
2026-09-12 15:41:35 [info     ] job_submitted                  job_id=c619d671e8414eefa119b4cf708d48f7 lane=workflow queue_position=1
2026-09-12 15:41:35 [info     ] job_started                    job_id=c619d671e8414eefa119b4cf708d48f7 lane=workflow
2026-09-12 15:41:35 [info     ] repo_visibility_resolved       repo_url=None visibility=unknown
2026-09-12 15:41:35 [info     ] scope_base_resolved            base_branch=main base_role=None input_count=0
2026-09-12 15:41:35 [debug    ] output_format_requested        format_type=json_schema
2026-09-12 15:41:35 [info     ] stream_drained                 duration_api_ms=1 duration_ms=1 event_count=1 events={'result': 1} has_structured_output=True is_error=False num_turns=1 rate_limit_rejected=False result_event_observed=True result_tail=None session_id=scripted site=branch_name stop_reason=None subtype=result total_cost_usd=None usage=None
2026-09-12 15:41:35 [info     ] outbound_content_gated         categories=[] content_digest=7e8e5050e7fe15a7b92e5ee413452e654a20fe14c1c0b66eaf05e523ef6f9bc3 failure=None hits=[] surface=publication verdict=clean visibility=unknown writer=branch_name
2026-09-12 15:41:35 [debug    ] output_format_requested        format_type=json_schema
2026-09-12 15:41:35 [info     ] stream_drained                 duration_api_ms=1 duration_ms=1 event_count=1 events={'result': 1} has_structured_output=True is_error=False num_turns=1 rate_limit_rejected=False result_event_observed=True result_tail=None session_id=scripted site=acceptance_criteria stop_reason=None subtype=result total_cost_usd=None usage=None
2026-09-12 15:41:35 [debug    ] output_format_requested        format_type=json_schema
2026-09-12 15:41:35 [info     ] stream_drained                 duration_api_ms=1 duration_ms=1 event_count=1 events={'result': 1} has_structured_output=True is_error=False num_turns=1 rate_limit_rejected=False result_event_observed=True result_tail=None session_id=scripted site=criteria_validation stop_reason=None subtype=result total_cost_usd=None usage=None
2026-09-12 15:41:35 [info     ] criteria_sweep_complete        bound_exhausted=False regeneration_round=0 regeneration_targets=[] satisfiable=True
--------------------------- Captured stdout teardown ---------------------------
2026-09-12 15:41:42 [info     ] job_queue_stopped              abandoned=1 lanes=1 outcome=shutdown_abandoned
=========================== short test summary info ============================
FAILED tests/domain/test_authored_feasibility_compatibility.py::test_authored_wire_schemas_equal_the_captured_dispatch_base[CriteriaValidationOutput-1e49292eb7a9c7b364fb7f30db016c2c2ab9505cf51bfaa6b9b1e0f532f327bc]
FAILED tests/api/v1/test_jobs.py::test_status_reports_progress_while_the_graph_is_paused_mid_run
2 failed, 1 passed in 7.23s
