FFFF..FF.FFF.                                                            [100%]
=================================== FAILURES ===================================
_ test_request_queue_constructor_reaches_real_native_graph_without_child_jobs __

    async def test_request_queue_constructor_reaches_real_native_graph_without_child_jobs():
        harness = runtime(port=board(lanes=("A", "B"), blocked={"B": ("A",)}))
        queue = build_job_queue(settings=JobQueueSettings(), workflow_engine=harness.engine)
        handler = AgentHandler(harness.service, SUPPRESS_ALL_SKILLS, queue=queue)
        await queue.start()
        try:
            record = await handler.submit_workflow(
                WorkflowRequest(
                    prompt="Run approved scope",
                    repo_url=ORIGIN,
                    scope={"kind": "project", "key": SCOPE.key},
                ),
                lane="scope-requests",
            )
            async with asyncio.timeout(15):
                payloads = [item async for item in handler.attach_job(job_id=record.job_id)]
>           assert not [item for item in payloads if item["type"] == "error"]
E           AssertionError: assert not [{'error': 'native result has no observed session opening', 'errorKind': 'NodeSessionObservationError', 'type': 'error'}]

tests/integration/test_scope_runtime.py:174: AssertionError
----------------------------- Captured stdout call -----------------------------
2026-09-12 15:47:19 [info     ] job_submitted                  job_id=d18bbd26e74e40198247c05ed1317744 lane=scope-requests queue_position=1
2026-09-12 15:47:19 [info     ] job_started                    job_id=d18bbd26e74e40198247c05ed1317744 lane=scope-requests
2026-09-12 15:47:19 [debug    ] agent_job_attach_requested     job_id=d18bbd26e74e40198247c05ed1317744
2026-09-12 15:47:19 [info     ] forge_capabilities_selected    forge_less_origin=False repo_url=file:///scope-repository.git
2026-09-12 15:47:19 [debug    ] no_forge_delivery_probe_answered issue_key=A repo_url=file:///scope-repository.git
2026-09-12 15:47:19 [debug    ] no_forge_delivery_probe_answered issue_key=A repo_url=file:///scope-repository.git
2026-09-12 15:47:19 [info     ] repo_visibility_resolved       repo_url=file:///scope-repository.git visibility=unknown
2026-09-12 15:47:19 [info     ] scope_base_resolved            base_branch=trunk base_role=None input_count=0
2026-09-12 15:47:19 [debug    ] output_format_requested        format_type=json_schema
2026-09-12 15:47:19 [info     ] stream_drained                 duration_api_ms=1 duration_ms=1 event_count=1 events={'result': 1} has_structured_output=True is_error=False num_turns=1 rate_limit_rejected=False result_event_observed=True result_tail=None session_id=fake site=branch_name stop_reason=None subtype=result total_cost_usd=None usage=None
2026-09-12 15:47:19 [info     ] outbound_content_gated         categories=[] content_digest=23a116c5a2a543a9ec246e0f2e6a02ffad6700608ccf30ac8590785c69feebf6 failure=None hits=[] surface=publication verdict=clean visibility=unknown writer=branch_name
2026-09-12 15:47:19 [info     ] fire_criteria_read             named=1 owed=['A/check'] read_at_version=2026-01-01T00:00:00+00:00 subject=A
2026-09-12 15:47:19 [info     ] fire_criteria_read             named=1 owed=['A/check'] read_at_version=2026-01-01T00:00:00+00:00 subject=A
2026-09-12 15:47:19 [info     ] fire_criteria_read             named=1 owed=['A/check'] read_at_version=2026-01-01T00:00:00+00:00 subject=A
2026-09-12 15:47:19 [info     ] fire_criteria_read             named=1 owed=['A/check'] read_at_version=2026-01-01T00:00:00+00:00 subject=A
2026-09-12 15:47:19 [debug    ] output_format_requested        format_type=json_schema
2026-09-12 15:47:19 [info     ] stream_drained                 duration_api_ms=1 duration_ms=1 event_count=1 events={'result': 1} has_structured_output=True is_error=False num_turns=1 rate_limit_rejected=False result_event_observed=True result_tail=None session_id=native-session site=ralph_evaluator stop_reason=None subtype=result total_cost_usd=None usage=None
2026-09-12 15:47:20 [error    ] job_failed                     error='native result has no observed session opening' error_kind=NodeSessionObservationError job_id=d18bbd26e74e40198247c05ed1317744 lane=scope-requests
╭───────────────────── [1mTraceback [0m[1;2m(most recent call last)[0m ──────────────────────╮
│ [2m/private/tmp/kodezart-v03-recovery-scope-runtime/src/kodezart/adapters/[0m[1masync[0m │
│ [1mio_job_queue.py[0m:292 in _run_job                                              │
│                                                                              │
│   [2m289 [0m[2m│   │   [0m                                                               │
│   [2m290 [0m[2m│   │   [0moutcome: WorkflowOutcome | None = None                         │
│   [2m291 [0m[2m│   │   [0mtry:                                                           │
│ ❱ 292 [2m│   │   │   [0masync for event in self._engine.run(                       │
│   [2m293 [0m[2m│   │   │   │   [0mprompt=request.prompt,                                 │
│   [2m294 [0m[2m│   │   │   │   [0missue_key=request.issue_key,                           │
│   [2m295 [0m[2m│   │   │   │   [0mrun_identity=(                                         │
│                                                                              │
│ ╭───────────────────────────────── locals ─────────────────────────────────╮ │
│ │   [3mevent[0m = [1mScopeLaneEvent[0m[1m([0m                                                │ │
│ │           [2m│   [0mtype='scope_lane',                                         │ │
│ │           [2m│   [0mlane_key='A',                                              │ │
│ │           [2m│   [0mevent=[1mResultEvent[0m[1m([0m                                         │ │
│ │           [2m│   │   [0mtype='result',                                         │ │
│ │           [2m│   │   [0mfailure_kind=[3mNone[0m,                                     │ │
│ │           [2m│   │   [0msubtype='result',                                      │ │
│ │           [2m│   │   [0mduration_ms=[1m1[0m,                                         │ │
│ │           [2m│   │   [0mduration_api_ms=[1m1[0m,                                     │ │
│ │           [2m│   │   [0mis_error=[3mFalse[0m,                                        │ │
│ │           [2m│   │   [0mnum_turns=[1m1[0m,                                           │ │
│ │           [2m│   │   [0msession_id='native-session',                           │ │
│ │           [2m│   │   [0mstop_reason=[3mNone[0m,                                      │ │
│ │           [2m│   │   [0mtotal_cost_usd=[3mNone[0m,                                   │ │
│ │           [2m│   │   [0musage=[3mNone[0m,                                            │ │
│ │           [2m│   │   [0mresult=[3mNone[0m,                                           │ │
│ │           [2m│   │   [0mbranch='kodezart/test-branch-497863d3',                │ │
│ │           [2m│   │   [0mcommit_sha=[3mNone[0m,                                       │ │
│ │           [2m│   │   [0mstructured_output=[3mNone[0m                                 │ │
│ │           [2m│   [0m[1m)[0m                                                          │ │
│ │           [1m)[0m                                                              │ │
│ │     [3mexc[0m = [1mNodeSessionObservationError[0m[1m([0m'native result has no observed     │ │
│ │           session opening'[1m)[0m                                              │ │
│ │  [3mjob_id[0m = 'd18bbd26e74e40198247c05ed1317744'                             │ │
│ │    [3mlane[0m = 'scope-requests'                                               │ │
│ │ [3moutcome[0m = [1m<[0m[1mWorkflowOutcome.engine_error:[0m 'engine_error'[1m>[0m                 │ │
│ │  [3mrecord[0m = [1mJobRecord[0m[1m([0m                                                     │ │
│ │           [2m│   [0mjob_id='d18bbd26e74e40198247c05ed1317744',                 │ │
│ │           [2m│   [0mlane='scope-requests',                                     │ │
│ │           [2m│   [0mstate=[1m<[0m[1mJobState.QUEUED:[0m 'queued'[1m>[0m,                         │ │
│ │           [2m│   [0mqueue_position=[1m1[0m,                                          │ │
│ │           [2m│   [0msubmitted_at=[1mdatetime[0m[1m.datetime[0m[1m([0m[1m2026[0m, [1m9[0m, [1m12[0m, [1m13[0m, [1m47[0m, [1m19[0m,    │ │
│ │           [1m827689[0m, tzinfo=datetime.timezone.utc[1m)[0m,                         │ │
│ │           [2m│   [0moutcome=[3mNone[0m,                                              │ │
│ │           [2m│   [0mtruncated=[3mFalse[0m                                            │ │
│ │           [1m)[0m                                                              │ │
│ │ [3mrequest[0m = [1mWorkflowSubmission[0m[1m([0m                                            │ │
│ │           [2m│   [0mprompt='Run approved scope',                               │ │
│ │           [2m│   [0missue_key=[3mNone[0m,                                            │ │
│ │           [2m│   [0mrepo_path=[3mNone[0m,                                            │ │
│ │           [2m│   [0mrepo_url='file:///scope-repository.git',                   │ │
│ │           [2m│   [0mbase_spec=[1mBaseSpec[0m[1m([0m                                        │ │
│ │           [2m│   │   [0minputs=[1m([0m[1m)[0m,                                             │ │
│ │           [2m│   │   [0mbase_branch='main',                                    │ │
│ │           [2m│   │   [0mbase_role=[3mNone[0m                                         │ │
│ │           [2m│   [0m[1m)[0m,                                                         │ │
│ │           [2m│   [0mimplied_base=[3mNone[0m,                                         │ │
│ │           [2m│   [0mscope=[1mScopeRef[0m[1m([0m                                            │ │
│ │           [2m│   │   [0mkind=[1m<[0m[1mScopeKind.PROJECT:[0m 'project'>,                   │ │
│ │           [2m│   │   [0mkey='scoped-project'                                   │ │
│ │           [2m│   [0m[1m)[0m,                                                         │ │
│ │           [2m│   [0mpermission_mode=<PermissionMode.UNATTENDED: 'unattended'[1m>[0m, │ │
│ │           [2m│   [0mallowed_tools=[1m[[0m                                            │ │
│ │           [2m│   │   [0m'Read',                                                │ │
│ │           [2m│   │   [0m'Glob',                                                │ │
│ │           [2m│   │   [0m'Grep',                                                │ │
│ │           [2m│   │   [0m'Bash',                                                │ │
│ │           [2m│   │   [0m'Edit',                                                │ │
│ │           [2m│   │   [0m'Write'                                                │ │
│ │           [2m│   [0m[1m][0m                                                          │ │
│ │           [1m)[0m                                                              │ │
│ │ [3mruntime[0m = [1m<[0m[1mkodezart.adapters.asyncio_job_queue._Lane[0m object at           │ │
│ │           [1m0x10e115df0[0m[1m>[0m                                                   │ │
│ │    [3mself[0m = [1m<[0m[1mkodezart.adapters.asyncio_job_queue.AsyncioJobQueue[0m object at │ │
│ │           [1m0x10e117230[0m[1m>[0m                                                   │ │
│ ╰──────────────────────────────────────────────────────────────────────────╯ │
│                                                                              │
│ [2m/private/tmp/kodezart-v03-recovery-scope-runtime/src/kodezart/composition/[0m[1men[0m │
│ [1mgine.py[0m:129 in run                                                           │
│                                                                              │
│   [2m126 [0m[2m│   │   │   [0mrepo_url=repo_url,                                         │
│   [2m127 [0m[2m│   │   │   [0mforge_less_origin=arm is self._forge_less_arm,             │
│   [2m128 [0m[2m│   │   [0m)                                                              │
│ ❱ 129 [2m│   │   [0masync for event in [1;4marm.run([0m                                    │
│   [2m130 [0m[2m│   │   │   [0m[1;4mprompt=prompt,[0m                                             │
│   [2m131 [0m[2m│   │   │   [0m[1;4missue_key=issue_key,[0m                                       │
│   [2m132 [0m[2m│   │   │   [0m[1;4mrun_identity=run_identity,[0m                                 │
│                                                                              │
│ ╭───────────────────────────────── locals ─────────────────────────────────╮ │
│ │   [3mallowed_tools[0m = [1m[[0m'Read', 'Glob', 'Grep', 'Bash', 'Edit', 'Write'[1m][0m      │ │
│ │             [3marm[0m = [1m<[0m[1mkodezart.services.scope_runtime.ScopeWorkflowEngine[0m   │ │
│ │                   object at [1m0x10e1ae150[0m[1m>[0m                                 │ │
│ │       [3mbase_spec[0m = [1mBaseSpec[0m[1m([0m                                              │ │
│ │                   [2m│   [0minputs=[1m([0m[1m)[0m,                                         │ │
│ │                   [2m│   [0mbase_branch='main',                                │ │
│ │                   [2m│   [0mbase_role=[3mNone[0m                                     │ │
│ │                   [1m)[0m                                                      │ │
│ │       [3mcache_key[0m = 'd18bbd26e74e40198247c05ed1317744'                     │ │
│ │           [3mevent[0m = [1mScopeLaneEvent[0m[1m([0m                                        │ │
│ │                   [2m│   [0mtype='scope_lane',                                 │ │
│ │                   [2m│   [0mlane_key='A',                                      │ │
│ │                   [2m│   [0mevent=[1mResultEvent[0m[1m([0m                                 │ │
│ │                   [2m│   │   [0mtype='result',                                 │ │
│ │                   [2m│   │   [0mfailure_kind=[3mNone[0m,                             │ │
│ │                   [2m│   │   [0msubtype='result',                              │ │
│ │                   [2m│   │   [0mduration_ms=[1m1[0m,                                 │ │
│ │                   [2m│   │   [0mduration_api_ms=[1m1[0m,                             │ │
│ │                   [2m│   │   [0mis_error=[3mFalse[0m,                                │ │
│ │                   [2m│   │   [0mnum_turns=[1m1[0m,                                   │ │
│ │                   [2m│   │   [0msession_id='native-session',                   │ │
│ │                   [2m│   │   [0mstop_reason=[3mNone[0m,                              │ │
│ │                   [2m│   │   [0mtotal_cost_usd=[3mNone[0m,                           │ │
│ │                   [2m│   │   [0musage=[3mNone[0m,                                    │ │
│ │                   [2m│   │   [0mresult=[3mNone[0m,                                   │ │
│ │                   [2m│   │   [0mbranch='kodezart/test-branch-497863d3',        │ │
│ │                   [2m│   │   [0mcommit_sha=[3mNone[0m,                               │ │
│ │                   [2m│   │   [0mstructured_output=[3mNone[0m                         │ │
│ │                   [2m│   [0m[1m)[0m                                                  │ │
│ │                   [1m)[0m                                                      │ │
│ │    [3mimplied_base[0m = [3mNone[0m                                                   │ │
│ │       [3missue_key[0m = [3mNone[0m                                                   │ │
│ │ [3mpermission_mode[0m = [1m<[0m[1mPermissionMode.UNATTENDED:[0m 'unattended'[1m>[0m              │ │
│ │          [3mprompt[0m = 'Run approved scope'                                   │ │
│ │       [3mrepo_path[0m = [3mNone[0m                                                   │ │
│ │        [3mrepo_url[0m = 'file:///scope-repository.git'                         │ │
│ │    [3mrun_identity[0m = [3mNone[0m                                                   │ │
│ │           [3mscope[0m = [1mScopeRef[0m[1m([0m                                              │ │
│ │                   [2m│   [0mkind=[1m<[0m[1mScopeKind.PROJECT:[0m 'project'[1m>[0m,               │ │
│ │                   [2m│   [0mkey='scoped-project'                               │ │
│ │                   [1m)[0m                                                      │ │
│ │            [3mself[0m = [1m<[0m[1mkodezart.composition.engine.OriginRoutedWorkflowEngi…[0m │ │
│ │                   object at [1m0x10e1ae1e0[0m[1m>[0m                                 │ │
│ ╰──────────────────────────────────────────────────────────────────────────╯ │
│                                                                              │
│ [2m/private/tmp/kodezart-v03-recovery-scope-runtime/src/kodezart/services/[0m[1mscope[0m │
│ [1m_runtime.py[0m:255 in run                                                       │
│                                                                              │
│   [2m252 [0m[2m│   │   │   │   │   [0m)                                                  │
│   [2m253 [0m[2m│   │   │   [0mdispatched.append(key)                                     │
│   [2m254 [0m[2m│   │   │   [0mfinal: NativeDeliveryState | None = None                   │
│ ❱ 255 [2m│   │   │   [0masync for namespace, mode, payload in [1;4mlane.graph.astream([0m  │
│   [2m256 [0m[2m│   │   │   │   [0m[1;4minitial,[0m                                               │
│   [2m257 [0m[2m│   │   │   │   [0m[1;4mconfig=config,[0m                                         │
│   [2m258 [0m[2m│   │   │   │   [0m[1;4mstream_mode=[[0m[1;4m"[0m[1;4mcustom[0m[1;4m"[0m[1;4m, [0m[1;4m"[0m[1;4mvalues[0m[1;4m"[0m[1;4m],[0m                      │
│                                                                              │
│ ╭───────────────────────────────── locals ─────────────────────────────────╮ │
│ │               [3m_[0m = [1m([0m                                                      │ │
│ │                   [2m│   [0m'Run approved scope',                              │ │
│ │                   [2m│   [0m[3mNone[0m,                                              │ │
│ │                   [2m│   [0m[1mBaseSpec[0m[1m([0m                                          │ │
│ │                   [2m│   │   [0minputs=[1m([0m[1m)[0m,                                     │ │
│ │                   [2m│   │   [0mbase_branch='main',                            │ │
│ │                   [2m│   │   [0mbase_role=[3mNone[0m                                 │ │
│ │                   [2m│   [0m[1m)[0m,                                                 │ │
│ │                   [2m│   [0m[3mNone[0m                                               │ │
│ │                   [1m)[0m                                                      │ │
│ │         [3maddress[0m = [1m{[0m                                                      │ │
│ │                   [2m│   [0m'job': 'd18bbd26e74e40198247c05ed1317744',         │ │
│ │                   [2m│   [0m'scope':                                           │ │
│ │                   '{"kind":"project","key":"scoped-project"}',           │ │
│ │                   [2m│   [0m'issue': 'A',                                      │ │
│ │                   [2m│   [0m'repo_url': 'file:///scope-repository.git',        │ │
│ │                   [2m│   [0m'repo_path': '/tmp/fake-cache',                    │ │
│ │                   [2m│   [0m'base':                                            │ │
│ │                   '{"inputs":[],"base_branch":"trunk","base_role":null}' │ │
│ │                   [1m}[0m                                                      │ │
│ │   [3mallowed_tools[0m = [1m[[0m'Read', 'Glob', 'Grep', 'Bash', 'Edit', 'Write'[1m][0m      │ │
│ │       [3mbase_spec[0m = [1mBaseSpec[0m[1m([0m                                              │ │
│ │                   [2m│   [0minputs=[1m([0m[1m)[0m,                                         │ │
│ │                   [2m│   [0mbase_branch='main',                                │ │
│ │                   [2m│   [0mbase_role=[3mNone[0m                                     │ │
│ │                   [1m)[0m                                                      │ │
│ │       [3mcache_key[0m = 'd18bbd26e74e40198247c05ed1317744'                     │ │
│ │       [3mcandidate[0m = [1mScopeReadyLane[0m[1m([0m                                        │ │
│ │                   [2m│   [0missue=[1mTrackerIssue[0m[1m([0m                                │ │
│ │                   [2m│   │   [0missue_key='A',                                 │ │
│ │                   [2m│   │   [0mtitle='A',                                     │ │
│ │                   [2m│   │   [0mbody='Exact native subject A  with spaces\n',  │ │
│ │                   [2m│   │   [0mpriority=[1m<[0m[1mIssuePriority.NONE:[0m 'none'>,         │ │
│ │                   [2m│   │   [0mstate_name='Todo',                             │ │
│ │                   [2m│   │   [0mstate_kind=<WorkflowStateKind.UNSTARTED:       │ │
│ │                   'unstarted'>,                                          │ │
│ │                   [2m│   │   [0mqueue_states=[1mfrozenset[0m[1m([0m[1m{[0m                       │ │
│ │                   [2m│   │   │   [0m<QueueState.APPROVED: 'approved'>          │ │
│ │                   [2m│   │   [0m[1m}[0m[1m)[0m,                                            │ │
│ │                   [2m│   │   [0missue_labels=[1mfrozenset[0m[1m([0m[1m{[0m'criteria-staged'[1m}[0m[1m)[0m,   │ │
│ │                   [2m│   │   [0mteam_key='engineering',                        │ │
│ │                   [2m│   │   [0mproject=[3mNone[0m,                                  │ │
│ │                   [2m│   │   [0mproject_id=[3mNone[0m,                               │ │
│ │                   [2m│   │   [0mmilestone_key=[3mNone[0m,                            │ │
│ │                   [2m│   │   [0mrelations=[1m([0m[1m)[0m,                                  │ │
│ │                   [2m│   │   [0mparent_key=[3mNone[0m,                               │ │
│ │                   [2m│   │   [0massignee_key=[3mNone[0m,                             │ │
│ │                   [2m│   │   [0mcreated_at=[1mdatetime[0m[1m.datetime[0m[1m([0m[1m2026[0m, [1m1[0m, [1m1[0m, [1m0[0m, [1m0[0m, │ │
│ │                   tzinfo=datetime.timezone.utc[1m)[0m,                         │ │
│ │                   [2m│   │   [0mupdated_at=[1mdatetime[0m[1m.datetime[0m[1m([0m[1m2026[0m, [1m1[0m, [1m1[0m, [1m0[0m, [1m0[0m, │ │
│ │                   tzinfo=datetime.timezone.utc[1m)[0m,                         │ │
│ │                   [2m│   │   [0murl='https://tracker.invalid/issue/A'          │ │
│ │                   [2m│   [0m[1m)[0m,                                                 │ │
│ │                   [2m│   [0meffective_priority=<IssuePriority.NONE: 'none'>,   │ │
│ │                   [2m│   [0mgap=[1m([0m                                              │ │
│ │                   [2m│   │   [0m[1mTrackerIssue[0m[1m([0m                                  │ │
│ │                   [2m│   │   │   [0missue_key='A/check',                       │ │
│ │                   [2m│   │   │   [0mtitle='A/check',                           │ │
│ │                   [2m│   │   │   [0mbody='**Check:** A live Check              │ │
│ │                   bytes\n**Evidence:** —',                               │ │
│ │                   [2m│   │   │   [0mpriority=<IssuePriority.NONE: 'none'>,     │ │
│ │                   [2m│   │   │   [0mstate_name='Todo',                         │ │
│ │                   [2m│   │   │   [0mstate_kind=<WorkflowStateKind.UNSTARTED:   │ │
│ │                   'unstarted'>,                                          │ │
│ │                   [2m│   │   │   [0mqueue_states=[1mfrozenset[0m[1m([0m[1m{[0m                   │ │
│ │                   [2m│   │   │   │   [0m<QueueState.APPROVED: 'approved'[1m>[0m      │ │
│ │                   [2m│   │   │   [0m[1m}[0m[1m)[0m,                                        │ │
│ │                   [2m│   │   │   [0missue_labels=[1mfrozenset[0m[1m([0m[1m{[0m'criterion'[1m}[0m[1m)[0m,     │ │
│ │                   [2m│   │   │   [0mteam_key='engineering',                    │ │
│ │                   [2m│   │   │   [0mproject=[3mNone[0m,                              │ │
│ │                   [2m│   │   │   [0mproject_id=[3mNone[0m,                           │ │
│ │                   [2m│   │   │   [0mmilestone_key=[3mNone[0m,                        │ │
│ │                   [2m│   │   │   [0mrelations=[1m([0m[1m)[0m,                              │ │
│ │                   [2m│   │   │   [0mparent_key='A',                            │ │
│ │                   [2m│   │   │   [0massignee_key=[3mNone[0m,                         │ │
│ │                   [2m│   │   │   [0mcreated_at=[1mdatetime[0m[1m.datetime[0m[1m([0m[1m2026[0m, [1m1[0m, [1m1[0m,   │ │
│ │                   [1m0[0m, [1m0[0m, tzinfo=datetime.timezone.utc[1m)[0m,                   │ │
│ │                   [2m│   │   │   [0mupdated_at=[1mdatetime[0m[1m.datetime[0m[1m([0m[1m2026[0m, [1m1[0m, [1m1[0m,   │ │
│ │                   [1m0[0m, [1m0[0m, tzinfo=datetime.timezone.utc[1m)[0m,                   │ │
│ │                   [2m│   │   │   [0m                                           │ │
│ │                   url='https://tracker.invalid/issue/A/check'            │ │
│ │                   [2m│   │   [0m[1m)[0m,                                             │ │
│ │                   [2m│   [0m[1m)[0m                                                  │ │
│ │                   [1m)[0m                                                      │ │
│ │          [3mconfig[0m = [1m{[0m                                                      │ │
│ │                   [2m│   [0m'configurable': [1m{[0m                                  │ │
│ │                   [2m│   │   [0m'prompt': 'Exact native subject A  with        │ │
│ │                   spaces\n',                                             │ │
│ │                   [2m│   │   [0m'repo_path': '/tmp/fake-cache',                │ │
│ │                   [2m│   │   [0m'repo_url': 'file:///scope-repository.git',    │ │
│ │                   [2m│   │   [0m'cache_key':                                   │ │
│ │                   'd18bbd26e74e40198247c05ed1317744-scope-559aead08264d… │ │
│ │                   [2m│   │   [0m'run_identity': [1m{[0m                              │ │
│ │                   [2m│   │   │   [0m'kind': [1m<[0m[1mRunKind.FIRE:[0m 'fire'>,            │ │
│ │                   [2m│   │   │   [0m'name': 'A',                               │ │
│ │                   [2m│   │   │   [0m'started_at': [1mdatetime.datetime[0m[1m([0m[1m2026[0m, [1m9[0m,   │ │
│ │                   [1m12[0m, [1m13[0m, [1m47[0m, [1m19[0m, [1m887174[0m, tzinfo=datetime.timezone.utc[1m)[0m  │ │
│ │                   [2m│   │   [0m[1m}[0m,                                             │ │
│ │                   [2m│   │   [0m'workspace_path': [3mNone[0m,                        │ │
│ │                   [2m│   │   [0m'base_spec': [1m{[0m                                 │ │
│ │                   [2m│   │   │   [0m'inputs': [1m([0m[1m)[0m,                              │ │
│ │                   [2m│   │   │   [0m'base_branch': 'trunk',                    │ │
│ │                   [2m│   │   │   [0m'base_role': [3mNone[0m                          │ │
│ │                   [2m│   │   [0m[1m}[0m,                                             │ │
│ │                   [2m│   │   [0m'permission_mode': <PermissionMode.UNATTENDED: │ │
│ │                   'unattended'>,                                         │ │
│ │                   [2m│   │   [0m'allowed_tools': [1m[[0m                             │ │
│ │                   [2m│   │   │   [0m'Read',                                    │ │
│ │                   [2m│   │   │   [0m'Glob',                                    │ │
│ │                   [2m│   │   │   [0m'Grep',                                    │ │
│ │                   [2m│   │   │   [0m'Bash',                                    │ │
│ │                   [2m│   │   │   [0m'Edit',                                    │ │
│ │                   [2m│   │   │   [0m'Write'                                    │ │
│ │                   [2m│   │   [0m[1m][0m,                                             │ │
│ │                   [2m│   │   [0m'thread_id':                                   │ │
│ │                   'd18bbd26e74e40198247c05ed1317744-scope-559aead08264d… │ │
│ │                   [2m│   [0m[1m}[0m,                                                 │ │
│ │                   [2m│   [0m'metadata': [1m{[0m                                      │ │
│ │                   [2m│   │   [0m'scope_lane_request': [1m{[0m                        │ │
│ │                   [2m│   │   │   [0m'job': 'd18bbd26e74e40198247c05ed1317744', │ │
│ │                   [2m│   │   │   [0m'scope':                                   │ │
│ │                   '{"kind":"project","key":"scoped-project"}',           │ │
│ │                   [2m│   │   │   [0m'issue': 'A',                              │ │
│ │                   [2m│   │   │   [0m'repo_url':                                │ │
│ │                   'file:///scope-repository.git',                        │ │
│ │                   [2m│   │   │   [0m'repo_path': '/tmp/fake-cache',            │ │
│ │                   [2m│   │   │   [0m'base':                                    │ │
│ │                   '{"inputs":[],"base_branch":"trunk","base_role":null}' │ │
│ │                   [2m│   │   [0m[1m}[0m,                                             │ │
│ │                   [2m│   │   [0m'scope_lane_run_identity': [1m{[0m                   │ │
│ │                   [2m│   │   │   [0m'kind': 'fire',                            │ │
│ │                   [2m│   │   │   [0m'name': 'A',                               │ │
│ │                   [2m│   │   │   [0m'started_at':                              │ │
│ │                   '2026-09-12T13:47:19.887174Z'                          │ │
│ │                   [2m│   │   [0m[1m}[0m,                                             │ │
│ │                   [2m│   │   [0m'prompt': 'Exact native subject A  with        │ │
│ │                   spaces\n',                                             │ │
│ │                   [2m│   │   [0m'repo_path': '/tmp/fake-cache',                │ │
│ │                   [2m│   │   [0m'repo_url': 'file:///scope-repository.git',    │ │
│ │                   [2m│   │   [0m'permission_mode': <PermissionMode.UNATTENDED: │ │
│ │                   'unattended'[1m>[0m,                                         │ │
│ │                   [2m│   │   [0m'thread_id':                                   │ │
│ │                   'd18bbd26e74e40198247c05ed1317744-scope-559aead08264d… │ │
│ │                   [2m│   [0m[1m}[0m                                                  │ │
│ │                   [1m}[0m                                                      │ │
│ │         [3mcontext[0m = [1mExecutionContext[0m[1m([0m                                      │ │
│ │                   [2m│   [0mprompt='Exact native subject A  with spaces\n',    │ │
│ │                   [2m│   [0mrepo_path='/tmp/fake-cache',                       │ │
│ │                   [2m│   [0mrepo_url='file:///scope-repository.git',           │ │
│ │                   [2m│   [0m                                                   │ │
│ │                   cache_key='d18bbd26e74e40198247c05ed1317744-scope-559… │ │
│ │                   [2m│   [0mrun_identity=[1mRunIdentity[0m[1m([0m                          │ │
│ │                   [2m│   │   [0mkind=[1m<[0m[1mRunKind.FIRE:[0m 'fire'>,                   │ │
│ │                   [2m│   │   [0mname='A',                                      │ │
│ │                   [2m│   │   [0mstarted_at=[1mdatetime[0m[1m.datetime[0m[1m([0m[1m2026[0m, [1m9[0m, [1m12[0m, [1m13[0m,  │ │
│ │                   [1m47[0m, [1m19[0m, [1m887174[0m, tzinfo=datetime.timezone.utc[1m)[0m          │ │
│ │                   [2m│   [0m[1m)[0m,                                                 │ │
│ │                   [2m│   [0mworkspace_path=[3mNone[0m,                               │ │
│ │                   [2m│   [0mbase_spec=[1mBaseSpec[0m[1m([0m                                │ │
│ │                   [2m│   │   [0minputs=[1m([0m[1m)[0m,                                     │ │
│ │                   [2m│   │   [0mbase_branch='trunk',                           │ │
│ │                   [2m│   │   [0mbase_role=[3mNone[0m                                 │ │
│ │                   [2m│   [0m[1m)[0m,                                                 │ │
│ │                   [2m│   [0mpermission_mode=<PermissionMode.UNATTENDED:        │ │
│ │                   'unattended'[1m>[0m,                                         │ │
│ │                   [2m│   [0mallowed_tools=[1m[[0m                                    │ │
│ │                   [2m│   │   [0m'Read',                                        │ │
│ │                   [2m│   │   [0m'Glob',                                        │ │
│ │                   [2m│   │   [0m'Grep',                                        │ │
│ │                   [2m│   │   [0m'Bash',                                        │ │
│ │                   [2m│   │   [0m'Edit',                                        │ │
│ │                   [2m│   │   [0m'Write'                                        │ │
│ │                   [2m│   [0m[1m][0m                                                  │ │
│ │                   [1m)[0m                                                      │ │
│ │         [3mcurrent[0m = [1mScopeReadyLane[0m[1m([0m                                        │ │
│ │                   [2m│   [0missue=[1mTrackerIssue[0m[1m([0m                                │ │
│ │                   [2m│   │   [0missue_key='A',                                 │ │
│ │                   [2m│   │   [0mtitle='A',                                     │ │
│ │                   [2m│   │   [0mbody='Exact native subject A  with spaces\n',  │ │
│ │                   [2m│   │   [0mpriority=[1m<[0m[1mIssuePriority.NONE:[0m 'none'>,         │ │
│ │                   [2m│   │   [0mstate_name='Todo',                             │ │
│ │                   [2m│   │   [0mstate_kind=<WorkflowStateKind.UNSTARTED:       │ │
│ │                   'unstarted'>,                                          │ │
│ │                   [2m│   │   [0mqueue_states=[1mfrozenset[0m[1m([0m[1m{[0m                       │ │
│ │                   [2m│   │   │   [0m<QueueState.APPROVED: 'approved'>          │ │
│ │                   [2m│   │   [0m[1m}[0m[1m)[0m,                                            │ │
│ │                   [2m│   │   [0missue_labels=[1mfrozenset[0m[1m([0m[1m{[0m'criteria-staged'[1m}[0m[1m)[0m,   │ │
│ │                   [2m│   │   [0mteam_key='engineering',                        │ │
│ │                   [2m│   │   [0mproject=[3mNone[0m,                                  │ │
│ │                   [2m│   │   [0mproject_id=[3mNone[0m,                               │ │
│ │                   [2m│   │   [0mmilestone_key=[3mNone[0m,                            │ │
│ │                   [2m│   │   [0mrelations=[1m([0m[1m)[0m,                                  │ │
│ │                   [2m│   │   [0mparent_key=[3mNone[0m,                               │ │
│ │                   [2m│   │   [0massignee_key=[3mNone[0m,                             │ │
│ │                   [2m│   │   [0mcreated_at=[1mdatetime[0m[1m.datetime[0m[1m([0m[1m2026[0m, [1m1[0m, [1m1[0m, [1m0[0m, [1m0[0m, │ │
│ │                   tzinfo=datetime.timezone.utc[1m)[0m,                         │ │
│ │                   [2m│   │   [0mupdated_at=[1mdatetime[0m[1m.datetime[0m[1m([0m[1m2026[0m, [1m1[0m, [1m1[0m, [1m0[0m, [1m0[0m, │ │
│ │                   tzinfo=datetime.timezone.utc[1m)[0m,                         │ │
│ │                   [2m│   │   [0murl='https://tracker.invalid/issue/A'          │ │
│ │                   [2m│   [0m[1m)[0m,                                                 │ │
│ │                   [2m│   [0meffective_priority=<IssuePriority.NONE: 'none'>,   │ │
│ │                   [2m│   [0mgap=[1m([0m                                              │ │
│ │                   [2m│   │   [0m[1mTrackerIssue[0m[1m([0m                                  │ │
│ │                   [2m│   │   │   [0missue_key='A/check',                       │ │
│ │                   [2m│   │   │   [0mtitle='A/check',                           │ │
│ │                   [2m│   │   │   [0mbody='**Check:** A live Check              │ │
│ │                   bytes\n**Evidence:** —',                               │ │
│ │                   [2m│   │   │   [0mpriority=<IssuePriority.NONE: 'none'>,     │ │
│ │                   [2m│   │   │   [0mstate_name='Todo',                         │ │
│ │                   [2m│   │   │   [0mstate_kind=<WorkflowStateKind.UNSTARTED:   │ │
│ │                   'unstarted'>,                                          │ │
│ │                   [2m│   │   │   [0mqueue_states=[1mfrozenset[0m[1m([0m[1m{[0m                   │ │
│ │                   [2m│   │   │   │   [0m<QueueState.APPROVED: 'approved'[1m>[0m      │ │
│ │                   [2m│   │   │   [0m[1m}[0m[1m)[0m,                                        │ │
│ │                   [2m│   │   │   [0missue_labels=[1mfrozenset[0m[1m([0m[1m{[0m'criterion'[1m}[0m[1m)[0m,     │ │
│ │                   [2m│   │   │   [0mteam_key='engineering',                    │ │
│ │                   [2m│   │   │   [0mproject=[3mNone[0m,                              │ │
│ │                   [2m│   │   │   [0mproject_id=[3mNone[0m,                           │ │
│ │                   [2m│   │   │   [0mmilestone_key=[3mNone[0m,                        │ │
│ │                   [2m│   │   │   [0mrelations=[1m([0m[1m)[0m,                              │ │
│ │                   [2m│   │   │   [0mparent_key='A',                            │ │
│ │                   [2m│   │   │   [0massignee_key=[3mNone[0m,                         │ │
│ │                   [2m│   │   │   [0mcreated_at=[1mdatetime[0m[1m.datetime[0m[1m([0m[1m2026[0m, [1m1[0m, [1m1[0m,   │ │
│ │                   [1m0[0m, [1m0[0m, tzinfo=datetime.timezone.utc[1m)[0m,                   │ │
│ │                   [2m│   │   │   [0mupdated_at=[1mdatetime[0m[1m.datetime[0m[1m([0m[1m2026[0m, [1m1[0m, [1m1[0m,   │ │
│ │                   [1m0[0m, [1m0[0m, tzinfo=datetime.timezone.utc[1m)[0m,                   │ │
│ │                   [2m│   │   │   [0m                                           │ │
│ │                   url='https://tracker.invalid/issue/A/check'            │ │
│ │                   [2m│   │   [0m[1m)[0m,                                             │ │
│ │                   [2m│   [0m[1m)[0m                                                  │ │
│ │                   [1m)[0m                                                      │ │
│ │      [3mdispatched[0m = [1m[[0m'A'[1m][0m                                                  │ │
│ │         [3mentries[0m = [1m[[0m                                                      │ │
│ │                   [2m│   [0m[1mRepoEntry[0m[1m([0m                                         │ │
│ │                   [2m│   │   [0murl='file:///scope-repository.git',            │ │
│ │                   [2m│   │   [0mtrunk='trunk',                                 │ │
│ │                   [2m│   │   [0mchecks=[1m([0m[1m)[0m,                                     │ │
│ │                   [2m│   │   [0mrunner_environment=[1m{[0m[1m}[0m,                         │ │
│ │                   [2m│   │   [0mforge_exempt=[3mFalse[0m                             │ │
│ │                   [2m│   [0m[1m)[0m                                                  │ │
│ │                   [1m][0m                                                      │ │
│ │      [3mexclusions[0m = [1m[[0m                                                      │ │
│ │                   [2m│   [0m[1mIssueExclusion[0m[1m([0m                                    │ │
│ │                   [2m│   │   [0missue_key='B',                                 │ │
│ │                   [2m│   │   [0mclause=[1m<[0m[1mExclusionClause.LIVE_BLOCKER:[0m          │ │
│ │                   'live_blocker'[1m>[0m,                                       │ │
│ │                   [2m│   │   [0mdetail='A'                                     │ │
│ │                   [2m│   [0m[1m)[0m                                                  │ │
│ │                   [1m][0m                                                      │ │
│ │           [3mfinal[0m = [1m{[0m                                                      │ │
│ │                   [2m│   [0m'issue_key': 'A',                                  │ │
│ │                   [2m│   [0m'feature_branch': '',                              │ │
│ │                   [2m│   [0m'ralph_branch': '',                                │ │
│ │                   [2m│   [0m'work_base_ref': 'trunk',                          │ │
│ │                   [2m│   [0m'fire_spec': [3mNone[0m,                                 │ │
│ │                   [2m│   [0m'acceptance_criteria': [1m[[0m[1m][0m,                         │ │
│ │                   [2m│   [0m'criterion_set': [3mNone[0m,                             │ │
│ │                   [2m│   [0m'criteria_validation': [3mNone[0m,                       │ │
│ │                   [2m│   [0m'criteria_regeneration_rounds': [1m0[0m,                 │ │
│ │                   [2m│   [0m'criteria_infeasible': [3mFalse[0m,                      │ │
│ │                   [2m│   [0m... +[1m18[0m                                            │ │
│ │                   [1m}[0m                                                      │ │
│ │      [3mfire_state[0m = [1m{[0m                                                      │ │
│ │                   [2m│   [0m'issue_key': 'A',                                  │ │
│ │                   [2m│   [0m'feature_branch': '',                              │ │
│ │                   [2m│   [0m'ralph_branch': '',                                │ │
│ │                   [2m│   [0m'work_base_ref': 'trunk',                          │ │
│ │                   [2m│   [0m'fire_spec': [3mNone[0m,                                 │ │
│ │                   [2m│   [0m'acceptance_criteria': [1m[[0m[1m][0m,                         │ │
│ │                   [2m│   [0m'criterion_set': [3mNone[0m,                             │ │
│ │                   [2m│   [0m'criteria_validation': [3mNone[0m,                       │ │
│ │                   [2m│   [0m'criteria_regeneration_rounds': [1m0[0m,                 │ │
│ │                   [2m│   [0m'criteria_infeasible': [3mFalse[0m,                      │ │
│ │                   [2m│   [0m... +[1m17[0m                                            │ │
│ │                   [1m}[0m                                                      │ │
│ │    [3mimplied_base[0m = [3mNone[0m                                                   │ │
│ │         [3minitial[0m = [1m{[0m                                                      │ │
│ │                   [2m│   [0m'issue_key': 'A',                                  │ │
│ │                   [2m│   [0m'feature_branch': '',                              │ │
│ │                   [2m│   [0m'ralph_branch': '',                                │ │
│ │                   [2m│   [0m'work_base_ref': 'trunk',                          │ │
│ │                   [2m│   [0m'fire_spec': [3mNone[0m,                                 │ │
│ │                   [2m│   [0m'acceptance_criteria': [1m[[0m[1m][0m,                         │ │
│ │                   [2m│   [0m'criterion_set': [3mNone[0m,                             │ │
│ │                   [2m│   [0m'criteria_validation': [3mNone[0m,                       │ │
│ │                   [2m│   [0m'criteria_regeneration_rounds': [1m0[0m,                 │ │
│ │                   [2m│   [0m'criteria_infeasible': [3mFalse[0m,                      │ │
│ │                   [2m│   [0m... +[1m18[0m                                            │ │
│ │                   [1m}[0m                                                      │ │
│ │       [3missue_key[0m = [3mNone[0m                                                   │ │
│ │             [3mkey[0m = 'A'                                                    │ │
│ │            [3mlane[0m = [1m<[0m[1mkodezart.chains.native_delivery.NativeLaneWorkflow[0m    │ │
│ │                   object at [1m0x10e1ad070[0m[1m>[0m                                 │ │
│ │        [3mlane_key[0m = 'd18bbd26e74e40198247c05ed1317744-scope-559aead08264d… │ │
│ │            [3mmode[0m = 'custom'                                               │ │
│ │       [3mnamespace[0m = [1m([0m'native_fire:5313008c-cf61-e3eb-0fa2-2a4d09e0aa22',[1m)[0m  │ │
│ │            [3mpath[0m = '/tmp/fake-cache'                                      │ │
│ │         [3mpayload[0m = [1mResultEvent[0m[1m([0m                                           │ │
│ │                   [2m│   [0mtype='result',                                     │ │
│ │                   [2m│   [0mfailure_kind=[3mNone[0m,                                 │ │
│ │                   [2m│   [0msubtype='result',                                  │ │
│ │                   [2m│   [0mduration_ms=[1m1[0m,                                     │ │
│ │                   [2m│   [0mduration_api_ms=[1m1[0m,                                 │ │
│ │                   [2m│   [0mis_error=[3mFalse[0m,                                    │ │
│ │                   [2m│   [0mnum_turns=[1m1[0m,                                       │ │
│ │                   [2m│   [0msession_id='native-session',                       │ │
│ │                   [2m│   [0mstop_reason=[3mNone[0m,                                  │ │
│ │                   [2m│   [0mtotal_cost_usd=[3mNone[0m,                               │ │
│ │                   [2m│   [0musage=[3mNone[0m,                                        │ │
│ │                   [2m│   [0mresult=[3mNone[0m,                                       │ │
│ │                   [2m│   [0mbranch='kodezart/test-branch-497863d3',            │ │
│ │                   [2m│   [0mcommit_sha=[3mNone[0m,                                   │ │
│ │                   [2m│   [0mstructured_output=[3mNone[0m                             │ │
│ │                   [1m)[0m                                                      │ │
│ │ [3mpermission_mode[0m = [1m<[0m[1mPermissionMode.UNATTENDED:[0m 'unattended'[1m>[0m              │ │
│ │           [3mprobe[0m = [1m<[0m[1mkodezart.adapters.no_forge_delivery.NoForgeDeliveryP…[0m │ │
│ │                   object at [1m0x10e1adee0[0m[1m>[0m                                 │ │
│ │          [3mprompt[0m = 'Run approved scope'                                   │ │
│ │           [3mready[0m = [1mScopeReadySet[0m[1m([0m                                         │ │
│ │                   [2m│   [0mscope=[1mResolvedScope[0m[1m([0m                               │ │
│ │                   [2m│   │   [0mref=[1mScopeRef[0m[1m([0m                                  │ │
│ │                   [2m│   │   │   [0mkind=[1m<[0m[1mScopeKind.PROJECT:[0m 'project'>,       │ │
│ │                   [2m│   │   │   [0mkey='scoped-project'                       │ │
│ │                   [2m│   │   [0m[1m)[0m,                                             │ │
│ │                   [2m│   │   [0missues=[1m([0m                                       │ │
│ │                   [2m│   │   │   [0m[1mTrackerIssue[0m[1m([0m                              │ │
│ │                   [2m│   │   │   │   [0missue_key='A',                         │ │
│ │                   [2m│   │   │   │   [0mtitle='A',                             │ │
│ │                   [2m│   │   │   │   [0mbody='Exact native subject A  with     │ │
│ │                   spaces\n',                                             │ │
│ │                   [2m│   │   │   │   [0mpriority=<IssuePriority.NONE: 'none'>, │ │
│ │                   [2m│   │   │   │   [0mstate_name='Todo',                     │ │
│ │                   [2m│   │   │   │   [0m                                       │ │
│ │                   state_kind=<WorkflowStateKind.UNSTARTED: 'unstarted'>, │ │
│ │                   [2m│   │   │   │   [0mqueue_states=[1mfrozenset[0m[1m([0m[1m{[0m               │ │
│ │                   [2m│   │   │   │   │   [0m<QueueState.APPROVED: 'approved'>  │ │
│ │                   [2m│   │   │   │   [0m[1m}[0m[1m)[0m,                                    │ │
│ │                   [2m│   │   │   │   [0missue_labels=[1mfrozenset[0m[1m([0m[1m{[0m               │ │
│ │                   [2m│   │   │   │   │   [0m'criteria-staged'                  │ │
│ │                   [2m│   │   │   │   [0m[1m}[0m[1m)[0m,                                    │ │
│ │                   [2m│   │   │   │   [0mteam_key='engineering',                │ │
│ │                   [2m│   │   │   │   [0mproject=[3mNone[0m,                          │ │
│ │                   [2m│   │   │   │   [0mproject_id=[3mNone[0m,                       │ │
│ │                   [2m│   │   │   │   [0mmilestone_key=[3mNone[0m,                    │ │
│ │                   [2m│   │   │   │   [0mrelations=[1m([0m[1m)[0m,                          │ │
│ │                   [2m│   │   │   │   [0mparent_key=[3mNone[0m,                       │ │
│ │                   [2m│   │   │   │   [0massignee_key=[3mNone[0m,                     │ │
│ │                   [2m│   │   │   │   [0mcreated_at=[1mdatetime[0m[1m.datetime[0m[1m([0m[1m2026[0m, [1m1[0m,  │ │
│ │                   [1m1[0m, [1m0[0m, [1m0[0m, tzinfo=datetime.timezone.utc[1m)[0m,                │ │
│ │                   [2m│   │   │   │   [0mupdated_at=[1mdatetime[0m[1m.datetime[0m[1m([0m[1m2026[0m, [1m1[0m,  │ │
│ │                   [1m1[0m, [1m0[0m, [1m0[0m, tzinfo=datetime.timezone.utc[1m)[0m,                │ │
│ │                   [2m│   │   │   │   [0murl='https://tracker.invalid/issue/A'  │ │
│ │                   [2m│   │   │   [0m[1m)[0m,                                         │ │
│ │                   [2m│   │   │   [0m[1mTrackerIssue[0m[1m([0m                              │ │
│ │                   [2m│   │   │   │   [0missue_key='B',                         │ │
│ │                   [2m│   │   │   │   [0mtitle='B',                             │ │
│ │                   [2m│   │   │   │   [0mbody='Exact native subject B  with     │ │
│ │                   spaces\n',                                             │ │
│ │                   [2m│   │   │   │   [0mpriority=<IssuePriority.NONE: 'none'>, │ │
│ │                   [2m│   │   │   │   [0mstate_name='Todo',                     │ │
│ │                   [2m│   │   │   │   [0m                                       │ │
│ │                   state_kind=<WorkflowStateKind.UNSTARTED: 'unstarted'>, │ │
│ │                   [2m│   │   │   │   [0mqueue_states=[1mfrozenset[0m[1m([0m[1m{[0m               │ │
│ │                   [2m│   │   │   │   │   [0m<QueueState.APPROVED: 'approved'>  │ │
│ │                   [2m│   │   │   │   [0m[1m}[0m[1m)[0m,                                    │ │
│ │                   [2m│   │   │   │   [0missue_labels=[1mfrozenset[0m[1m([0m[1m{[0m               │ │
│ │                   [2m│   │   │   │   │   [0m'criteria-staged'                  │ │
│ │                   [2m│   │   │   │   [0m[1m}[0m[1m)[0m,                                    │ │
│ │                   [2m│   │   │   │   [0mteam_key='engineering',                │ │
│ │                   [2m│   │   │   │   [0mproject=[3mNone[0m,                          │ │
│ │                   [2m│   │   │   │   [0mproject_id=[3mNone[0m,                       │ │
│ │                   [2m│   │   │   │   [0mmilestone_key=[3mNone[0m,                    │ │
│ │                   [2m│   │   │   │   [0mrelations=[1m([0m                            │ │
│ │                   [2m│   │   │   │   │   [0m[1mIssueRelation[0m[1m([0m                     │ │
│ │                   [2m│   │   │   │   │   │   [0m                               │ │
│ │                   kind=<IssueRelationKind.BLOCKED_BY: 'blocked_by'>,     │ │
│ │                   [2m│   │   │   │   │   │   [0missue_key='A'                  │ │
│ │                   [2m│   │   │   │   │   [0m[1m)[0m,                                 │ │
│ │                   [2m│   │   │   │   [0m[1m)[0m,                                     │ │
│ │                   [2m│   │   │   │   [0mparent_key=[3mNone[0m,                       │ │
│ │                   [2m│   │   │   │   [0massignee_key=[3mNone[0m,                     │ │
│ │                   [2m│   │   │   │   [0mcreated_at=[1mdatetime[0m[1m.datetime[0m[1m([0m[1m2026[0m, [1m1[0m,  │ │
│ │                   [1m1[0m, [1m0[0m, [1m0[0m, tzinfo=datetime.timezone.utc[1m)[0m,                │ │
│ │                   [2m│   │   │   │   [0mupdated_at=[1mdatetime[0m[1m.datetime[0m[1m([0m[1m2026[0m, [1m1[0m,  │ │
│ │                   [1m1[0m, [1m0[0m, [1m0[0m, tzinfo=datetime.timezone.utc[1m)[0m,                │ │
│ │                   [2m│   │   │   │   [0murl='https://tracker.invalid/issue/B'  │ │
│ │                   [2m│   │   │   [0m[1m)[0m,                                         │ │
│ │                   [2m│   │   │   [0m[1mTrackerIssue[0m[1m([0m                              │ │
│ │                   [2m│   │   │   │   [0missue_key='A/check',                   │ │
│ │                   [2m│   │   │   │   [0mtitle='A/check',                       │ │
│ │                   [2m│   │   │   │   [0mbody='**Check:** A live Check          │ │
│ │                   bytes\n**Evidence:** —',                               │ │
│ │                   [2m│   │   │   │   [0mpriority=<IssuePriority.NONE: 'none'>, │ │
│ │                   [2m│   │   │   │   [0mstate_name='Todo',                     │ │
│ │                   [2m│   │   │   │   [0m                                       │ │
│ │                   state_kind=<WorkflowStateKind.UNSTARTED: 'unstarted'>, │ │
│ │                   [2m│   │   │   │   [0mqueue_states=[1mfrozenset[0m[1m([0m[1m{[0m               │ │
│ │                   [2m│   │   │   │   │   [0m<QueueState.APPROVED: 'approved'>  │ │
│ │                   [2m│   │   │   │   [0m[1m}[0m[1m)[0m,                                    │ │
│ │                   [2m│   │   │   │   [0missue_labels=[1mfrozenset[0m[1m([0m[1m{[0m               │ │
│ │                   [2m│   │   │   │   │   [0m'criterion'                        │ │
│ │                   [2m│   │   │   │   [0m[1m}[0m[1m)[0m,                                    │ │
│ │                   [2m│   │   │   │   [0mteam_key='engineering',                │ │
│ │                   [2m│   │   │   │   [0mproject=[3mNone[0m,                          │ │
│ │                   [2m│   │   │   │   [0mproject_id=[3mNone[0m,                       │ │
│ │                   [2m│   │   │   │   [0mmilestone_key=[3mNone[0m,                    │ │
│ │                   [2m│   │   │   │   [0mrelations=[1m([0m[1m)[0m,                          │ │
│ │                   [2m│   │   │   │   [0mparent_key='A',                        │ │
│ │                   [2m│   │   │   │   [0massignee_key=[3mNone[0m,                     │ │
│ │                   [2m│   │   │   │   [0mcreated_at=[1mdatetime[0m[1m.datetime[0m[1m([0m[1m2026[0m, [1m1[0m,  │ │
│ │                   [1m1[0m, [1m0[0m, [1m0[0m, tzinfo=datetime.timezone.utc[1m)[0m,                │ │
│ │                   [2m│   │   │   │   [0mupdated_at=[1mdatetime[0m[1m.datetime[0m[1m([0m[1m2026[0m, [1m1[0m,  │ │
│ │                   [1m1[0m, [1m0[0m, [1m0[0m, tzinfo=datetime.timezone.utc[1m)[0m,                │ │
│ │                   [2m│   │   │   │   [0m                                       │ │
│ │                   url='https://tracker.invalid/issue/A/check'            │ │
│ │                   [2m│   │   │   [0m[1m)[0m,                                         │ │
│ │                   [2m│   │   │   [0m[1mTrackerIssue[0m[1m([0m                              │ │
│ │                   [2m│   │   │   │   [0missue_key='B/check',                   │ │
│ │                   [2m│   │   │   │   [0mtitle='B/check',                       │ │
│ │                   [2m│   │   │   │   [0mbody='**Check:** B live Check          │ │
│ │                   bytes\n**Evidence:** —',                               │ │
│ │                   [2m│   │   │   │   [0mpriority=<IssuePriority.NONE: 'none'>, │ │
│ │                   [2m│   │   │   │   [0mstate_name='Todo',                     │ │
│ │                   [2m│   │   │   │   [0m                                       │ │
│ │                   state_kind=<WorkflowStateKind.UNSTARTED: 'unstarted'>, │ │
│ │                   [2m│   │   │   │   [0mqueue_states=[1mfrozenset[0m[1m([0m[1m{[0m               │ │
│ │                   [2m│   │   │   │   │   [0m<QueueState.APPROVED: 'approved'>  │ │
│ │                   [2m│   │   │   │   [0m[1m}[0m[1m)[0m,                                    │ │
│ │                   [2m│   │   │   │   [0missue_labels=[1mfrozenset[0m[1m([0m[1m{[0m               │ │
│ │                   [2m│   │   │   │   │   [0m'criterion'                        │ │
│ │                   [2m│   │   │   │   [0m[1m}[0m[1m)[0m,                                    │ │
│ │                   [2m│   │   │   │   [0mteam_key='engineering',                │ │
│ │                   [2m│   │   │   │   [0mproject=[3mNone[0m,                          │ │
│ │                   [2m│   │   │   │   [0mproject_id=[3mNone[0m,                       │ │
│ │                   [2m│   │   │   │   [0mmilestone_key=[3mNone[0m,                    │ │
│ │                   [2m│   │   │   │   [0mrelations=[1m([0m[1m)[0m,                          │ │
│ │                   [2m│   │   │   │   [0mparent_key='B',                        │ │
│ │                   [2m│   │   │   │   [0massignee_key=[3mNone[0m,                     │ │
│ │                   [2m│   │   │   │   [0mcreated_at=[1mdatetime[0m[1m.datetime[0m[1m([0m[1m2026[0m, [1m1[0m,  │ │
│ │                   [1m1[0m, [1m0[0m, [1m0[0m, tzinfo=datetime.timezone.utc[1m)[0m,                │ │
│ │                   [2m│   │   │   │   [0mupdated_at=[1mdatetime[0m[1m.datetime[0m[1m([0m[1m2026[0m, [1m1[0m,  │ │
│ │                   [1m1[0m, [1m0[0m, [1m0[0m, tzinfo=datetime.timezone.utc[1m)[0m,                │ │
│ │                   [2m│   │   │   │   [0m                                       │ │
│ │                   url='https://tracker.invalid/issue/B/check'            │ │
│ │                   [2m│   │   │   [0m[1m)[0m                                          │ │
│ │                   [2m│   │   [0m[1m)[0m                                              │ │
│ │                   [2m│   [0m[1m)[0m,                                                 │ │
│ │                   [2m│   [0mready=[1m([0m                                            │ │
│ │                   [2m│   │   [0m[1mScopeReadyLane[0m[1m([0m                                │ │
│ │                   [2m│   │   │   [0missue=[1mTrackerIssue[0m[1m([0m                        │ │
│ │                   [2m│   │   │   │   [0missue_key='A',                         │ │
│ │                   [2m│   │   │   │   [0mtitle='A',                             │ │
│ │                   [2m│   │   │   │   [0mbody='Exact native subject A  with     │ │
│ │                   spaces\n',                                             │ │
│ │                   [2m│   │   │   │   [0mpriority=<IssuePriority.NONE: 'none'>, │ │
│ │                   [2m│   │   │   │   [0mstate_name='Todo',                     │ │
│ │                   [2m│   │   │   │   [0m                                       │ │
│ │                   state_kind=<WorkflowStateKind.UNSTARTED: 'unstarted'>, │ │
│ │                   [2m│   │   │   │   [0mqueue_states=[1mfrozenset[0m[1m([0m[1m{[0m               │ │
│ │                   [2m│   │   │   │   │   [0m<QueueState.APPROVED: 'approved'>  │ │
│ │                   [2m│   │   │   │   [0m[1m}[0m[1m)[0m,                                    │ │
│ │                   [2m│   │   │   │   [0missue_labels=[1mfrozenset[0m[1m([0m[1m{[0m               │ │
│ │                   [2m│   │   │   │   │   [0m'criteria-staged'                  │ │
│ │                   [2m│   │   │   │   [0m[1m}[0m[1m)[0m,                                    │ │
│ │                   [2m│   │   │   │   [0mteam_key='engineering',                │ │
│ │                   [2m│   │   │   │   [0mproject=[3mNone[0m,                          │ │
│ │                   [2m│   │   │   │   [0mproject_id=[3mNone[0m,                       │ │
│ │                   [2m│   │   │   │   [0mmilestone_key=[3mNone[0m,                    │ │
│ │                   [2m│   │   │   │   [0mrelations=[1m([0m[1m)[0m,                          │ │
│ │                   [2m│   │   │   │   [0mparent_key=[3mNone[0m,                       │ │
│ │                   [2m│   │   │   │   [0massignee_key=[3mNone[0m,                     │ │
│ │                   [2m│   │   │   │   [0mcreated_at=[1mdatetime[0m[1m.datetime[0m[1m([0m[1m2026[0m, [1m1[0m,  │ │
│ │                   [1m1[0m, [1m0[0m, [1m0[0m, tzinfo=datetime.timezone.utc[1m)[0m,                │ │
│ │                   [2m│   │   │   │   [0mupdated_at=[1mdatetime[0m[1m.datetime[0m[1m([0m[1m2026[0m, [1m1[0m,  │ │
│ │                   [1m1[0m, [1m0[0m, [1m0[0m, tzinfo=datetime.timezone.utc[1m)[0m,                │ │
│ │                   [2m│   │   │   │   [0murl='https://tracker.invalid/issue/A'  │ │
│ │                   [2m│   │   │   [0m[1m)[0m,                                         │ │
│ │                   [2m│   │   │   [0meffective_priority=<IssuePriority.NONE:    │ │
│ │                   'none'>,                                               │ │
│ │                   [2m│   │   │   [0mgap=[1m([0m                                      │ │
│ │                   [2m│   │   │   │   [0m[1mTrackerIssue[0m[1m([0m                          │ │
│ │                   [2m│   │   │   │   │   [0missue_key='A/check',               │ │
│ │                   [2m│   │   │   │   │   [0mtitle='A/check',                   │ │
│ │                   [2m│   │   │   │   │   [0mbody='**Check:** A live Check      │ │
│ │                   bytes\n**Evidence:** —',                               │ │
│ │                   [2m│   │   │   │   │   [0mpriority=<IssuePriority.NONE:      │ │
│ │                   'none'>,                                               │ │
│ │                   [2m│   │   │   │   │   [0mstate_name='Todo',                 │ │
│ │                   [2m│   │   │   │   │   [0m                                   │ │
│ │                   state_kind=<WorkflowStateKind.UNSTARTED: 'unstarted'>, │ │
│ │                   [2m│   │   │   │   │   [0mqueue_states=[1mfrozenset[0m[1m([0m[1m{[0m           │ │
│ │                   [2m│   │   │   │   │   │   [0m<QueueState.APPROVED:          │ │
│ │                   'approved'>                                            │ │
│ │                   [2m│   │   │   │   │   [0m[1m}[0m[1m)[0m,                                │ │
│ │                   [2m│   │   │   │   │   [0missue_labels=[1mfrozenset[0m[1m([0m[1m{[0m           │ │
│ │                   [2m│   │   │   │   │   │   [0m'criterion'                    │ │
│ │                   [2m│   │   │   │   │   [0m[1m}[0m[1m)[0m,                                │ │
│ │                   [2m│   │   │   │   │   [0mteam_key='engineering',            │ │
│ │                   [2m│   │   │   │   │   [0mproject=[3mNone[0m,                      │ │
│ │                   [2m│   │   │   │   │   [0mproject_id=[3mNone[0m,                   │ │
│ │                   [2m│   │   │   │   │   [0mmilestone_key=[3mNone[0m,                │ │
│ │                   [2m│   │   │   │   │   [0mrelations=[1m([0m[1m)[0m,                      │ │
│ │                   [2m│   │   │   │   │   [0mparent_key='A',                    │ │
│ │                   [2m│   │   │   │   │   [0massignee_key=[3mNone[0m,                 │ │
│ │                   [2m│   │   │   │   │   [0mcreated_at=[1mdatetime[0m[1m.datetime[0m[1m([0m[1m2026[0m, │ │
│ │                   [1m1[0m, [1m1[0m, [1m0[0m, [1m0[0m, tzinfo=datetime.timezone.utc[1m)[0m,             │ │
│ │                   [2m│   │   │   │   │   [0mupdated_at=[1mdatetime[0m[1m.datetime[0m[1m([0m[1m2026[0m, │ │
│ │                   [1m1[0m, [1m1[0m, [1m0[0m, [1m0[0m, tzinfo=datetime.timezone.utc[1m)[0m,             │ │
│ │                   [2m│   │   │   │   │   [0m                                   │ │
│ │                   url='https://tracker.invalid/issue/A/check'            │ │
│ │                   [2m│   │   │   │   [0m[1m)[0m,                                     │ │
│ │                   [2m│   │   │   [0m[1m)[0m                                          │ │
│ │                   [2m│   │   [0m[1m)[0m,                                             │ │
│ │                   [2m│   [0m[1m)[0m,                                                 │ │
│ │                   [2m│   [0mblocked=[1m([0m                                          │ │
│ │                   [2m│   │   [0m[1mBlockedIssue[0m[1m([0m                                  │ │
│ │                   [2m│   │   │   [0missue_key='B',                             │ │
│ │                   [2m│   │   │   [0mblocker_keys=[1m([0m'A',[1m)[0m                        │ │
│ │                   [2m│   │   [0m[1m)[0m,                                             │ │
│ │                   [2m│   [0m[1m)[0m,                                                 │ │
│ │                   [2m│   [0munapproved=[1m([0m[1m)[0m,                                     │ │
│ │                   [2m│   [0mcriteria=[1m([0m                                         │ │
│ │                   [2m│   │   [0m[1mTrackerIssue[0m[1m([0m                                  │ │
│ │                   [2m│   │   │   [0missue_key='A/check',                       │ │
│ │                   [2m│   │   │   [0mtitle='A/check',                           │ │
│ │                   [2m│   │   │   [0mbody='**Check:** A live Check              │ │
│ │                   bytes\n**Evidence:** —',                               │ │
│ │                   [2m│   │   │   [0mpriority=<IssuePriority.NONE: 'none'>,     │ │
│ │                   [2m│   │   │   [0mstate_name='Todo',                         │ │
│ │                   [2m│   │   │   [0mstate_kind=<WorkflowStateKind.UNSTARTED:   │ │
│ │                   'unstarted'>,                                          │ │
│ │                   [2m│   │   │   [0mqueue_states=[1mfrozenset[0m[1m([0m[1m{[0m                   │ │
│ │                   [2m│   │   │   │   [0m<QueueState.APPROVED: 'approved'>      │ │
│ │                   [2m│   │   │   [0m[1m}[0m[1m)[0m,                                        │ │
│ │                   [2m│   │   │   [0missue_labels=[1mfrozenset[0m[1m([0m[1m{[0m'criterion'[1m}[0m[1m)[0m,     │ │
│ │                   [2m│   │   │   [0mteam_key='engineering',                    │ │
│ │                   [2m│   │   │   [0mproject=[3mNone[0m,                              │ │
│ │                   [2m│   │   │   [0mproject_id=[3mNone[0m,                           │ │
│ │                   [2m│   │   │   [0mmilestone_key=[3mNone[0m,                        │ │
│ │                   [2m│   │   │   [0mrelations=[1m([0m[1m)[0m,                              │ │
│ │                   [2m│   │   │   [0mparent_key='A',                            │ │
│ │                   [2m│   │   │   [0massignee_key=[3mNone[0m,                         │ │
│ │                   [2m│   │   │   [0mcreated_at=[1mdatetime[0m[1m.datetime[0m[1m([0m[1m2026[0m, [1m1[0m, [1m1[0m,   │ │
│ │                   [1m0[0m, [1m0[0m, tzinfo=datetime.timezone.utc[1m)[0m,                   │ │
│ │                   [2m│   │   │   [0mupdated_at=[1mdatetime[0m[1m.datetime[0m[1m([0m[1m2026[0m, [1m1[0m, [1m1[0m,   │ │
│ │                   [1m0[0m, [1m0[0m, tzinfo=datetime.timezone.utc[1m)[0m,                   │ │
│ │                   [2m│   │   │   [0m                                           │ │
│ │                   url='https://tracker.invalid/issue/A/check'            │ │
│ │                   [2m│   │   [0m[1m)[0m,                                             │ │
│ │                   [2m│   │   [0m[1mTrackerIssue[0m[1m([0m                                  │ │
│ │                   [2m│   │   │   [0missue_key='B/check',                       │ │
│ │                   [2m│   │   │   [0mtitle='B/check',                           │ │
│ │                   [2m│   │   │   [0mbody='**Check:** B live Check              │ │
│ │                   bytes\n**Evidence:** —',                               │ │
│ │                   [2m│   │   │   [0mpriority=<IssuePriority.NONE: 'none'>,     │ │
│ │                   [2m│   │   │   [0mstate_name='Todo',                         │ │
│ │                   [2m│   │   │   [0mstate_kind=<WorkflowStateKind.UNSTARTED:   │ │
│ │                   'unstarted'>,                                          │ │
│ │                   [2m│   │   │   [0mqueue_states=[1mfrozenset[0m[1m([0m[1m{[0m                   │ │
│ │                   [2m│   │   │   │   [0m<QueueState.APPROVED: 'approved'[1m>[0m      │ │
│ │                   [2m│   │   │   [0m[1m}[0m[1m)[0m,                                        │ │
│ │                   [2m│   │   │   [0missue_labels=[1mfrozenset[0m[1m([0m[1m{[0m'criterion'[1m}[0m[1m)[0m,     │ │
│ │                   [2m│   │   │   [0mteam_key='engineering',                    │ │
│ │                   [2m│   │   │   [0mproject=[3mNone[0m,                              │ │
│ │                   [2m│   │   │   [0mproject_id=[3mNone[0m,                           │ │
│ │                   [2m│   │   │   [0mmilestone_key=[3mNone[0m,                        │ │
│ │                   [2m│   │   │   [0mrelations=[1m([0m[1m)[0m,                              │ │
│ │                   [2m│   │   │   [0mparent_key='B',                            │ │
│ │                   [2m│   │   │   [0massignee_key=[3mNone[0m,                         │ │
│ │                   [2m│   │   │   [0mcreated_at=[1mdatetime[0m[1m.datetime[0m[1m([0m[1m2026[0m, [1m1[0m, [1m1[0m,   │ │
│ │                   [1m0[0m, [1m0[0m, tzinfo=datetime.timezone.utc[1m)[0m,                   │ │
│ │                   [2m│   │   │   [0mupdated_at=[1mdatetime[0m[1m.datetime[0m[1m([0m[1m2026[0m, [1m1[0m, [1m1[0m,   │ │
│ │                   [1m0[0m, [1m0[0m, tzinfo=datetime.timezone.utc[1m)[0m,                   │ │
│ │                   [2m│   │   │   [0m                                           │ │
│ │                   url='https://tracker.invalid/issue/B/check'            │ │
│ │                   [2m│   │   [0m[1m)[0m                                              │ │
│ │                   [2m│   [0m[1m)[0m                                                  │ │
│ │                   [1m)[0m                                                      │ │
│ │       [3mrefreshed[0m = [1mScopeReadySet[0m[1m([0m                                         │ │
│ │                   [2m│   [0mscope=[1mResolvedScope[0m[1m([0m                               │ │
│ │                   [2m│   │   [0mref=[1mScopeRef[0m[1m([0m                                  │ │
│ │                   [2m│   │   │   [0mkind=[1m<[0m[1mScopeKind.PROJECT:[0m 'project'>,       │ │
│ │                   [2m│   │   │   [0mkey='scoped-project'                       │ │
│ │                   [2m│   │   [0m[1m)[0m,                                             │ │
│ │                   [2m│   │   [0missues=[1m([0m                                       │ │
│ │                   [2m│   │   │   [0m[1mTrackerIssue[0m[1m([0m                              │ │
│ │                   [2m│   │   │   │   [0missue_key='A',                         │ │
│ │                   [2m│   │   │   │   [0mtitle='A',                             │ │
│ │                   [2m│   │   │   │   [0mbody='Exact native subject A  with     │ │
│ │                   spaces\n',                                             │ │
│ │                   [2m│   │   │   │   [0mpriority=<IssuePriority.NONE: 'none'>, │ │
│ │                   [2m│   │   │   │   [0mstate_name='Todo',                     │ │
│ │                   [2m│   │   │   │   [0m                                       │ │
│ │                   state_kind=<WorkflowStateKind.UNSTARTED: 'unstarted'>, │ │
│ │                   [2m│   │   │   │   [0mqueue_states=[1mfrozenset[0m[1m([0m[1m{[0m               │ │
│ │                   [2m│   │   │   │   │   [0m<QueueState.APPROVED: 'approved'>  │ │
│ │                   [2m│   │   │   │   [0m[1m}[0m[1m)[0m,                                    │ │
│ │                   [2m│   │   │   │   [0missue_labels=[1mfrozenset[0m[1m([0m[1m{[0m               │ │
│ │                   [2m│   │   │   │   │   [0m'criteria-staged'                  │ │
│ │                   [2m│   │   │   │   [0m[1m}[0m[1m)[0m,                                    │ │
│ │                   [2m│   │   │   │   [0mteam_key='engineering',                │ │
│ │                   [2m│   │   │   │   [0mproject=[3mNone[0m,                          │ │
│ │                   [2m│   │   │   │   [0mproject_id=[3mNone[0m,                       │ │
│ │                   [2m│   │   │   │   [0mmilestone_key=[3mNone[0m,                    │ │
│ │                   [2m│   │   │   │   [0mrelations=[1m([0m[1m)[0m,                          │ │
│ │                   [2m│   │   │   │   [0mparent_key=[3mNone[0m,                       │ │
│ │                   [2m│   │   │   │   [0massignee_key=[3mNone[0m,                     │ │
│ │                   [2m│   │   │   │   [0mcreated_at=[1mdatetime[0m[1m.datetime[0m[1m([0m[1m2026[0m, [1m1[0m,  │ │
│ │                   [1m1[0m, [1m0[0m, [1m0[0m, tzinfo=datetime.timezone.utc[1m)[0m,                │ │
│ │                   [2m│   │   │   │   [0mupdated_at=[1mdatetime[0m[1m.datetime[0m[1m([0m[1m2026[0m, [1m1[0m,  │ │
│ │                   [1m1[0m, [1m0[0m, [1m0[0m, tzinfo=datetime.timezone.utc[1m)[0m,                │ │
│ │                   [2m│   │   │   │   [0murl='https://tracker.invalid/issue/A'  │ │
│ │                   [2m│   │   │   [0m[1m)[0m,                                         │ │
│ │                   [2m│   │   │   [0m[1mTrackerIssue[0m[1m([0m                              │ │
│ │                   [2m│   │   │   │   [0missue_key='B',                         │ │
│ │                   [2m│   │   │   │   [0mtitle='B',                             │ │
│ │                   [2m│   │   │   │   [0mbody='Exact native subject B  with     │ │
│ │                   spaces\n',                                             │ │
│ │                   [2m│   │   │   │   [0mpriority=<IssuePriority.NONE: 'none'>, │ │
│ │                   [2m│   │   │   │   [0mstate_name='Todo',                     │ │
│ │                   [2m│   │   │   │   [0m                                       │ │
│ │                   state_kind=<WorkflowStateKind.UNSTARTED: 'unstarted'>, │ │
│ │                   [2m│   │   │   │   [0mqueue_states=[1mfrozenset[0m[1m([0m[1m{[0m               │ │
│ │                   [2m│   │   │   │   │   [0m<QueueState.APPROVED: 'approved'>  │ │
│ │                   [2m│   │   │   │   [0m[1m}[0m[1m)[0m,                                    │ │
│ │                   [2m│   │   │   │   [0missue_labels=[1mfrozenset[0m[1m([0m[1m{[0m               │ │
│ │                   [2m│   │   │   │   │   [0m'criteria-staged'                  │ │
│ │                   [2m│   │   │   │   [0m[1m}[0m[1m)[0m,                                    │ │
│ │                   [2m│   │   │   │   [0mteam_key='engineering',                │ │
│ │                   [2m│   │   │   │   [0mproject=[3mNone[0m,                          │ │
│ │                   [2m│   │   │   │   [0mproject_id=[3mNone[0m,                       │ │
│ │                   [2m│   │   │   │   [0mmilestone_key=[3mNone[0m,                    │ │
│ │                   [2m│   │   │   │   [0mrelations=[1m([0m                            │ │
│ │                   [2m│   │   │   │   │   [0m[1mIssueRelation[0m[1m([0m                     │ │
│ │                   [2m│   │   │   │   │   │   [0m                               │ │
│ │                   kind=<IssueRelationKind.BLOCKED_BY: 'blocked_by'>,     │ │
│ │                   [2m│   │   │   │   │   │   [0missue_key='A'                  │ │
│ │                   [2m│   │   │   │   │   [0m[1m)[0m,                                 │ │
│ │                   [2m│   │   │   │   [0m[1m)[0m,                                     │ │
│ │                   [2m│   │   │   │   [0mparent_key=[3mNone[0m,                       │ │
│ │                   [2m│   │   │   │   [0massignee_key=[3mNone[0m,                     │ │
│ │                   [2m│   │   │   │   [0mcreated_at=[1mdatetime[0m[1m.datetime[0m[1m([0m[1m2026[0m, [1m1[0m,  │ │
│ │                   [1m1[0m, [1m0[0m, [1m0[0m, tzinfo=datetime.timezone.utc[1m)[0m,                │ │
│ │                   [2m│   │   │   │   [0mupdated_at=[1mdatetime[0m[1m.datetime[0m[1m([0m[1m2026[0m, [1m1[0m,  │ │
│ │                   [1m1[0m, [1m0[0m, [1m0[0m, tzinfo=datetime.timezone.utc[1m)[0m,                │ │
│ │                   [2m│   │   │   │   [0murl='https://tracker.invalid/issue/B'  │ │
│ │                   [2m│   │   │   [0m[1m)[0m,                                         │ │
│ │                   [2m│   │   │   [0m[1mTrackerIssue[0m[1m([0m                              │ │
│ │                   [2m│   │   │   │   [0missue_key='A/check',                   │ │
│ │                   [2m│   │   │   │   [0mtitle='A/check',                       │ │
│ │                   [2m│   │   │   │   [0mbody='**Check:** A live Check          │ │
│ │                   bytes\n**Evidence:** —',                               │ │
│ │                   [2m│   │   │   │   [0mpriority=<IssuePriority.NONE: 'none'>, │ │
│ │                   [2m│   │   │   │   [0mstate_name='Todo',                     │ │
│ │                   [2m│   │   │   │   [0m                                       │ │
│ │                   state_kind=<WorkflowStateKind.UNSTARTED: 'unstarted'>, │ │
│ │                   [2m│   │   │   │   [0mqueue_states=[1mfrozenset[0m[1m([0m[1m{[0m               │ │
│ │                   [2m│   │   │   │   │   [0m<QueueState.APPROVED: 'approved'>  │ │
│ │                   [2m│   │   │   │   [0m[1m}[0m[1m)[0m,                                    │ │
│ │                   [2m│   │   │   │   [0missue_labels=[1mfrozenset[0m[1m([0m[1m{[0m               │ │
│ │                   [2m│   │   │   │   │   [0m'criterion'                        │ │
│ │                   [2m│   │   │   │   [0m[1m}[0m[1m)[0m,                                    │ │
│ │                   [2m│   │   │   │   [0mteam_key='engineering',                │ │
│ │                   [2m│   │   │   │   [0mproject=[3mNone[0m,                          │ │
│ │                   [2m│   │   │   │   [0mproject_id=[3mNone[0m,                       │ │
│ │                   [2m│   │   │   │   [0mmilestone_key=[3mNone[0m,                    │ │
│ │                   [2m│   │   │   │   [0mrelations=[1m([0m[1m)[0m,                          │ │
│ │                   [2m│   │   │   │   [0mparent_key='A',                        │ │
│ │                   [2m│   │   │   │   [0massignee_key=[3mNone[0m,                     │ │
│ │                   [2m│   │   │   │   [0mcreated_at=[1mdatetime[0m[1m.datetime[0m[1m([0m[1m2026[0m, [1m1[0m,  │ │
│ │                   [1m1[0m, [1m0[0m, [1m0[0m, tzinfo=datetime.timezone.utc[1m)[0m,                │ │
│ │                   [2m│   │   │   │   [0mupdated_at=[1mdatetime[0m[1m.datetime[0m[1m([0m[1m2026[0m, [1m1[0m,  │ │
│ │                   [1m1[0m, [1m0[0m, [1m0[0m, tzinfo=datetime.timezone.utc[1m)[0m,                │ │
│ │                   [2m│   │   │   │   [0m                                       │ │
│ │                   url='https://tracker.invalid/issue/A/check'            │ │
│ │                   [2m│   │   │   [0m[1m)[0m,                                         │ │
│ │                   [2m│   │   │   [0m[1mTrackerIssue[0m[1m([0m                              │ │
│ │                   [2m│   │   │   │   [0missue_key='B/check',                   │ │
│ │                   [2m│   │   │   │   [0mtitle='B/check',                       │ │
│ │                   [2m│   │   │   │   [0mbody='**Check:** B live Check          │ │
│ │                   bytes\n**Evidence:** —',                               │ │
│ │                   [2m│   │   │   │   [0mpriority=<IssuePriority.NONE: 'none'>, │ │
│ │                   [2m│   │   │   │   [0mstate_name='Todo',                     │ │
│ │                   [2m│   │   │   │   [0m                                       │ │
│ │                   state_kind=<WorkflowStateKind.UNSTARTED: 'unstarted'>, │ │
│ │                   [2m│   │   │   │   [0mqueue_states=[1mfrozenset[0m[1m([0m[1m{[0m               │ │
│ │                   [2m│   │   │   │   │   [0m<QueueState.APPROVED: 'approved'>  │ │
│ │                   [2m│   │   │   │   [0m[1m}[0m[1m)[0m,                                    │ │
│ │                   [2m│   │   │   │   [0missue_labels=[1mfrozenset[0m[1m([0m[1m{[0m               │ │
│ │                   [2m│   │   │   │   │   [0m'criterion'                        │ │
│ │                   [2m│   │   │   │   [0m[1m}[0m[1m)[0m,                                    │ │
│ │                   [2m│   │   │   │   [0mteam_key='engineering',                │ │
│ │                   [2m│   │   │   │   [0mproject=[3mNone[0m,                          │ │
│ │                   [2m│   │   │   │   [0mproject_id=[3mNone[0m,                       │ │
│ │                   [2m│   │   │   │   [0mmilestone_key=[3mNone[0m,                    │ │
│ │                   [2m│   │   │   │   [0mrelations=[1m([0m[1m)[0m,                          │ │
│ │                   [2m│   │   │   │   [0mparent_key='B',                        │ │
│ │                   [2m│   │   │   │   [0massignee_key=[3mNone[0m,                     │ │
│ │                   [2m│   │   │   │   [0mcreated_at=[1mdatetime[0m[1m.datetime[0m[1m([0m[1m2026[0m, [1m1[0m,  │ │
│ │                   [1m1[0m, [1m0[0m, [1m0[0m, tzinfo=datetime.timezone.utc[1m)[0m,                │ │
│ │                   [2m│   │   │   │   [0mupdated_at=[1mdatetime[0m[1m.datetime[0m[1m([0m[1m2026[0m, [1m1[0m,  │ │
│ │                   [1m1[0m, [1m0[0m, [1m0[0m, tzinfo=datetime.timezone.utc[1m)[0m,                │ │
│ │                   [2m│   │   │   │   [0m                                       │ │
│ │                   url='https://tracker.invalid/issue/B/check'            │ │
│ │                   [2m│   │   │   [0m[1m)[0m                                          │ │
│ │                   [2m│   │   [0m[1m)[0m                                              │ │
│ │                   [2m│   [0m[1m)[0m,                                                 │ │
│ │                   [2m│   [0mready=[1m([0m                                            │ │
│ │                   [2m│   │   [0m[1mScopeReadyLane[0m[1m([0m                                │ │
│ │                   [2m│   │   │   [0missue=[1mTrackerIssue[0m[1m([0m                        │ │
│ │                   [2m│   │   │   │   [0missue_key='A',                         │ │
│ │                   [2m│   │   │   │   [0mtitle='A',                             │ │
│ │                   [2m│   │   │   │   [0mbody='Exact native subject A  with     │ │
│ │                   spaces\n',                                             │ │
│ │                   [2m│   │   │   │   [0mpriority=<IssuePriority.NONE: 'none'>, │ │
│ │                   [2m│   │   │   │   [0mstate_name='Todo',                     │ │
│ │                   [2m│   │   │   │   [0m                                       │ │
│ │                   state_kind=<WorkflowStateKind.UNSTARTED: 'unstarted'>, │ │
│ │                   [2m│   │   │   │   [0mqueue_states=[1mfrozenset[0m[1m([0m[1m{[0m               │ │
│ │                   [2m│   │   │   │   │   [0m<QueueState.APPROVED: 'approved'>  │ │
│ │                   [2m│   │   │   │   [0m[1m}[0m[1m)[0m,                                    │ │
│ │                   [2m│   │   │   │   [0missue_labels=[1mfrozenset[0m[1m([0m[1m{[0m               │ │
│ │                   [2m│   │   │   │   │   [0m'criteria-staged'                  │ │
│ │                   [2m│   │   │   │   [0m[1m}[0m[1m)[0m,                                    │ │
│ │                   [2m│   │   │   │   [0mteam_key='engineering',                │ │
│ │                   [2m│   │   │   │   [0mproject=[3mNone[0m,                          │ │
│ │                   [2m│   │   │   │   [0mproject_id=[3mNone[0m,                       │ │
│ │                   [2m│   │   │   │   [0mmilestone_key=[3mNone[0m,                    │ │
│ │                   [2m│   │   │   │   [0mrelations=[1m([0m[1m)[0m,                          │ │
│ │                   [2m│   │   │   │   [0mparent_key=[3mNone[0m,                       │ │
│ │                   [2m│   │   │   │   [0massignee_key=[3mNone[0m,                     │ │
│ │                   [2m│   │   │   │   [0mcreated_at=[1mdatetime[0m[1m.datetime[0m[1m([0m[1m2026[0m, [1m1[0m,  │ │
│ │                   [1m1[0m, [1m0[0m, [1m0[0m, tzinfo=datetime.timezone.utc[1m)[0m,                │ │
│ │                   [2m│   │   │   │   [0mupdated_at=[1mdatetime[0m[1m.datetime[0m[1m([0m[1m2026[0m, [1m1[0m,  │ │
│ │                   [1m1[0m, [1m0[0m, [1m0[0m, tzinfo=datetime.timezone.utc[1m)[0m,                │ │
│ │                   [2m│   │   │   │   [0murl='https://tracker.invalid/issue/A'  │ │
│ │                   [2m│   │   │   [0m[1m)[0m,                                         │ │
│ │                   [2m│   │   │   [0meffective_priority=<IssuePriority.NONE:    │ │
│ │                   'none'>,                                               │ │
│ │                   [2m│   │   │   [0mgap=[1m([0m                                      │ │
│ │                   [2m│   │   │   │   [0m[1mTrackerIssue[0m[1m([0m                          │ │
│ │                   [2m│   │   │   │   │   [0missue_key='A/check',               │ │
│ │                   [2m│   │   │   │   │   [0mtitle='A/check',                   │ │
│ │                   [2m│   │   │   │   │   [0mbody='**Check:** A live Check      │ │
│ │                   bytes\n**Evidence:** —',                               │ │
│ │                   [2m│   │   │   │   │   [0mpriority=<IssuePriority.NONE:      │ │
│ │                   'none'>,                                               │ │
│ │                   [2m│   │   │   │   │   [0mstate_name='Todo',                 │ │
│ │                   [2m│   │   │   │   │   [0m                                   │ │
│ │                   state_kind=<WorkflowStateKind.UNSTARTED: 'unstarted'>, │ │
│ │                   [2m│   │   │   │   │   [0mqueue_states=[1mfrozenset[0m[1m([0m[1m{[0m           │ │
│ │                   [2m│   │   │   │   │   │   [0m<QueueState.APPROVED:          │ │
│ │                   'approved'>                                            │ │
│ │                   [2m│   │   │   │   │   [0m[1m}[0m[1m)[0m,                                │ │
│ │                   [2m│   │   │   │   │   [0missue_labels=[1mfrozenset[0m[1m([0m[1m{[0m           │ │
│ │                   [2m│   │   │   │   │   │   [0m'criterion'                    │ │
│ │                   [2m│   │   │   │   │   [0m[1m}[0m[1m)[0m,                                │ │
│ │                   [2m│   │   │   │   │   [0mteam_key='engineering',            │ │
│ │                   [2m│   │   │   │   │   [0mproject=[3mNone[0m,                      │ │
│ │                   [2m│   │   │   │   │   [0mproject_id=[3mNone[0m,                   │ │
│ │                   [2m│   │   │   │   │   [0mmilestone_key=[3mNone[0m,                │ │
│ │                   [2m│   │   │   │   │   [0mrelations=[1m([0m[1m)[0m,                      │ │
│ │                   [2m│   │   │   │   │   [0mparent_key='A',                    │ │
│ │                   [2m│   │   │   │   │   [0massignee_key=[3mNone[0m,                 │ │
│ │                   [2m│   │   │   │   │   [0mcreated_at=[1mdatetime[0m[1m.datetime[0m[1m([0m[1m2026[0m, │ │
│ │                   [1m1[0m, [1m1[0m, [1m0[0m, [1m0[0m, tzinfo=datetime.timezone.utc[1m)[0m,             │ │
│ │                   [2m│   │   │   │   │   [0mupdated_at=[1mdatetime[0m[1m.datetime[0m[1m([0m[1m2026[0m, │ │
│ │                   [1m1[0m, [1m1[0m, [1m0[0m, [1m0[0m, tzinfo=datetime.timezone.utc[1m)[0m,             │ │
│ │                   [2m│   │   │   │   │   [0m                                   │ │
│ │                   url='https://tracker.invalid/issue/A/check'            │ │
│ │                   [2m│   │   │   │   [0m[1m)[0m,                                     │ │
│ │                   [2m│   │   │   [0m[1m)[0m                                          │ │
│ │                   [2m│   │   [0m[1m)[0m,                                             │ │
│ │                   [2m│   [0m[1m)[0m,                                                 │ │
│ │                   [2m│   [0mblocked=[1m([0m                                          │ │
│ │                   [2m│   │   [0m[1mBlockedIssue[0m[1m([0m                                  │ │
│ │                   [2m│   │   │   [0missue_key='B',                             │ │
│ │                   [2m│   │   │   [0mblocker_keys=[1m([0m'A',[1m)[0m                        │ │
│ │                   [2m│   │   [0m[1m)[0m,                                             │ │
│ │                   [2m│   [0m[1m)[0m,                                                 │ │
│ │                   [2m│   [0munapproved=[1m([0m[1m)[0m,                                     │ │
│ │                   [2m│   [0mcriteria=[1m([0m                                         │ │
│ │                   [2m│   │   [0m[1mTrackerIssue[0m[1m([0m                                  │ │
│ │                   [2m│   │   │   [0missue_key='A/check',                       │ │
│ │                   [2m│   │   │   [0mtitle='A/check',                           │ │
│ │                   [2m│   │   │   [0mbody='**Check:** A live Check              │ │
│ │                   bytes\n**Evidence:** —',                               │ │
│ │                   [2m│   │   │   [0mpriority=<IssuePriority.NONE: 'none'>,     │ │
│ │                   [2m│   │   │   [0mstate_name='Todo',                         │ │
│ │                   [2m│   │   │   [0mstate_kind=<WorkflowStateKind.UNSTARTED:   │ │
│ │                   'unstarted'>,                                          │ │
│ │                   [2m│   │   │   [0mqueue_states=[1mfrozenset[0m[1m([0m[1m{[0m                   │ │
│ │                   [2m│   │   │   │   [0m<QueueState.APPROVED: 'approved'>      │ │
│ │                   [2m│   │   │   [0m[1m}[0m[1m)[0m,                                        │ │
│ │                   [2m│   │   │   [0missue_labels=[1mfrozenset[0m[1m([0m[1m{[0m'criterion'[1m}[0m[1m)[0m,     │ │
│ │                   [2m│   │   │   [0mteam_key='engineering',                    │ │
│ │                   [2m│   │   │   [0mproject=[3mNone[0m,                              │ │
│ │                   [2m│   │   │   [0mproject_id=[3mNone[0m,                           │ │
│ │                   [2m│   │   │   [0mmilestone_key=[3mNone[0m,                        │ │
│ │                   [2m│   │   │   [0mrelations=[1m([0m[1m)[0m,                              │ │
│ │                   [2m│   │   │   [0mparent_key='A',                            │ │
│ │                   [2m│   │   │   [0massignee_key=[3mNone[0m,                         │ │
│ │                   [2m│   │   │   [0mcreated_at=[1mdatetime[0m[1m.datetime[0m[1m([0m[1m2026[0m, [1m1[0m, [1m1[0m,   │ │
│ │                   [1m0[0m, [1m0[0m, tzinfo=datetime.timezone.utc[1m)[0m,                   │ │
│ │                   [2m│   │   │   [0mupdated_at=[1mdatetime[0m[1m.datetime[0m[1m([0m[1m2026[0m, [1m1[0m, [1m1[0m,   │ │
│ │                   [1m0[0m, [1m0[0m, tzinfo=datetime.timezone.utc[1m)[0m,                   │ │
│ │                   [2m│   │   │   [0m                                           │ │
│ │                   url='https://tracker.invalid/issue/A/check'            │ │
│ │                   [2m│   │   [0m[1m)[0m,                                             │ │
│ │                   [2m│   │   [0m[1mTrackerIssue[0m[1m([0m                                  │ │
│ │                   [2m│   │   │   [0missue_key='B/check',                       │ │
│ │                   [2m│   │   │   [0mtitle='B/check',                           │ │
│ │                   [2m│   │   │   [0mbody='**Check:** B live Check              │ │
│ │                   bytes\n**Evidence:** —',                               │ │
│ │                   [2m│   │   │   [0mpriority=<IssuePriority.NONE: 'none'>,     │ │
│ │                   [2m│   │   │   [0mstate_name='Todo',                         │ │
│ │                   [2m│   │   │   [0mstate_kind=<WorkflowStateKind.UNSTARTED:   │ │
│ │                   'unstarted'>,                                          │ │
│ │                   [2m│   │   │   [0mqueue_states=[1mfrozenset[0m[1m([0m[1m{[0m                   │ │
│ │                   [2m│   │   │   │   [0m<QueueState.APPROVED: 'approved'[1m>[0m      │ │
│ │                   [2m│   │   │   [0m[1m}[0m[1m)[0m,                                        │ │
│ │                   [2m│   │   │   [0missue_labels=[1mfrozenset[0m[1m([0m[1m{[0m'criterion'[1m}[0m[1m)[0m,     │ │
│ │                   [2m│   │   │   [0mteam_key='engineering',                    │ │
│ │                   [2m│   │   │   [0mproject=[3mNone[0m,                              │ │
│ │                   [2m│   │   │   [0mproject_id=[3mNone[0m,                           │ │
│ │                   [2m│   │   │   [0mmilestone_key=[3mNone[0m,                        │ │
│ │                   [2m│   │   │   [0mrelations=[1m([0m[1m)[0m,                              │ │
│ │                   [2m│   │   │   [0mparent_key='B',                            │ │
│ │                   [2m│   │   │   [0massignee_key=[3mNone[0m,                         │ │
│ │                   [2m│   │   │   [0mcreated_at=[1mdatetime[0m[1m.datetime[0m[1m([0m[1m2026[0m, [1m1[0m, [1m1[0m,   │ │
│ │                   [1m0[0m, [1m0[0m, tzinfo=datetime.timezone.utc[1m)[0m,                   │ │
│ │                   [2m│   │   │   [0mupdated_at=[1mdatetime[0m[1m.datetime[0m[1m([0m[1m2026[0m, [1m1[0m, [1m1[0m,   │ │
│ │                   [1m0[0m, [1m0[0m, tzinfo=datetime.timezone.utc[1m)[0m,                   │ │
│ │                   [2m│   │   │   [0m                                           │ │
│ │                   url='https://tracker.invalid/issue/B/check'            │ │
│ │                   [2m│   │   [0m[1m)[0m                                              │ │
│ │                   [2m│   [0m[1m)[0m                                                  │ │
│ │                   [1m)[0m                                                      │ │
│ │            [3mrefs[0m = [1m([0m[1m)[0m                                                     │ │
│ │            [3mrepo[0m = [1mRepoEntry[0m[1m([0m                                             │ │
│ │                   [2m│   [0murl='file:///scope-repository.git',                │ │
│ │                   [2m│   [0mtrunk='trunk',                                     │ │
│ │                   [2m│   [0mchecks=[1m([0m[1m)[0m,                                         │ │
│ │                   [2m│   [0mrunner_environment=[1m{[0m[1m}[0m,                             │ │
│ │                   [2m│   [0mforge_exempt=[3mFalse[0m                                 │ │
│ │                   [1m)[0m                                                      │ │
│ │       [3mrepo_path[0m = [3mNone[0m                                                   │ │
│ │        [3mrepo_url[0m = 'file:///scope-repository.git'                         │ │
│ │    [3mrun_identity[0m = [3mNone[0m                                                   │ │
│ │           [3msaved[0m = [1mStateSnapshot[0m[1m([0m                                         │ │
│ │                   [2m│   [0mvalues=[1m{[0m[1m}[0m,                                         │ │
│ │                   [2m│   [0mnext=[1m([0m[1m)[0m,                                           │ │
│ │                   [2m│   [0mconfig=[1m{[0m                                           │ │
│ │                   [2m│   │   [0m'configurable': [1m{[0m                              │ │
│ │                   [2m│   │   │   [0m'prompt': 'Exact native subject A  with    │ │
│ │                   spaces\n',                                             │ │
│ │                   [2m│   │   │   [0m'repo_path': '/tmp/fake-cache',            │ │
│ │                   [2m│   │   │   [0m'repo_url':                                │ │
│ │                   'file:///scope-repository.git',                        │ │
│ │                   [2m│   │   │   [0m'cache_key':                               │ │
│ │                   'd18bbd26e74e40198247c05ed1317744-scope-559aead08264d… │ │
│ │                   [2m│   │   │   [0m'run_identity': [1m{[0m                          │ │
│ │                   [2m│   │   │   │   [0m'kind': [1m<[0m[1mRunKind.FIRE:[0m 'fire'>,        │ │
│ │                   [2m│   │   │   │   [0m'name': 'A',                           │ │
│ │                   [2m│   │   │   │   [0m'started_at': [1mdatetime.datetime[0m[1m([0m[1m2026[0m,  │ │
│ │                   [1m9[0m, [1m12[0m, [1m13[0m, [1m47[0m, [1m19[0m, [1m887174[0m,                             │ │
│ │                   tzinfo=datetime.timezone.utc[1m)[0m                          │ │
│ │                   [2m│   │   │   [0m[1m}[0m,                                         │ │
│ │                   [2m│   │   │   [0m'workspace_path': [3mNone[0m,                    │ │
│ │                   [2m│   │   │   [0m'base_spec': [1m{[0m                             │ │
│ │                   [2m│   │   │   │   [0m'inputs': [1m([0m[1m)[0m,                          │ │
│ │                   [2m│   │   │   │   [0m'base_branch': 'trunk',                │ │
│ │                   [2m│   │   │   │   [0m'base_role': [3mNone[0m                      │ │
│ │                   [2m│   │   │   [0m[1m}[0m,                                         │ │
│ │                   [2m│   │   │   [0m'permission_mode':                         │ │
│ │                   <PermissionMode.UNATTENDED: 'unattended'>,             │ │
│ │                   [2m│   │   │   [0m'allowed_tools': [1m[[0m                         │ │
│ │                   [2m│   │   │   │   [0m'Read',                                │ │
│ │                   [2m│   │   │   │   [0m'Glob',                                │ │
│ │                   [2m│   │   │   │   [0m'Grep',                                │ │
│ │                   [2m│   │   │   │   [0m'Bash',                                │ │
│ │                   [2m│   │   │   │   [0m'Edit',                                │ │
│ │                   [2m│   │   │   │   [0m'Write'                                │ │
│ │                   [2m│   │   │   [0m[1m][0m,                                         │ │
│ │                   [2m│   │   │   [0m'thread_id':                               │ │
│ │                   'd18bbd26e74e40198247c05ed1317744-scope-559aead08264d… │ │
│ │                   [2m│   │   [0m[1m}[0m,                                             │ │
│ │                   [2m│   │   [0m'metadata': [1m{[0m                                  │ │
│ │                   [2m│   │   │   [0m'scope_lane_request': [1m{[0m                    │ │
│ │                   [2m│   │   │   │   [0m'job':                                 │ │
│ │                   'd18bbd26e74e40198247c05ed1317744',                    │ │
│ │                   [2m│   │   │   │   [0m'scope':                               │ │
│ │                   '{"kind":"project","key":"scoped-project"}',           │ │
│ │                   [2m│   │   │   │   [0m'issue': 'A',                          │ │
│ │                   [2m│   │   │   │   [0m'repo_url':                            │ │
│ │                   'file:///scope-repository.git',                        │ │
│ │                   [2m│   │   │   │   [0m'repo_path': '/tmp/fake-cache',        │ │
│ │                   [2m│   │   │   │   [0m'base':                                │ │
│ │                   '{"inputs":[],"base_branch":"trunk","base_role":null}' │ │
│ │                   [2m│   │   │   [0m[1m}[0m,                                         │ │
│ │                   [2m│   │   │   [0m'scope_lane_run_identity': [1m{[0m               │ │
│ │                   [2m│   │   │   │   [0m'kind': 'fire',                        │ │
│ │                   [2m│   │   │   │   [0m'name': 'A',                           │ │
│ │                   [2m│   │   │   │   [0m'started_at':                          │ │
│ │                   '2026-09-12T13:47:19.887174Z'                          │ │
│ │                   [2m│   │   │   [0m[1m}[0m,                                         │ │
│ │                   [2m│   │   │   [0m'prompt': 'Exact native subject A  with    │ │
│ │                   spaces\n',                                             │ │
│ │                   [2m│   │   │   [0m'repo_path': '/tmp/fake-cache',            │ │
│ │                   [2m│   │   │   [0m'repo_url':                                │ │
│ │                   'file:///scope-repository.git',                        │ │
│ │                   [2m│   │   │   [0m'permission_mode':                         │ │
│ │                   <PermissionMode.UNATTENDED: 'unattended'[1m>[0m,             │ │
│ │                   [2m│   │   │   [0m'thread_id':                               │ │
│ │                   'd18bbd26e74e40198247c05ed1317744-scope-559aead08264d… │ │
│ │                   [2m│   │   [0m[1m}[0m                                              │ │
│ │                   [2m│   [0m[1m}[0m,                                                 │ │
│ │                   [2m│   [0mmetadata=[3mNone[0m,                                     │ │
│ │                   [2m│   [0mcreated_at=[3mNone[0m,                                   │ │
│ │                   [2m│   [0mparent_config=[3mNone[0m,                                │ │
│ │                   [2m│   [0mtasks=[1m([0m[1m)[0m,                                          │ │
│ │                   [2m│   [0minterrupts=[1m([0m[1m)[0m                                      │ │
│ │                   [1m)[0m                                                      │ │
│ │           [3mscope[0m = [1mScopeRef[0m[1m([0m                                              │ │
│ │                   [2m│   [0mkind=[1m<[0m[1mScopeKind.PROJECT:[0m 'project'[1m>[0m,               │ │
│ │                   [2m│   [0mkey='scoped-project'                               │ │
│ │                   [1m)[0m                                                      │ │
│ │        [3mselected[0m = [1mScopeReadyLane[0m[1m([0m                                        │ │
│ │                   [2m│   [0missue=[1mTrackerIssue[0m[1m([0m                                │ │
│ │                   [2m│   │   [0missue_key='A',                                 │ │
│ │                   [2m│   │   [0mtitle='A',                                     │ │
│ │                   [2m│   │   [0mbody='Exact native subject A  with spaces\n',  │ │
│ │                   [2m│   │   [0mpriority=[1m<[0m[1mIssuePriority.NONE:[0m 'none'>,         │ │
│ │                   [2m│   │   [0mstate_name='Todo',                             │ │
│ │                   [2m│   │   [0mstate_kind=<WorkflowStateKind.UNSTARTED:       │ │
│ │                   'unstarted'>,                                          │ │
│ │                   [2m│   │   [0mqueue_states=[1mfrozenset[0m[1m([0m[1m{[0m                       │ │
│ │                   [2m│   │   │   [0m<QueueState.APPROVED: 'approved'>          │ │
│ │                   [2m│   │   [0m[1m}[0m[1m)[0m,                                            │ │
│ │                   [2m│   │   [0missue_labels=[1mfrozenset[0m[1m([0m[1m{[0m'criteria-staged'[1m}[0m[1m)[0m,   │ │
│ │                   [2m│   │   [0mteam_key='engineering',                        │ │
│ │                   [2m│   │   [0mproject=[3mNone[0m,                                  │ │
│ │                   [2m│   │   [0mproject_id=[3mNone[0m,                               │ │
│ │                   [2m│   │   [0mmilestone_key=[3mNone[0m,                            │ │
│ │                   [2m│   │   [0mrelations=[1m([0m[1m)[0m,                                  │ │
│ │                   [2m│   │   [0mparent_key=[3mNone[0m,                               │ │
│ │                   [2m│   │   [0massignee_key=[3mNone[0m,                             │ │
│ │                   [2m│   │   [0mcreated_at=[1mdatetime[0m[1m.datetime[0m[1m([0m[1m2026[0m, [1m1[0m, [1m1[0m, [1m0[0m, [1m0[0m, │ │
│ │                   tzinfo=datetime.timezone.utc[1m)[0m,                         │ │
│ │                   [2m│   │   [0mupdated_at=[1mdatetime[0m[1m.datetime[0m[1m([0m[1m2026[0m, [1m1[0m, [1m1[0m, [1m0[0m, [1m0[0m, │ │
│ │                   tzinfo=datetime.timezone.utc[1m)[0m,                         │ │
│ │                   [2m│   │   [0murl='https://tracker.invalid/issue/A'          │ │
│ │                   [2m│   [0m[1m)[0m,                                                 │ │
│ │                   [2m│   [0meffective_priority=<IssuePriority.NONE: 'none'>,   │ │
│ │                   [2m│   [0mgap=[1m([0m                                              │ │
│ │                   [2m│   │   [0m[1mTrackerIssue[0m[1m([0m                                  │ │
│ │                   [2m│   │   │   [0missue_key='A/check',                       │ │
│ │                   [2m│   │   │   [0mtitle='A/check',                           │ │
│ │                   [2m│   │   │   [0mbody='**Check:** A live Check              │ │
│ │                   bytes\n**Evidence:** —',                               │ │
│ │                   [2m│   │   │   [0mpriority=<IssuePriority.NONE: 'none'>,     │ │
│ │                   [2m│   │   │   [0mstate_name='Todo',                         │ │
│ │                   [2m│   │   │   [0mstate_kind=<WorkflowStateKind.UNSTARTED:   │ │
│ │                   'unstarted'>,                                          │ │
│ │                   [2m│   │   │   [0mqueue_states=[1mfrozenset[0m[1m([0m[1m{[0m                   │ │
│ │                   [2m│   │   │   │   [0m<QueueState.APPROVED: 'approved'[1m>[0m      │ │
│ │                   [2m│   │   │   [0m[1m}[0m[1m)[0m,                                        │ │
│ │                   [2m│   │   │   [0missue_labels=[1mfrozenset[0m[1m([0m[1m{[0m'criterion'[1m}[0m[1m)[0m,     │ │
│ │                   [2m│   │   │   [0mteam_key='engineering',                    │ │
│ │                   [2m│   │   │   [0mproject=[3mNone[0m,                              │ │
│ │                   [2m│   │   │   [0mproject_id=[3mNone[0m,                           │ │
│ │                   [2m│   │   │   [0mmilestone_key=[3mNone[0m,                        │ │
│ │                   [2m│   │   │   [0mrelations=[1m([0m[1m)[0m,                              │ │
│ │                   [2m│   │   │   [0mparent_key='A',                            │ │
│ │                   [2m│   │   │   [0massignee_key=[3mNone[0m,                         │ │
│ │                   [2m│   │   │   [0mcreated_at=[1mdatetime[0m[1m.datetime[0m[1m([0m[1m2026[0m, [1m1[0m, [1m1[0m,   │ │
│ │                   [1m0[0m, [1m0[0m, tzinfo=datetime.timezone.utc[1m)[0m,                   │ │
│ │                   [2m│   │   │   [0mupdated_at=[1mdatetime[0m[1m.datetime[0m[1m([0m[1m2026[0m, [1m1[0m, [1m1[0m,   │ │
│ │                   [1m0[0m, [1m0[0m, tzinfo=datetime.timezone.utc[1m)[0m,                   │ │
│ │                   [2m│   │   │   [0m                                           │ │
│ │                   url='https://tracker.invalid/issue/A/check'            │ │
│ │                   [2m│   │   [0m[1m)[0m,                                             │ │
│ │                   [2m│   [0m[1m)[0m                                                  │ │
│ │                   [1m)[0m                                                      │ │
│ │            [3mself[0m = [1m<[0m[1mkodezart.services.scope_runtime.ScopeWorkflowEngine[0m   │ │
│ │                   object at [1m0x10e1ae150[0m[1m>[0m                                 │ │
│ │         [3mskipped[0m = [1m[[0m[1m][0m                                                     │ │
│ │            [3mspec[0m = [1mBaseSpec[0m[1m([0m                                              │ │
│ │                   [2m│   [0minputs=[1m([0m[1m)[0m,                                         │ │
│ │                   [2m│   [0mbase_branch='trunk',                               │ │
│ │                   [2m│   [0mbase_role=[3mNone[0m                                     │ │
│ │                   [1m)[0m                                                      │ │
│ │            [3mtick[0m = [1m1[0m                                                      │ │
│ │             [3murl[0m = 'file:///scope-repository.git'                         │ │
│ ╰──────────────────────────────────────────────────────────────────────────╯ │
│                                                                              │
│ [2m/private/tmp/kodezart-v03-recovery-scope-runtime/.venv/lib/python3.12/site-p[0m │
│ [2mackages/langgraph/pregel/[0m[1mmain.py[0m:2997 in astream                             │
│                                                                              │
│   [2m2994 [0m[2m│   │   │   │   │   [0mwhile loop.tick():                                │
│   [2m2995 [0m[2m│   │   │   │   │   │   [0mfor task in await loop.amatch_cached_writes() │
│   [2m2996 [0m[2m│   │   │   │   │   │   │   [0mloop.output_writes(task.id, task.writes,  │
│ ❱ 2997 [2m│   │   │   │   │   │   [0masync for _ in runner.atick(                  │
│   [2m2998 [0m[2m│   │   │   │   │   │   │   [0m[t for t in loop.tasks.values() if not t. │
│   [2m2999 [0m[2m│   │   │   │   │   │   │   [0mtimeout=self.step_timeout,                │
│   [2m3000 [0m[2m│   │   │   │   │   │   │   [0mget_waiter=get_waiter,                    │
│                                                                              │
│ ╭───────────────────────────────── locals ─────────────────────────────────╮ │
│ │                 [3m_[0m = [3mNone[0m                                                 │ │
│ │           [3maioloop[0m = [1m<[0m[1m_UnixSelectorEventLoop[0m running=[3mTrue[0m closed=[3mFalse[0m    │ │
│ │                     debug=[3mFalse[0m[1m>[0m                                         │ │
│ │             [3mcache[0m = [3mNone[0m                                                 │ │
│ │  [3mcallback_manager[0m = [1m<[0m[1mlangchain_core.callbacks.manager.AsyncCallbackMana…[0m │ │
│ │                     object at [1m0x10e1af170[0m[1m>[0m                               │ │
│ │ [3mcheckpoint_during[0m = [3mNone[0m                                                 │ │
│ │      [3mcheckpointer[0m = [1m<[0m[1mlanggraph.checkpoint.memory.InMemorySaver[0m object at │ │
│ │                     [1m0x10e115bb0[0m[1m>[0m                                         │ │
│ │            [3mconfig[0m = [1m{[0m                                                    │ │
│ │                     [2m│   [0m'tags': [1m[[0m[1m][0m,                                      │ │
│ │                     [2m│   [0m'metadata': [1m{[0m                                    │ │
│ │                     [2m│   │   [0m'scope_lane_request': [1m{[0m                      │ │
│ │                     [2m│   │   │   [0m'job':                                   │ │
│ │                     'd18bbd26e74e40198247c05ed1317744',                  │ │
│ │                     [2m│   │   │   [0m'scope':                                 │ │
│ │                     '{"kind":"project","key":"scoped-project"}',         │ │
│ │                     [2m│   │   │   [0m'issue': 'A',                            │ │
│ │                     [2m│   │   │   [0m'repo_url':                              │ │
│ │                     'file:///scope-repository.git',                      │ │
│ │                     [2m│   │   │   [0m'repo_path': '/tmp/fake-cache',          │ │
│ │                     [2m│   │   │   [0m'base':                                  │ │
│ │                     '{"inputs":[],"base_branch":"trunk","base_role":nul… │ │
│ │                     [2m│   │   [0m[1m}[0m,                                           │ │
│ │                     [2m│   │   [0m'scope_lane_run_identity': [1m{[0m                 │ │
│ │                     [2m│   │   │   [0m'kind': 'fire',                          │ │
│ │                     [2m│   │   │   [0m'name': 'A',                             │ │
│ │                     [2m│   │   │   [0m'started_at':                            │ │
│ │                     '2026-09-12T13:47:19.887174Z'                        │ │
│ │                     [2m│   │   [0m[1m}[0m,                                           │ │
│ │                     [2m│   │   [0m'prompt': 'Exact native subject A  with      │ │
│ │                     spaces\n',                                           │ │
│ │                     [2m│   │   [0m'repo_path': '/tmp/fake-cache',              │ │
│ │                     [2m│   │   [0m'repo_url': 'file:///scope-repository.git',  │ │
│ │                     [2m│   │   [0m'permission_mode':                           │ │
│ │                     [1m<[0m[1mPermissionMode.UNATTENDED:[0m 'unattended'>,           │ │
│ │                     [2m│   │   [0m'thread_id':                                 │ │
│ │                     'd18bbd26e74e40198247c05ed1317744-scope-559aead0826… │ │
│ │                     [2m│   [0m[1m}[0m,                                               │ │
│ │                     [2m│   [0m'callbacks': [3mNone[0m,                               │ │
│ │                     [2m│   [0m'recursion_limit': [1m10000[0m,                        │ │
│ │                     [2m│   [0m'configurable': [1m{[0m                                │ │
│ │                     [2m│   │   [0m'prompt': 'Exact native subject A  with      │ │
│ │                     spaces\n',                                           │ │
│ │                     [2m│   │   [0m'repo_path': '/tmp/fake-cache',              │ │
│ │                     [2m│   │   [0m'repo_url': 'file:///scope-repository.git',  │ │
│ │                     [2m│   │   [0m'cache_key':                                 │ │
│ │                     'd18bbd26e74e40198247c05ed1317744-scope-559aead0826… │ │
│ │                     [2m│   │   [0m'run_identity': [1m{[0m                            │ │
│ │                     [2m│   │   │   [0m'kind': <RunKind.FIRE: 'fire'>,          │ │
│ │                     [2m│   │   │   [0m'name': 'A',                             │ │
│ │                     [2m│   │   │   [0m'started_at': [1mdatetime.datetime[0m[1m([0m[1m2026[0m, [1m9[0m, │ │
│ │                     [1m12[0m, [1m13[0m, [1m47[0m, [1m19[0m, [1m887174[0m,                              │ │
│ │                     tzinfo=datetime.timezone.utc[1m)[0m                        │ │
│ │                     [2m│   │   [0m[1m}[0m,                                           │ │
│ │                     [2m│   │   [0m'workspace_path': [3mNone[0m,                      │ │
│ │                     [2m│   │   [0m'base_spec': [1m{[0m                               │ │
│ │                     [2m│   │   │   [0m'inputs': [1m([0m[1m)[0m,                            │ │
│ │                     [2m│   │   │   [0m'base_branch': 'trunk',                  │ │
│ │                     [2m│   │   │   [0m'base_role': [3mNone[0m                        │ │
│ │                     [2m│   │   [0m[1m}[0m,                                           │ │
│ │                     [2m│   │   [0m'permission_mode':                           │ │
│ │                     <PermissionMode.UNATTENDED: 'unattended'[1m>[0m,           │ │
│ │                     [2m│   │   [0m'allowed_tools': [1m[[0m                           │ │
│ │                     [2m│   │   │   [0m'Read',                                  │ │
│ │                     [2m│   │   │   [0m'Glob',                                  │ │
│ │                     [2m│   │   │   [0m'Grep',                                  │ │
│ │                     [2m│   │   │   [0m'Bash',                                  │ │
│ │                     [2m│   │   │   [0m'Edit',                                  │ │
│ │                     [2m│   │   │   [0m'Write'                                  │ │
│ │                     [2m│   │   [0m[1m][0m,                                           │ │
│ │                     [2m│   │   [0m'thread_id':                                 │ │
│ │                     'd18bbd26e74e40198247c05ed1317744-scope-559aead0826… │ │
│ │                     [2m│   │   [0m... +[1m1[0m                                       │ │
│ │                     [2m│   [0m[1m}[0m                                                │ │
│ │                     [1m}[0m                                                    │ │
│ │           [3mcontext[0m = [3mNone[0m                                                 │ │
│ │             [3mdebug[0m = [3mNone[0m                                                 │ │
│ │         [3mdo_stream[0m = [3mFalse[0m                                                │ │
│ │        [3mdurability[0m = [3mNone[0m                                                 │ │
│ │       [3mdurability_[0m = 'async'                                              │ │
│ │             [3minput[0m = [1m{[0m                                                    │ │
│ │                     [2m│   [0m'issue_key': 'A',                                │ │
│ │                     [2m│   [0m'feature_branch': '',                            │ │
│ │                     [2m│   [0m'ralph_branch': '',                              │ │
│ │                     [2m│   [0m'work_base_ref': 'trunk',                        │ │
│ │                     [2m│   [0m'fire_spec': [3mNone[0m,                               │ │
│ │                     [2m│   [0m'acceptance_criteria': [1m[[0m[1m][0m,                       │ │
│ │                     [2m│   [0m'criterion_set': [3mNone[0m,                           │ │
│ │                     [2m│   [0m'criteria_validation': [3mNone[0m,                     │ │
│ │                     [2m│   [0m'criteria_regeneration_rounds': [1m0[0m,               │ │
│ │                     [2m│   [0m'criteria_infeasible': [3mFalse[0m,                    │ │
│ │                     [2m│   [0m... +[1m18[0m                                          │ │
│ │                     [1m}[0m                                                    │ │
│ │   [3minterrupt_after[0m = [3mNone[0m                                                 │ │
│ │  [3minterrupt_after_[0m = [1m[[0m[1m][0m                                                   │ │
│ │  [3minterrupt_before[0m = [3mNone[0m                                                 │ │
│ │ [3minterrupt_before_[0m = [1m[[0m[1m][0m                                                   │ │
│ │            [3mkwargs[0m = [1m{[0m[1m}[0m                                                   │ │
│ │              [3mloop[0m = [1m<[0m[1mlanggraph.pregel._loop.AsyncPregelLoop[0m object at    │ │
│ │                     [1m0x10e1af320[0m[1m>[0m                                         │ │
│ │                 [3mo[0m = [1m([0m                                                    │ │
│ │                     [2m│   [0m[1m([0m                                                │ │
│ │                     [2m│   │   [0m                                             │ │
│ │                     'native_fire:5313008c-cf61-e3eb-0fa2-2a4d09e0aa22',  │ │
│ │                     [2m│   [0m[1m)[0m,                                               │ │
│ │                     [2m│   [0m'custom',                                        │ │
│ │                     [2m│   [0m[1mResultEvent[0m[1m([0m                                     │ │
│ │                     [2m│   │   [0mtype='result',                               │ │
│ │                     [2m│   │   [0mfailure_kind=[3mNone[0m,                           │ │
│ │                     [2m│   │   [0msubtype='result',                            │ │
│ │                     [2m│   │   [0mduration_ms=[1m1[0m,                               │ │
│ │                     [2m│   │   [0mduration_api_ms=[1m1[0m,                           │ │
│ │                     [2m│   │   [0mis_error=[3mFalse[0m,                              │ │
│ │                     [2m│   │   [0mnum_turns=[1m1[0m,                                 │ │
│ │                     [2m│   │   [0msession_id='native-session',                 │ │
│ │                     [2m│   │   [0mstop_reason=[3mNone[0m,                            │ │
│ │                     [2m│   │   [0mtotal_cost_usd=[3mNone[0m,                         │ │
│ │                     [2m│   │   [0musage=[3mNone[0m,                                  │ │
│ │                     [2m│   │   [0mresult=[3mNone[0m,                                 │ │
│ │                     [2m│   │   [0mbranch='kodezart/test-branch-497863d3',      │ │
│ │                     [2m│   │   [0mcommit_sha=[3mNone[0m,                             │ │
│ │                     [2m│   │   [0mstructured_output=[3mNone[0m                       │ │
│ │                     [2m│   [0m[1m)[0m                                                │ │
│ │                     [1m)[0m                                                    │ │
│ │       [3moutput_keys[0m = [1m[[0m                                                    │ │
│ │                     [2m│   [0m'issue_key',                                     │ │
│ │                     [2m│   [0m'feature_branch',                                │ │
│ │                     [2m│   [0m'ralph_branch',                                  │ │
│ │                     [2m│   [0m'work_base_ref',                                 │ │
│ │                     [2m│   [0m'fire_spec',                                     │ │
│ │                     [2m│   [0m'acceptance_criteria',                           │ │
│ │                     [2m│   [0m'criterion_set',                                 │ │
│ │                     [2m│   [0m'criteria_validation',                           │ │
│ │                     [2m│   [0m'criteria_regeneration_rounds',                  │ │
│ │                     [2m│   [0m'criteria_infeasible',                           │ │
│ │                     [2m│   [0m... +[1m18[0m                                          │ │
│ │                     [1m][0m                                                    │ │
│ │    [3mparent_runtime[0m = [1mRuntime[0m[1m([0m                                             │ │
│ │                     [2m│   [0mcontext=[3mNone[0m,                                    │ │
│ │                     [2m│   [0mstore=[3mNone[0m,                                      │ │
│ │                     [2m│   [0mstream_writer=[1m<[0m[1mfunction[0m _no_op_stream_writer at  │ │
│ │                     [1m0x10dd29080[0m[1m>[0m,                                        │ │
│ │                     [2m│   [0mprevious=[3mNone[0m                                    │ │
│ │                     [1m)[0m                                                    │ │
│ │        [3mprint_mode[0m = [1m([0m[1m)[0m                                                   │ │
│ │       [3mrun_manager[0m = [1m<[0m[1mlangchain_core.callbacks.manager.AsyncCallbackMana…[0m │ │
│ │                     object at [1m0x10e1af650[0m[1m>[0m                               │ │
│ │            [3mrunner[0m = [1m<[0m[1mlanggraph.pregel._runner.PregelRunner[0m object at     │ │
│ │                     [1m0x10e1af7d0[0m[1m>[0m                                         │ │
│ │           [3mruntime[0m = [1mRuntime[0m[1m([0m                                             │ │
│ │                     [2m│   [0mcontext=[3mNone[0m,                                    │ │
│ │                     [2m│   [0mstore=[3mNone[0m,                                      │ │
│ │                     [2m│   [0mstream_writer=[1m<[0m[1mfunction[0m                          │ │
│ │                     Pregel.astream.<locals>.stream_writer at             │ │
│ │                     [1m0x10e291c60[0m[1m>[0m,                                        │ │
│ │                     [2m│   [0mprevious=[3mNone[0m                                    │ │
│ │                     [1m)[0m                                                    │ │
│ │              [3mself[0m = [1m<[0m[1mlanggraph.graph.state.CompiledStateGraph[0m object at  │ │
│ │                     [1m0x10e1adac0[0m[1m>[0m                                         │ │
│ │             [3mstore[0m = [3mNone[0m                                                 │ │
│ │            [3mstream[0m = [1m<[0m[1mAsyncQueue[0m at [1m0x10e1af380[0m maxsize=[1m0[0m tasks=[1m8[0m[1m>[0m        │ │
│ │       [3mstream_mode[0m = [1m[[0m'custom', 'values'[1m][0m                                 │ │
│ │      [3mstream_modes[0m = [1m{[0m'values', 'custom'[1m}[0m                                 │ │
│ │        [3mstream_put[0m = [1mfunctools.partial[0m[1m([0m[1m<[0m[1mbound[0m method                      │ │
│ │                     BaseEventLoop.call_soon_threadsafe of                │ │
│ │                     <_UnixSelectorEventLoop running=[3mTrue[0m closed=[3mFalse[0m    │ │
│ │                     debug=[3mFalse[0m>>, <bound method Queue.put_nowait of     │ │
│ │                     <AsyncQueue at [1m0x10e1af380[0m maxsize=[1m0[0m tasks=[1m8[0m>[1m>[0m[1m)[0m      │ │
│ │         [3msubgraphs[0m = [3mTrue[0m                                                 │ │
│ │            [3mwaiter[0m = [3mNone[0m                                                 │ │
│ ╰──────────────────────────────────────────────────────────────────────────╯ │
│                                                                              │
│ [2m/private/tmp/kodezart-v03-recovery-scope-runtime/.venv/lib/python3.12/site-p[0m │
│ [2mackages/langgraph/pregel/[0m[1m_runner.py[0m:410 in atick                             │
│                                                                              │
│   [2m407 [0m[2m│   │   │   [0mfut.cancel()                                               │
│   [2m408 [0m[2m│   │   [0m[2m# panic on failure or timeout[0m                                  │
│   [2m409 [0m[2m│   │   [0mtry:                                                           │
│ ❱ 410 [2m│   │   │   [0m_panic_or_proceed(                                         │
│   [2m411 [0m[2m│   │   │   │   [0mfutures.done.union(f for f, t in futures.items() if t  │
│   [2m412 [0m[2m│   │   │   │   [0mtimeout_exc_cls=asyncio.TimeoutError,                  │
│   [2m413 [0m[2m│   │   │   │   [0mpanic=reraise,                                         │
│                                                                              │
│ ╭───────────────────────────────── locals ─────────────────────────────────╮ │
│ │          [3mdone[0m = [1m{[0m                                                        │ │
│ │                 [2m│   [0m[1m<[0m[1mTask[0m finished name='native_fire'                    │ │
│ │                 coro=<[1marun_with_retry[0m[1m([0m[1m)[0m done, defined at                 │ │
│ │                 /private/tmp/kodezart-v03-recovery-scope-runtime/.venv/… │ │
│ │                 exception=[1mNodeSessionObservationError[0m[1m([0m'native result has │ │
│ │                 no observed session opening'[1m)[0m[1m>[0m                           │ │
│ │                 [1m}[0m                                                        │ │
│ │      [3mend_time[0m = [3mNone[0m                                                     │ │
│ │           [3mfut[0m = [1m<[0m[1mTask[0m cancelled name='Task-46' coro=<[1mAsyncQueue.wait[0m[1m([0m[1m)[0m   │ │
│ │                 done, defined at                                         │ │
│ │                 /private/tmp/kodezart-v03-recovery-scope-runtime/.venv/… │ │
│ │       [3mfutures[0m = [1m{[0m                                                        │ │
│ │                 [2m│   [0m[1m<[0m[1mTask[0m cancelled name='Task-46'                       │ │
│ │                 coro=<[1mAsyncQueue.wait[0m[1m([0m[1m)[0m done, defined at                 │ │
│ │                 /private/tmp/kodezart-v03-recovery-scope-runtime/.venv/… │ │
│ │                 [3mNone[0m                                                     │ │
│ │                 [1m}[0m                                                        │ │
│ │      [3minflight[0m = [1m{[0m                                                        │ │
│ │                 [2m│   [0m[1m<[0m[1mTask[0m cancelled name='Task-46'                       │ │
│ │                 coro=<[1mAsyncQueue.wait[0m[1m([0m[1m)[0m done, defined at                 │ │
│ │                 /private/tmp/kodezart-v03-recovery-scope-runtime/.venv/… │ │
│ │                 [1m}[0m                                                        │ │
│ │          [3mloop[0m = [1m<[0m[1m_UnixSelectorEventLoop[0m running=[3mTrue[0m closed=[3mFalse[0m        │ │
│ │                 debug=[3mFalse[0m[1m>[0m                                             │ │
│ │       [3mreraise[0m = [3mTrue[0m                                                     │ │
│ │  [3mretry_policy[0m = [3mNone[0m                                                     │ │
│ │ [3mschedule_task[0m = [1m<[0m[1mbound[0m method AsyncPregelLoop.aaccept_push of            │ │
│ │                 <langgraph.pregel._loop.AsyncPregelLoop object at        │ │
│ │                 [1m0x10e1af320[0m>[1m>[0m                                            │ │
│ │          [3mself[0m = [1m<[0m[1mlanggraph.pregel._runner.PregelRunner[0m object at         │ │
│ │                 [1m0x10e1af7d0[0m[1m>[0m                                             │ │
│ │             [3mt[0m = [1mPregelExecutableTask[0m[1m([0m                                    │ │
│ │                 [2m│   [0mname='native_fire',                                  │ │
│ │                 [2m│   [0minput=[1m{[0m                                              │ │
│ │                 [2m│   │   [0m'issue_key': 'A',                                │ │
│ │                 [2m│   │   [0m'feature_branch': '',                            │ │
│ │                 [2m│   │   [0m'ralph_branch': '',                              │ │
│ │                 [2m│   │   [0m'work_base_ref': 'trunk',                        │ │
│ │                 [2m│   │   [0m'fire_spec': [3mNone[0m,                               │ │
│ │                 [2m│   │   [0m'acceptance_criteria': [1m[[0m[1m][0m,                       │ │
│ │                 [2m│   │   [0m'criterion_set': [3mNone[0m,                           │ │
│ │                 [2m│   │   [0m'criteria_validation': [3mNone[0m,                     │ │
│ │                 [2m│   │   [0m'criteria_regeneration_rounds': [1m0[0m,               │ │
│ │                 [2m│   │   [0m'criteria_infeasible': [3mFalse[0m,                    │ │
│ │                 [2m│   │   [0m... +[1m18[0m                                          │ │
│ │                 [2m│   [0m[1m}[0m,                                                   │ │
│ │                 [2m│   [0mproc=[1m<[0m[1mlanggraph._internal._runnable.RunnableSeq[0m      │ │
│ │                 object at [1m0x10e1afd10[0m>,                                  │ │
│ │                 [2m│   [0mwrites=[1mdeque[0m[1m([0m[1m[[0m                                       │ │
│ │                 [2m│   │   [0m[1m([0m                                                │ │
│ │                 [2m│   │   │   [0m'__error__',                                 │ │
│ │                 [2m│   │   │   [0m[1mNodeSessionObservationError[0m[1m([0m'native result   │ │
│ │                 has no observed session opening'[1m)[0m                        │ │
│ │                 [2m│   │   [0m[1m)[0m                                                │ │
│ │                 [2m│   [0m[1m][0m[1m)[0m,                                                  │ │
│ │                 [2m│   [0mconfig=[1m{[0m                                             │ │
│ │                 [2m│   │   [0m'metadata': [1m{[0m                                    │ │
│ │                 [2m│   │   │   [0m'scope_lane_request': [1m{[0m                      │ │
│ │                 [2m│   │   │   │   [0m'job':                                   │ │
│ │                 'd18bbd26e74e40198247c05ed1317744',                      │ │
│ │                 [2m│   │   │   │   [0m'scope':                                 │ │
│ │                 '{"kind":"project","key":"scoped-project"}',             │ │
│ │                 [2m│   │   │   │   [0m'issue': 'A',                            │ │
│ │                 [2m│   │   │   │   [0m'repo_url':                              │ │
│ │                 'file:///scope-repository.git',                          │ │
│ │                 [2m│   │   │   │   [0m'repo_path': '/tmp/fake-cache',          │ │
│ │                 [2m│   │   │   │   [0m'base':                                  │ │
│ │                 '{"inputs":[],"base_branch":"trunk","base_role":null}'   │ │
│ │                 [2m│   │   │   [0m[1m}[0m,                                           │ │
│ │                 [2m│   │   │   [0m'scope_lane_run_identity': [1m{[0m                 │ │
│ │                 [2m│   │   │   │   [0m'kind': 'fire',                          │ │
│ │                 [2m│   │   │   │   [0m'name': 'A',                             │ │
│ │                 [2m│   │   │   │   [0m'started_at':                            │ │
│ │                 '2026-09-12T13:47:19.887174Z'                            │ │
│ │                 [2m│   │   │   [0m[1m}[0m,                                           │ │
│ │                 [2m│   │   │   [0m'prompt': 'Exact native subject A  with      │ │
│ │                 spaces\n',                                               │ │
│ │                 [2m│   │   │   [0m'repo_path': '/tmp/fake-cache',              │ │
│ │                 [2m│   │   │   [0m'repo_url': 'file:///scope-repository.git',  │ │
│ │                 [2m│   │   │   [0m'permission_mode':                           │ │
│ │                 <PermissionMode.UNATTENDED: 'unattended'>,               │ │
│ │                 [2m│   │   │   [0m'thread_id':                                 │ │
│ │                 'd18bbd26e74e40198247c05ed1317744-scope-559aead08264d57… │ │
│ │                 [2m│   │   │   [0m'langgraph_step': [1m1[0m,                         │ │
│ │                 [2m│   │   │   [0m'langgraph_node': 'native_fire',             │ │
│ │                 [2m│   │   │   [0m'langgraph_triggers': [1m([0m                      │ │
│ │                 [2m│   │   │   │   [0m'branch:to:native_fire',                 │ │
│ │                 [2m│   │   │   [0m[1m)[0m,                                           │ │
│ │                 [2m│   │   │   [0m... +[1m3[0m                                       │ │
│ │                 [2m│   │   [0m[1m}[0m,                                               │ │
│ │                 [2m│   │   [0m'configurable': [1m{[0m                                │ │
│ │                 [2m│   │   │   [0m'prompt': 'Exact native subject A  with      │ │
│ │                 spaces\n',                                               │ │
│ │                 [2m│   │   │   [0m'repo_path': '/tmp/fake-cache',              │ │
│ │                 [2m│   │   │   [0m'repo_url': 'file:///scope-repository.git',  │ │
│ │                 [2m│   │   │   [0m'cache_key':                                 │ │
│ │                 'd18bbd26e74e40198247c05ed1317744-scope-559aead08264d57… │ │
│ │                 [2m│   │   │   [0m'run_identity': [1m{[0m                            │ │
│ │                 [2m│   │   │   │   [0m'kind': <RunKind.FIRE: 'fire'>,          │ │
│ │                 [2m│   │   │   │   [0m'name': 'A',                             │ │
│ │                 [2m│   │   │   │   [0m'started_at': [1mdatetime.datetime[0m[1m([0m[1m2026[0m, [1m9[0m, │ │
│ │                 [1m12[0m, [1m13[0m, [1m47[0m, [1m19[0m, [1m887174[0m, tzinfo=datetime.timezone.utc[1m)[0m    │ │
│ │                 [2m│   │   │   [0m[1m}[0m,                                           │ │
│ │                 [2m│   │   │   [0m'workspace_path': [3mNone[0m,                      │ │
│ │                 [2m│   │   │   [0m'base_spec': [1m{[0m                               │ │
│ │                 [2m│   │   │   │   [0m'inputs': [1m([0m[1m)[0m,                            │ │
│ │                 [2m│   │   │   │   [0m'base_branch': 'trunk',                  │ │
│ │                 [2m│   │   │   │   [0m'base_role': [3mNone[0m                        │ │
│ │                 [2m│   │   │   [0m[1m}[0m,                                           │ │
│ │                 [2m│   │   │   [0m'permission_mode':                           │ │
│ │                 <PermissionMode.UNATTENDED: 'unattended'>,               │ │
│ │                 [2m│   │   │   [0m'allowed_tools': [1m[[0m                           │ │
│ │                 [2m│   │   │   │   [0m'Read',                                  │ │
│ │                 [2m│   │   │   │   [0m'Glob',                                  │ │
│ │                 [2m│   │   │   │   [0m'Grep',                                  │ │
│ │                 [2m│   │   │   │   [0m'Bash',                                  │ │
│ │                 [2m│   │   │   │   [0m'Edit',                                  │ │
│ │                 [2m│   │   │   │   [0m'Write'                                  │ │
│ │                 [2m│   │   │   [0m[1m][0m,                                           │ │
│ │                 [2m│   │   │   [0m'thread_id':                                 │ │
│ │                 'd18bbd26e74e40198247c05ed1317744-scope-559aead08264d57… │ │
│ │                 [2m│   │   │   [0m... +[1m10[0m                                      │ │
│ │                 [2m│   │   [0m[1m}[0m,                                               │ │
│ │                 [2m│   │   [0m'callbacks':                                     │ │
│ │                 <langchain_core.callbacks.manager.AsyncCallbackManager   │ │
│ │                 object at [1m0x10e1afce0[0m>,                                  │ │
│ │                 [2m│   │   [0m'run_name': 'native_fire'                        │ │
│ │                 [2m│   [0m[1m}[0m,                                                   │ │
│ │                 [2m│   [0mtriggers=[1m([0m'branch:to:native_fire',[1m)[0m,                 │ │
│ │                 [2m│   [0mretry_policy=[1m([0m[1m)[0m,                                     │ │
│ │                 [2m│   [0mcache_key=[3mNone[0m,                                      │ │
│ │                 [2m│   [0mid='5313008c-cf61-e3eb-0fa2-2a4d09e0aa22',           │ │
│ │                 [2m│   [0mpath=[1m([0m'__pregel_pull', 'native_fire'[1m)[0m,               │ │
│ │                 [2m│   [0mwriters=[1m[[0m                                            │ │
│ │                 [2m│   │   [0m                                                 │ │
│ │                 ChannelWrite<...,...,branch:to:deliver>[1m([0mtags=[3mNone[0m,       │ │
│ │                 recurse=[3mTrue[0m, explode_args=[3mFalse[0m,                        │ │
│ │                 func_accepts=[1m{[0m'config': [1m([0m'N/A', <class                   │ │
│ │                 'inspect._empty'>[1m)[0m[1m}[0m,                                     │ │
│ │                 writes=[1m([0m[1mChannelWriteTupleEntry[0m[1m([0mmapper=<function          │ │
│ │                 CompiledStateGraph.attach_node.<locals>._get_updates at  │ │
│ │                 [1m0x10e2905e0[0m>, value=<object object at [1m0x10c656380[0m>,      │ │
│ │                 static=[3mNone[0m[1m)[0m, [1mChannelWriteTupleEntry[0m[1m([0mmapper=<function    │ │
│ │                 _control_branch at [1m0x10dd78c20[0m>, value=<object object at │ │
│ │                 [1m0x10c656380[0m>, static=[1m[[0m[1m][0m[1m)[0m,                                │ │
│ │                 [1mChannelWriteEntry[0m[1m([0mchannel='branch:to:deliver',           │ │
│ │                 value=[3mNone[0m, skip_none=[3mFalse[0m, mapper=[3mNone[0m[1m)[0m[1m)[0m[1m)[0m              │ │
│ │                 [2m│   [0m[1m][0m,                                                   │ │
│ │                 [2m│   [0msubgraphs=[1m[[0m                                          │ │
│ │                 [2m│   │   [0m<langgraph.graph.state.CompiledStateGraph object │ │
│ │                 at [1m0x10e1aa180[0m[1m>[0m                                          │ │
│ │                 [2m│   [0m[1m][0m                                                    │ │
│ │                 [1m)[0m                                                        │ │
│ │         [3mtasks[0m = [1m([0m                                                        │ │
│ │                 [2m│   [0m[1mPregelExecutableTask[0m[1m([0m                                │ │
│ │                 [2m│   │   [0mname='native_fire',                              │ │
│ │                 [2m│   │   [0minput=[1m{[0m                                          │ │
│ │                 [2m│   │   │   [0m'issue_key': 'A',                            │ │
│ │                 [2m│   │   │   [0m'feature_branch': '',                        │ │
│ │                 [2m│   │   │   [0m'ralph_branch': '',                          │ │
│ │                 [2m│   │   │   [0m'work_base_ref': 'trunk',                    │ │
│ │                 [2m│   │   │   [0m'fire_spec': [3mNone[0m,                           │ │
│ │                 [2m│   │   │   [0m'acceptance_criteria': [1m[[0m[1m][0m,                   │ │
│ │                 [2m│   │   │   [0m'criterion_set': [3mNone[0m,                       │ │
│ │                 [2m│   │   │   [0m'criteria_validation': [3mNone[0m,                 │ │
│ │                 [2m│   │   │   [0m'criteria_regeneration_rounds': [1m0[0m,           │ │
│ │                 [2m│   │   │   [0m'criteria_infeasible': [3mFalse[0m,                │ │
│ │                 [2m│   │   │   [0m... +[1m18[0m                                      │ │
│ │                 [2m│   │   [0m[1m}[0m,                                               │ │
│ │                 [2m│   │   [0mproc=[1m<[0m[1mlanggraph._internal._runnable.RunnableSeq[0m  │ │
│ │                 object at [1m0x10e1afd10[0m>,                                  │ │
│ │                 [2m│   │   [0mwrites=[1mdeque[0m[1m([0m[1m[[0m                                   │ │
│ │                 [2m│   │   │   [0m[1m([0m                                            │ │
│ │                 [2m│   │   │   │   [0m'__error__',                             │ │
│ │                 [2m│   │   │   │   [0m[1mNodeSessionObservationError[0m[1m([0m'native      │ │
│ │                 result has no observed session opening'[1m)[0m                 │ │
│ │                 [2m│   │   │   [0m[1m)[0m                                            │ │
│ │                 [2m│   │   [0m[1m][0m[1m)[0m,                                              │ │
│ │                 [2m│   │   [0mconfig=[1m{[0m                                         │ │
│ │                 [2m│   │   │   [0m'metadata': [1m{[0m                                │ │
│ │                 [2m│   │   │   │   [0m'scope_lane_request': [1m{[0m                  │ │
│ │                 [2m│   │   │   │   │   [0m'job':                               │ │
│ │                 'd18bbd26e74e40198247c05ed1317744',                      │ │
│ │                 [2m│   │   │   │   │   [0m'scope':                             │ │
│ │                 '{"kind":"project","key":"scoped-project"}',             │ │
│ │                 [2m│   │   │   │   │   [0m'issue': 'A',                        │ │
│ │                 [2m│   │   │   │   │   [0m'repo_url':                          │ │
│ │                 'file:///scope-repository.git',                          │ │
│ │                 [2m│   │   │   │   │   [0m'repo_path': '/tmp/fake-cache',      │ │
│ │                 [2m│   │   │   │   │   [0m'base':                              │ │
│ │                 '{"inputs":[],"base_branch":"trunk","base_role":null}'   │ │
│ │                 [2m│   │   │   │   [0m[1m}[0m,                                       │ │
│ │                 [2m│   │   │   │   [0m'scope_lane_run_identity': [1m{[0m             │ │
│ │                 [2m│   │   │   │   │   [0m'kind': 'fire',                      │ │
│ │                 [2m│   │   │   │   │   [0m'name': 'A',                         │ │
│ │                 [2m│   │   │   │   │   [0m'started_at':                        │ │
│ │                 '2026-09-12T13:47:19.887174Z'                            │ │
│ │                 [2m│   │   │   │   [0m[1m}[0m,                                       │ │
│ │                 [2m│   │   │   │   [0m'prompt': 'Exact native subject A  with  │ │
│ │                 spaces\n',                                               │ │
│ │                 [2m│   │   │   │   [0m'repo_path': '/tmp/fake-cache',          │ │
│ │                 [2m│   │   │   │   [0m'repo_url':                              │ │
│ │                 'file:///scope-repository.git',                          │ │
│ │                 [2m│   │   │   │   [0m'permission_mode':                       │ │
│ │                 <PermissionMode.UNATTENDED: 'unattended'>,               │ │
│ │                 [2m│   │   │   │   [0m'thread_id':                             │ │
│ │                 'd18bbd26e74e40198247c05ed1317744-scope-559aead08264d57… │ │
│ │                 [2m│   │   │   │   [0m'langgraph_step': [1m1[0m,                     │ │
│ │                 [2m│   │   │   │   [0m'langgraph_node': 'native_fire',         │ │
│ │                 [2m│   │   │   │   [0m'langgraph_triggers': [1m([0m                  │ │
│ │                 [2m│   │   │   │   │   [0m'branch:to:native_fire',             │ │
│ │                 [2m│   │   │   │   [0m[1m)[0m,                                       │ │
│ │                 [2m│   │   │   │   [0m... +[1m3[0m                                   │ │
│ │                 [2m│   │   │   [0m[1m}[0m,                                           │ │
│ │                 [2m│   │   │   [0m'configurable': [1m{[0m                            │ │
│ │                 [2m│   │   │   │   [0m'prompt': 'Exact native subject A  with  │ │
│ │                 spaces\n',                                               │ │
│ │                 [2m│   │   │   │   [0m'repo_path': '/tmp/fake-cache',          │ │
│ │                 [2m│   │   │   │   [0m'repo_url':                              │ │
│ │                 'file:///scope-repository.git',                          │ │
│ │                 [2m│   │   │   │   [0m'cache_key':                             │ │
│ │                 'd18bbd26e74e40198247c05ed1317744-scope-559aead08264d57… │ │
│ │                 [2m│   │   │   │   [0m'run_identity': [1m{[0m                        │ │
│ │                 [2m│   │   │   │   │   [0m'kind': <RunKind.FIRE: 'fire'>,      │ │
│ │                 [2m│   │   │   │   │   [0m'name': 'A',                         │ │
│ │                 [2m│   │   │   │   │   [0m'started_at':                        │ │
│ │                 [1mdatetime.datetime[0m[1m([0m[1m2026[0m, [1m9[0m, [1m12[0m, [1m13[0m, [1m47[0m, [1m19[0m, [1m887174[0m,       │ │
│ │                 tzinfo=datetime.timezone.utc[1m)[0m                            │ │
│ │                 [2m│   │   │   │   [0m[1m}[0m,                                       │ │
│ │                 [2m│   │   │   │   [0m'workspace_path': [3mNone[0m,                  │ │
│ │                 [2m│   │   │   │   [0m'base_spec': [1m{[0m                           │ │
│ │                 [2m│   │   │   │   │   [0m'inputs': [1m([0m[1m)[0m,                        │ │
│ │                 [2m│   │   │   │   │   [0m'base_branch': 'trunk',              │ │
│ │                 [2m│   │   │   │   │   [0m'base_role': [3mNone[0m                    │ │
│ │                 [2m│   │   │   │   [0m[1m}[0m,                                       │ │
│ │                 [2m│   │   │   │   [0m'permission_mode':                       │ │
│ │                 <PermissionMode.UNATTENDED: 'unattended'>,               │ │
│ │                 [2m│   │   │   │   [0m'allowed_tools': [1m[[0m                       │ │
│ │                 [2m│   │   │   │   │   [0m'Read',                              │ │
│ │                 [2m│   │   │   │   │   [0m'Glob',                              │ │
│ │                 [2m│   │   │   │   │   [0m'Grep',                              │ │
│ │                 [2m│   │   │   │   │   [0m'Bash',                              │ │
│ │                 [2m│   │   │   │   │   [0m'Edit',                              │ │
│ │                 [2m│   │   │   │   │   [0m'Write'                              │ │
│ │                 [2m│   │   │   │   [0m[1m][0m,                                       │ │
│ │                 [2m│   │   │   │   [0m'thread_id':                             │ │
│ │                 'd18bbd26e74e40198247c05ed1317744-scope-559aead08264d57… │ │
│ │                 [2m│   │   │   │   [0m... +[1m10[0m                                  │ │
│ │                 [2m│   │   │   [0m[1m}[0m,                                           │ │
│ │                 [2m│   │   │   [0m'callbacks':                                 │ │
│ │                 <langchain_core.callbacks.manager.AsyncCallbackManager   │ │
│ │                 object at [1m0x10e1afce0[0m>,                                  │ │
│ │                 [2m│   │   │   [0m'run_name': 'native_fire'                    │ │
│ │                 [2m│   │   [0m[1m}[0m,                                               │ │
│ │                 [2m│   │   [0mtriggers=[1m([0m'branch:to:native_fire',[1m)[0m,             │ │
│ │                 [2m│   │   [0mretry_policy=[1m([0m[1m)[0m,                                 │ │
│ │                 [2m│   │   [0mcache_key=[3mNone[0m,                                  │ │
│ │                 [2m│   │   [0mid='5313008c-cf61-e3eb-0fa2-2a4d09e0aa22',       │ │
│ │                 [2m│   │   [0mpath=[1m([0m'__pregel_pull', 'native_fire'[1m)[0m,           │ │
│ │                 [2m│   │   [0mwriters=[1m[[0m                                        │ │
│ │                 [2m│   │   │   [0m                                             │ │
│ │                 ChannelWrite<...,...,branch:to:deliver>[1m([0mtags=[3mNone[0m,       │ │
│ │                 recurse=[3mTrue[0m, explode_args=[3mFalse[0m,                        │ │
│ │                 func_accepts=[1m{[0m'config': [1m([0m'N/A', <class                   │ │
│ │                 'inspect._empty'>[1m)[0m[1m}[0m,                                     │ │
│ │                 writes=[1m([0m[1mChannelWriteTupleEntry[0m[1m([0mmapper=<function          │ │
│ │                 CompiledStateGraph.attach_node.<locals>._get_updates at  │ │
│ │                 [1m0x10e2905e0[0m>, value=<object object at [1m0x10c656380[0m>,      │ │
│ │                 static=[3mNone[0m[1m)[0m, [1mChannelWriteTupleEntry[0m[1m([0mmapper=<function    │ │
│ │                 _control_branch at [1m0x10dd78c20[0m>, value=<object object at │ │
│ │                 [1m0x10c656380[0m>, static=[1m[[0m[1m][0m[1m)[0m,                                │ │
│ │                 [1mChannelWriteEntry[0m[1m([0mchannel='branch:to:deliver',           │ │
│ │                 value=[3mNone[0m, skip_none=[3mFalse[0m, mapper=[3mNone[0m[1m)[0m[1m)[0m[1m)[0m              │ │
│ │                 [2m│   │   [0m[1m][0m,                                               │ │
│ │                 [2m│   │   [0msubgraphs=[1m[[0m                                      │ │
│ │                 [2m│   │   │   [0m<langgraph.graph.state.CompiledStateGraph    │ │
│ │                 object at [1m0x10e1aa180[0m[1m>[0m                                   │ │
│ │                 [2m│   │   [0m[1m][0m                                                │ │
│ │                 [2m│   [0m[1m)[0m,                                                   │ │
│ │                 [1m)[0m                                                        │ │
│ │            [3mtb[0m = [1m<[0m[1mtraceback[0m object at [1m0x10e1eb880[0m[1m>[0m                        │ │
│ │       [3mtimeout[0m = [3mNone[0m                                                     │ │
│ ╰──────────────────────────────────────────────────────────────────────────╯ │
│                                                                              │
│ [2m/private/tmp/kodezart-v03-recovery-scope-runtime/.venv/lib/python3.12/site-p[0m │
│ [2mackages/langgraph/pregel/[0m[1m_runner.py[0m:520 in _panic_or_proceed                 │
│                                                                              │
│   [2m517 [0m[2m│   │   │   │   │   [0m[2m# collect interrupts[0m                               │
│   [2m518 [0m[2m│   │   │   │   │   [0minterrupts.append(exc)                             │
│   [2m519 [0m[2m│   │   │   │   [0melif fut not in SKIP_RERAISE_SET:                      │
│ ❱ 520 [2m│   │   │   │   │   [0m[1;4mraise[0m[1;4m exc[0m                                          │
│   [2m521 [0m[2m│   [0m[2m# raise combined interrupts[0m                                        │
│   [2m522 [0m[2m│   [0mif interrupts:                                                     │
│   [2m523 [0m[2m│   │   [0mraise GraphInterrupt(tuple(i for exc in interrupts for i in ex │
│                                                                              │
│ ╭───────────────────────────────── locals ─────────────────────────────────╮ │
│ │       [3mdone[0m = [1mset[0m[1m([0m[1m)[0m                                                       │ │
│ │        [3mexc[0m = [1mNodeSessionObservationError[0m[1m([0m'native result has no observed  │ │
│ │              session opening'[1m)[0m                                           │ │
│ │        [3mfut[0m = [1m<[0m[1mTask[0m finished name='native_fire' coro=<[1marun_with_retry[0m[1m([0m[1m)[0m   │ │
│ │              done, defined at                                            │ │
│ │              /private/tmp/kodezart-v03-recovery-scope-runtime/.venv/lib… │ │
│ │              exception=[1mNodeSessionObservationError[0m[1m([0m'native result has no │ │
│ │              observed session opening'[1m)[0m[1m>[0m                                 │ │
│ │       [3mfuts[0m = [1m{[0m                                                           │ │
│ │              [2m│   [0m[1m<[0m[1mTask[0m finished name='native_fire'                       │ │
│ │              coro=<[1marun_with_retry[0m[1m([0m[1m)[0m done, defined at                    │ │
│ │              /private/tmp/kodezart-v03-recovery-scope-runtime/.venv/lib… │ │
│ │              exception=[1mNodeSessionObservationError[0m[1m([0m'native result has no │ │
│ │              observed session opening'[1m)[0m[1m>[0m                                 │ │
│ │              [1m}[0m                                                           │ │
│ │   [3minflight[0m = [1mset[0m[1m([0m[1m)[0m                                                       │ │
│ │ [3minterrupts[0m = [1m[[0m[1m][0m                                                          │ │
│ │      [3mpanic[0m = [3mTrue[0m                                                        │ │
│ ╰──────────────────────────────────────────────────────────────────────────╯ │
│                                                                              │
│ [2m/private/tmp/kodezart-v03-recovery-scope-runtime/.venv/lib/python3.12/site-p[0m │
│ [2mackages/langgraph/pregel/[0m[1m_retry.py[0m:163 in arun_with_retry                    │
│                                                                              │
│   [2m160 [0m[2m│   │   │   │   [0m[2m# if successful, end[0m                                   │
│   [2m161 [0m[2m│   │   │   │   [0mbreak                                                  │
│   [2m162 [0m[2m│   │   │   [0melse:                                                      │
│ ❱ 163 [2m│   │   │   │   [0mreturn await task.proc.ainvoke(task.input, config)     │
│   [2m164 [0m[2m│   │   [0mexcept ParentCommand as exc:                                   │
│   [2m165 [0m[2m│   │   │   [0mns: str = config[CONF][CONFIG_KEY_CHECKPOINT_NS]           │
│   [2m166 [0m[2m│   │   │   [0mcmd = exc.args[0]                                          │
│                                                                              │
│ ╭───────────────────────────────── locals ─────────────────────────────────╮ │
│ │            [3mattempts[0m = [1m0[0m                                                  │ │
│ │              [3mconfig[0m = [1m{[0m                                                  │ │
│ │                       [2m│   [0m'metadata': [1m{[0m                                  │ │
│ │                       [2m│   │   [0m'scope_lane_request': [1m{[0m                    │ │
│ │                       [2m│   │   │   [0m'job':                                 │ │
│ │                       'd18bbd26e74e40198247c05ed1317744',                │ │
│ │                       [2m│   │   │   [0m'scope':                               │ │
│ │                       '{"kind":"project","key":"scoped-project"}',       │ │
│ │                       [2m│   │   │   [0m'issue': 'A',                          │ │
│ │                       [2m│   │   │   [0m'repo_url':                            │ │
│ │                       'file:///scope-repository.git',                    │ │
│ │                       [2m│   │   │   [0m'repo_path': '/tmp/fake-cache',        │ │
│ │                       [2m│   │   │   [0m'base':                                │ │
│ │                       '{"inputs":[],"base_branch":"trunk","base_role":n… │ │
│ │                       [2m│   │   [0m[1m}[0m,                                         │ │
│ │                       [2m│   │   [0m'scope_lane_run_identity': [1m{[0m               │ │
│ │                       [2m│   │   │   [0m'kind': 'fire',                        │ │
│ │                       [2m│   │   │   [0m'name': 'A',                           │ │
│ │                       [2m│   │   │   [0m'started_at':                          │ │
│ │                       '2026-09-12T13:47:19.887174Z'                      │ │
│ │                       [2m│   │   [0m[1m}[0m,                                         │ │
│ │                       [2m│   │   [0m'prompt': 'Exact native subject A  with    │ │
│ │                       spaces\n',                                         │ │
│ │                       [2m│   │   [0m'repo_path': '/tmp/fake-cache',            │ │
│ │                       [2m│   │   [0m'repo_url':                                │ │
│ │                       'file:///scope-repository.git',                    │ │
│ │                       [2m│   │   [0m'permission_mode':                         │ │
│ │                       [1m<[0m[1mPermissionMode.UNATTENDED:[0m 'unattended'>,         │ │
│ │                       [2m│   │   [0m'thread_id':                               │ │
│ │                       'd18bbd26e74e40198247c05ed1317744-scope-559aead08… │ │
│ │                       [2m│   │   [0m'langgraph_step': [1m1[0m,                       │ │
│ │                       [2m│   │   [0m'langgraph_node': 'native_fire',           │ │
│ │                       [2m│   │   [0m'langgraph_triggers': [1m([0m                    │ │
│ │                       [2m│   │   │   [0m'branch:to:native_fire',               │ │
│ │                       [2m│   │   [0m[1m)[0m,                                         │ │
│ │                       [2m│   │   [0m... +[1m3[0m                                     │ │
│ │                       [2m│   [0m[1m}[0m,                                             │ │
│ │                       [2m│   [0m'configurable': [1m{[0m                              │ │
│ │                       [2m│   │   [0m'prompt': 'Exact native subject A  with    │ │
│ │                       spaces\n',                                         │ │
│ │                       [2m│   │   [0m'repo_path': '/tmp/fake-cache',            │ │
│ │                       [2m│   │   [0m'repo_url':                                │ │
│ │                       'file:///scope-repository.git',                    │ │
│ │                       [2m│   │   [0m'cache_key':                               │ │
│ │                       'd18bbd26e74e40198247c05ed1317744-scope-559aead08… │ │
│ │                       [2m│   │   [0m'run_identity': [1m{[0m                          │ │
│ │                       [2m│   │   │   [0m'kind': <RunKind.FIRE: 'fire'>,        │ │
│ │                       [2m│   │   │   [0m'name': 'A',                           │ │
│ │                       [2m│   │   │   [0m'started_at': [1mdatetime.datetime[0m[1m([0m[1m2026[0m,  │ │
│ │                       [1m9[0m, [1m12[0m, [1m13[0m, [1m47[0m, [1m19[0m, [1m887174[0m,                         │ │
│ │                       tzinfo=datetime.timezone.utc[1m)[0m                      │ │
│ │                       [2m│   │   [0m[1m}[0m,                                         │ │
│ │                       [2m│   │   [0m'workspace_path': [3mNone[0m,                    │ │
│ │                       [2m│   │   [0m'base_spec': [1m{[0m                             │ │
│ │                       [2m│   │   │   [0m'inputs': [1m([0m[1m)[0m,                          │ │
│ │                       [2m│   │   │   [0m'base_branch': 'trunk',                │ │
│ │                       [2m│   │   │   [0m'base_role': [3mNone[0m                      │ │
│ │                       [2m│   │   [0m[1m}[0m,                                         │ │
│ │                       [2m│   │   [0m'permission_mode':                         │ │
│ │                       <PermissionMode.UNATTENDED: 'unattended'>,         │ │
│ │                       [2m│   │   [0m'allowed_tools': [1m[[0m                         │ │
│ │                       [2m│   │   │   [0m'Read',                                │ │
│ │                       [2m│   │   │   [0m'Glob',                                │ │
│ │                       [2m│   │   │   [0m'Grep',                                │ │
│ │                       [2m│   │   │   [0m'Bash',                                │ │
│ │                       [2m│   │   │   [0m'Edit',                                │ │
│ │                       [2m│   │   │   [0m'Write'                                │ │
│ │                       [2m│   │   [0m[1m][0m,                                         │ │
│ │                       [2m│   │   [0m'thread_id':                               │ │
│ │                       'd18bbd26e74e40198247c05ed1317744-scope-559aead08… │ │
│ │                       [2m│   │   [0m... +[1m11[0m                                    │ │
│ │                       [2m│   [0m[1m}[0m,                                             │ │
│ │                       [2m│   [0m'callbacks':                                   │ │
│ │                       <langchain_core.callbacks.manager.AsyncCallbackMa… │ │
│ │                       object at [1m0x10e1afce0[0m[1m>[0m,                            │ │
│ │                       [2m│   [0m'run_name': 'native_fire'                      │ │
│ │                       [1m}[0m                                                  │ │
│ │        [3mconfigurable[0m = [1m{[0m                                                  │ │
│ │                       [2m│   [0m'__pregel_call': [1mfunctools.partial[0m[1m([0m[1m<[0m[1mfunction[0m   │ │
│ │                       _acall at [1m0x10dd6c860[0m>, <weakref at [1m0x10e2c8950[0m;   │ │
│ │                       to 'PregelExecutableTask' at [1m0x10e185520[0m>,         │ │
│ │                       retry_policy=[3mNone[0m, stream=[3mFalse[0m, futures=<weakref  │ │
│ │                       at [1m0x10e2c89a0[0m; to 'FuturesDict' at [1m0x10e2deb70[0m>,  │ │
│ │                       schedule_task=<bound method                        │ │
│ │                       AsyncPregelLoop.aaccept_push of                    │ │
│ │                       <langgraph.pregel._loop.AsyncPregelLoop object at  │ │
│ │                       [1m0x10e1af320[0m>>, submit=<weakref at [1m0x10e2b8d50[0m; to  │ │
│ │                       'AsyncBackgroundExecutor' at [1m0x10e1aef30[0m>,         │ │
│ │                       loop=<_UnixSelectorEventLoop running=[3mTrue[0m          │ │
│ │                       closed=[3mFalse[0m debug=[3mFalse[0m[1m>[0m[1m)[0m                         │ │
│ │                       [1m}[0m                                                  │ │
│ │ [3mmatch_cached_writes[0m = [3mNone[0m                                               │ │
│ │        [3mretry_policy[0m = [3mNone[0m                                               │ │
│ │              [3mstream[0m = [3mFalse[0m                                              │ │
│ │                [3mtask[0m = [1mPregelExecutableTask[0m[1m([0m                              │ │
│ │                       [2m│   [0mname='native_fire',                            │ │
│ │                       [2m│   [0minput=[1m{[0m                                        │ │
│ │                       [2m│   │   [0m'issue_key': 'A',                          │ │
│ │                       [2m│   │   [0m'feature_branch': '',                      │ │
│ │                       [2m│   │   [0m'ralph_branch': '',                        │ │
│ │                       [2m│   │   [0m'work_base_ref': 'trunk',                  │ │
│ │                       [2m│   │   [0m'fire_spec': [3mNone[0m,                         │ │
│ │                       [2m│   │   [0m'acceptance_criteria': [1m[[0m[1m][0m,                 │ │
│ │                       [2m│   │   [0m'criterion_set': [3mNone[0m,                     │ │
│ │                       [2m│   │   [0m'criteria_validation': [3mNone[0m,               │ │
│ │                       [2m│   │   [0m'criteria_regeneration_rounds': [1m0[0m,         │ │
│ │                       [2m│   │   [0m'criteria_infeasible': [3mFalse[0m,              │ │
│ │                       [2m│   │   [0m... +[1m18[0m                                    │ │
│ │                       [2m│   [0m[1m}[0m,                                             │ │
│ │                       [2m│   [0m                                               │ │
│ │                       proc=[1m<[0m[1mlanggraph._internal._runnable.RunnableSeq[0m    │ │
│ │                       object at [1m0x10e1afd10[0m>,                            │ │
│ │                       [2m│   [0mwrites=[1mdeque[0m[1m([0m[1m[[0m                                 │ │
│ │                       [2m│   │   [0m[1m([0m                                          │ │
│ │                       [2m│   │   │   [0m'__error__',                           │ │
│ │                       [2m│   │   │   [0m[1mNodeSessionObservationError[0m[1m([0m'native    │ │
│ │                       result has no observed session opening'[1m)[0m           │ │
│ │                       [2m│   │   [0m[1m)[0m                                          │ │
│ │                       [2m│   [0m[1m][0m[1m)[0m,                                            │ │
│ │                       [2m│   [0mconfig=[1m{[0m                                       │ │
│ │                       [2m│   │   [0m'metadata': [1m{[0m                              │ │
│ │                       [2m│   │   │   [0m'scope_lane_request': [1m{[0m                │ │
│ │                       [2m│   │   │   │   [0m'job':                             │ │
│ │                       'd18bbd26e74e40198247c05ed1317744',                │ │
│ │                       [2m│   │   │   │   [0m'scope':                           │ │
│ │                       '{"kind":"project","key":"scoped-project"}',       │ │
│ │                       [2m│   │   │   │   [0m'issue': 'A',                      │ │
│ │                       [2m│   │   │   │   [0m'repo_url':                        │ │
│ │                       'file:///scope-repository.git',                    │ │
│ │                       [2m│   │   │   │   [0m'repo_path': '/tmp/fake-cache',    │ │
│ │                       [2m│   │   │   │   [0m'base':                            │ │
│ │                       '{"inputs":[],"base_branch":"trunk","base_role":n… │ │
│ │                       [2m│   │   │   [0m[1m}[0m,                                     │ │
│ │                       [2m│   │   │   [0m'scope_lane_run_identity': [1m{[0m           │ │
│ │                       [2m│   │   │   │   [0m'kind': 'fire',                    │ │
│ │                       [2m│   │   │   │   [0m'name': 'A',                       │ │
│ │                       [2m│   │   │   │   [0m'started_at':                      │ │
│ │                       '2026-09-12T13:47:19.887174Z'                      │ │
│ │                       [2m│   │   │   [0m[1m}[0m,                                     │ │
│ │                       [2m│   │   │   [0m'prompt': 'Exact native subject A      │ │
│ │                       with spaces\n',                                    │ │
│ │                       [2m│   │   │   [0m'repo_path': '/tmp/fake-cache',        │ │
│ │                       [2m│   │   │   [0m'repo_url':                            │ │
│ │                       'file:///scope-repository.git',                    │ │
│ │                       [2m│   │   │   [0m'permission_mode':                     │ │
│ │                       <PermissionMode.UNATTENDED: 'unattended'>,         │ │
│ │                       [2m│   │   │   [0m'thread_id':                           │ │
│ │                       'd18bbd26e74e40198247c05ed1317744-scope-559aead08… │ │
│ │                       [2m│   │   │   [0m'langgraph_step': [1m1[0m,                   │ │
│ │                       [2m│   │   │   [0m'langgraph_node': 'native_fire',       │ │
│ │                       [2m│   │   │   [0m'langgraph_triggers': [1m([0m                │ │
│ │                       [2m│   │   │   │   [0m'branch:to:native_fire',           │ │
│ │                       [2m│   │   │   [0m[1m)[0m,                                     │ │
│ │                       [2m│   │   │   [0m... +[1m3[0m                                 │ │
│ │                       [2m│   │   [0m[1m}[0m,                                         │ │
│ │                       [2m│   │   [0m'configurable': [1m{[0m                          │ │
│ │                       [2m│   │   │   [0m'prompt': 'Exact native subject A      │ │
│ │                       with spaces\n',                                    │ │
│ │                       [2m│   │   │   [0m'repo_path': '/tmp/fake-cache',        │ │
│ │                       [2m│   │   │   [0m'repo_url':                            │ │
│ │                       'file:///scope-repository.git',                    │ │
│ │                       [2m│   │   │   [0m'cache_key':                           │ │
│ │                       'd18bbd26e74e40198247c05ed1317744-scope-559aead08… │ │
│ │                       [2m│   │   │   [0m'run_identity': [1m{[0m                      │ │
│ │                       [2m│   │   │   │   [0m'kind': <RunKind.FIRE: 'fire'>,    │ │
│ │                       [2m│   │   │   │   [0m'name': 'A',                       │ │
│ │                       [2m│   │   │   │   [0m'started_at':                      │ │
│ │                       [1mdatetime.datetime[0m[1m([0m[1m2026[0m, [1m9[0m, [1m12[0m, [1m13[0m, [1m47[0m, [1m19[0m, [1m887174[0m, │ │
│ │                       tzinfo=datetime.timezone.utc[1m)[0m                      │ │
│ │                       [2m│   │   │   [0m[1m}[0m,                                     │ │
│ │                       [2m│   │   │   [0m'workspace_path': [3mNone[0m,                │ │
│ │                       [2m│   │   │   [0m'base_spec': [1m{[0m                         │ │
│ │                       [2m│   │   │   │   [0m'inputs': [1m([0m[1m)[0m,                      │ │
│ │                       [2m│   │   │   │   [0m'base_branch': 'trunk',            │ │
│ │                       [2m│   │   │   │   [0m'base_role': [3mNone[0m                  │ │
│ │                       [2m│   │   │   [0m[1m}[0m,                                     │ │
│ │                       [2m│   │   │   [0m'permission_mode':                     │ │
│ │                       <PermissionMode.UNATTENDED: 'unattended'>,         │ │
│ │                       [2m│   │   │   [0m'allowed_tools': [1m[[0m                     │ │
│ │                       [2m│   │   │   │   [0m'Read',                            │ │
│ │                       [2m│   │   │   │   [0m'Glob',                            │ │
│ │                       [2m│   │   │   │   [0m'Grep',                            │ │
│ │                       [2m│   │   │   │   [0m'Bash',                            │ │
│ │                       [2m│   │   │   │   [0m'Edit',                            │ │
│ │                       [2m│   │   │   │   [0m'Write'                            │ │
│ │                       [2m│   │   │   [0m[1m][0m,                                     │ │
│ │                       [2m│   │   │   [0m'thread_id':                           │ │
│ │                       'd18bbd26e74e40198247c05ed1317744-scope-559aead08… │ │
│ │                       [2m│   │   │   [0m... +[1m10[0m                                │ │
│ │                       [2m│   │   [0m[1m}[0m,                                         │ │
│ │                       [2m│   │   [0m'callbacks':                               │ │
│ │                       <langchain_core.callbacks.manager.AsyncCallbackMa… │ │
│ │                       object at [1m0x10e1afce0[0m>,                            │ │
│ │                       [2m│   │   [0m'run_name': 'native_fire'                  │ │
│ │                       [2m│   [0m[1m}[0m,                                             │ │
│ │                       [2m│   [0mtriggers=[1m([0m'branch:to:native_fire',[1m)[0m,           │ │
│ │                       [2m│   [0mretry_policy=[1m([0m[1m)[0m,                               │ │
│ │                       [2m│   [0mcache_key=[3mNone[0m,                                │ │
│ │                       [2m│   [0mid='5313008c-cf61-e3eb-0fa2-2a4d09e0aa22',     │ │
│ │                       [2m│   [0mpath=[1m([0m'__pregel_pull', 'native_fire'[1m)[0m,         │ │
│ │                       [2m│   [0mwriters=[1m[[0m                                      │ │
│ │                       [2m│   │   [0m                                           │ │
│ │                       ChannelWrite<...,...,branch:to:deliver>[1m([0mtags=[3mNone[0m, │ │
│ │                       recurse=[3mTrue[0m, explode_args=[3mFalse[0m,                  │ │
│ │                       func_accepts=[1m{[0m'config': [1m([0m'N/A', <class             │ │
│ │                       'inspect._empty'>[1m)[0m[1m}[0m,                               │ │
│ │                       writes=[1m([0m[1mChannelWriteTupleEntry[0m[1m([0mmapper=<function    │ │
│ │                       CompiledStateGraph.attach_node.<locals>._get_upda… │ │
│ │                       at [1m0x10e2905e0[0m>, value=<object object at           │ │
│ │                       [1m0x10c656380[0m>, static=[3mNone[0m[1m)[0m,                        │ │
│ │                       [1mChannelWriteTupleEntry[0m[1m([0mmapper=<function            │ │
│ │                       _control_branch at [1m0x10dd78c20[0m>, value=<object     │ │
│ │                       object at [1m0x10c656380[0m>, static=[1m[[0m[1m][0m[1m)[0m,                │ │
│ │                       [1mChannelWriteEntry[0m[1m([0mchannel='branch:to:deliver',     │ │
│ │                       value=[3mNone[0m, skip_none=[3mFalse[0m, mapper=[3mNone[0m[1m)[0m[1m)[0m[1m)[0m        │ │
│ │                       [2m│   [0m[1m][0m,                                             │ │
│ │                       [2m│   [0msubgraphs=[1m[[0m                                    │ │
│ │                       [2m│   │   [0m<langgraph.graph.state.CompiledStateGraph  │ │
│ │                       object at [1m0x10e1aa180[0m[1m>[0m                             │ │
│ │                       [2m│   [0m[1m][0m                                              │ │
│ │                       [1m)[0m                                                  │ │
│ ╰──────────────────────────────────────────────────────────────────────────╯ │
│                                                                              │
│ [2m/private/tmp/kodezart-v03-recovery-scope-runtime/.venv/lib/python3.12/site-p[0m │
│ [2mackages/langgraph/_internal/[0m[1m_runnable.py[0m:705 in ainvoke                      │
│                                                                              │
│   [2m702 [0m[2m│   │   │   │   │   │   │   [0mrun = None                                 │
│   [2m703 [0m[2m│   │   │   │   │   │   [0m[2m# run in context[0m                               │
│   [2m704 [0m[2m│   │   │   │   │   │   [0mwith set_config_context(config, run) as contex │
│ ❱ 705 [2m│   │   │   │   │   │   │   [0minput = await asyncio.create_task(         │
│   [2m706 [0m[2m│   │   │   │   │   │   │   │   [0mstep.ainvoke(input, config, **kwargs), │
│   [2m707 [0m[2m│   │   │   │   │   │   │   [0m)                                          │
│   [2m708 [0m[2m│   │   │   │   │   [0melse:                                              │
│                                                                              │
│ ╭───────────────────────────────── locals ─────────────────────────────────╮ │
│ │ [3mcallback_manager[0m = [1m<[0m[1mlangchain_core.callbacks.manager.AsyncCallbackManag…[0m │ │
│ │                    object at [1m0x10e1afce0[0m[1m>[0m                                │ │
│ │           [3mconfig[0m = [1m{[0m                                                     │ │
│ │                    [2m│   [0m'metadata': [1m{[0m                                     │ │
│ │                    [2m│   │   [0m'scope_lane_request': [1m{[0m                       │ │
│ │                    [2m│   │   │   [0m'job':                                    │ │
│ │                    'd18bbd26e74e40198247c05ed1317744',                   │ │
│ │                    [2m│   │   │   [0m'scope':                                  │ │
│ │                    '{"kind":"project","key":"scoped-project"}',          │ │
│ │                    [2m│   │   │   [0m'issue': 'A',                             │ │
│ │                    [2m│   │   │   [0m'repo_url':                               │ │
│ │                    'file:///scope-repository.git',                       │ │
│ │                    [2m│   │   │   [0m'repo_path': '/tmp/fake-cache',           │ │
│ │                    [2m│   │   │   [0m'base':                                   │ │
│ │                    '{"inputs":[],"base_branch":"trunk","base_role":null… │ │
│ │                    [2m│   │   [0m[1m}[0m,                                            │ │
│ │                    [2m│   │   [0m'scope_lane_run_identity': [1m{[0m                  │ │
│ │                    [2m│   │   │   [0m'kind': 'fire',                           │ │
│ │                    [2m│   │   │   [0m'name': 'A',                              │ │
│ │                    [2m│   │   │   [0m'started_at':                             │ │
│ │                    '2026-09-12T13:47:19.887174Z'                         │ │
│ │                    [2m│   │   [0m[1m}[0m,                                            │ │
│ │                    [2m│   │   [0m'prompt': 'Exact native subject A  with       │ │
│ │                    spaces\n',                                            │ │
│ │                    [2m│   │   [0m'repo_path': '/tmp/fake-cache',               │ │
│ │                    [2m│   │   [0m'repo_url': 'file:///scope-repository.git',   │ │
│ │                    [2m│   │   [0m'permission_mode':                            │ │
│ │                    [1m<[0m[1mPermissionMode.UNATTENDED:[0m 'unattended'>,            │ │
│ │                    [2m│   │   [0m'thread_id':                                  │ │
│ │                    'd18bbd26e74e40198247c05ed1317744-scope-559aead08264… │ │
│ │                    [2m│   │   [0m'langgraph_step': [1m1[0m,                          │ │
│ │                    [2m│   │   [0m'langgraph_node': 'native_fire',              │ │
│ │                    [2m│   │   [0m'langgraph_triggers': [1m([0m                       │ │
│ │                    [2m│   │   │   [0m'branch:to:native_fire',                  │ │
│ │                    [2m│   │   [0m[1m)[0m,                                            │ │
│ │                    [2m│   │   [0m... +[1m3[0m                                        │ │
│ │                    [2m│   [0m[1m}[0m,                                                │ │
│ │                    [2m│   [0m'configurable': [1m{[0m                                 │ │
│ │                    [2m│   │   [0m'prompt': 'Exact native subject A  with       │ │
│ │                    spaces\n',                                            │ │
│ │                    [2m│   │   [0m'repo_path': '/tmp/fake-cache',               │ │
│ │                    [2m│   │   [0m'repo_url': 'file:///scope-repository.git',   │ │
│ │                    [2m│   │   [0m'cache_key':                                  │ │
│ │                    'd18bbd26e74e40198247c05ed1317744-scope-559aead08264… │ │
│ │                    [2m│   │   [0m'run_identity': [1m{[0m                             │ │
│ │                    [2m│   │   │   [0m'kind': <RunKind.FIRE: 'fire'>,           │ │
│ │                    [2m│   │   │   [0m'name': 'A',                              │ │
│ │                    [2m│   │   │   [0m'started_at': [1mdatetime.datetime[0m[1m([0m[1m2026[0m, [1m9[0m,  │ │
│ │                    [1m12[0m, [1m13[0m, [1m47[0m, [1m19[0m, [1m887174[0m, tzinfo=datetime.timezone.utc[1m)[0m │ │
│ │                    [2m│   │   [0m[1m}[0m,                                            │ │
│ │                    [2m│   │   [0m'workspace_path': [3mNone[0m,                       │ │
│ │                    [2m│   │   [0m'base_spec': [1m{[0m                                │ │
│ │                    [2m│   │   │   [0m'inputs': [1m([0m[1m)[0m,                             │ │
│ │                    [2m│   │   │   [0m'base_branch': 'trunk',                   │ │
│ │                    [2m│   │   │   [0m'base_role': [3mNone[0m                         │ │
│ │                    [2m│   │   [0m[1m}[0m,                                            │ │
│ │                    [2m│   │   [0m'permission_mode':                            │ │
│ │                    <PermissionMode.UNATTENDED: 'unattended'>,            │ │
│ │                    [2m│   │   [0m'allowed_tools': [1m[[0m                            │ │
│ │                    [2m│   │   │   [0m'Read',                                   │ │
│ │                    [2m│   │   │   [0m'Glob',                                   │ │
│ │                    [2m│   │   │   [0m'Grep',                                   │ │
│ │                    [2m│   │   │   [0m'Bash',                                   │ │
│ │                    [2m│   │   │   [0m'Edit',                                   │ │
│ │                    [2m│   │   │   [0m'Write'                                   │ │
│ │                    [2m│   │   [0m[1m][0m,                                            │ │
│ │                    [2m│   │   [0m'thread_id':                                  │ │
│ │                    'd18bbd26e74e40198247c05ed1317744-scope-559aead08264… │ │
│ │                    [2m│   │   [0m... +[1m11[0m                                       │ │
│ │                    [2m│   [0m[1m}[0m,                                                │ │
│ │                    [2m│   [0m'callbacks':                                      │ │
│ │                    <langchain_core.callbacks.manager.AsyncCallbackManag… │ │
│ │                    object at [1m0x10e1afbf0[0m[1m>[0m                                │ │
│ │                    [1m}[0m                                                     │ │
│ │          [3mcontext[0m = [1m<[0m[1m_contextvars.Context[0m object at [1m0x10e110e00[0m[1m>[0m          │ │
│ │                [3mi[0m = [1m0[0m                                                     │ │
│ │            [3minput[0m = [1m{[0m                                                     │ │
│ │                    [2m│   [0m'issue_key': 'A',                                 │ │
│ │                    [2m│   [0m'feature_branch': '',                             │ │
│ │                    [2m│   [0m'ralph_branch': '',                               │ │
│ │                    [2m│   [0m'work_base_ref': 'trunk',                         │ │
│ │                    [2m│   [0m'fire_spec': [3mNone[0m,                                │ │
│ │                    [2m│   [0m'acceptance_criteria': [1m[[0m[1m][0m,                        │ │
│ │                    [2m│   [0m'criterion_set': [3mNone[0m,                            │ │
│ │                    [2m│   [0m'criteria_validation': [3mNone[0m,                      │ │
│ │                    [2m│   [0m'criteria_regeneration_rounds': [1m0[0m,                │ │
│ │                    [2m│   [0m'criteria_infeasible': [3mFalse[0m,                     │ │
│ │                    [2m│   [0m... +[1m18[0m                                           │ │
│ │                    [1m}[0m                                                     │ │
│ │           [3mkwargs[0m = [1m{[0m[1m}[0m                                                    │ │
│ │              [3mrun[0m = [3mNone[0m                                                  │ │
│ │      [3mrun_manager[0m = [1m<[0m[1mlangchain_core.callbacks.manager.AsyncCallbackManag…[0m │ │
│ │                    object at [1m0x10e1afda0[0m[1m>[0m                                │ │
│ │             [3mself[0m = [1m<[0m[1mlanggraph._internal._runnable.RunnableSeq[0m object at  │ │
│ │                    [1m0x10e1afd10[0m[1m>[0m                                          │ │
│ │             [3mstep[0m = [1m<[0m[1mlanggraph.graph.state.CompiledStateGraph[0m object at   │ │
│ │                    [1m0x10e1aa180[0m[1m>[0m                                          │ │
│ ╰──────────────────────────────────────────────────────────────────────────╯ │
│                                                                              │
│ [2m/private/tmp/kodezart-v03-recovery-scope-runtime/.venv/lib/python3.12/site-p[0m │
│ [2mackages/langgraph/pregel/[0m[1mmain.py[0m:3184 in ainvoke                             │
│                                                                              │
│   [2m3181 [0m[2m│   │   [0mchunks: list[dict[str, Any] | Any] = []                       │
│   [2m3182 [0m[2m│   │   [0minterrupts: list[Interrupt] = []                              │
│   [2m3183 [0m[2m│   │   [0m                                                              │
│ ❱ 3184 [2m│   │   [0masync for chunk in [1;4mself[0m[1;4m.astream([0m                              │
│   [2m3185 [0m[2m│   │   │   [0m[1;4minput[0m[1;4m,[0m                                                    │
│   [2m3186 [0m[2m│   │   │   [0m[1;4mconfig,[0m                                                   │
│   [2m3187 [0m[2m│   │   │   [0m[1;4mcontext=context,[0m                                          │
│                                                                              │
│ ╭───────────────────────────────── locals ─────────────────────────────────╮ │
│ │            [3mchunk[0m = [1m([0m                                                     │ │
│ │                    [2m│   [0m'values',                                         │ │
│ │                    [2m│   [0m[1m{[0m                                                 │ │
│ │                    [2m│   │   [0m'issue_key': 'A',                             │ │
│ │                    [2m│   │   [0m'feature_branch':                             │ │
│ │                    'kodezart/test-branch-497863d3',                      │ │
│ │                    [2m│   │   [0m'ralph_branch':                               │ │
│ │                    'kodezart/test-branch-497863d3-ralph-7bf7f0b2',       │ │
│ │                    [2m│   │   [0m'work_base_ref': 'trunk',                     │ │
│ │                    [2m│   │   [0m'fire_spec': [1mTrackerSpec[0m[1m([0m                     │ │
│ │                    [2m│   │   │   [0msubject='A',                              │ │
│ │                    [2m│   │   │   [0mbody='Exact native subject A  with        │ │
│ │                    spaces\n',                                            │ │
│ │                    [2m│   │   │   [0mcriteria=[1m([0m'A/check',[1m)[0m,                    │ │
│ │                    [2m│   │   │   [0m                                          │ │
│ │                    read_at_version='2026-01-01T00:00:00+00:00'           │ │
│ │                    [2m│   │   [0m[1m)[0m,                                            │ │
│ │                    [2m│   │   [0m'acceptance_criteria': [1m[[0m[1m][0m,                    │ │
│ │                    [2m│   │   [0m'criterion_set': [1mTrackerCriterionSet[0m[1m([0m         │ │
│ │                    [2m│   │   │   [0mcriteria=[1m[[0m                                │ │
│ │                    [2m│   │   │   │   [0m[1mTrackerCriterion[0m[1m([0m                     │ │
│ │                    [2m│   │   │   │   │   [0mid='A/check',                     │ │
│ │                    [2m│   │   │   │   │   [0mtext='A live Check  bytes'        │ │
│ │                    [2m│   │   │   │   [0m[1m)[0m                                     │ │
│ │                    [2m│   │   │   [0m[1m][0m                                         │ │
│ │                    [2m│   │   [0m[1m)[0m,                                            │ │
│ │                    [2m│   │   [0m'criteria_validation': [3mNone[0m,                  │ │
│ │                    [2m│   │   [0m'criteria_regeneration_rounds': [1m0[0m,            │ │
│ │                    [2m│   │   [0m'criteria_infeasible': [3mFalse[0m,                 │ │
│ │                    [2m│   │   [0m... +[1m17[0m                                       │ │
│ │                    [2m│   [0m[1m}[0m                                                 │ │
│ │                    [1m)[0m                                                     │ │
│ │           [3mchunks[0m = [1m[[0m[1m][0m                                                    │ │
│ │           [3mconfig[0m = [1m{[0m                                                     │ │
│ │                    [2m│   [0m'metadata': [1m{[0m                                     │ │
│ │                    [2m│   │   [0m'scope_lane_request': [1m{[0m                       │ │
│ │                    [2m│   │   │   [0m'job':                                    │ │
│ │                    'd18bbd26e74e40198247c05ed1317744',                   │ │
│ │                    [2m│   │   │   [0m'scope':                                  │ │
│ │                    '{"kind":"project","key":"scoped-project"}',          │ │
│ │                    [2m│   │   │   [0m'issue': 'A',                             │ │
│ │                    [2m│   │   │   [0m'repo_url':                               │ │
│ │                    'file:///scope-repository.git',                       │ │
│ │                    [2m│   │   │   [0m'repo_path': '/tmp/fake-cache',           │ │
│ │                    [2m│   │   │   [0m'base':                                   │ │
│ │                    '{"inputs":[],"base_branch":"trunk","base_role":null… │ │
│ │                    [2m│   │   [0m[1m}[0m,                                            │ │
│ │                    [2m│   │   [0m'scope_lane_run_identity': [1m{[0m                  │ │
│ │                    [2m│   │   │   [0m'kind': 'fire',                           │ │
│ │                    [2m│   │   │   [0m'name': 'A',                              │ │
│ │                    [2m│   │   │   [0m'started_at':                             │ │
│ │                    '2026-09-12T13:47:19.887174Z'                         │ │
│ │                    [2m│   │   [0m[1m}[0m,                                            │ │
│ │                    [2m│   │   [0m'prompt': 'Exact native subject A  with       │ │
│ │                    spaces\n',                                            │ │
│ │                    [2m│   │   [0m'repo_path': '/tmp/fake-cache',               │ │
│ │                    [2m│   │   [0m'repo_url': 'file:///scope-repository.git',   │ │
│ │                    [2m│   │   [0m'permission_mode':                            │ │
│ │                    [1m<[0m[1mPermissionMode.UNATTENDED:[0m 'unattended'>,            │ │
│ │                    [2m│   │   [0m'thread_id':                                  │ │
│ │                    'd18bbd26e74e40198247c05ed1317744-scope-559aead08264… │ │
│ │                    [2m│   │   [0m'langgraph_step': [1m1[0m,                          │ │
│ │                    [2m│   │   [0m'langgraph_node': 'native_fire',              │ │
│ │                    [2m│   │   [0m'langgraph_triggers': [1m([0m                       │ │
│ │                    [2m│   │   │   [0m'branch:to:native_fire',                  │ │
│ │                    [2m│   │   [0m[1m)[0m,                                            │ │
│ │                    [2m│   │   [0m... +[1m3[0m                                        │ │
│ │                    [2m│   [0m[1m}[0m,                                                │ │
│ │                    [2m│   [0m'configurable': [1m{[0m                                 │ │
│ │                    [2m│   │   [0m'prompt': 'Exact native subject A  with       │ │
│ │                    spaces\n',                                            │ │
│ │                    [2m│   │   [0m'repo_path': '/tmp/fake-cache',               │ │
│ │                    [2m│   │   [0m'repo_url': 'file:///scope-repository.git',   │ │
│ │                    [2m│   │   [0m'cache_key':                                  │ │
│ │                    'd18bbd26e74e40198247c05ed1317744-scope-559aead08264… │ │
│ │                    [2m│   │   [0m'run_identity': [1m{[0m                             │ │
│ │                    [2m│   │   │   [0m'kind': <RunKind.FIRE: 'fire'>,           │ │
│ │                    [2m│   │   │   [0m'name': 'A',                              │ │
│ │                    [2m│   │   │   [0m'started_at': [1mdatetime.datetime[0m[1m([0m[1m2026[0m, [1m9[0m,  │ │
│ │                    [1m12[0m, [1m13[0m, [1m47[0m, [1m19[0m, [1m887174[0m, tzinfo=datetime.timezone.utc[1m)[0m │ │
│ │                    [2m│   │   [0m[1m}[0m,                                            │ │
│ │                    [2m│   │   [0m'workspace_path': [3mNone[0m,                       │ │
│ │                    [2m│   │   [0m'base_spec': [1m{[0m                                │ │
│ │                    [2m│   │   │   [0m'inputs': [1m([0m[1m)[0m,                             │ │
│ │                    [2m│   │   │   [0m'base_branch': 'trunk',                   │ │
│ │                    [2m│   │   │   [0m'base_role': [3mNone[0m                         │ │
│ │                    [2m│   │   [0m[1m}[0m,                                            │ │
│ │                    [2m│   │   [0m'permission_mode':                            │ │
│ │                    <PermissionMode.UNATTENDED: 'unattended'>,            │ │
│ │                    [2m│   │   [0m'allowed_tools': [1m[[0m                            │ │
│ │                    [2m│   │   │   [0m'Read',                                   │ │
│ │                    [2m│   │   │   [0m'Glob',                                   │ │
│ │                    [2m│   │   │   [0m'Grep',                                   │ │
│ │                    [2m│   │   │   [0m'Bash',                                   │ │
│ │                    [2m│   │   │   [0m'Edit',                                   │ │
│ │                    [2m│   │   │   [0m'Write'                                   │ │
│ │                    [2m│   │   [0m[1m][0m,                                            │ │
│ │                    [2m│   │   [0m'thread_id':                                  │ │
│ │                    'd18bbd26e74e40198247c05ed1317744-scope-559aead08264… │ │
│ │                    [2m│   │   [0m... +[1m11[0m                                       │ │
│ │                    [2m│   [0m[1m}[0m,                                                │ │
│ │                    [2m│   [0m'callbacks':                                      │ │
│ │                    <langchain_core.callbacks.manager.AsyncCallbackManag… │ │
│ │                    object at [1m0x10e1afbf0[0m[1m>[0m                                │ │
│ │                    [1m}[0m                                                     │ │
│ │          [3mcontext[0m = [3mNone[0m                                                  │ │
│ │       [3mdurability[0m = [3mNone[0m                                                  │ │
│ │            [3minput[0m = [1m{[0m                                                     │ │
│ │                    [2m│   [0m'issue_key': 'A',                                 │ │
│ │                    [2m│   [0m'feature_branch': '',                             │ │
│ │                    [2m│   [0m'ralph_branch': '',                               │ │
│ │                    [2m│   [0m'work_base_ref': 'trunk',                         │ │
│ │                    [2m│   [0m'fire_spec': [3mNone[0m,                                │ │
│ │                    [2m│   [0m'acceptance_criteria': [1m[[0m[1m][0m,                        │ │
│ │                    [2m│   [0m'criterion_set': [3mNone[0m,                            │ │
│ │                    [2m│   [0m'criteria_validation': [3mNone[0m,                      │ │
│ │                    [2m│   [0m'criteria_regeneration_rounds': [1m0[0m,                │ │
│ │                    [2m│   [0m'criteria_infeasible': [3mFalse[0m,                     │ │
│ │                    [2m│   [0m... +[1m18[0m                                           │ │
│ │                    [1m}[0m                                                     │ │
│ │  [3minterrupt_after[0m = [3mNone[0m                                                  │ │
│ │ [3minterrupt_before[0m = [3mNone[0m                                                  │ │
│ │       [3minterrupts[0m = [1m[[0m[1m][0m                                                    │ │
│ │             [3mints[0m = [3mNone[0m                                                  │ │
│ │           [3mkwargs[0m = [1m{[0m[1m}[0m                                                    │ │
│ │           [3mlatest[0m = [1m{[0m                                                     │ │
│ │                    [2m│   [0m'issue_key': 'A',                                 │ │
│ │                    [2m│   [0m'feature_branch':                                 │ │
│ │                    'kodezart/test-branch-497863d3',                      │ │
│ │                    [2m│   [0m'ralph_branch':                                   │ │
│ │                    'kodezart/test-branch-497863d3-ralph-7bf7f0b2',       │ │
│ │                    [2m│   [0m'work_base_ref': 'trunk',                         │ │
│ │                    [2m│   [0m'fire_spec': [1mTrackerSpec[0m[1m([0m                         │ │
│ │                    [2m│   │   [0msubject='A',                                  │ │
│ │                    [2m│   │   [0mbody='Exact native subject A  with spaces\n', │ │
│ │                    [2m│   │   [0mcriteria=[1m([0m'A/check',[1m)[0m,                        │ │
│ │                    [2m│   │   [0mread_at_version='2026-01-01T00:00:00+00:00'   │ │
│ │                    [2m│   [0m[1m)[0m,                                                │ │
│ │                    [2m│   [0m'acceptance_criteria': [1m[[0m[1m][0m,                        │ │
│ │                    [2m│   [0m'criterion_set': [1mTrackerCriterionSet[0m[1m([0m             │ │
│ │                    [2m│   │   [0mcriteria=[1m[[0m                                    │ │
│ │                    [2m│   │   │   [0m[1mTrackerCriterion[0m[1m([0m                         │ │
│ │                    [2m│   │   │   │   [0mid='A/check',                         │ │
│ │                    [2m│   │   │   │   [0mtext='A live Check  bytes'            │ │
│ │                    [2m│   │   │   [0m[1m)[0m                                         │ │
│ │                    [2m│   │   [0m[1m][0m                                             │ │
│ │                    [2m│   [0m[1m)[0m,                                                │ │
│ │                    [2m│   [0m'criteria_validation': [3mNone[0m,                      │ │
│ │                    [2m│   [0m'criteria_regeneration_rounds': [1m0[0m,                │ │
│ │                    [2m│   [0m'criteria_infeasible': [3mFalse[0m,                     │ │
│ │                    [2m│   [0m... +[1m17[0m                                           │ │
│ │                    [1m}[0m                                                     │ │
│ │             [3mmode[0m = 'values'                                              │ │
│ │      [3moutput_keys[0m = [1m[[0m                                                     │ │
│ │                    [2m│   [0m'issue_key',                                      │ │
│ │                    [2m│   [0m'feature_branch',                                 │ │
│ │                    [2m│   [0m'ralph_branch',                                   │ │
│ │                    [2m│   [0m'work_base_ref',                                  │ │
│ │                    [2m│   [0m'fire_spec',                                      │ │
│ │                    [2m│   [0m'acceptance_criteria',                            │ │
│ │                    [2m│   [0m'criterion_set',                                  │ │
│ │                    [2m│   [0m'criteria_validation',                            │ │
│ │                    [2m│   [0m'criteria_regeneration_rounds',                   │ │
│ │                    [2m│   [0m'criteria_infeasible',                            │ │
│ │                    [2m│   [0m... +[1m17[0m                                           │ │
│ │                    [1m][0m                                                     │ │
│ │          [3mpayload[0m = [1m{[0m                                                     │ │
│ │                    [2m│   [0m'issue_key': 'A',                                 │ │
│ │                    [2m│   [0m'feature_branch':                                 │ │
│ │                    'kodezart/test-branch-497863d3',                      │ │
│ │                    [2m│   [0m'ralph_branch':                                   │ │
│ │                    'kodezart/test-branch-497863d3-ralph-7bf7f0b2',       │ │
│ │                    [2m│   [0m'work_base_ref': 'trunk',                         │ │
│ │                    [2m│   [0m'fire_spec': [1mTrackerSpec[0m[1m([0m                         │ │
│ │                    [2m│   │   [0msubject='A',                                  │ │
│ │                    [2m│   │   [0mbody='Exact native subject A  with spaces\n', │ │
│ │                    [2m│   │   [0mcriteria=[1m([0m'A/check',[1m)[0m,                        │ │
│ │                    [2m│   │   [0mread_at_version='2026-01-01T00:00:00+00:00'   │ │
│ │                    [2m│   [0m[1m)[0m,                                                │ │
│ │                    [2m│   [0m'acceptance_criteria': [1m[[0m[1m][0m,                        │ │
│ │                    [2m│   [0m'criterion_set': [1mTrackerCriterionSet[0m[1m([0m             │ │
│ │                    [2m│   │   [0mcriteria=[1m[[0m                                    │ │
│ │                    [2m│   │   │   [0m[1mTrackerCriterion[0m[1m([0m                         │ │
│ │                    [2m│   │   │   │   [0mid='A/check',                         │ │
│ │                    [2m│   │   │   │   [0mtext='A live Check  bytes'            │ │
│ │                    [2m│   │   │   [0m[1m)[0m                                         │ │
│ │                    [2m│   │   [0m[1m][0m                                             │ │
│ │                    [2m│   [0m[1m)[0m,                                                │ │
│ │                    [2m│   [0m'criteria_validation': [3mNone[0m,                      │ │
│ │                    [2m│   [0m'criteria_regeneration_rounds': [1m0[0m,                │ │
│ │                    [2m│   [0m'criteria_infeasible': [3mFalse[0m,                     │ │
│ │                    [2m│   [0m... +[1m17[0m                                           │ │
│ │                    [1m}[0m                                                     │ │
│ │       [3mprint_mode[0m = [1m([0m[1m)[0m                                                    │ │
│ │             [3mself[0m = [1m<[0m[1mlanggraph.graph.state.CompiledStateGraph[0m object at   │ │
│ │                    [1m0x10e1aa180[0m[1m>[0m                                          │ │
│ │      [3mstream_mode[0m = 'values'                                              │ │
│ ╰──────────────────────────────────────────────────────────────────────────╯ │
│                                                                              │
│ [2m/private/tmp/kodezart-v03-recovery-scope-runtime/.venv/lib/python3.12/site-p[0m │
│ [2mackages/langgraph/pregel/[0m[1mmain.py[0m:2997 in astream                             │
│                                                                              │
│   [2m2994 [0m[2m│   │   │   │   │   [0mwhile loop.tick():                                │
│   [2m2995 [0m[2m│   │   │   │   │   │   [0mfor task in await loop.amatch_cached_writes() │
│   [2m2996 [0m[2m│   │   │   │   │   │   │   [0mloop.output_writes(task.id, task.writes,  │
│ ❱ 2997 [2m│   │   │   │   │   │   [0masync for _ in runner.atick(                  │
│   [2m2998 [0m[2m│   │   │   │   │   │   │   [0m[t for t in loop.tasks.values() if not t. │
│   [2m2999 [0m[2m│   │   │   │   │   │   │   [0mtimeout=self.step_timeout,                │
│   [2m3000 [0m[2m│   │   │   │   │   │   │   [0mget_waiter=get_waiter,                    │
│                                                                              │
│ ╭───────────────────────────────── locals ─────────────────────────────────╮ │
│ │                 [3m_[0m = [3mNone[0m                                                 │ │
│ │   [3m_cleanup_waiter[0m = [3mNone[0m                                                 │ │
│ │           [3maioloop[0m = [1m<[0m[1m_UnixSelectorEventLoop[0m running=[3mTrue[0m closed=[3mFalse[0m    │ │
│ │                     debug=[3mFalse[0m[1m>[0m                                         │ │
│ │             [3mcache[0m = [3mNone[0m                                                 │ │
│ │  [3mcallback_manager[0m = [1m<[0m[1mlangchain_core.callbacks.manager.AsyncCallbackMana…[0m │ │
│ │                     object at [1m0x10e1affb0[0m[1m>[0m                               │ │
│ │ [3mcheckpoint_during[0m = [3mNone[0m                                                 │ │
│ │      [3mcheckpointer[0m = [1m<[0m[1mlanggraph.checkpoint.memory.InMemorySaver[0m object at │ │
│ │                     [1m0x10e115bb0[0m[1m>[0m                                         │ │
│ │            [3mconfig[0m = [1m{[0m                                                    │ │
│ │                     [2m│   [0m'tags': [1m[[0m[1m][0m,                                      │ │
│ │                     [2m│   [0m'metadata': [1m{[0m                                    │ │
│ │                     [2m│   │   [0m'scope_lane_request': [1m{[0m                      │ │
│ │                     [2m│   │   │   [0m'job':                                   │ │
│ │                     'd18bbd26e74e40198247c05ed1317744',                  │ │
│ │                     [2m│   │   │   [0m'scope':                                 │ │
│ │                     '{"kind":"project","key":"scoped-project"}',         │ │
│ │                     [2m│   │   │   [0m'issue': 'A',                            │ │
│ │                     [2m│   │   │   [0m'repo_url':                              │ │
│ │                     'file:///scope-repository.git',                      │ │
│ │                     [2m│   │   │   [0m'repo_path': '/tmp/fake-cache',          │ │
│ │                     [2m│   │   │   [0m'base':                                  │ │
│ │                     '{"inputs":[],"base_branch":"trunk","base_role":nul… │ │
│ │                     [2m│   │   [0m[1m}[0m,                                           │ │
│ │                     [2m│   │   [0m'scope_lane_run_identity': [1m{[0m                 │ │
│ │                     [2m│   │   │   [0m'kind': 'fire',                          │ │
│ │                     [2m│   │   │   [0m'name': 'A',                             │ │
│ │                     [2m│   │   │   [0m'started_at':                            │ │
│ │                     '2026-09-12T13:47:19.887174Z'                        │ │
│ │                     [2m│   │   [0m[1m}[0m,                                           │ │
│ │                     [2m│   │   [0m'prompt': 'Exact native subject A  with      │ │
│ │                     spaces\n',                                           │ │
│ │                     [2m│   │   [0m'repo_path': '/tmp/fake-cache',              │ │
│ │                     [2m│   │   [0m'repo_url': 'file:///scope-repository.git',  │ │
│ │                     [2m│   │   [0m'permission_mode':                           │ │
│ │                     [1m<[0m[1mPermissionMode.UNATTENDED:[0m 'unattended'>,           │ │
│ │                     [2m│   │   [0m'thread_id':                                 │ │
│ │                     'd18bbd26e74e40198247c05ed1317744-scope-559aead0826… │ │
│ │                     [2m│   │   [0m'langgraph_step': [1m1[0m,                         │ │
│ │                     [2m│   │   [0m'langgraph_node': 'native_fire',             │ │
│ │                     [2m│   │   [0m'langgraph_triggers': [1m([0m                      │ │
│ │                     [2m│   │   │   [0m'branch:to:native_fire',                 │ │
│ │                     [2m│   │   [0m[1m)[0m,                                           │ │
│ │                     [2m│   │   [0m... +[1m3[0m                                       │ │
│ │                     [2m│   [0m[1m}[0m,                                               │ │
│ │                     [2m│   [0m'callbacks':                                     │ │
│ │                     <langchain_core.callbacks.manager.AsyncCallbackMana… │ │
│ │                     object at [1m0x10e1afbf0[0m>,                              │ │
│ │                     [2m│   [0m'recursion_limit': [1m10000[0m,                        │ │
│ │                     [2m│   [0m'configurable': [1m{[0m                                │ │
│ │                     [2m│   │   [0m'prompt': 'Exact native subject A  with      │ │
│ │                     spaces\n',                                           │ │
│ │                     [2m│   │   [0m'repo_path': '/tmp/fake-cache',              │ │
│ │                     [2m│   │   [0m'repo_url': 'file:///scope-repository.git',  │ │
│ │                     [2m│   │   [0m'cache_key':                                 │ │
│ │                     'd18bbd26e74e40198247c05ed1317744-scope-559aead0826… │ │
│ │                     [2m│   │   [0m'run_identity': [1m{[0m                            │ │
│ │                     [2m│   │   │   [0m'kind': <RunKind.FIRE: 'fire'>,          │ │
│ │                     [2m│   │   │   [0m'name': 'A',                             │ │
│ │                     [2m│   │   │   [0m'started_at': [1mdatetime.datetime[0m[1m([0m[1m2026[0m, [1m9[0m, │ │
│ │                     [1m12[0m, [1m13[0m, [1m47[0m, [1m19[0m, [1m887174[0m,                              │ │
│ │                     tzinfo=datetime.timezone.utc[1m)[0m                        │ │
│ │                     [2m│   │   [0m[1m}[0m,                                           │ │
│ │                     [2m│   │   [0m'workspace_path': [3mNone[0m,                      │ │
│ │                     [2m│   │   [0m'base_spec': [1m{[0m                               │ │
│ │                     [2m│   │   │   [0m'inputs': [1m([0m[1m)[0m,                            │ │
│ │                     [2m│   │   │   [0m'base_branch': 'trunk',                  │ │
│ │                     [2m│   │   │   [0m'base_role': [3mNone[0m                        │ │
│ │                     [2m│   │   [0m[1m}[0m,                                           │ │
│ │                     [2m│   │   [0m'permission_mode':                           │ │
│ │                     <PermissionMode.UNATTENDED: 'unattended'[1m>[0m,           │ │
│ │                     [2m│   │   [0m'allowed_tools': [1m[[0m                           │ │
│ │                     [2m│   │   │   [0m'Read',                                  │ │
│ │                     [2m│   │   │   [0m'Glob',                                  │ │
│ │                     [2m│   │   │   [0m'Grep',                                  │ │
│ │                     [2m│   │   │   [0m'Bash',                                  │ │
│ │                     [2m│   │   │   [0m'Edit',                                  │ │
│ │                     [2m│   │   │   [0m'Write'                                  │ │
│ │                     [2m│   │   [0m[1m][0m,                                           │ │
│ │                     [2m│   │   [0m'thread_id':                                 │ │
│ │                     'd18bbd26e74e40198247c05ed1317744-scope-559aead0826… │ │
│ │                     [2m│   │   [0m... +[1m11[0m                                      │ │
│ │                     [2m│   [0m[1m}[0m                                                │ │
│ │                     [1m}[0m                                                    │ │
│ │           [3mcontext[0m = [3mNone[0m                                                 │ │
│ │             [3mdebug[0m = [3mNone[0m                                                 │ │
│ │         [3mdo_stream[0m = [3mFalse[0m                                                │ │
│ │        [3mdurability[0m = [3mNone[0m                                                 │ │
│ │       [3mdurability_[0m = 'async'                                              │ │
│ │        [3mget_waiter[0m = [3mNone[0m                                                 │ │
│ │             [3minput[0m = [1m{[0m                                                    │ │
│ │                     [2m│   [0m'issue_key': 'A',                                │ │
│ │                     [2m│   [0m'feature_branch': '',                            │ │
│ │                     [2m│   [0m'ralph_branch': '',                              │ │
│ │                     [2m│   [0m'work_base_ref': 'trunk',                        │ │
│ │                     [2m│   [0m'fire_spec': [3mNone[0m,                               │ │
│ │                     [2m│   [0m'acceptance_criteria': [1m[[0m[1m][0m,                       │ │
│ │                     [2m│   [0m'criterion_set': [3mNone[0m,                           │ │
│ │                     [2m│   [0m'criteria_validation': [3mNone[0m,                     │ │
│ │                     [2m│   [0m'criteria_regeneration_rounds': [1m0[0m,               │ │
│ │                     [2m│   [0m'criteria_infeasible': [3mFalse[0m,                    │ │
│ │                     [2m│   [0m... +[1m18[0m                                          │ │
│ │                     [1m}[0m                                                    │ │
│ │   [3minterrupt_after[0m = [3mNone[0m                                                 │ │
│ │  [3minterrupt_after_[0m = [1m[[0m[1m][0m                                                   │ │
│ │  [3minterrupt_before[0m = [3mNone[0m                                                 │ │
│ │ [3minterrupt_before_[0m = [1m[[0m[1m][0m                                                   │ │
│ │            [3mkwargs[0m = [1m{[0m[1m}[0m                                                   │ │
│ │              [3mloop[0m = [1m<[0m[1mlanggraph.pregel._loop.AsyncPregelLoop[0m object at    │ │
│ │                     [1m0x10e1aff20[0m[1m>[0m                                         │ │
│ │                 [3mo[0m = [1m([0m                                                    │ │
│ │                     [2m│   [0m'values',                                        │ │
│ │                     [2m│   [0m[1m{[0m                                                │ │
│ │                     [2m│   │   [0m'issue_key': 'A',                            │ │
│ │                     [2m│   │   [0m'feature_branch':                            │ │
│ │                     'kodezart/test-branch-497863d3',                     │ │
│ │                     [2m│   │   [0m'ralph_branch':                              │ │
│ │                     'kodezart/test-branch-497863d3-ralph-7bf7f0b2',      │ │
│ │                     [2m│   │   [0m'work_base_ref': 'trunk',                    │ │
│ │                     [2m│   │   [0m'fire_spec': [1mTrackerSpec[0m[1m([0m                    │ │
│ │                     [2m│   │   │   [0msubject='A',                             │ │
│ │                     [2m│   │   │   [0mbody='Exact native subject A  with       │ │
│ │                     spaces\n',                                           │ │
│ │                     [2m│   │   │   [0mcriteria=[1m([0m'A/check',[1m)[0m,                   │ │
│ │                     [2m│   │   │   [0m                                         │ │
│ │                     read_at_version='2026-01-01T00:00:00+00:00'          │ │
│ │                     [2m│   │   [0m[1m)[0m,                                           │ │
│ │                     [2m│   │   [0m'acceptance_criteria': [1m[[0m[1m][0m,                   │ │
│ │                     [2m│   │   [0m'criterion_set': [1mTrackerCriterionSet[0m[1m([0m        │ │
│ │                     [2m│   │   │   [0mcriteria=[1m[[0m                               │ │
│ │                     [2m│   │   │   │   [0m[1mTrackerCriterion[0m[1m([0m                    │ │
│ │                     [2m│   │   │   │   │   [0mid='A/check',                    │ │
│ │                     [2m│   │   │   │   │   [0mtext='A live Check  bytes'       │ │
│ │                     [2m│   │   │   │   [0m[1m)[0m                                    │ │
│ │                     [2m│   │   │   [0m[1m][0m                                        │ │
│ │                     [2m│   │   [0m[1m)[0m,                                           │ │
│ │                     [2m│   │   [0m'criteria_validation': [3mNone[0m,                 │ │
│ │                     [2m│   │   [0m'criteria_regeneration_rounds': [1m0[0m,           │ │
│ │                     [2m│   │   [0m'criteria_infeasible': [3mFalse[0m,                │ │
│ │                     [2m│   │   [0m... +[1m17[0m                                      │ │
│ │                     [2m│   [0m[1m}[0m                                                │ │
│ │                     [1m)[0m                                                    │ │
│ │       [3moutput_keys[0m = [1m[[0m                                                    │ │
│ │                     [2m│   [0m'issue_key',                                     │ │
│ │                     [2m│   [0m'feature_branch',                                │ │
│ │                     [2m│   [0m'ralph_branch',                                  │ │
│ │                     [2m│   [0m'work_base_ref',                                 │ │
│ │                     [2m│   [0m'fire_spec',                                     │ │
│ │                     [2m│   [0m'acceptance_criteria',                           │ │
│ │                     [2m│   [0m'criterion_set',                                 │ │
│ │                     [2m│   [0m'criteria_validation',                           │ │
│ │                     [2m│   [0m'criteria_regeneration_rounds',                  │ │
│ │                     [2m│   [0m'criteria_infeasible',                           │ │
│ │                     [2m│   [0m... +[1m17[0m                                          │ │
│ │                     [1m][0m                                                    │ │
│ │    [3mparent_runtime[0m = [1mRuntime[0m[1m([0m                                             │ │
│ │                     [2m│   [0mcontext=[3mNone[0m,                                    │ │
│ │                     [2m│   [0mstore=[3mNone[0m,                                      │ │
│ │                     [2m│   [0mstream_writer=[1m<[0m[1mfunction[0m                          │ │
│ │                     Pregel.astream.<locals>.stream_writer at             │ │
│ │                     [1m0x10e291c60[0m[1m>[0m,                                        │ │
│ │                     [2m│   [0mprevious=[3mNone[0m                                    │ │
│ │                     [1m)[0m                                                    │ │
│ │        [3mprint_mode[0m = [1m([0m[1m)[0m                                                   │ │
│ │       [3mrun_manager[0m = [1m<[0m[1mlangchain_core.callbacks.manager.AsyncCallbackMana…[0m │ │
│ │                     object at [1m0x10e1aff80[0m[1m>[0m                               │ │
│ │            [3mrunner[0m = [1m<[0m[1mlanggraph.pregel._runner.PregelRunner[0m object at     │ │
│ │                     [1m0x10e1b0050[0m[1m>[0m                                         │ │
│ │           [3mruntime[0m = [1mRuntime[0m[1m([0m                                             │ │
│ │                     [2m│   [0mcontext=[3mNone[0m,                                    │ │
│ │                     [2m│   [0mstore=[3mNone[0m,                                      │ │
│ │                     [2m│   [0mstream_writer=[1m<[0m[1mfunction[0m                          │ │
│ │                     Pregel.astream.<locals>.stream_writer at             │ │
│ │                     [1m0x10e291c60[0m[1m>[0m,                                        │ │
│ │                     [2m│   [0mprevious=[3mNone[0m                                    │ │
│ │                     [1m)[0m                                                    │ │
│ │              [3mself[0m = [1m<[0m[1mlanggraph.graph.state.CompiledStateGraph[0m object at  │ │
│ │                     [1m0x10e1aa180[0m[1m>[0m                                         │ │
│ │             [3mstore[0m = [3mNone[0m                                                 │ │
│ │            [3mstream[0m = [1m<[0m[1mAsyncQueue[0m at [1m0x10e1afe00[0m maxsize=[1m0[0m tasks=[1m7[0m[1m>[0m        │ │
│ │       [3mstream_mode[0m = [1m[[0m'updates', 'values'[1m][0m                                │ │
│ │      [3mstream_modes[0m = [1m{[0m'updates', 'values'[1m}[0m                                │ │
│ │        [3mstream_put[0m = [1mfunctools.partial[0m[1m([0m[1m<[0m[1mbound[0m method                      │ │
│ │                     BaseEventLoop.call_soon_threadsafe of                │ │
│ │                     <_UnixSelectorEventLoop running=[3mTrue[0m closed=[3mFalse[0m    │ │
│ │                     debug=[3mFalse[0m>>, <bound method Queue.put_nowait of     │ │
│ │                     <AsyncQueue at [1m0x10e1afe00[0m maxsize=[1m0[0m tasks=[1m7[0m>[1m>[0m[1m)[0m      │ │
│ │         [3msubgraphs[0m = [3mFalse[0m                                                │ │
│ ╰──────────────────────────────────────────────────────────────────────────╯ │
│                                                                              │
│ [2m/private/tmp/kodezart-v03-recovery-scope-runtime/.venv/lib/python3.12/site-p[0m │
│ [2mackages/langgraph/pregel/[0m[1m_runner.py[0m:304 in atick                             │
│                                                                              │
│   [2m301 [0m[2m│   │   [0melif len(tasks) == 1 and get_waiter is None and timeout is Non │
│   [2m302 [0m[2m│   │   │   [0mt = tasks[0]                                               │
│   [2m303 [0m[2m│   │   │   [0mtry:                                                       │
│ ❱ 304 [2m│   │   │   │   [0mawait arun_with_retry(                                 │
│   [2m305 [0m[2m│   │   │   │   │   [0mt,                                                 │
│   [2m306 [0m[2m│   │   │   │   │   [0mretry_policy,                                      │
│   [2m307 [0m[2m│   │   │   │   │   [0mstream=self.use_astream,                           │
│                                                                              │
│ ╭───────────────────────────────── locals ─────────────────────────────────╮ │
│ │       [3mfutures[0m = [1m{[0m[1m}[0m                                                       │ │
│ │    [3mget_waiter[0m = [3mNone[0m                                                     │ │
│ │          [3mloop[0m = [1m<[0m[1m_UnixSelectorEventLoop[0m running=[3mTrue[0m closed=[3mFalse[0m        │ │
│ │                 debug=[3mFalse[0m[1m>[0m                                             │ │
│ │       [3mreraise[0m = [3mTrue[0m                                                     │ │
│ │  [3mretry_policy[0m = [3mNone[0m                                                     │ │
│ │ [3mschedule_task[0m = [1m<[0m[1mbound[0m method AsyncPregelLoop.aaccept_push of            │ │
│ │                 <langgraph.pregel._loop.AsyncPregelLoop object at        │ │
│ │                 [1m0x10e1aff20[0m>[1m>[0m                                            │ │
│ │          [3mself[0m = [1m<[0m[1mlanggraph.pregel._runner.PregelRunner[0m object at         │ │
│ │                 [1m0x10e1b0050[0m[1m>[0m                                             │ │
│ │             [3mt[0m = [1mPregelExecutableTask[0m[1m([0m                                    │ │
│ │                 [2m│   [0mname='run_ralph_loop',                               │ │
│ │                 [2m│   [0minput=[1m{[0m                                              │ │
│ │                 [2m│   │   [0m'issue_key': 'A',                                │ │
│ │                 [2m│   │   [0m'feature_branch':                                │ │
│ │                 'kodezart/test-branch-497863d3',                         │ │
│ │                 [2m│   │   [0m'ralph_branch':                                  │ │
│ │                 'kodezart/test-branch-497863d3-ralph-7bf7f0b2',          │ │
│ │                 [2m│   │   [0m'work_base_ref': 'trunk',                        │ │
│ │                 [2m│   │   [0m'fire_spec': [1mTrackerSpec[0m[1m([0m                        │ │
│ │                 [2m│   │   │   [0msubject='A',                                 │ │
│ │                 [2m│   │   │   [0mbody='Exact native subject A  with           │ │
│ │                 spaces\n',                                               │ │
│ │                 [2m│   │   │   [0mcriteria=[1m([0m'A/check',[1m)[0m,                       │ │
│ │                 [2m│   │   │   [0mread_at_version='2026-01-01T00:00:00+00:00'  │ │
│ │                 [2m│   │   [0m[1m)[0m,                                               │ │
│ │                 [2m│   │   [0m'acceptance_criteria': [1m[[0m[1m][0m,                       │ │
│ │                 [2m│   │   [0m'criterion_set': [1mTrackerCriterionSet[0m[1m([0m            │ │
│ │                 [2m│   │   │   [0mcriteria=[1m[[0m                                   │ │
│ │                 [2m│   │   │   │   [0m[1mTrackerCriterion[0m[1m([0m                        │ │
│ │                 [2m│   │   │   │   │   [0mid='A/check',                        │ │
│ │                 [2m│   │   │   │   │   [0mtext='A live Check  bytes'           │ │
│ │                 [2m│   │   │   │   [0m[1m)[0m                                        │ │
│ │                 [2m│   │   │   [0m[1m][0m                                            │ │
│ │                 [2m│   │   [0m[1m)[0m,                                               │ │
│ │                 [2m│   │   [0m'criteria_validation': [3mNone[0m,                     │ │
│ │                 [2m│   │   [0m'criteria_regeneration_rounds': [1m0[0m,               │ │
│ │                 [2m│   │   [0m'criteria_infeasible': [3mFalse[0m,                    │ │
│ │                 [2m│   │   [0m... +[1m17[0m                                          │ │
│ │                 [2m│   [0m[1m}[0m,                                                   │ │
│ │                 [2m│   [0mproc=[1m<[0m[1mlanggraph._internal._runnable.RunnableSeq[0m      │ │
│ │                 object at [1m0x10e1b02c0[0m>,                                  │ │
│ │                 [2m│   [0mwrites=[1mdeque[0m[1m([0m[1m[[0m                                       │ │
│ │                 [2m│   │   [0m[1m([0m                                                │ │
│ │                 [2m│   │   │   [0m'__error__',                                 │ │
│ │                 [2m│   │   │   [0m[1mNodeSessionObservationError[0m[1m([0m'native result   │ │
│ │                 has no observed session opening'[1m)[0m                        │ │
│ │                 [2m│   │   [0m[1m)[0m                                                │ │
│ │                 [2m│   [0m[1m][0m[1m)[0m,                                                  │ │
│ │                 [2m│   [0mconfig=[1m{[0m                                             │ │
│ │                 [2m│   │   [0m'metadata': [1m{[0m                                    │ │
│ │                 [2m│   │   │   [0m'scope_lane_request': [1m{[0m                      │ │
│ │                 [2m│   │   │   │   [0m'job':                                   │ │
│ │                 'd18bbd26e74e40198247c05ed1317744',                      │ │
│ │                 [2m│   │   │   │   [0m'scope':                                 │ │
│ │                 '{"kind":"project","key":"scoped-project"}',             │ │
│ │                 [2m│   │   │   │   [0m'issue': 'A',                            │ │
│ │                 [2m│   │   │   │   [0m'repo_url':                              │ │
│ │                 'file:///scope-repository.git',                          │ │
│ │                 [2m│   │   │   │   [0m'repo_path': '/tmp/fake-cache',          │ │
│ │                 [2m│   │   │   │   [0m'base':                                  │ │
│ │                 '{"inputs":[],"base_branch":"trunk","base_role":null}'   │ │
│ │                 [2m│   │   │   [0m[1m}[0m,                                           │ │
│ │                 [2m│   │   │   [0m'scope_lane_run_identity': [1m{[0m                 │ │
│ │                 [2m│   │   │   │   [0m'kind': 'fire',                          │ │
│ │                 [2m│   │   │   │   [0m'name': 'A',                             │ │
│ │                 [2m│   │   │   │   [0m'started_at':                            │ │
│ │                 '2026-09-12T13:47:19.887174Z'                            │ │
│ │                 [2m│   │   │   [0m[1m}[0m,                                           │ │
│ │                 [2m│   │   │   [0m'prompt': 'Exact native subject A  with      │ │
│ │                 spaces\n',                                               │ │
│ │                 [2m│   │   │   [0m'repo_path': '/tmp/fake-cache',              │ │
│ │                 [2m│   │   │   [0m'repo_url': 'file:///scope-repository.git',  │ │
│ │                 [2m│   │   │   [0m'permission_mode':                           │ │
│ │                 <PermissionMode.UNATTENDED: 'unattended'>,               │ │
│ │                 [2m│   │   │   [0m'thread_id':                                 │ │
│ │                 'd18bbd26e74e40198247c05ed1317744-scope-559aead08264d57… │ │
│ │                 [2m│   │   │   [0m'langgraph_step': [1m4[0m,                         │ │
│ │                 [2m│   │   │   [0m'langgraph_node': 'run_ralph_loop',          │ │
│ │                 [2m│   │   │   [0m'langgraph_triggers': [1m([0m                      │ │
│ │                 [2m│   │   │   │   [0m'branch:to:run_ralph_loop',              │ │
│ │                 [2m│   │   │   [0m[1m)[0m,                                           │ │
│ │                 [2m│   │   │   [0m... +[1m3[0m                                       │ │
│ │                 [2m│   │   [0m[1m}[0m,                                               │ │
│ │                 [2m│   │   [0m'callbacks':                                     │ │
│ │                 <langchain_core.callbacks.manager.AsyncCallbackManager   │ │
│ │                 object at [1m0x10e1b09b0[0m>,                                  │ │
│ │                 [2m│   │   [0m'configurable': [1m{[0m                                │ │
│ │                 [2m│   │   │   [0m'prompt': 'Exact native subject A  with      │ │
│ │                 spaces\n',                                               │ │
│ │                 [2m│   │   │   [0m'repo_path': '/tmp/fake-cache',              │ │
│ │                 [2m│   │   │   [0m'repo_url': 'file:///scope-repository.git',  │ │
│ │                 [2m│   │   │   [0m'cache_key':                                 │ │
│ │                 'd18bbd26e74e40198247c05ed1317744-scope-559aead08264d57… │ │
│ │                 [2m│   │   │   [0m'run_identity': [1m{[0m                            │ │
│ │                 [2m│   │   │   │   [0m'kind': <RunKind.FIRE: 'fire'>,          │ │
│ │                 [2m│   │   │   │   [0m'name': 'A',                             │ │
│ │                 [2m│   │   │   │   [0m'started_at': [1mdatetime.datetime[0m[1m([0m[1m2026[0m, [1m9[0m, │ │
│ │                 [1m12[0m, [1m13[0m, [1m47[0m, [1m19[0m, [1m887174[0m, tzinfo=datetime.timezone.utc[1m)[0m    │ │
│ │                 [2m│   │   │   [0m[1m}[0m,                                           │ │
│ │                 [2m│   │   │   [0m'workspace_path': [3mNone[0m,                      │ │
│ │                 [2m│   │   │   [0m'base_spec': [1m{[0m                               │ │
│ │                 [2m│   │   │   │   [0m'inputs': [1m([0m[1m)[0m,                            │ │
│ │                 [2m│   │   │   │   [0m'base_branch': 'trunk',                  │ │
│ │                 [2m│   │   │   │   [0m'base_role': [3mNone[0m                        │ │
│ │                 [2m│   │   │   [0m[1m}[0m,                                           │ │
│ │                 [2m│   │   │   [0m'permission_mode':                           │ │
│ │                 <PermissionMode.UNATTENDED: 'unattended'>,               │ │
│ │                 [2m│   │   │   [0m'allowed_tools': [1m[[0m                           │ │
│ │                 [2m│   │   │   │   [0m'Read',                                  │ │
│ │                 [2m│   │   │   │   [0m'Glob',                                  │ │
│ │                 [2m│   │   │   │   [0m'Grep',                                  │ │
│ │                 [2m│   │   │   │   [0m'Bash',                                  │ │
│ │                 [2m│   │   │   │   [0m'Edit',                                  │ │
│ │                 [2m│   │   │   │   [0m'Write'                                  │ │
│ │                 [2m│   │   │   [0m[1m][0m,                                           │ │
│ │                 [2m│   │   │   [0m'thread_id':                                 │ │
│ │                 'd18bbd26e74e40198247c05ed1317744-scope-559aead08264d57… │ │
│ │                 [2m│   │   │   [0m... +[1m11[0m                                      │ │
│ │                 [2m│   │   [0m[1m}[0m,                                               │ │
│ │                 [2m│   │   [0m'run_name': 'run_ralph_loop'                     │ │
│ │                 [2m│   [0m[1m}[0m,                                                   │ │
│ │                 [2m│   [0mtriggers=[1m([0m'branch:to:run_ralph_loop',[1m)[0m,              │ │
│ │                 [2m│   [0mretry_policy=[1m([0m                                       │ │
│ │                 [2m│   │   [0m[1mRetryPolicy[0m[1m([0m                                     │ │
│ │                 [2m│   │   │   [0minitial_interval=[1m0[0m[1m.1[0m,                        │ │
│ │                 [2m│   │   │   [0mbackoff_factor=[1m2[0m[1m.0[0m,                          │ │
│ │                 [2m│   │   │   [0mmax_interval=[1m128[0m[1m.0[0m,                          │ │
│ │                 [2m│   │   │   [0mmax_attempts=[1m1[0m,                              │ │
│ │                 [2m│   │   │   [0mjitter=[3mTrue[0m,                                 │ │
│ │                 [2m│   │   │   [0mretry_on=<function should_retry at           │ │
│ │                 [1m0x10dd98220[0m>                                             │ │
│ │                 [2m│   │   [0m[1m)[0m,                                               │ │
│ │                 [2m│   [0m[1m)[0m,                                                   │ │
│ │                 [2m│   [0mcache_key=[3mNone[0m,                                      │ │
│ │                 [2m│   [0mid='1311dd45-6297-4b7c-0a05-6260fe977149',           │ │
│ │                 [2m│   [0mpath=[1m([0m'__pregel_pull', 'run_ralph_loop'[1m)[0m,            │ │
│ │                 [2m│   [0mwriters=[1m[[0m                                            │ │
│ │                 [2m│   │   [0m                                                 │ │
│ │                 ChannelWrite<...,...,branch:to:merge_to_feature>[1m([0mtags=[3mN…[0m │ │
│ │                 recurse=[3mTrue[0m, explode_args=[3mFalse[0m,                        │ │
│ │                 func_accepts=[1m{[0m'config': [1m([0m'N/A', <class                   │ │
│ │                 'inspect._empty'>[1m)[0m[1m}[0m,                                     │ │
│ │                 writes=[1m([0m[1mChannelWriteTupleEntry[0m[1m([0mmapper=<function          │ │
│ │                 CompiledStateGraph.attach_node.<locals>._get_updates at  │ │
│ │                 [1m0x10e356b60[0m>, value=<object object at [1m0x10c656380[0m>,      │ │
│ │                 static=[3mNone[0m[1m)[0m, [1mChannelWriteTupleEntry[0m[1m([0mmapper=<function    │ │
│ │                 _control_branch at [1m0x10dd78c20[0m>, value=<object object at │ │
│ │                 [1m0x10c656380[0m[1m>[0m, static=[1m[[0m[1m][0m[1m)[0m,                                │ │
│ │                 [1mChannelWriteEntry[0m[1m([0mchannel='branch:to:merge_to_feature',  │ │
│ │                 value=[3mNone[0m, skip_none=[3mFalse[0m, mapper=[3mNone[0m[1m)[0m[1m)[0m[1m)[0m              │ │
│ │                 [2m│   [0m[1m][0m,                                                   │ │
│ │                 [2m│   [0msubgraphs=[1m[[0m[1m][0m                                         │ │
│ │                 [1m)[0m                                                        │ │
│ │         [3mtasks[0m = [1m([0m                                                        │ │
│ │                 [2m│   [0m[1mPregelExecutableTask[0m[1m([0m                                │ │
│ │                 [2m│   │   [0mname='run_ralph_loop',                           │ │
│ │                 [2m│   │   [0minput=[1m{[0m                                          │ │
│ │                 [2m│   │   │   [0m'issue_key': 'A',                            │ │
│ │                 [2m│   │   │   [0m'feature_branch':                            │ │
│ │                 'kodezart/test-branch-497863d3',                         │ │
│ │                 [2m│   │   │   [0m'ralph_branch':                              │ │
│ │                 'kodezart/test-branch-497863d3-ralph-7bf7f0b2',          │ │
│ │                 [2m│   │   │   [0m'work_base_ref': 'trunk',                    │ │
│ │                 [2m│   │   │   [0m'fire_spec': [1mTrackerSpec[0m[1m([0m                    │ │
│ │                 [2m│   │   │   │   [0msubject='A',                             │ │
│ │                 [2m│   │   │   │   [0mbody='Exact native subject A  with       │ │
│ │                 spaces\n',                                               │ │
│ │                 [2m│   │   │   │   [0mcriteria=[1m([0m'A/check',[1m)[0m,                   │ │
│ │                 [2m│   │   │   │   [0m                                         │ │
│ │                 read_at_version='2026-01-01T00:00:00+00:00'              │ │
│ │                 [2m│   │   │   [0m[1m)[0m,                                           │ │
│ │                 [2m│   │   │   [0m'acceptance_criteria': [1m[[0m[1m][0m,                   │ │
│ │                 [2m│   │   │   [0m'criterion_set': [1mTrackerCriterionSet[0m[1m([0m        │ │
│ │                 [2m│   │   │   │   [0mcriteria=[1m[[0m                               │ │
│ │                 [2m│   │   │   │   │   [0m[1mTrackerCriterion[0m[1m([0m                    │ │
│ │                 [2m│   │   │   │   │   │   [0mid='A/check',                    │ │
│ │                 [2m│   │   │   │   │   │   [0mtext='A live Check  bytes'       │ │
│ │                 [2m│   │   │   │   │   [0m[1m)[0m                                    │ │
│ │                 [2m│   │   │   │   [0m[1m][0m                                        │ │
│ │                 [2m│   │   │   [0m[1m)[0m,                                           │ │
│ │                 [2m│   │   │   [0m'criteria_validation': [3mNone[0m,                 │ │
│ │                 [2m│   │   │   [0m'criteria_regeneration_rounds': [1m0[0m,           │ │
│ │                 [2m│   │   │   [0m'criteria_infeasible': [3mFalse[0m,                │ │
│ │                 [2m│   │   │   [0m... +[1m17[0m                                      │ │
│ │                 [2m│   │   [0m[1m}[0m,                                               │ │
│ │                 [2m│   │   [0mproc=[1m<[0m[1mlanggraph._internal._runnable.RunnableSeq[0m  │ │
│ │                 object at [1m0x10e1b02c0[0m>,                                  │ │
│ │                 [2m│   │   [0mwrites=[1mdeque[0m[1m([0m[1m[[0m                                   │ │
│ │                 [2m│   │   │   [0m[1m([0m                                            │ │
│ │                 [2m│   │   │   │   [0m'__error__',                             │ │
│ │                 [2m│   │   │   │   [0m[1mNodeSessionObservationError[0m[1m([0m'native      │ │
│ │                 result has no observed session opening'[1m)[0m                 │ │
│ │                 [2m│   │   │   [0m[1m)[0m                                            │ │
│ │                 [2m│   │   [0m[1m][0m[1m)[0m,                                              │ │
│ │                 [2m│   │   [0mconfig=[1m{[0m                                         │ │
│ │                 [2m│   │   │   [0m'metadata': [1m{[0m                                │ │
│ │                 [2m│   │   │   │   [0m'scope_lane_request': [1m{[0m                  │ │
│ │                 [2m│   │   │   │   │   [0m'job':                               │ │
│ │                 'd18bbd26e74e40198247c05ed1317744',                      │ │
│ │                 [2m│   │   │   │   │   [0m'scope':                             │ │
│ │                 '{"kind":"project","key":"scoped-project"}',             │ │
│ │                 [2m│   │   │   │   │   [0m'issue': 'A',                        │ │
│ │                 [2m│   │   │   │   │   [0m'repo_url':                          │ │
│ │                 'file:///scope-repository.git',                          │ │
│ │                 [2m│   │   │   │   │   [0m'repo_path': '/tmp/fake-cache',      │ │
│ │                 [2m│   │   │   │   │   [0m'base':                              │ │
│ │                 '{"inputs":[],"base_branch":"trunk","base_role":null}'   │ │
│ │                 [2m│   │   │   │   [0m[1m}[0m,                                       │ │
│ │                 [2m│   │   │   │   [0m'scope_lane_run_identity': [1m{[0m             │ │
│ │                 [2m│   │   │   │   │   [0m'kind': 'fire',                      │ │
│ │                 [2m│   │   │   │   │   [0m'name': 'A',                         │ │
│ │                 [2m│   │   │   │   │   [0m'started_at':                        │ │
│ │                 '2026-09-12T13:47:19.887174Z'                            │ │
│ │                 [2m│   │   │   │   [0m[1m}[0m,                                       │ │
│ │                 [2m│   │   │   │   [0m'prompt': 'Exact native subject A  with  │ │
│ │                 spaces\n',                                               │ │
│ │                 [2m│   │   │   │   [0m'repo_path': '/tmp/fake-cache',          │ │
│ │                 [2m│   │   │   │   [0m'repo_url':                              │ │
│ │                 'file:///scope-repository.git',                          │ │
│ │                 [2m│   │   │   │   [0m'permission_mode':                       │ │
│ │                 <PermissionMode.UNATTENDED: 'unattended'>,               │ │
│ │                 [2m│   │   │   │   [0m'thread_id':                             │ │
│ │                 'd18bbd26e74e40198247c05ed1317744-scope-559aead08264d57… │ │
│ │                 [2m│   │   │   │   [0m'langgraph_step': [1m4[0m,                     │ │
│ │                 [2m│   │   │   │   [0m'langgraph_node': 'run_ralph_loop',      │ │
│ │                 [2m│   │   │   │   [0m'langgraph_triggers': [1m([0m                  │ │
│ │                 [2m│   │   │   │   │   [0m'branch:to:run_ralph_loop',          │ │
│ │                 [2m│   │   │   │   [0m[1m)[0m,                                       │ │
│ │                 [2m│   │   │   │   [0m... +[1m3[0m                                   │ │
│ │                 [2m│   │   │   [0m[1m}[0m,                                           │ │
│ │                 [2m│   │   │   [0m'callbacks':                                 │ │
│ │                 <langchain_core.callbacks.manager.AsyncCallbackManager   │ │
│ │                 object at [1m0x10e1b09b0[0m>,                                  │ │
│ │                 [2m│   │   │   [0m'configurable': [1m{[0m                            │ │
│ │                 [2m│   │   │   │   [0m'prompt': 'Exact native subject A  with  │ │
│ │                 spaces\n',                                               │ │
│ │                 [2m│   │   │   │   [0m'repo_path': '/tmp/fake-cache',          │ │
│ │                 [2m│   │   │   │   [0m'repo_url':                              │ │
│ │                 'file:///scope-repository.git',                          │ │
│ │                 [2m│   │   │   │   [0m'cache_key':                             │ │
│ │                 'd18bbd26e74e40198247c05ed1317744-scope-559aead08264d57… │ │
│ │                 [2m│   │   │   │   [0m'run_identity': [1m{[0m                        │ │
│ │                 [2m│   │   │   │   │   [0m'kind': <RunKind.FIRE: 'fire'>,      │ │
│ │                 [2m│   │   │   │   │   [0m'name': 'A',                         │ │
│ │                 [2m│   │   │   │   │   [0m'started_at':                        │ │
│ │                 [1mdatetime.datetime[0m[1m([0m[1m2026[0m, [1m9[0m, [1m12[0m, [1m13[0m, [1m47[0m, [1m19[0m, [1m887174[0m,       │ │
│ │                 tzinfo=datetime.timezone.utc[1m)[0m                            │ │
│ │                 [2m│   │   │   │   [0m[1m}[0m,                                       │ │
│ │                 [2m│   │   │   │   [0m'workspace_path': [3mNone[0m,                  │ │
│ │                 [2m│   │   │   │   [0m'base_spec': [1m{[0m                           │ │
│ │                 [2m│   │   │   │   │   [0m'inputs': [1m([0m[1m)[0m,                        │ │
│ │                 [2m│   │   │   │   │   [0m'base_branch': 'trunk',              │ │
│ │                 [2m│   │   │   │   │   [0m'base_role': [3mNone[0m                    │ │
│ │                 [2m│   │   │   │   [0m[1m}[0m,                                       │ │
│ │                 [2m│   │   │   │   [0m'permission_mode':                       │ │
│ │                 <PermissionMode.UNATTENDED: 'unattended'>,               │ │
│ │                 [2m│   │   │   │   [0m'allowed_tools': [1m[[0m                       │ │
│ │                 [2m│   │   │   │   │   [0m'Read',                              │ │
│ │                 [2m│   │   │   │   │   [0m'Glob',                              │ │
│ │                 [2m│   │   │   │   │   [0m'Grep',                              │ │
│ │                 [2m│   │   │   │   │   [0m'Bash',                              │ │
│ │                 [2m│   │   │   │   │   [0m'Edit',                              │ │
│ │                 [2m│   │   │   │   │   [0m'Write'                              │ │
│ │                 [2m│   │   │   │   [0m[1m][0m,                                       │ │
│ │                 [2m│   │   │   │   [0m'thread_id':                             │ │
│ │                 'd18bbd26e74e40198247c05ed1317744-scope-559aead08264d57… │ │
│ │                 [2m│   │   │   │   [0m... +[1m11[0m                                  │ │
│ │                 [2m│   │   │   [0m[1m}[0m,                                           │ │
│ │                 [2m│   │   │   [0m'run_name': 'run_ralph_loop'                 │ │
│ │                 [2m│   │   [0m[1m}[0m,                                               │ │
│ │                 [2m│   │   [0mtriggers=[1m([0m'branch:to:run_ralph_loop',[1m)[0m,          │ │
│ │                 [2m│   │   [0mretry_policy=[1m([0m                                   │ │
│ │                 [2m│   │   │   [0m[1mRetryPolicy[0m[1m([0m                                 │ │
│ │                 [2m│   │   │   │   [0minitial_interval=[1m0[0m[1m.1[0m,                    │ │
│ │                 [2m│   │   │   │   [0mbackoff_factor=[1m2[0m[1m.0[0m,                      │ │
│ │                 [2m│   │   │   │   [0mmax_interval=[1m128[0m[1m.0[0m,                      │ │
│ │                 [2m│   │   │   │   [0mmax_attempts=[1m1[0m,                          │ │
│ │                 [2m│   │   │   │   [0mjitter=[3mTrue[0m,                             │ │
│ │                 [2m│   │   │   │   [0mretry_on=<function should_retry at       │ │
│ │                 [1m0x10dd98220[0m>                                             │ │
│ │                 [2m│   │   │   [0m[1m)[0m,                                           │ │
│ │                 [2m│   │   [0m[1m)[0m,                                               │ │
│ │                 [2m│   │   [0mcache_key=[3mNone[0m,                                  │ │
│ │                 [2m│   │   [0mid='1311dd45-6297-4b7c-0a05-6260fe977149',       │ │
│ │                 [2m│   │   [0mpath=[1m([0m'__pregel_pull', 'run_ralph_loop'[1m)[0m,        │ │
│ │                 [2m│   │   [0mwriters=[1m[[0m                                        │ │
│ │                 [2m│   │   │   [0m                                             │ │
│ │                 ChannelWrite<...,...,branch:to:merge_to_feature>[1m([0mtags=[3mN…[0m │ │
│ │                 recurse=[3mTrue[0m, explode_args=[3mFalse[0m,                        │ │
│ │                 func_accepts=[1m{[0m'config': [1m([0m'N/A', <class                   │ │
│ │                 'inspect._empty'>[1m)[0m[1m}[0m,                                     │ │
│ │                 writes=[1m([0m[1mChannelWriteTupleEntry[0m[1m([0mmapper=<function          │ │
│ │                 CompiledStateGraph.attach_node.<locals>._get_updates at  │ │
│ │                 [1m0x10e356b60[0m>, value=<object object at [1m0x10c656380[0m>,      │ │
│ │                 static=[3mNone[0m[1m)[0m, [1mChannelWriteTupleEntry[0m[1m([0mmapper=<function    │ │
│ │                 _control_branch at [1m0x10dd78c20[0m>, value=<object object at │ │
│ │                 [1m0x10c656380[0m[1m>[0m, static=[1m[[0m[1m][0m[1m)[0m,                                │ │
│ │                 [1mChannelWriteEntry[0m[1m([0mchannel='branch:to:merge_to_feature',  │ │
│ │                 value=[3mNone[0m, skip_none=[3mFalse[0m, mapper=[3mNone[0m[1m)[0m[1m)[0m[1m)[0m              │ │
│ │                 [2m│   │   [0m[1m][0m,                                               │ │
│ │                 [2m│   │   [0msubgraphs=[1m[[0m[1m][0m                                     │ │
│ │                 [2m│   [0m[1m)[0m,                                                   │ │
│ │                 [1m)[0m                                                        │ │
│ │            [3mtb[0m = [1m<[0m[1mtraceback[0m object at [1m0x10e376a40[0m[1m>[0m                        │ │
│ │       [3mtimeout[0m = [3mNone[0m                                                     │ │
│ ╰──────────────────────────────────────────────────────────────────────────╯ │
│                                                                              │
│ [2m/private/tmp/kodezart-v03-recovery-scope-runtime/.venv/lib/python3.12/site-p[0m │
│ [2mackages/langgraph/pregel/[0m[1m_retry.py[0m:163 in arun_with_retry                    │
│                                                                              │
│   [2m160 [0m[2m│   │   │   │   [0m[2m# if successful, end[0m                                   │
│   [2m161 [0m[2m│   │   │   │   [0mbreak                                                  │
│   [2m162 [0m[2m│   │   │   [0melse:                                                      │
│ ❱ 163 [2m│   │   │   │   [0mreturn await task.proc.ainvoke(task.input, config)     │
│   [2m164 [0m[2m│   │   [0mexcept ParentCommand as exc:                                   │
│   [2m165 [0m[2m│   │   │   [0mns: str = config[CONF][CONFIG_KEY_CHECKPOINT_NS]           │
│   [2m166 [0m[2m│   │   │   [0mcmd = exc.args[0]                                          │
│                                                                              │
│ ╭───────────────────────────────── locals ─────────────────────────────────╮ │
│ │            [3mattempts[0m = [1m0[0m                                                  │ │
│ │              [3mconfig[0m = [1m{[0m                                                  │ │
│ │                       [2m│   [0m'metadata': [1m{[0m                                  │ │
│ │                       [2m│   │   [0m'scope_lane_request': [1m{[0m                    │ │
│ │                       [2m│   │   │   [0m'job':                                 │ │
│ │                       'd18bbd26e74e40198247c05ed1317744',                │ │
│ │                       [2m│   │   │   [0m'scope':                               │ │
│ │                       '{"kind":"project","key":"scoped-project"}',       │ │
│ │                       [2m│   │   │   [0m'issue': 'A',                          │ │
│ │                       [2m│   │   │   [0m'repo_url':                            │ │
│ │                       'file:///scope-repository.git',                    │ │
│ │                       [2m│   │   │   [0m'repo_path': '/tmp/fake-cache',        │ │
│ │                       [2m│   │   │   [0m'base':                                │ │
│ │                       '{"inputs":[],"base_branch":"trunk","base_role":n… │ │
│ │                       [2m│   │   [0m[1m}[0m,                                         │ │
│ │                       [2m│   │   [0m'scope_lane_run_identity': [1m{[0m               │ │
│ │                       [2m│   │   │   [0m'kind': 'fire',                        │ │
│ │                       [2m│   │   │   [0m'name': 'A',                           │ │
│ │                       [2m│   │   │   [0m'started_at':                          │ │
│ │                       '2026-09-12T13:47:19.887174Z'                      │ │
│ │                       [2m│   │   [0m[1m}[0m,                                         │ │
│ │                       [2m│   │   [0m'prompt': 'Exact native subject A  with    │ │
│ │                       spaces\n',                                         │ │
│ │                       [2m│   │   [0m'repo_path': '/tmp/fake-cache',            │ │
│ │                       [2m│   │   [0m'repo_url':                                │ │
│ │                       'file:///scope-repository.git',                    │ │
│ │                       [2m│   │   [0m'permission_mode':                         │ │
│ │                       [1m<[0m[1mPermissionMode.UNATTENDED:[0m 'unattended'>,         │ │
│ │                       [2m│   │   [0m'thread_id':                               │ │
│ │                       'd18bbd26e74e40198247c05ed1317744-scope-559aead08… │ │
│ │                       [2m│   │   [0m'langgraph_step': [1m4[0m,                       │ │
│ │                       [2m│   │   [0m'langgraph_node': 'run_ralph_loop',        │ │
│ │                       [2m│   │   [0m'langgraph_triggers': [1m([0m                    │ │
│ │                       [2m│   │   │   [0m'branch:to:run_ralph_loop',            │ │
│ │                       [2m│   │   [0m[1m)[0m,                                         │ │
│ │                       [2m│   │   [0m... +[1m3[0m                                     │ │
│ │                       [2m│   [0m[1m}[0m,                                             │ │
│ │                       [2m│   [0m'callbacks':                                   │ │
│ │                       <langchain_core.callbacks.manager.AsyncCallbackMa… │ │
│ │                       object at [1m0x10e1b09b0[0m>,                            │ │
│ │                       [2m│   [0m'configurable': [1m{[0m                              │ │
│ │                       [2m│   │   [0m'prompt': 'Exact native subject A  with    │ │
│ │                       spaces\n',                                         │ │
│ │                       [2m│   │   [0m'repo_path': '/tmp/fake-cache',            │ │
│ │                       [2m│   │   [0m'repo_url':                                │ │
│ │                       'file:///scope-repository.git',                    │ │
│ │                       [2m│   │   [0m'cache_key':                               │ │
│ │                       'd18bbd26e74e40198247c05ed1317744-scope-559aead08… │ │
│ │                       [2m│   │   [0m'run_identity': [1m{[0m                          │ │
│ │                       [2m│   │   │   [0m'kind': <RunKind.FIRE: 'fire'>,        │ │
│ │                       [2m│   │   │   [0m'name': 'A',                           │ │
│ │                       [2m│   │   │   [0m'started_at': [1mdatetime.datetime[0m[1m([0m[1m2026[0m,  │ │
│ │                       [1m9[0m, [1m12[0m, [1m13[0m, [1m47[0m, [1m19[0m, [1m887174[0m,                         │ │
│ │                       tzinfo=datetime.timezone.utc[1m)[0m                      │ │
│ │                       [2m│   │   [0m[1m}[0m,                                         │ │
│ │                       [2m│   │   [0m'workspace_path': [3mNone[0m,                    │ │
│ │                       [2m│   │   [0m'base_spec': [1m{[0m                             │ │
│ │                       [2m│   │   │   [0m'inputs': [1m([0m[1m)[0m,                          │ │
│ │                       [2m│   │   │   [0m'base_branch': 'trunk',                │ │
│ │                       [2m│   │   │   [0m'base_role': [3mNone[0m                      │ │
│ │                       [2m│   │   [0m[1m}[0m,                                         │ │
│ │                       [2m│   │   [0m'permission_mode':                         │ │
│ │                       <PermissionMode.UNATTENDED: 'unattended'[1m>[0m,         │ │
│ │                       [2m│   │   [0m'allowed_tools': [1m[[0m                         │ │
│ │                       [2m│   │   │   [0m'Read',                                │ │
│ │                       [2m│   │   │   [0m'Glob',                                │ │
│ │                       [2m│   │   │   [0m'Grep',                                │ │
│ │                       [2m│   │   │   [0m'Bash',                                │ │
│ │                       [2m│   │   │   [0m'Edit',                                │ │
│ │                       [2m│   │   │   [0m'Write'                                │ │
│ │                       [2m│   │   [0m[1m][0m,                                         │ │
│ │                       [2m│   │   [0m'thread_id':                               │ │
│ │                       'd18bbd26e74e40198247c05ed1317744-scope-559aead08… │ │
│ │                       [2m│   │   [0m... +[1m11[0m                                    │ │
│ │                       [2m│   [0m[1m}[0m,                                             │ │
│ │                       [2m│   [0m'run_name': 'run_ralph_loop'                   │ │
│ │                       [1m}[0m                                                  │ │
│ │        [3mconfigurable[0m = [1m{[0m                                                  │ │
│ │                       [2m│   [0m'__pregel_call': [1mfunctools.partial[0m[1m([0m[1m<[0m[1mfunction[0m   │ │
│ │                       _acall at [1m0x10dd6c860[0m>, <weakref at [1m0x10e368b30[0m;   │ │
│ │                       to 'PregelExecutableTask' at [1m0x10e184cb0[0m>,         │ │
│ │                       stream=[3mFalse[0m, retry_policy=[3mNone[0m, futures=<weakref  │ │
│ │                       at [1m0x10e369030[0m; to 'FuturesDict' at [1m0x10e368be0[0m>,  │ │
│ │                       schedule_task=<bound method                        │ │
│ │                       AsyncPregelLoop.aaccept_push of                    │ │
│ │                       <langgraph.pregel._loop.AsyncPregelLoop object at  │ │
│ │                       [1m0x10e1aff20[0m>>, submit=<weakref at [1m0x10e2b94d0[0m; to  │ │
│ │                       'AsyncBackgroundExecutor' at [1m0x10e1afb90[0m>,         │ │
│ │                       loop=<_UnixSelectorEventLoop running=[3mTrue[0m          │ │
│ │                       closed=[3mFalse[0m debug=[3mFalse[0m[1m>[0m[1m)[0m                         │ │
│ │                       [1m}[0m                                                  │ │
│ │ [3mmatch_cached_writes[0m = [3mNone[0m                                               │ │
│ │     [3mmatching_policy[0m = [3mNone[0m                                               │ │
│ │              [3mpolicy[0m = [1mRetryPolicy[0m[1m([0m                                       │ │
│ │                       [2m│   [0minitial_interval=[1m0[0m[1m.1[0m,                          │ │
│ │                       [2m│   [0mbackoff_factor=[1m2[0m[1m.0[0m,                            │ │
│ │                       [2m│   [0mmax_interval=[1m128[0m[1m.0[0m,                            │ │
│ │                       [2m│   [0mmax_attempts=[1m1[0m,                                │ │
│ │                       [2m│   [0mjitter=[3mTrue[0m,                                   │ │
│ │                       [2m│   [0mretry_on=[1m<[0m[1mfunction[0m should_retry at             │ │
│ │                       [1m0x10dd98220[0m[1m>[0m                                       │ │
│ │                       [1m)[0m                                                  │ │
│ │        [3mretry_policy[0m = [1m([0m                                                  │ │
│ │                       [2m│   [0m[1mRetryPolicy[0m[1m([0m                                   │ │
│ │                       [2m│   │   [0minitial_interval=[1m0[0m[1m.1[0m,                      │ │
│ │                       [2m│   │   [0mbackoff_factor=[1m2[0m[1m.0[0m,                        │ │
│ │                       [2m│   │   [0mmax_interval=[1m128[0m[1m.0[0m,                        │ │
│ │                       [2m│   │   [0mmax_attempts=[1m1[0m,                            │ │
│ │                       [2m│   │   [0mjitter=[3mTrue[0m,                               │ │
│ │                       [2m│   │   [0mretry_on=[1m<[0m[1mfunction[0m should_retry at         │ │
│ │                       [1m0x10dd98220[0m[1m>[0m                                       │ │
│ │                       [2m│   [0m[1m)[0m,                                             │ │
│ │                       [1m)[0m                                                  │ │
│ │              [3mstream[0m = [3mFalse[0m                                              │ │
│ │                [3mtask[0m = [1mPregelExecutableTask[0m[1m([0m                              │ │
│ │                       [2m│   [0mname='run_ralph_loop',                         │ │
│ │                       [2m│   [0minput=[1m{[0m                                        │ │
│ │                       [2m│   │   [0m'issue_key': 'A',                          │ │
│ │                       [2m│   │   [0m'feature_branch':                          │ │
│ │                       'kodezart/test-branch-497863d3',                   │ │
│ │                       [2m│   │   [0m'ralph_branch':                            │ │
│ │                       'kodezart/test-branch-497863d3-ralph-7bf7f0b2',    │ │
│ │                       [2m│   │   [0m'work_base_ref': 'trunk',                  │ │
│ │                       [2m│   │   [0m'fire_spec': [1mTrackerSpec[0m[1m([0m                  │ │
│ │                       [2m│   │   │   [0msubject='A',                           │ │
│ │                       [2m│   │   │   [0mbody='Exact native subject A  with     │ │
│ │                       spaces\n',                                         │ │
│ │                       [2m│   │   │   [0mcriteria=[1m([0m'A/check',[1m)[0m,                 │ │
│ │                       [2m│   │   │   [0m                                       │ │
│ │                       read_at_version='2026-01-01T00:00:00+00:00'        │ │
│ │                       [2m│   │   [0m[1m)[0m,                                         │ │
│ │                       [2m│   │   [0m'acceptance_criteria': [1m[[0m[1m][0m,                 │ │
│ │                       [2m│   │   [0m'criterion_set': [1mTrackerCriterionSet[0m[1m([0m      │ │
│ │                       [2m│   │   │   [0mcriteria=[1m[[0m                             │ │
│ │                       [2m│   │   │   │   [0m[1mTrackerCriterion[0m[1m([0m                  │ │
│ │                       [2m│   │   │   │   │   [0mid='A/check',                  │ │
│ │                       [2m│   │   │   │   │   [0mtext='A live Check  bytes'     │ │
│ │                       [2m│   │   │   │   [0m[1m)[0m                                  │ │
│ │                       [2m│   │   │   [0m[1m][0m                                      │ │
│ │                       [2m│   │   [0m[1m)[0m,                                         │ │
│ │                       [2m│   │   [0m'criteria_validation': [3mNone[0m,               │ │
│ │                       [2m│   │   [0m'criteria_regeneration_rounds': [1m0[0m,         │ │
│ │                       [2m│   │   [0m'criteria_infeasible': [3mFalse[0m,              │ │
│ │                       [2m│   │   [0m... +[1m17[0m                                    │ │
│ │                       [2m│   [0m[1m}[0m,                                             │ │
│ │                       [2m│   [0m                                               │ │
│ │                       proc=[1m<[0m[1mlanggraph._internal._runnable.RunnableSeq[0m    │ │
│ │                       object at [1m0x10e1b02c0[0m>,                            │ │
│ │                       [2m│   [0mwrites=[1mdeque[0m[1m([0m[1m[[0m                                 │ │
│ │                       [2m│   │   [0m[1m([0m                                          │ │
│ │                       [2m│   │   │   [0m'__error__',                           │ │
│ │                       [2m│   │   │   [0m[1mNodeSessionObservationError[0m[1m([0m'native    │ │
│ │                       result has no observed session opening'[1m)[0m           │ │
│ │                       [2m│   │   [0m[1m)[0m                                          │ │
│ │                       [2m│   [0m[1m][0m[1m)[0m,                                            │ │
│ │                       [2m│   [0mconfig=[1m{[0m                                       │ │
│ │                       [2m│   │   [0m'metadata': [1m{[0m                              │ │
│ │                       [2m│   │   │   [0m'scope_lane_request': [1m{[0m                │ │
│ │                       [2m│   │   │   │   [0m'job':                             │ │
│ │                       'd18bbd26e74e40198247c05ed1317744',                │ │
│ │                       [2m│   │   │   │   [0m'scope':                           │ │
│ │                       '{"kind":"project","key":"scoped-project"}',       │ │
│ │                       [2m│   │   │   │   [0m'issue': 'A',                      │ │
│ │                       [2m│   │   │   │   [0m'repo_url':                        │ │
│ │                       'file:///scope-repository.git',                    │ │
│ │                       [2m│   │   │   │   [0m'repo_path': '/tmp/fake-cache',    │ │
│ │                       [2m│   │   │   │   [0m'base':                            │ │
│ │                       '{"inputs":[],"base_branch":"trunk","base_role":n… │ │
│ │                       [2m│   │   │   [0m[1m}[0m,                                     │ │
│ │                       [2m│   │   │   [0m'scope_lane_run_identity': [1m{[0m           │ │
│ │                       [2m│   │   │   │   [0m'kind': 'fire',                    │ │
│ │                       [2m│   │   │   │   [0m'name': 'A',                       │ │
│ │                       [2m│   │   │   │   [0m'started_at':                      │ │
│ │                       '2026-09-12T13:47:19.887174Z'                      │ │
│ │                       [2m│   │   │   [0m[1m}[0m,                                     │ │
│ │                       [2m│   │   │   [0m'prompt': 'Exact native subject A      │ │
│ │                       with spaces\n',                                    │ │
│ │                       [2m│   │   │   [0m'repo_path': '/tmp/fake-cache',        │ │
│ │                       [2m│   │   │   [0m'repo_url':                            │ │
│ │                       'file:///scope-repository.git',                    │ │
│ │                       [2m│   │   │   [0m'permission_mode':                     │ │
│ │                       <PermissionMode.UNATTENDED: 'unattended'>,         │ │
│ │                       [2m│   │   │   [0m'thread_id':                           │ │
│ │                       'd18bbd26e74e40198247c05ed1317744-scope-559aead08… │ │
│ │                       [2m│   │   │   [0m'langgraph_step': [1m4[0m,                   │ │
│ │                       [2m│   │   │   [0m'langgraph_node': 'run_ralph_loop',    │ │
│ │                       [2m│   │   │   [0m'langgraph_triggers': [1m([0m                │ │
│ │                       [2m│   │   │   │   [0m'branch:to:run_ralph_loop',        │ │
│ │                       [2m│   │   │   [0m[1m)[0m,                                     │ │
│ │                       [2m│   │   │   [0m... +[1m3[0m                                 │ │
│ │                       [2m│   │   [0m[1m}[0m,                                         │ │
│ │                       [2m│   │   [0m'callbacks':                               │ │
│ │                       <langchain_core.callbacks.manager.AsyncCallbackMa… │ │
│ │                       object at [1m0x10e1b09b0[0m>,                            │ │
│ │                       [2m│   │   [0m'configurable': [1m{[0m                          │ │
│ │                       [2m│   │   │   [0m'prompt': 'Exact native subject A      │ │
│ │                       with spaces\n',                                    │ │
│ │                       [2m│   │   │   [0m'repo_path': '/tmp/fake-cache',        │ │
│ │                       [2m│   │   │   [0m'repo_url':                            │ │
│ │                       'file:///scope-repository.git',                    │ │
│ │                       [2m│   │   │   [0m'cache_key':                           │ │
│ │                       'd18bbd26e74e40198247c05ed1317744-scope-559aead08… │ │
│ │                       [2m│   │   │   [0m'run_identity': [1m{[0m                      │ │
│ │                       [2m│   │   │   │   [0m'kind': <RunKind.FIRE: 'fire'>,    │ │
│ │                       [2m│   │   │   │   [0m'name': 'A',                       │ │
│ │                       [2m│   │   │   │   [0m'started_at':                      │ │
│ │                       [1mdatetime.datetime[0m[1m([0m[1m2026[0m, [1m9[0m, [1m12[0m, [1m13[0m, [1m47[0m, [1m19[0m, [1m887174[0m, │ │
│ │                       tzinfo=datetime.timezone.utc[1m)[0m                      │ │
│ │                       [2m│   │   │   [0m[1m}[0m,                                     │ │
│ │                       [2m│   │   │   [0m'workspace_path': [3mNone[0m,                │ │
│ │                       [2m│   │   │   [0m'base_spec': [1m{[0m                         │ │
│ │                       [2m│   │   │   │   [0m'inputs': [1m([0m[1m)[0m,                      │ │
│ │                       [2m│   │   │   │   [0m'base_branch': 'trunk',            │ │
│ │                       [2m│   │   │   │   [0m'base_role': [3mNone[0m                  │ │
│ │                       [2m│   │   │   [0m[1m}[0m,                                     │ │
│ │                       [2m│   │   │   [0m'permission_mode':                     │ │
│ │                       <PermissionMode.UNATTENDED: 'unattended'>,         │ │
│ │                       [2m│   │   │   [0m'allowed_tools': [1m[[0m                     │ │
│ │                       [2m│   │   │   │   [0m'Read',                            │ │
│ │                       [2m│   │   │   │   [0m'Glob',                            │ │
│ │                       [2m│   │   │   │   [0m'Grep',                            │ │
│ │                       [2m│   │   │   │   [0m'Bash',                            │ │
│ │                       [2m│   │   │   │   [0m'Edit',                            │ │
│ │                       [2m│   │   │   │   [0m'Write'                            │ │
│ │                       [2m│   │   │   [0m[1m][0m,                                     │ │
│ │                       [2m│   │   │   [0m'thread_id':                           │ │
│ │                       'd18bbd26e74e40198247c05ed1317744-scope-559aead08… │ │
│ │                       [2m│   │   │   [0m... +[1m11[0m                                │ │
│ │                       [2m│   │   [0m[1m}[0m,                                         │ │
│ │                       [2m│   │   [0m'run_name': 'run_ralph_loop'               │ │
│ │                       [2m│   [0m[1m}[0m,                                             │ │
│ │                       [2m│   [0mtriggers=[1m([0m'branch:to:run_ralph_loop',[1m)[0m,        │ │
│ │                       [2m│   [0mretry_policy=[1m([0m                                 │ │
│ │                       [2m│   │   [0m[1mRetryPolicy[0m[1m([0m                               │ │
│ │                       [2m│   │   │   [0minitial_interval=[1m0[0m[1m.1[0m,                  │ │
│ │                       [2m│   │   │   [0mbackoff_factor=[1m2[0m[1m.0[0m,                    │ │
│ │                       [2m│   │   │   [0mmax_interval=[1m128[0m[1m.0[0m,                    │ │
│ │                       [2m│   │   │   [0mmax_attempts=[1m1[0m,                        │ │
│ │                       [2m│   │   │   [0mjitter=[3mTrue[0m,                           │ │
│ │                       [2m│   │   │   [0mretry_on=<function should_retry at     │ │
│ │                       [1m0x10dd98220[0m>                                       │ │
│ │                       [2m│   │   [0m[1m)[0m,                                         │ │
│ │                       [2m│   [0m[1m)[0m,                                             │ │
│ │                       [2m│   [0mcache_key=[3mNone[0m,                                │ │
│ │                       [2m│   [0mid='1311dd45-6297-4b7c-0a05-6260fe977149',     │ │
│ │                       [2m│   [0mpath=[1m([0m'__pregel_pull', 'run_ralph_loop'[1m)[0m,      │ │
│ │                       [2m│   [0mwriters=[1m[[0m                                      │ │
│ │                       [2m│   │   [0m                                           │ │
│ │                       ChannelWrite<...,...,branch:to:merge_to_feature>[1m([0m… │ │
│ │                       recurse=[3mTrue[0m, explode_args=[3mFalse[0m,                  │ │
│ │                       func_accepts=[1m{[0m'config': [1m([0m'N/A', <class             │ │
│ │                       'inspect._empty'>[1m)[0m[1m}[0m,                               │ │
│ │                       writes=[1m([0m[1mChannelWriteTupleEntry[0m[1m([0mmapper=<function    │ │
│ │                       CompiledStateGraph.attach_node.<locals>._get_upda… │ │
│ │                       at [1m0x10e356b60[0m>, value=<object object at           │ │
│ │                       [1m0x10c656380[0m>, static=[3mNone[0m[1m)[0m,                        │ │
│ │                       [1mChannelWriteTupleEntry[0m[1m([0mmapper=<function            │ │
│ │                       _control_branch at [1m0x10dd78c20[0m>, value=<object     │ │
│ │                       object at [1m0x10c656380[0m[1m>[0m, static=[1m[[0m[1m][0m[1m)[0m,                │ │
│ │                       [1mChannelWriteEntry[0m[1m([0mchannel='branch:to:merge_to_fea… │ │
│ │                       value=[3mNone[0m, skip_none=[3mFalse[0m, mapper=[3mNone[0m[1m)[0m[1m)[0m[1m)[0m        │ │
│ │                       [2m│   [0m[1m][0m,                                             │ │
│ │                       [2m│   [0msubgraphs=[1m[[0m[1m][0m                                   │ │
│ │                       [1m)[0m                                                  │ │
│ ╰──────────────────────────────────────────────────────────────────────────╯ │
│                                                                              │
│ [2m/private/tmp/kodezart-v03-recovery-scope-runtime/.venv/lib/python3.12/site-p[0m │
│ [2mackages/langgraph/_internal/[0m[1m_runnable.py[0m:705 in ainvoke                      │
│                                                                              │
│   [2m702 [0m[2m│   │   │   │   │   │   │   [0mrun = None                                 │
│   [2m703 [0m[2m│   │   │   │   │   │   [0m[2m# run in context[0m                               │
│   [2m704 [0m[2m│   │   │   │   │   │   [0mwith set_config_context(config, run) as contex │
│ ❱ 705 [2m│   │   │   │   │   │   │   [0minput = await asyncio.create_task(         │
│   [2m706 [0m[2m│   │   │   │   │   │   │   │   [0mstep.ainvoke(input, config, **kwargs), │
│   [2m707 [0m[2m│   │   │   │   │   │   │   [0m)                                          │
│   [2m708 [0m[2m│   │   │   │   │   [0melse:                                              │
│                                                                              │
│ ╭───────────────────────────────── locals ─────────────────────────────────╮ │
│ │ [3mcallback_manager[0m = [1m<[0m[1mlangchain_core.callbacks.manager.AsyncCallbackManag…[0m │ │
│ │                    object at [1m0x10e1b09b0[0m[1m>[0m                                │ │
│ │           [3mconfig[0m = [1m{[0m                                                     │ │
│ │                    [2m│   [0m'metadata': [1m{[0m                                     │ │
│ │                    [2m│   │   [0m'scope_lane_request': [1m{[0m                       │ │
│ │                    [2m│   │   │   [0m'job':                                    │ │
│ │                    'd18bbd26e74e40198247c05ed1317744',                   │ │
│ │                    [2m│   │   │   [0m'scope':                                  │ │
│ │                    '{"kind":"project","key":"scoped-project"}',          │ │
│ │                    [2m│   │   │   [0m'issue': 'A',                             │ │
│ │                    [2m│   │   │   [0m'repo_url':                               │ │
│ │                    'file:///scope-repository.git',                       │ │
│ │                    [2m│   │   │   [0m'repo_path': '/tmp/fake-cache',           │ │
│ │                    [2m│   │   │   [0m'base':                                   │ │
│ │                    '{"inputs":[],"base_branch":"trunk","base_role":null… │ │
│ │                    [2m│   │   [0m[1m}[0m,                                            │ │
│ │                    [2m│   │   [0m'scope_lane_run_identity': [1m{[0m                  │ │
│ │                    [2m│   │   │   [0m'kind': 'fire',                           │ │
│ │                    [2m│   │   │   [0m'name': 'A',                              │ │
│ │                    [2m│   │   │   [0m'started_at':                             │ │
│ │                    '2026-09-12T13:47:19.887174Z'                         │ │
│ │                    [2m│   │   [0m[1m}[0m,                                            │ │
│ │                    [2m│   │   [0m'prompt': 'Exact native subject A  with       │ │
│ │                    spaces\n',                                            │ │
│ │                    [2m│   │   [0m'repo_path': '/tmp/fake-cache',               │ │
│ │                    [2m│   │   [0m'repo_url': 'file:///scope-repository.git',   │ │
│ │                    [2m│   │   [0m'permission_mode':                            │ │
│ │                    [1m<[0m[1mPermissionMode.UNATTENDED:[0m 'unattended'>,            │ │
│ │                    [2m│   │   [0m'thread_id':                                  │ │
│ │                    'd18bbd26e74e40198247c05ed1317744-scope-559aead08264… │ │
│ │                    [2m│   │   [0m'langgraph_step': [1m4[0m,                          │ │
│ │                    [2m│   │   [0m'langgraph_node': 'run_ralph_loop',           │ │
│ │                    [2m│   │   [0m'langgraph_triggers': [1m([0m                       │ │
│ │                    [2m│   │   │   [0m'branch:to:run_ralph_loop',               │ │
│ │                    [2m│   │   [0m[1m)[0m,                                            │ │
│ │                    [2m│   │   [0m... +[1m3[0m                                        │ │
│ │                    [2m│   [0m[1m}[0m,                                                │ │
│ │                    [2m│   [0m'callbacks':                                      │ │
│ │                    <langchain_core.callbacks.manager.AsyncCallbackManag… │ │
│ │                    object at [1m0x10e1b0470[0m>,                               │ │
│ │                    [2m│   [0m'configurable': [1m{[0m                                 │ │
│ │                    [2m│   │   [0m'prompt': 'Exact native subject A  with       │ │
│ │                    spaces\n',                                            │ │
│ │                    [2m│   │   [0m'repo_path': '/tmp/fake-cache',               │ │
│ │                    [2m│   │   [0m'repo_url': 'file:///scope-repository.git',   │ │
│ │                    [2m│   │   [0m'cache_key':                                  │ │
│ │                    'd18bbd26e74e40198247c05ed1317744-scope-559aead08264… │ │
│ │                    [2m│   │   [0m'run_identity': [1m{[0m                             │ │
│ │                    [2m│   │   │   [0m'kind': <RunKind.FIRE: 'fire'>,           │ │
│ │                    [2m│   │   │   [0m'name': 'A',                              │ │
│ │                    [2m│   │   │   [0m'started_at': [1mdatetime.datetime[0m[1m([0m[1m2026[0m, [1m9[0m,  │ │
│ │                    [1m12[0m, [1m13[0m, [1m47[0m, [1m19[0m, [1m887174[0m, tzinfo=datetime.timezone.utc[1m)[0m │ │
│ │                    [2m│   │   [0m[1m}[0m,                                            │ │
│ │                    [2m│   │   [0m'workspace_path': [3mNone[0m,                       │ │
│ │                    [2m│   │   [0m'base_spec': [1m{[0m                                │ │
│ │                    [2m│   │   │   [0m'inputs': [1m([0m[1m)[0m,                             │ │
│ │                    [2m│   │   │   [0m'base_branch': 'trunk',                   │ │
│ │                    [2m│   │   │   [0m'base_role': [3mNone[0m                         │ │
│ │                    [2m│   │   [0m[1m}[0m,                                            │ │
│ │                    [2m│   │   [0m'permission_mode':                            │ │
│ │                    <PermissionMode.UNATTENDED: 'unattended'[1m>[0m,            │ │
│ │                    [2m│   │   [0m'allowed_tools': [1m[[0m                            │ │
│ │                    [2m│   │   │   [0m'Read',                                   │ │
│ │                    [2m│   │   │   [0m'Glob',                                   │ │
│ │                    [2m│   │   │   [0m'Grep',                                   │ │
│ │                    [2m│   │   │   [0m'Bash',                                   │ │
│ │                    [2m│   │   │   [0m'Edit',                                   │ │
│ │                    [2m│   │   │   [0m'Write'                                   │ │
│ │                    [2m│   │   [0m[1m][0m,                                            │ │
│ │                    [2m│   │   [0m'thread_id':                                  │ │
│ │                    'd18bbd26e74e40198247c05ed1317744-scope-559aead08264… │ │
│ │                    [2m│   │   [0m... +[1m11[0m                                       │ │
│ │                    [2m│   [0m[1m}[0m                                                 │ │
│ │                    [1m}[0m                                                     │ │
│ │          [3mcontext[0m = [1m<[0m[1m_contextvars.Context[0m object at [1m0x10e34c900[0m[1m>[0m          │ │
│ │                [3mi[0m = [1m0[0m                                                     │ │
│ │            [3minput[0m = [1m{[0m                                                     │ │
│ │                    [2m│   [0m'issue_key': 'A',                                 │ │
│ │                    [2m│   [0m'feature_branch':                                 │ │
│ │                    'kodezart/test-branch-497863d3',                      │ │
│ │                    [2m│   [0m'ralph_branch':                                   │ │
│ │                    'kodezart/test-branch-497863d3-ralph-7bf7f0b2',       │ │
│ │                    [2m│   [0m'work_base_ref': 'trunk',                         │ │
│ │                    [2m│   [0m'fire_spec': [1mTrackerSpec[0m[1m([0m                         │ │
│ │                    [2m│   │   [0msubject='A',                                  │ │
│ │                    [2m│   │   [0mbody='Exact native subject A  with spaces\n', │ │
│ │                    [2m│   │   [0mcriteria=[1m([0m'A/check',[1m)[0m,                        │ │
│ │                    [2m│   │   [0mread_at_version='2026-01-01T00:00:00+00:00'   │ │
│ │                    [2m│   [0m[1m)[0m,                                                │ │
│ │                    [2m│   [0m'acceptance_criteria': [1m[[0m[1m][0m,                        │ │
│ │                    [2m│   [0m'criterion_set': [1mTrackerCriterionSet[0m[1m([0m             │ │
│ │                    [2m│   │   [0mcriteria=[1m[[0m                                    │ │
│ │                    [2m│   │   │   [0m[1mTrackerCriterion[0m[1m([0m                         │ │
│ │                    [2m│   │   │   │   [0mid='A/check',                         │ │
│ │                    [2m│   │   │   │   [0mtext='A live Check  bytes'            │ │
│ │                    [2m│   │   │   [0m[1m)[0m                                         │ │
│ │                    [2m│   │   [0m[1m][0m                                             │ │
│ │                    [2m│   [0m[1m)[0m,                                                │ │
│ │                    [2m│   [0m'criteria_validation': [3mNone[0m,                      │ │
│ │                    [2m│   [0m'criteria_regeneration_rounds': [1m0[0m,                │ │
│ │                    [2m│   [0m'criteria_infeasible': [3mFalse[0m,                     │ │
│ │                    [2m│   [0m... +[1m17[0m                                           │ │
│ │                    [1m}[0m                                                     │ │
│ │           [3mkwargs[0m = [1m{[0m[1m}[0m                                                    │ │
│ │              [3mrun[0m = [3mNone[0m                                                  │ │
│ │      [3mrun_manager[0m = [1m<[0m[1mlangchain_core.callbacks.manager.AsyncCallbackManag…[0m │ │
│ │                    object at [1m0x10e1b0230[0m[1m>[0m                                │ │
│ │             [3mself[0m = [1m<[0m[1mlanggraph._internal._runnable.RunnableSeq[0m object at  │ │
│ │                    [1m0x10e1b02c0[0m[1m>[0m                                          │ │
│ │             [3mstep[0m = [1mrun_ralph_loop[0m[1m([0mtags=[3mNone[0m, recurse=[3mTrue[0m,               │ │
│ │                    explode_args=[3mFalse[0m, func_accepts=[1m{[0m'config': [1m([0m'N/A',   │ │
│ │                    [1m<[0m[1mclass[0m 'inspect._empty'[1m>[0m[1m)[0m[1m}[0m[1m)[0m                           │ │
│ ╰──────────────────────────────────────────────────────────────────────────╯ │
│                                                                              │
│ [2m/private/tmp/kodezart-v03-recovery-scope-runtime/.venv/lib/python3.12/site-p[0m │
│ [2mackages/langgraph/_internal/[0m[1m_runnable.py[0m:473 in ainvoke                      │
│                                                                              │
│   [2m470 [0m[2m│   │   │   [0melse:                                                      │
│   [2m471 [0m[2m│   │   │   │   [0mawait run_manager.on_chain_end(ret)                    │
│   [2m472 [0m[2m│   │   [0melse:                                                          │
│ ❱ 473 [2m│   │   │   [0mret = [1;4mawait[0m[1;4m [0m[1;4mself[0m[1;4m.afunc(*args, **kwargs)[0m                    │
│   [2m474 [0m[2m│   │   [0mif self.recurse and isinstance(ret, Runnable):                 │
│   [2m475 [0m[2m│   │   │   [0mreturn await ret.ainvoke(input, config)                    │
│   [2m476 [0m[2m│   │   [0mreturn ret                                                     │
│                                                                              │
│ ╭───────────────────────────────── locals ─────────────────────────────────╮ │
│ │        [3margs[0m = [1m([0m                                                          │ │
│ │               [2m│   [0m[1m{[0m                                                      │ │
│ │               [2m│   │   [0m'issue_key': 'A',                                  │ │
│ │               [2m│   │   [0m'feature_branch': 'kodezart/test-branch-497863d3', │ │
│ │               [2m│   │   [0m'ralph_branch':                                    │ │
│ │               'kodezart/test-branch-497863d3-ralph-7bf7f0b2',            │ │
│ │               [2m│   │   [0m'work_base_ref': 'trunk',                          │ │
│ │               [2m│   │   [0m'fire_spec': [1mTrackerSpec[0m[1m([0m                          │ │
│ │               [2m│   │   │   [0msubject='A',                                   │ │
│ │               [2m│   │   │   [0mbody='Exact native subject A  with spaces\n',  │ │
│ │               [2m│   │   │   [0mcriteria=[1m([0m'A/check',[1m)[0m,                         │ │
│ │               [2m│   │   │   [0mread_at_version='2026-01-01T00:00:00+00:00'    │ │
│ │               [2m│   │   [0m[1m)[0m,                                                 │ │
│ │               [2m│   │   [0m'acceptance_criteria': [1m[[0m[1m][0m,                         │ │
│ │               [2m│   │   [0m'criterion_set': [1mTrackerCriterionSet[0m[1m([0m              │ │
│ │               [2m│   │   │   [0mcriteria=[1m[[0m                                     │ │
│ │               [2m│   │   │   │   [0m[1mTrackerCriterion[0m[1m([0m                          │ │
│ │               [2m│   │   │   │   │   [0mid='A/check',                          │ │
│ │               [2m│   │   │   │   │   [0mtext='A live Check  bytes'             │ │
│ │               [2m│   │   │   │   [0m[1m)[0m                                          │ │
│ │               [2m│   │   │   [0m[1m][0m                                              │ │
│ │               [2m│   │   [0m[1m)[0m,                                                 │ │
│ │               [2m│   │   [0m'criteria_validation': [3mNone[0m,                       │ │
│ │               [2m│   │   [0m'criteria_regeneration_rounds': [1m0[0m,                 │ │
│ │               [2m│   │   [0m'criteria_infeasible': [3mFalse[0m,                      │ │
│ │               [2m│   │   [0m... +[1m17[0m                                            │ │
│ │               [2m│   [0m[1m}[0m,                                                     │ │
│ │               [1m)[0m                                                          │ │
│ │      [3mconfig[0m = [1m{[0m                                                          │ │
│ │               [2m│   [0m'metadata': [1m{[0m                                          │ │
│ │               [2m│   │   [0m'scope_lane_request': [1m{[0m                            │ │
│ │               [2m│   │   │   [0m'job': 'd18bbd26e74e40198247c05ed1317744',     │ │
│ │               [2m│   │   │   [0m'scope':                                       │ │
│ │               '{"kind":"project","key":"scoped-project"}',               │ │
│ │               [2m│   │   │   [0m'issue': 'A',                                  │ │
│ │               [2m│   │   │   [0m'repo_url': 'file:///scope-repository.git',    │ │
│ │               [2m│   │   │   [0m'repo_path': '/tmp/fake-cache',                │ │
│ │               [2m│   │   │   [0m'base':                                        │ │
│ │               '{"inputs":[],"base_branch":"trunk","base_role":null}'     │ │
│ │               [2m│   │   [0m[1m}[0m,                                                 │ │
│ │               [2m│   │   [0m'scope_lane_run_identity': [1m{[0m                       │ │
│ │               [2m│   │   │   [0m'kind': 'fire',                                │ │
│ │               [2m│   │   │   [0m'name': 'A',                                   │ │
│ │               [2m│   │   │   [0m'started_at': '2026-09-12T13:47:19.887174Z'    │ │
│ │               [2m│   │   [0m[1m}[0m,                                                 │ │
│ │               [2m│   │   [0m'prompt': 'Exact native subject A  with spaces\n', │ │
│ │               [2m│   │   [0m'repo_path': '/tmp/fake-cache',                    │ │
│ │               [2m│   │   [0m'repo_url': 'file:///scope-repository.git',        │ │
│ │               [2m│   │   [0m'permission_mode': [1m<[0m[1mPermissionMode.UNATTENDED:[0m     │ │
│ │               'unattended'>,                                             │ │
│ │               [2m│   │   [0m'thread_id':                                       │ │
│ │               'd18bbd26e74e40198247c05ed1317744-scope-559aead08264d5795… │ │
│ │               [2m│   │   [0m'langgraph_step': [1m4[0m,                               │ │
│ │               [2m│   │   [0m'langgraph_node': 'run_ralph_loop',                │ │
│ │               [2m│   │   [0m'langgraph_triggers': [1m([0m                            │ │
│ │               [2m│   │   │   [0m'branch:to:run_ralph_loop',                    │ │
│ │               [2m│   │   [0m[1m)[0m,                                                 │ │
│ │               [2m│   │   [0m... +[1m3[0m                                             │ │
│ │               [2m│   [0m[1m}[0m,                                                     │ │
│ │               [2m│   [0m'callbacks':                                           │ │
│ │               <langchain_core.callbacks.manager.AsyncCallbackManager     │ │
│ │               object at [1m0x10e1b0470[0m>,                                    │ │
│ │               [2m│   [0m'configurable': [1m{[0m                                      │ │
│ │               [2m│   │   [0m'prompt': 'Exact native subject A  with spaces\n', │ │
│ │               [2m│   │   [0m'repo_path': '/tmp/fake-cache',                    │ │
│ │               [2m│   │   [0m'repo_url': 'file:///scope-repository.git',        │ │
│ │               [2m│   │   [0m'cache_key':                                       │ │
│ │               'd18bbd26e74e40198247c05ed1317744-scope-559aead08264d5795… │ │
│ │               [2m│   │   [0m'run_identity': [1m{[0m                                  │ │
│ │               [2m│   │   │   [0m'kind': <RunKind.FIRE: 'fire'>,                │ │
│ │               [2m│   │   │   [0m'name': 'A',                                   │ │
│ │               [2m│   │   │   [0m'started_at': [1mdatetime.datetime[0m[1m([0m[1m2026[0m, [1m9[0m, [1m12[0m,   │ │
│ │               [1m13[0m, [1m47[0m, [1m19[0m, [1m887174[0m, tzinfo=datetime.timezone.utc[1m)[0m          │ │
│ │               [2m│   │   [0m[1m}[0m,                                                 │ │
│ │               [2m│   │   [0m'workspace_path': [3mNone[0m,                            │ │
│ │               [2m│   │   [0m'base_spec': [1m{[0m                                     │ │
│ │               [2m│   │   │   [0m'inputs': [1m([0m[1m)[0m,                                  │ │
│ │               [2m│   │   │   [0m'base_branch': 'trunk',                        │ │
│ │               [2m│   │   │   [0m'base_role': [3mNone[0m                              │ │
│ │               [2m│   │   [0m[1m}[0m,                                                 │ │
│ │               [2m│   │   [0m'permission_mode': <PermissionMode.UNATTENDED:     │ │
│ │               'unattended'[1m>[0m,                                             │ │
│ │               [2m│   │   [0m'allowed_tools': [1m[[0m                                 │ │
│ │               [2m│   │   │   [0m'Read',                                        │ │
│ │               [2m│   │   │   [0m'Glob',                                        │ │
│ │               [2m│   │   │   [0m'Grep',                                        │ │
│ │               [2m│   │   │   [0m'Bash',                                        │ │
│ │               [2m│   │   │   [0m'Edit',                                        │ │
│ │               [2m│   │   │   [0m'Write'                                        │ │
│ │               [2m│   │   [0m[1m][0m,                                                 │ │
│ │               [2m│   │   [0m'thread_id':                                       │ │
│ │               'd18bbd26e74e40198247c05ed1317744-scope-559aead08264d5795… │ │
│ │               [2m│   │   [0m... +[1m11[0m                                            │ │
│ │               [2m│   [0m[1m}[0m                                                      │ │
│ │               [1m}[0m                                                          │ │
│ │       [3minput[0m = [1m{[0m                                                          │ │
│ │               [2m│   [0m'issue_key': 'A',                                      │ │
│ │               [2m│   [0m'feature_branch': 'kodezart/test-branch-497863d3',     │ │
│ │               [2m│   [0m'ralph_branch':                                        │ │
│ │               'kodezart/test-branch-497863d3-ralph-7bf7f0b2',            │ │
│ │               [2m│   [0m'work_base_ref': 'trunk',                              │ │
│ │               [2m│   [0m'fire_spec': [1mTrackerSpec[0m[1m([0m                              │ │
│ │               [2m│   │   [0msubject='A',                                       │ │
│ │               [2m│   │   [0mbody='Exact native subject A  with spaces\n',      │ │
│ │               [2m│   │   [0mcriteria=[1m([0m'A/check',[1m)[0m,                             │ │
│ │               [2m│   │   [0mread_at_version='2026-01-01T00:00:00+00:00'        │ │
│ │               [2m│   [0m[1m)[0m,                                                     │ │
│ │               [2m│   [0m'acceptance_criteria': [1m[[0m[1m][0m,                             │ │
│ │               [2m│   [0m'criterion_set': [1mTrackerCriterionSet[0m[1m([0m                  │ │
│ │               [2m│   │   [0mcriteria=[1m[[0m                                         │ │
│ │               [2m│   │   │   [0m[1mTrackerCriterion[0m[1m([0m                              │ │
│ │               [2m│   │   │   │   [0mid='A/check',                              │ │
│ │               [2m│   │   │   │   [0mtext='A live Check  bytes'                 │ │
│ │               [2m│   │   │   [0m[1m)[0m                                              │ │
│ │               [2m│   │   [0m[1m][0m                                                  │ │
│ │               [2m│   [0m[1m)[0m,                                                     │ │
│ │               [2m│   [0m'criteria_validation': [3mNone[0m,                           │ │
│ │               [2m│   [0m'criteria_regeneration_rounds': [1m0[0m,                     │ │
│ │               [2m│   [0m'criteria_infeasible': [3mFalse[0m,                          │ │
│ │               [2m│   [0m... +[1m17[0m                                                │ │
│ │               [1m}[0m                                                          │ │
│ │          [3mkw[0m = 'config'                                                   │ │
│ │    [3mkw_value[0m = [1m{[0m                                                          │ │
│ │               [2m│   [0m'metadata': [1m{[0m                                          │ │
│ │               [2m│   │   [0m'scope_lane_request': [1m{[0m                            │ │
│ │               [2m│   │   │   [0m'job': 'd18bbd26e74e40198247c05ed1317744',     │ │
│ │               [2m│   │   │   [0m'scope':                                       │ │
│ │               '{"kind":"project","key":"scoped-project"}',               │ │
│ │               [2m│   │   │   [0m'issue': 'A',                                  │ │
│ │               [2m│   │   │   [0m'repo_url': 'file:///scope-repository.git',    │ │
│ │               [2m│   │   │   [0m'repo_path': '/tmp/fake-cache',                │ │
│ │               [2m│   │   │   [0m'base':                                        │ │
│ │               '{"inputs":[],"base_branch":"trunk","base_role":null}'     │ │
│ │               [2m│   │   [0m[1m}[0m,                                                 │ │
│ │               [2m│   │   [0m'scope_lane_run_identity': [1m{[0m                       │ │
│ │               [2m│   │   │   [0m'kind': 'fire',                                │ │
│ │               [2m│   │   │   [0m'name': 'A',                                   │ │
│ │               [2m│   │   │   [0m'started_at': '2026-09-12T13:47:19.887174Z'    │ │
│ │               [2m│   │   [0m[1m}[0m,                                                 │ │
│ │               [2m│   │   [0m'prompt': 'Exact native subject A  with spaces\n', │ │
│ │               [2m│   │   [0m'repo_path': '/tmp/fake-cache',                    │ │
│ │               [2m│   │   [0m'repo_url': 'file:///scope-repository.git',        │ │
│ │               [2m│   │   [0m'permission_mode': [1m<[0m[1mPermissionMode.UNATTENDED:[0m     │ │
│ │               'unattended'>,                                             │ │
│ │               [2m│   │   [0m'thread_id':                                       │ │
│ │               'd18bbd26e74e40198247c05ed1317744-scope-559aead08264d5795… │ │
│ │               [2m│   │   [0m'langgraph_step': [1m4[0m,                               │ │
│ │               [2m│   │   [0m'langgraph_node': 'run_ralph_loop',                │ │
│ │               [2m│   │   [0m'langgraph_triggers': [1m([0m                            │ │
│ │               [2m│   │   │   [0m'branch:to:run_ralph_loop',                    │ │
│ │               [2m│   │   [0m[1m)[0m,                                                 │ │
│ │               [2m│   │   [0m... +[1m3[0m                                             │ │
│ │               [2m│   [0m[1m}[0m,                                                     │ │
│ │               [2m│   [0m'callbacks':                                           │ │
│ │               <langchain_core.callbacks.manager.AsyncCallbackManager     │ │
│ │               object at [1m0x10e1b0470[0m>,                                    │ │
│ │               [2m│   [0m'configurable': [1m{[0m                                      │ │
│ │               [2m│   │   [0m'prompt': 'Exact native subject A  with spaces\n', │ │
│ │               [2m│   │   [0m'repo_path': '/tmp/fake-cache',                    │ │
│ │               [2m│   │   [0m'repo_url': 'file:///scope-repository.git',        │ │
│ │               [2m│   │   [0m'cache_key':                                       │ │
│ │               'd18bbd26e74e40198247c05ed1317744-scope-559aead08264d5795… │ │
│ │               [2m│   │   [0m'run_identity': [1m{[0m                                  │ │
│ │               [2m│   │   │   [0m'kind': <RunKind.FIRE: 'fire'>,                │ │
│ │               [2m│   │   │   [0m'name': 'A',                                   │ │
│ │               [2m│   │   │   [0m'started_at': [1mdatetime.datetime[0m[1m([0m[1m2026[0m, [1m9[0m, [1m12[0m,   │ │
│ │               [1m13[0m, [1m47[0m, [1m19[0m, [1m887174[0m, tzinfo=datetime.timezone.utc[1m)[0m          │ │
│ │               [2m│   │   [0m[1m}[0m,                                                 │ │
│ │               [2m│   │   [0m'workspace_path': [3mNone[0m,                            │ │
│ │               [2m│   │   [0m'base_spec': [1m{[0m                                     │ │
│ │               [2m│   │   │   [0m'inputs': [1m([0m[1m)[0m,                                  │ │
│ │               [2m│   │   │   [0m'base_branch': 'trunk',                        │ │
│ │               [2m│   │   │   [0m'base_role': [3mNone[0m                              │ │
│ │               [2m│   │   [0m[1m}[0m,                                                 │ │
│ │               [2m│   │   [0m'permission_mode': <PermissionMode.UNATTENDED:     │ │
│ │               'unattended'[1m>[0m,                                             │ │
│ │               [2m│   │   [0m'allowed_tools': [1m[[0m                                 │ │
│ │               [2m│   │   │   [0m'Read',                                        │ │
│ │               [2m│   │   │   [0m'Glob',                                        │ │
│ │               [2m│   │   │   [0m'Grep',                                        │ │
│ │               [2m│   │   │   [0m'Bash',                                        │ │
│ │               [2m│   │   │   [0m'Edit',                                        │ │
│ │               [2m│   │   │   [0m'Write'                                        │ │
│ │               [2m│   │   [0m[1m][0m,                                                 │ │
│ │               [2m│   │   [0m'thread_id':                                       │ │
│ │               'd18bbd26e74e40198247c05ed1317744-scope-559aead08264d5795… │ │
│ │               [2m│   │   [0m... +[1m11[0m                                            │ │
│ │               [2m│   [0m[1m}[0m                                                      │ │
│ │               [1m}[0m                                                          │ │
│ │      [3mkwargs[0m = [1m{[0m                                                          │ │
│ │               [2m│   [0m'config': [1m{[0m                                            │ │
│ │               [2m│   │   [0m'metadata': [1m{[0m                                      │ │
│ │               [2m│   │   │   [0m'scope_lane_request': [1m{[0m                        │ │
│ │               [2m│   │   │   │   [0m'job': 'd18bbd26e74e40198247c05ed1317744', │ │
│ │               [2m│   │   │   │   [0m'scope':                                   │ │
│ │               '{"kind":"project","key":"scoped-project"}',               │ │
│ │               [2m│   │   │   │   [0m'issue': 'A',                              │ │
│ │               [2m│   │   │   │   [0m'repo_url':                                │ │
│ │               'file:///scope-repository.git',                            │ │
│ │               [2m│   │   │   │   [0m'repo_path': '/tmp/fake-cache',            │ │
│ │               [2m│   │   │   │   [0m'base':                                    │ │
│ │               '{"inputs":[],"base_branch":"trunk","base_role":null}'     │ │
│ │               [2m│   │   │   [0m[1m}[0m,                                             │ │
│ │               [2m│   │   │   [0m'scope_lane_run_identity': [1m{[0m                   │ │
│ │               [2m│   │   │   │   [0m'kind': 'fire',                            │ │
│ │               [2m│   │   │   │   [0m'name': 'A',                               │ │
│ │               [2m│   │   │   │   [0m'started_at':                              │ │
│ │               '2026-09-12T13:47:19.887174Z'                              │ │
│ │               [2m│   │   │   [0m[1m}[0m,                                             │ │
│ │               [2m│   │   │   [0m'prompt': 'Exact native subject A  with        │ │
│ │               spaces\n',                                                 │ │
│ │               [2m│   │   │   [0m'repo_path': '/tmp/fake-cache',                │ │
│ │               [2m│   │   │   [0m'repo_url': 'file:///scope-repository.git',    │ │
│ │               [2m│   │   │   [0m'permission_mode': [1m<[0m[1mPermissionMode.UNATTENDED:[0m │ │
│ │               'unattended'>,                                             │ │
│ │               [2m│   │   │   [0m'thread_id':                                   │ │
│ │               'd18bbd26e74e40198247c05ed1317744-scope-559aead08264d5795… │ │
│ │               [2m│   │   │   [0m'langgraph_step': [1m4[0m,                           │ │
│ │               [2m│   │   │   [0m'langgraph_node': 'run_ralph_loop',            │ │
│ │               [2m│   │   │   [0m'langgraph_triggers': [1m([0m                        │ │
│ │               [2m│   │   │   │   [0m'branch:to:run_ralph_loop',                │ │
│ │               [2m│   │   │   [0m[1m)[0m,                                             │ │
│ │               [2m│   │   │   [0m... +[1m3[0m                                         │ │
│ │               [2m│   │   [0m[1m}[0m,                                                 │ │
│ │               [2m│   │   [0m'callbacks':                                       │ │
│ │               <langchain_core.callbacks.manager.AsyncCallbackManager     │ │
│ │               object at [1m0x10e1b0470[0m>,                                    │ │
│ │               [2m│   │   [0m'configurable': [1m{[0m                                  │ │
│ │               [2m│   │   │   [0m'prompt': 'Exact native subject A  with        │ │
│ │               spaces\n',                                                 │ │
│ │               [2m│   │   │   [0m'repo_path': '/tmp/fake-cache',                │ │
│ │               [2m│   │   │   [0m'repo_url': 'file:///scope-repository.git',    │ │
│ │               [2m│   │   │   [0m'cache_key':                                   │ │
│ │               'd18bbd26e74e40198247c05ed1317744-scope-559aead08264d5795… │ │
│ │               [2m│   │   │   [0m'run_identity': [1m{[0m                              │ │
│ │               [2m│   │   │   │   [0m'kind': <RunKind.FIRE: 'fire'>,            │ │
│ │               [2m│   │   │   │   [0m'name': 'A',                               │ │
│ │               [2m│   │   │   │   [0m'started_at': [1mdatetime.datetime[0m[1m([0m[1m2026[0m, [1m9[0m,   │ │
│ │               [1m12[0m, [1m13[0m, [1m47[0m, [1m19[0m, [1m887174[0m, tzinfo=datetime.timezone.utc[1m)[0m      │ │
│ │               [2m│   │   │   [0m[1m}[0m,                                             │ │
│ │               [2m│   │   │   [0m'workspace_path': [3mNone[0m,                        │ │
│ │               [2m│   │   │   [0m'base_spec': [1m{[0m                                 │ │
│ │               [2m│   │   │   │   [0m'inputs': [1m([0m[1m)[0m,                              │ │
│ │               [2m│   │   │   │   [0m'base_branch': 'trunk',                    │ │
│ │               [2m│   │   │   │   [0m'base_role': [3mNone[0m                          │ │
│ │               [2m│   │   │   [0m[1m}[0m,                                             │ │
│ │               [2m│   │   │   [0m'permission_mode': <PermissionMode.UNATTENDED: │ │
│ │               'unattended'[1m>[0m,                                             │ │
│ │               [2m│   │   │   [0m'allowed_tools': [1m[[0m                             │ │
│ │               [2m│   │   │   │   [0m'Read',                                    │ │
│ │               [2m│   │   │   │   [0m'Glob',                                    │ │
│ │               [2m│   │   │   │   [0m'Grep',                                    │ │
│ │               [2m│   │   │   │   [0m'Bash',                                    │ │
│ │               [2m│   │   │   │   [0m'Edit',                                    │ │
│ │               [2m│   │   │   │   [0m'Write'                                    │ │
│ │               [2m│   │   │   [0m[1m][0m,                                             │ │
│ │               [2m│   │   │   [0m'thread_id':                                   │ │
│ │               'd18bbd26e74e40198247c05ed1317744-scope-559aead08264d5795… │ │
│ │               [2m│   │   │   [0m... +[1m11[0m                                        │ │
│ │               [2m│   │   [0m[1m}[0m                                                  │ │
│ │               [2m│   [0m[1m}[0m                                                      │ │
│ │               [1m}[0m                                                          │ │
│ │     [3mruntime[0m = [1mRuntime[0m[1m([0m                                                   │ │
│ │               [2m│   [0mcontext=[3mNone[0m,                                          │ │
│ │               [2m│   [0mstore=[3mNone[0m,                                            │ │
│ │               [2m│   [0mstream_writer=[1m<[0m[1mfunction[0m                                │ │
│ │               Pregel.astream.<locals>.stream_writer at [1m0x10e291c60[0m[1m>[0m,     │ │
│ │               [2m│   [0mprevious=[3mNone[0m                                          │ │
│ │               [1m)[0m                                                          │ │
│ │ [3mruntime_key[0m = 'N/A'                                                      │ │
│ │        [3mself[0m = [1mrun_ralph_loop[0m[1m([0mtags=[3mNone[0m, recurse=[3mTrue[0m,                    │ │
│ │               explode_args=[3mFalse[0m, func_accepts=[1m{[0m'config': [1m([0m'N/A', [1m<[0m[1mclass[0m │ │
│ │               'inspect._empty'[1m>[0m[1m)[0m[1m}[0m[1m)[0m                                       │ │
│ ╰──────────────────────────────────────────────────────────────────────────╯ │
│                                                                              │
│ [2m/private/tmp/kodezart-v03-recovery-scope-runtime/src/kodezart/core/[0m[1mretry.py[0m: │
│ 109 in guarded                                                               │
│                                                                              │
│   [2m106 [0m[2m│   │   [0m[1m@functools[0m.wraps(node)                                         │
│   [2m107 [0m[2m│   │   [0masync def guarded(state: _StateT, config: RunnableConfig) -> _ │
│   [2m108 [0m[2m│   │   │   [0mtry:                                                       │
│ ❱ 109 [2m│   │   │   │   [0mreturn await node(state, config)                       │
│   [2m110 [0m[2m│   │   │   [0mexcept Exception as exc:                                   │
│   [2m111 [0m[2m│   │   │   │   [0mif not getattr(exc, _FLOOR_PAID, False):               │
│   [2m112 [0m[2m│   │   │   │   │   [0mfloor = resolve(exc)                               │
│                                                                              │
│ ╭───────────────────────────────── locals ─────────────────────────────────╮ │
│ │ [3mconfig[0m = [1m{[0m                                                               │ │
│ │          [2m│   [0m'metadata': [1m{[0m                                               │ │
│ │          [2m│   │   [0m'scope_lane_request': [1m{[0m                                 │ │
│ │          [2m│   │   │   [0m'job': 'd18bbd26e74e40198247c05ed1317744',          │ │
│ │          [2m│   │   │   [0m'scope':                                            │ │
│ │          '{"kind":"project","key":"scoped-project"}',                    │ │
│ │          [2m│   │   │   [0m'issue': 'A',                                       │ │
│ │          [2m│   │   │   [0m'repo_url': 'file:///scope-repository.git',         │ │
│ │          [2m│   │   │   [0m'repo_path': '/tmp/fake-cache',                     │ │
│ │          [2m│   │   │   [0m'base':                                             │ │
│ │          '{"inputs":[],"base_branch":"trunk","base_role":null}'          │ │
│ │          [2m│   │   [0m[1m}[0m,                                                      │ │
│ │          [2m│   │   [0m'scope_lane_run_identity': [1m{[0m                            │ │
│ │          [2m│   │   │   [0m'kind': 'fire',                                     │ │
│ │          [2m│   │   │   [0m'name': 'A',                                        │ │
│ │          [2m│   │   │   [0m'started_at': '2026-09-12T13:47:19.887174Z'         │ │
│ │          [2m│   │   [0m[1m}[0m,                                                      │ │
│ │          [2m│   │   [0m'prompt': 'Exact native subject A  with spaces\n',      │ │
│ │          [2m│   │   [0m'repo_path': '/tmp/fake-cache',                         │ │
│ │          [2m│   │   [0m'repo_url': 'file:///scope-repository.git',             │ │
│ │          [2m│   │   [0m'permission_mode': [1m<[0m[1mPermissionMode.UNATTENDED:[0m          │ │
│ │          'unattended'>,                                                  │ │
│ │          [2m│   │   [0m'thread_id':                                            │ │
│ │          'd18bbd26e74e40198247c05ed1317744-scope-559aead08264d5795d3909… │ │
│ │          [2m│   │   [0m'langgraph_step': [1m4[0m,                                    │ │
│ │          [2m│   │   [0m'langgraph_node': 'run_ralph_loop',                     │ │
│ │          [2m│   │   [0m'langgraph_triggers': [1m([0m'branch:to:run_ralph_loop',[1m)[0m,    │ │
│ │          [2m│   │   [0m... +[1m3[0m                                                  │ │
│ │          [2m│   [0m[1m}[0m,                                                          │ │
│ │          [2m│   [0m'callbacks':                                                │ │
│ │          <langchain_core.callbacks.manager.AsyncCallbackManager object   │ │
│ │          at [1m0x10e1b0470[0m>,                                                │ │
│ │          [2m│   [0m'configurable': [1m{[0m                                           │ │
│ │          [2m│   │   [0m'prompt': 'Exact native subject A  with spaces\n',      │ │
│ │          [2m│   │   [0m'repo_path': '/tmp/fake-cache',                         │ │
│ │          [2m│   │   [0m'repo_url': 'file:///scope-repository.git',             │ │
│ │          [2m│   │   [0m'cache_key':                                            │ │
│ │          'd18bbd26e74e40198247c05ed1317744-scope-559aead08264d5795d3909… │ │
│ │          [2m│   │   [0m'run_identity': [1m{[0m                                       │ │
│ │          [2m│   │   │   [0m'kind': <RunKind.FIRE: 'fire'>,                     │ │
│ │          [2m│   │   │   [0m'name': 'A',                                        │ │
│ │          [2m│   │   │   [0m'started_at': [1mdatetime.datetime[0m[1m([0m[1m2026[0m, [1m9[0m, [1m12[0m, [1m13[0m,    │ │
│ │          [1m47[0m, [1m19[0m, [1m887174[0m, tzinfo=datetime.timezone.utc[1m)[0m                   │ │
│ │          [2m│   │   [0m[1m}[0m,                                                      │ │
│ │          [2m│   │   [0m'workspace_path': [3mNone[0m,                                 │ │
│ │          [2m│   │   [0m'base_spec': [1m{[0m                                          │ │
│ │          [2m│   │   │   [0m'inputs': [1m([0m[1m)[0m,                                       │ │
│ │          [2m│   │   │   [0m'base_branch': 'trunk',                             │ │
│ │          [2m│   │   │   [0m'base_role': [3mNone[0m                                   │ │
│ │          [2m│   │   [0m[1m}[0m,                                                      │ │
│ │          [2m│   │   [0m'permission_mode': <PermissionMode.UNATTENDED:          │ │
│ │          'unattended'[1m>[0m,                                                  │ │
│ │          [2m│   │   [0m'allowed_tools': [1m[[0m                                      │ │
│ │          [2m│   │   │   [0m'Read',                                             │ │
│ │          [2m│   │   │   [0m'Glob',                                             │ │
│ │          [2m│   │   │   [0m'Grep',                                             │ │
│ │          [2m│   │   │   [0m'Bash',                                             │ │
│ │          [2m│   │   │   [0m'Edit',                                             │ │
│ │          [2m│   │   │   [0m'Write'                                             │ │
│ │          [2m│   │   [0m[1m][0m,                                                      │ │
│ │          [2m│   │   [0m'thread_id':                                            │ │
│ │          'd18bbd26e74e40198247c05ed1317744-scope-559aead08264d5795d3909… │ │
│ │          [2m│   │   [0m... +[1m11[0m                                                 │ │
│ │          [2m│   [0m[1m}[0m                                                           │ │
│ │          [1m}[0m                                                               │ │
│ │  [3mfloor[0m = [3mNone[0m                                                            │ │
│ │   [3mnode[0m = [1m<[0m[1mbound[0m method FireImplementation.run_ralph_loop of              │ │
│ │          <kodezart.chains.fire_implementation.FireImplementation object  │ │
│ │          at [1m0x10e1a2240[0m>[1m>[0m                                                │ │
│ │  [3mstate[0m = [1m{[0m                                                               │ │
│ │          [2m│   [0m'issue_key': 'A',                                           │ │
│ │          [2m│   [0m'feature_branch': 'kodezart/test-branch-497863d3',          │ │
│ │          [2m│   [0m'ralph_branch':                                             │ │
│ │          'kodezart/test-branch-497863d3-ralph-7bf7f0b2',                 │ │
│ │          [2m│   [0m'work_base_ref': 'trunk',                                   │ │
│ │          [2m│   [0m'fire_spec': [1mTrackerSpec[0m[1m([0m                                   │ │
│ │          [2m│   │   [0msubject='A',                                            │ │
│ │          [2m│   │   [0mbody='Exact native subject A  with spaces\n',           │ │
│ │          [2m│   │   [0mcriteria=[1m([0m'A/check',[1m)[0m,                                  │ │
│ │          [2m│   │   [0mread_at_version='2026-01-01T00:00:00+00:00'             │ │
│ │          [2m│   [0m[1m)[0m,                                                          │ │
│ │          [2m│   [0m'acceptance_criteria': [1m[[0m[1m][0m,                                  │ │
│ │          [2m│   [0m'criterion_set': [1mTrackerCriterionSet[0m[1m([0m                       │ │
│ │          [2m│   │   [0mcriteria=[1m[[0m                                              │ │
│ │          [2m│   │   │   [0m[1mTrackerCriterion[0m[1m([0m                                   │ │
│ │          [2m│   │   │   │   [0mid='A/check',                                   │ │
│ │          [2m│   │   │   │   [0mtext='A live Check  bytes'                      │ │
│ │          [2m│   │   │   [0m[1m)[0m                                                   │ │
│ │          [2m│   │   [0m[1m][0m                                                       │ │
│ │          [2m│   [0m[1m)[0m,                                                          │ │
│ │          [2m│   [0m'criteria_validation': [3mNone[0m,                                │ │
│ │          [2m│   [0m'criteria_regeneration_rounds': [1m0[0m,                          │ │
│ │          [2m│   [0m'criteria_infeasible': [3mFalse[0m,                               │ │
│ │          [2m│   [0m... +[1m17[0m                                                     │ │
│ │          [1m}[0m                                                               │ │
│ ╰──────────────────────────────────────────────────────────────────────────╯ │
│                                                                              │
│ [2m/private/tmp/kodezart-v03-recovery-scope-runtime/src/kodezart/chains/[0m[1mfire_im[0m │
│ [1mplementation.py[0m:156 in run_ralph_loop                                        │
│                                                                              │
│   [2m153 [0m[2m│   │   │   [0mPromptKey.IMPLEMENTATION,                                  │
│   [2m154 [0m[2m│   │   [0m).render({"task_md": task_md})                                 │
│   [2m155 [0m[2m│   │   [0m                                                               │
│ ❱ 156 [2m│   │   [0mlast_iteration_event = [1;4mawait[0m[1;4m [0m[1;4mself[0m[1;4m.run_quality_gate([0m            │
│   [2m157 [0m[2m│   │   │   [0m[1;4mprompt=implementation_prompt,[0m                              │
│   [2m158 [0m[2m│   │   │   [0m[1;4mrepo_path=ctx.repo_path,[0m                                   │
│   [2m159 [0m[2m│   │   │   [0m[1;4mrepo_url=ctx.repo_url,[0m                                     │
│                                                                              │
│ ╭───────────────────────────────── locals ─────────────────────────────────╮ │
│ │                [3mconfig[0m = [1m{[0m                                                │ │
│ │                         [2m│   [0m'metadata': [1m{[0m                                │ │
│ │                         [2m│   │   [0m'scope_lane_request': [1m{[0m                  │ │
│ │                         [2m│   │   │   [0m'job':                               │ │
│ │                         'd18bbd26e74e40198247c05ed1317744',              │ │
│ │                         [2m│   │   │   [0m'scope':                             │ │
│ │                         '{"kind":"project","key":"scoped-project"}',     │ │
│ │                         [2m│   │   │   [0m'issue': 'A',                        │ │
│ │                         [2m│   │   │   [0m'repo_url':                          │ │
│ │                         'file:///scope-repository.git',                  │ │
│ │                         [2m│   │   │   [0m'repo_path': '/tmp/fake-cache',      │ │
│ │                         [2m│   │   │   [0m'base':                              │ │
│ │                         '{"inputs":[],"base_branch":"trunk","base_role"… │ │
│ │                         [2m│   │   [0m[1m}[0m,                                       │ │
│ │                         [2m│   │   [0m'scope_lane_run_identity': [1m{[0m             │ │
│ │                         [2m│   │   │   [0m'kind': 'fire',                      │ │
│ │                         [2m│   │   │   [0m'name': 'A',                         │ │
│ │                         [2m│   │   │   [0m'started_at':                        │ │
│ │                         '2026-09-12T13:47:19.887174Z'                    │ │
│ │                         [2m│   │   [0m[1m}[0m,                                       │ │
│ │                         [2m│   │   [0m'prompt': 'Exact native subject A  with  │ │
│ │                         spaces\n',                                       │ │
│ │                         [2m│   │   [0m'repo_path': '/tmp/fake-cache',          │ │
│ │                         [2m│   │   [0m'repo_url':                              │ │
│ │                         'file:///scope-repository.git',                  │ │
│ │                         [2m│   │   [0m'permission_mode':                       │ │
│ │                         [1m<[0m[1mPermissionMode.UNATTENDED:[0m 'unattended'>,       │ │
│ │                         [2m│   │   [0m'thread_id':                             │ │
│ │                         'd18bbd26e74e40198247c05ed1317744-scope-559aead… │ │
│ │                         [2m│   │   [0m'langgraph_step': [1m4[0m,                     │ │
│ │                         [2m│   │   [0m'langgraph_node': 'run_ralph_loop',      │ │
│ │                         [2m│   │   [0m'langgraph_triggers': [1m([0m                  │ │
│ │                         [2m│   │   │   [0m'branch:to:run_ralph_loop',          │ │
│ │                         [2m│   │   [0m[1m)[0m,                                       │ │
│ │                         [2m│   │   [0m... +[1m3[0m                                   │ │
│ │                         [2m│   [0m[1m}[0m,                                           │ │
│ │                         [2m│   [0m'callbacks':                                 │ │
│ │                         <langchain_core.callbacks.manager.AsyncCallback… │ │
│ │                         object at [1m0x10e1b0470[0m>,                          │ │
│ │                         [2m│   [0m'configurable': [1m{[0m                            │ │
│ │                         [2m│   │   [0m'prompt': 'Exact native subject A  with  │ │
│ │                         spaces\n',                                       │ │
│ │                         [2m│   │   [0m'repo_path': '/tmp/fake-cache',          │ │
│ │                         [2m│   │   [0m'repo_url':                              │ │
│ │                         'file:///scope-repository.git',                  │ │
│ │                         [2m│   │   [0m'cache_key':                             │ │
│ │                         'd18bbd26e74e40198247c05ed1317744-scope-559aead… │ │
│ │                         [2m│   │   [0m'run_identity': [1m{[0m                        │ │
│ │                         [2m│   │   │   [0m'kind': <RunKind.FIRE: 'fire'>,      │ │
│ │                         [2m│   │   │   [0m'name': 'A',                         │ │
│ │                         [2m│   │   │   [0m'started_at':                        │ │
│ │                         [1mdatetime.datetime[0m[1m([0m[1m2026[0m, [1m9[0m, [1m12[0m, [1m13[0m, [1m47[0m, [1m19[0m,       │ │
│ │                         [1m887174[0m, tzinfo=datetime.timezone.utc[1m)[0m            │ │
│ │                         [2m│   │   [0m[1m}[0m,                                       │ │
│ │                         [2m│   │   [0m'workspace_path': [3mNone[0m,                  │ │
│ │                         [2m│   │   [0m'base_spec': [1m{[0m                           │ │
│ │                         [2m│   │   │   [0m'inputs': [1m([0m[1m)[0m,                        │ │
│ │                         [2m│   │   │   [0m'base_branch': 'trunk',              │ │
│ │                         [2m│   │   │   [0m'base_role': [3mNone[0m                    │ │
│ │                         [2m│   │   [0m[1m}[0m,                                       │ │
│ │                         [2m│   │   [0m'permission_mode':                       │ │
│ │                         <PermissionMode.UNATTENDED: 'unattended'[1m>[0m,       │ │
│ │                         [2m│   │   [0m'allowed_tools': [1m[[0m                       │ │
│ │                         [2m│   │   │   [0m'Read',                              │ │
│ │                         [2m│   │   │   [0m'Glob',                              │ │
│ │                         [2m│   │   │   [0m'Grep',                              │ │
│ │                         [2m│   │   │   [0m'Bash',                              │ │
│ │                         [2m│   │   │   [0m'Edit',                              │ │
│ │                         [2m│   │   │   [0m'Write'                              │ │
│ │                         [2m│   │   [0m[1m][0m,                                       │ │
│ │                         [2m│   │   [0m'thread_id':                             │ │
│ │                         'd18bbd26e74e40198247c05ed1317744-scope-559aead… │ │
│ │                         [2m│   │   [0m... +[1m11[0m                                  │ │
│ │                         [2m│   [0m[1m}[0m                                            │ │
│ │                         [1m}[0m                                                │ │
│ │              [3mcriteria[0m = [1m[[0m                                                │ │
│ │                         [2m│   [0m[1mTrackerCriterion[0m[1m([0m                            │ │
│ │                         [2m│   │   [0mid='A/check',                            │ │
│ │                         [2m│   │   [0mtext='A live Check  bytes'               │ │
│ │                         [2m│   [0m[1m)[0m                                            │ │
│ │                         [1m][0m                                                │ │
│ │         [3mcriterion_set[0m = [1mTrackerCriterionSet[0m[1m([0m                             │ │
│ │                         [2m│   [0mcriteria=[1m[[0m                                   │ │
│ │                         [2m│   │   [0m[1mTrackerCriterion[0m[1m([0m                        │ │
│ │                         [2m│   │   │   [0mid='A/check',                        │ │
│ │                         [2m│   │   │   [0mtext='A live Check  bytes'           │ │
│ │                         [2m│   │   [0m[1m)[0m                                        │ │
│ │                         [2m│   [0m[1m][0m                                            │ │
│ │                         [1m)[0m                                                │ │
│ │                   [3mctx[0m = [1mExecutionContext[0m[1m([0m                                │ │
│ │                         [2m│   [0mprompt='Exact native subject A  with         │ │
│ │                         spaces\n',                                       │ │
│ │                         [2m│   [0mrepo_path='/tmp/fake-cache',                 │ │
│ │                         [2m│   [0mrepo_url='file:///scope-repository.git',     │ │
│ │                         [2m│   [0m                                             │ │
│ │                         cache_key='d18bbd26e74e40198247c05ed1317744-sco… │ │
│ │                         [2m│   [0mrun_identity=[1mRunIdentity[0m[1m([0m                    │ │
│ │                         [2m│   │   [0mkind=[1m<[0m[1mRunKind.FIRE:[0m 'fire'>,             │ │
│ │                         [2m│   │   [0mname='A',                                │ │
│ │                         [2m│   │   [0mstarted_at=[1mdatetime[0m[1m.datetime[0m[1m([0m[1m2026[0m, [1m9[0m,    │ │
│ │                         [1m12[0m, [1m13[0m, [1m47[0m, [1m19[0m, [1m887174[0m,                          │ │
│ │                         tzinfo=datetime.timezone.utc[1m)[0m                    │ │
│ │                         [2m│   [0m[1m)[0m,                                           │ │
│ │                         [2m│   [0mworkspace_path=[3mNone[0m,                         │ │
│ │                         [2m│   [0mbase_spec=[1mBaseSpec[0m[1m([0m                          │ │
│ │                         [2m│   │   [0minputs=[1m([0m[1m)[0m,                               │ │
│ │                         [2m│   │   [0mbase_branch='trunk',                     │ │
│ │                         [2m│   │   [0mbase_role=[3mNone[0m                           │ │
│ │                         [2m│   [0m[1m)[0m,                                           │ │
│ │                         [2m│   [0mpermission_mode=<PermissionMode.UNATTENDED:  │ │
│ │                         'unattended'[1m>[0m,                                   │ │
│ │                         [2m│   [0mallowed_tools=[1m[[0m                              │ │
│ │                         [2m│   │   [0m'Read',                                  │ │
│ │                         [2m│   │   [0m'Glob',                                  │ │
│ │                         [2m│   │   [0m'Grep',                                  │ │
│ │                         [2m│   │   [0m'Bash',                                  │ │
│ │                         [2m│   │   [0m'Edit',                                  │ │
│ │                         [2m│   │   [0m'Write'                                  │ │
│ │                         [2m│   [0m[1m][0m                                            │ │
│ │                         [1m)[0m                                                │ │
│ │ [3mimplementation_prompt[0m = '── SKILLS AVAILABLE FOR THIS ROLE ──\nLoad each │ │
│ │                         skill below when its subject matt'+[1m101[0m           │ │
│ │           [3mremediation[0m = [3mNone[0m                                             │ │
│ │                  [3mself[0m = [1m<[0m[1mkodezart.chains.fire_implementation.FireImplem…[0m │ │
│ │                         object at [1m0x10e1a2240[0m[1m>[0m                           │ │
│ │                  [3mspec[0m = [1mTrackerSpec[0m[1m([0m                                     │ │
│ │                         [2m│   [0msubject='A',                                 │ │
│ │                         [2m│   [0mbody='Exact native subject A  with           │ │
│ │                         spaces\n',                                       │ │
│ │                         [2m│   [0mcriteria=[1m([0m'A/check',[1m)[0m,                       │ │
│ │                         [2m│   [0mread_at_version='2026-01-01T00:00:00+00:00'  │ │
│ │                         [1m)[0m                                                │ │
│ │                 [3mstate[0m = [1m{[0m                                                │ │
│ │                         [2m│   [0m'issue_key': 'A',                            │ │
│ │                         [2m│   [0m'feature_branch':                            │ │
│ │                         'kodezart/test-branch-497863d3',                 │ │
│ │                         [2m│   [0m'ralph_branch':                              │ │
│ │                         'kodezart/test-branch-497863d3-ralph-7bf7f0b2',  │ │
│ │                         [2m│   [0m'work_base_ref': 'trunk',                    │ │
│ │                         [2m│   [0m'fire_spec': [1mTrackerSpec[0m[1m([0m                    │ │
│ │                         [2m│   │   [0msubject='A',                             │ │
│ │                         [2m│   │   [0mbody='Exact native subject A  with       │ │
│ │                         spaces\n',                                       │ │
│ │                         [2m│   │   [0mcriteria=[1m([0m'A/check',[1m)[0m,                   │ │
│ │                         [2m│   │   [0m                                         │ │
│ │                         read_at_version='2026-01-01T00:00:00+00:00'      │ │
│ │                         [2m│   [0m[1m)[0m,                                           │ │
│ │                         [2m│   [0m'acceptance_criteria': [1m[[0m[1m][0m,                   │ │
│ │                         [2m│   [0m'criterion_set': [1mTrackerCriterionSet[0m[1m([0m        │ │
│ │                         [2m│   │   [0mcriteria=[1m[[0m                               │ │
│ │                         [2m│   │   │   [0m[1mTrackerCriterion[0m[1m([0m                    │ │
│ │                         [2m│   │   │   │   [0mid='A/check',                    │ │
│ │                         [2m│   │   │   │   [0mtext='A live Check  bytes'       │ │
│ │                         [2m│   │   │   [0m[1m)[0m                                    │ │
│ │                         [2m│   │   [0m[1m][0m                                        │ │
│ │                         [2m│   [0m[1m)[0m,                                           │ │
│ │                         [2m│   [0m'criteria_validation': [3mNone[0m,                 │ │
│ │                         [2m│   [0m'criteria_regeneration_rounds': [1m0[0m,           │ │
│ │                         [2m│   [0m'criteria_infeasible': [3mFalse[0m,                │ │
│ │                         [2m│   [0m... +[1m17[0m                                      │ │
│ │                         [1m}[0m                                                │ │
│ │               [3mtask_md[0m = 'Exact native subject A  with spaces\n'          │ │
│ ╰──────────────────────────────────────────────────────────────────────────╯ │
│                                                                              │
│ [2m/private/tmp/kodezart-v03-recovery-scope-runtime/src/kodezart/chains/[0m[1mfire_im[0m │
│ [1mplementation.py[0m:99 in run_quality_gate                                       │
│                                                                              │
│   [2m 96 [0m[2m│   │   [0m"""Delegate to the quality gate for iterative execution."""    │
│   [2m 97 [0m[2m│   │   [0mwriter = get_stream_writer()                                   │
│   [2m 98 [0m[2m│   │   [0mlast_iteration_event: WorkflowIterationEvent | None = None     │
│ ❱  99 [2m│   │   [0masync for event in [1;4mself[0m[1;4m._quality_gate.run([0m                     │
│   [2m100 [0m[2m│   │   │   [0m[1;4mprompt=prompt,[0m                                             │
│   [2m101 [0m[2m│   │   │   [0m[1;4mrepo_path=repo_path,[0m                                       │
│   [2m102 [0m[2m│   │   │   [0m[1;4mrepo_url=repo_url,[0m                                         │
│                                                                              │
│ ╭───────────────────────────────── locals ─────────────────────────────────╮ │
│ │  [3macceptance_criteria[0m = [1m[[0m                                                 │ │
│ │                        [2m│   [0m[1mTrackerCriterion[0m[1m([0m                             │ │
│ │                        [2m│   │   [0mid='A/check',                             │ │
│ │                        [2m│   │   [0mtext='A live Check  bytes'                │ │
│ │                        [2m│   [0m[1m)[0m                                             │ │
│ │                        [1m][0m                                                 │ │
│ │        [3mallowed_tools[0m = [1m[[0m'Read', 'Glob', 'Grep', 'Bash', 'Edit', 'Write'[1m][0m │ │
│ │            [3mbase_spec[0m = [1mBaseSpec[0m[1m([0m                                         │ │
│ │                        [2m│   [0minputs=[1m([0m[1m)[0m,                                    │ │
│ │                        [2m│   [0mbase_branch='trunk',                          │ │
│ │                        [2m│   [0mbase_role=[3mNone[0m                                │ │
│ │                        [1m)[0m                                                 │ │
│ │            [3mcache_key[0m = 'd18bbd26e74e40198247c05ed1317744-scope-559aead0… │ │
│ │                [3mevent[0m = [1mResultEvent[0m[1m([0m                                      │ │
│ │                        [2m│   [0mtype='result',                                │ │
│ │                        [2m│   [0mfailure_kind=[3mNone[0m,                            │ │
│ │                        [2m│   [0msubtype='result',                             │ │
│ │                        [2m│   [0mduration_ms=[1m1[0m,                                │ │
│ │                        [2m│   [0mduration_api_ms=[1m1[0m,                            │ │
│ │                        [2m│   [0mis_error=[3mFalse[0m,                               │ │
│ │                        [2m│   [0mnum_turns=[1m1[0m,                                  │ │
│ │                        [2m│   [0msession_id='native-session',                  │ │
│ │                        [2m│   [0mstop_reason=[3mNone[0m,                             │ │
│ │                        [2m│   [0mtotal_cost_usd=[3mNone[0m,                          │ │
│ │                        [2m│   [0musage=[3mNone[0m,                                   │ │
│ │                        [2m│   [0mresult=[3mNone[0m,                                  │ │
│ │                        [2m│   [0mbranch='kodezart/test-branch-497863d3',       │ │
│ │                        [2m│   [0mcommit_sha=[3mNone[0m,                              │ │
│ │                        [2m│   [0mstructured_output=[3mNone[0m                        │ │
│ │                        [1m)[0m                                                 │ │
│ │       [3mfeature_branch[0m = 'kodezart/test-branch-497863d3'                   │ │
│ │ [3mlast_iteration_event[0m = [3mNone[0m                                              │ │
│ │      [3mpermission_mode[0m = [1m<[0m[1mPermissionMode.UNATTENDED:[0m 'unattended'[1m>[0m         │ │
│ │               [3mprompt[0m = '── SKILLS AVAILABLE FOR THIS ROLE ──\nLoad each  │ │
│ │                        skill below when its subject matt'+[1m101[0m            │ │
│ │         [3mralph_branch[0m = 'kodezart/test-branch-497863d3-ralph-7bf7f0b2'    │ │
│ │            [3mrepo_path[0m = '/tmp/fake-cache'                                 │ │
│ │             [3mrepo_url[0m = 'file:///scope-repository.git'                    │ │
│ │      [3mrepo_visibility[0m = [1m<[0m[1mRepoVisibility.UNKNOWN:[0m 'unknown'[1m>[0m               │ │
│ │         [3mrun_identity[0m = [1mRunIdentity[0m[1m([0m                                      │ │
│ │                        [2m│   [0mkind=[1m<[0m[1mRunKind.FIRE:[0m 'fire'[1m>[0m,                  │ │
│ │                        [2m│   [0mname='A',                                     │ │
│ │                        [2m│   [0mstarted_at=[1mdatetime[0m[1m.datetime[0m[1m([0m[1m2026[0m, [1m9[0m, [1m12[0m, [1m13[0m, │ │
│ │                        [1m47[0m, [1m19[0m, [1m887174[0m, tzinfo=datetime.timezone.utc[1m)[0m     │ │
│ │                        [1m)[0m                                                 │ │
│ │                 [3mself[0m = [1m<[0m[1mkodezart.chains.fire_implementation.FireImpleme…[0m │ │
│ │                        object at [1m0x10e1a2240[0m[1m>[0m                            │ │
│ │         [3mtracker_spec[0m = [1mTrackerSpec[0m[1m([0m                                      │ │
│ │                        [2m│   [0msubject='A',                                  │ │
│ │                        [2m│   [0mbody='Exact native subject A  with spaces\n', │ │
│ │                        [2m│   [0mcriteria=[1m([0m'A/check',[1m)[0m,                        │ │
│ │                        [2m│   [0mread_at_version='2026-01-01T00:00:00+00:00'   │ │
│ │                        [1m)[0m                                                 │ │
│ │        [3mwork_base_ref[0m = 'trunk'                                           │ │
│ ╰──────────────────────────────────────────────────────────────────────────╯ │
│                                                                              │
│ [2m/private/tmp/kodezart-v03-recovery-scope-runtime/src/kodezart/chains/[0m[1mralph_l[0m │
│ [1moop.py[0m:178 in run                                                            │
│                                                                              │
│   [2m175 [0m[2m│   │   [0m[2m#    generation, ralph loop has no multi-turn session continui[0m │
│   [2m176 [0m[2m│   │   [0m[2m#    across iterations (each iteration is a fresh conversation[0m │
│   [2m177 [0m[2m│   │   [0m[2m# See ralph_workflow.py TODO for the resume signal plumbing.[0m   │
│ ❱ 178 [2m│   │   [0masync for event in [1;4mself[0m[1;4m._compiled.astream([0m                     │
│   [2m179 [0m[2m│   │   │   [0m[1;4minitial_state,[0m                                             │
│   [2m180 [0m[2m│   │   │   [0m[1;4mconfig=config,[0m                                             │
│   [2m181 [0m[2m│   │   │   [0m[1;4mstream_mode=[0m[1;4m"[0m[1;4mcustom[0m[1;4m"[0m[1;4m,[0m                                      │
│                                                                              │
│ ╭───────────────────────────────── locals ─────────────────────────────────╮ │
│ │ [3macceptance_criteria[0m = [1m[[0m                                                  │ │
│ │                       [2m│   [0m[1mTrackerCriterion[0m[1m([0m                              │ │
│ │                       [2m│   │   [0mid='A/check',                              │ │
│ │                       [2m│   │   [0mtext='A live Check  bytes'                 │ │
│ │                       [2m│   [0m[1m)[0m                                              │ │
│ │                       [1m][0m                                                  │ │
│ │       [3mallowed_tools[0m = [1m[[0m'Read', 'Glob', 'Grep', 'Bash', 'Edit', 'Write'[1m][0m  │ │
│ │           [3mbase_spec[0m = [1mBaseSpec[0m[1m([0m                                          │ │
│ │                       [2m│   [0minputs=[1m([0m[1m)[0m,                                     │ │
│ │                       [2m│   [0mbase_branch='trunk',                           │ │
│ │                       [2m│   [0mbase_role=[3mNone[0m                                 │ │
│ │                       [1m)[0m                                                  │ │
│ │           [3mcache_key[0m = 'd18bbd26e74e40198247c05ed1317744-scope-559aead08… │ │
│ │              [3mconfig[0m = [1m{[0m                                                  │ │
│ │                       [2m│   [0m'configurable': [1m{[0m                              │ │
│ │                       [2m│   │   [0m'prompt': '── SKILLS AVAILABLE FOR THIS    │ │
│ │                       ROLE ──\nLoad each skill below when its subject    │ │
│ │                       matt'+[1m101[0m,                                         │ │
│ │                       [2m│   │   [0m'repo_path': '/tmp/fake-cache',            │ │
│ │                       [2m│   │   [0m'repo_url':                                │ │
│ │                       'file:///scope-repository.git',                    │ │
│ │                       [2m│   │   [0m'cache_key':                               │ │
│ │                       'd18bbd26e74e40198247c05ed1317744-scope-559aead08… │ │
│ │                       [2m│   │   [0m'run_identity': [1m{[0m                          │ │
│ │                       [2m│   │   │   [0m'kind': [1m<[0m[1mRunKind.FIRE:[0m 'fire'>,        │ │
│ │                       [2m│   │   │   [0m'name': 'A',                           │ │
│ │                       [2m│   │   │   [0m'started_at': [1mdatetime.datetime[0m[1m([0m[1m2026[0m,  │ │
│ │                       [1m9[0m, [1m12[0m, [1m13[0m, [1m47[0m, [1m19[0m, [1m887174[0m,                         │ │
│ │                       tzinfo=datetime.timezone.utc[1m)[0m                      │ │
│ │                       [2m│   │   [0m[1m}[0m,                                         │ │
│ │                       [2m│   │   [0m'workspace_path': [3mNone[0m,                    │ │
│ │                       [2m│   │   [0m'base_spec': [1m{[0m                             │ │
│ │                       [2m│   │   │   [0m'inputs': [1m([0m[1m)[0m,                          │ │
│ │                       [2m│   │   │   [0m'base_branch': 'trunk',                │ │
│ │                       [2m│   │   │   [0m'base_role': [3mNone[0m                      │ │
│ │                       [2m│   │   [0m[1m}[0m,                                         │ │
│ │                       [2m│   │   [0m'permission_mode':                         │ │
│ │                       <PermissionMode.UNATTENDED: 'unattended'[1m>[0m,         │ │
│ │                       [2m│   │   [0m'allowed_tools': [1m[[0m                         │ │
│ │                       [2m│   │   │   [0m'Read',                                │ │
│ │                       [2m│   │   │   [0m'Glob',                                │ │
│ │                       [2m│   │   │   [0m'Grep',                                │ │
│ │                       [2m│   │   │   [0m'Bash',                                │ │
│ │                       [2m│   │   │   [0m'Edit',                                │ │
│ │                       [2m│   │   │   [0m'Write'                                │ │
│ │                       [2m│   │   [0m[1m][0m,                                         │ │
│ │                       [2m│   │   [0m'feature_branch':                          │ │
│ │                       'kodezart/test-branch-497863d3',                   │ │
│ │                       [2m│   │   [0m... +[1m6[0m                                     │ │
│ │                       [2m│   [0m[1m}[0m                                              │ │
│ │                       [1m}[0m                                                  │ │
│ │        [3mconfigurable[0m = [1m{[0m                                                  │ │
│ │                       [2m│   [0m'prompt': '── SKILLS AVAILABLE FOR THIS ROLE   │ │
│ │                       ──\nLoad each skill below when its subject         │ │
│ │                       matt'+[1m101[0m,                                         │ │
│ │                       [2m│   [0m'repo_path': '/tmp/fake-cache',                │ │
│ │                       [2m│   [0m'repo_url': 'file:///scope-repository.git',    │ │
│ │                       [2m│   [0m'cache_key':                                   │ │
│ │                       'd18bbd26e74e40198247c05ed1317744-scope-559aead08… │ │
│ │                       [2m│   [0m'run_identity': [1m{[0m                              │ │
│ │                       [2m│   │   [0m'kind': [1m<[0m[1mRunKind.FIRE:[0m 'fire'>,            │ │
│ │                       [2m│   │   [0m'name': 'A',                               │ │
│ │                       [2m│   │   [0m'started_at': [1mdatetime.datetime[0m[1m([0m[1m2026[0m, [1m9[0m,   │ │
│ │                       [1m12[0m, [1m13[0m, [1m47[0m, [1m19[0m, [1m887174[0m,                            │ │
│ │                       tzinfo=datetime.timezone.utc[1m)[0m                      │ │
│ │                       [2m│   [0m[1m}[0m,                                             │ │
│ │                       [2m│   [0m'workspace_path': [3mNone[0m,                        │ │
│ │                       [2m│   [0m'base_spec': [1m{[0m                                 │ │
│ │                       [2m│   │   [0m'inputs': [1m([0m[1m)[0m,                              │ │
│ │                       [2m│   │   [0m'base_branch': 'trunk',                    │ │
│ │                       [2m│   │   [0m'base_role': [3mNone[0m                          │ │
│ │                       [2m│   [0m[1m}[0m,                                             │ │
│ │                       [2m│   [0m'permission_mode': <PermissionMode.UNATTENDED: │ │
│ │                       'unattended'[1m>[0m,                                     │ │
│ │                       [2m│   [0m'allowed_tools': [1m[[0m                             │ │
│ │                       [2m│   │   [0m'Read',                                    │ │
│ │                       [2m│   │   [0m'Glob',                                    │ │
│ │                       [2m│   │   [0m'Grep',                                    │ │
│ │                       [2m│   │   [0m'Bash',                                    │ │
│ │                       [2m│   │   [0m'Edit',                                    │ │
│ │                       [2m│   │   [0m'Write'                                    │ │
│ │                       [2m│   [0m[1m][0m,                                             │ │
│ │                       [2m│   [0m'feature_branch':                              │ │
│ │                       'kodezart/test-branch-497863d3',                   │ │
│ │                       [2m│   [0m... +[1m6[0m                                         │ │
│ │                       [1m}[0m                                                  │ │
│ │                 [3mctx[0m = [1mRalphLoopContext[0m[1m([0m                                  │ │
│ │                       [2m│   [0mprompt='── SKILLS AVAILABLE FOR THIS ROLE      │ │
│ │                       ──\nLoad each skill below when its subject         │ │
│ │                       matt'+[1m101[0m,                                         │ │
│ │                       [2m│   [0mrepo_path='/tmp/fake-cache',                   │ │
│ │                       [2m│   [0mrepo_url='file:///scope-repository.git',       │ │
│ │                       [2m│   [0m                                               │ │
│ │                       cache_key='d18bbd26e74e40198247c05ed1317744-scope… │ │
│ │                       [2m│   [0mrun_identity=[1mRunIdentity[0m[1m([0m                      │ │
│ │                       [2m│   │   [0mkind=[1m<[0m[1mRunKind.FIRE:[0m 'fire'>,               │ │
│ │                       [2m│   │   [0mname='A',                                  │ │
│ │                       [2m│   │   [0mstarted_at=[1mdatetime[0m[1m.datetime[0m[1m([0m[1m2026[0m, [1m9[0m, [1m12[0m,  │ │
│ │                       [1m13[0m, [1m47[0m, [1m19[0m, [1m887174[0m, tzinfo=datetime.timezone.utc[1m)[0m  │ │
│ │                       [2m│   [0m[1m)[0m,                                             │ │
│ │                       [2m│   [0mworkspace_path=[3mNone[0m,                           │ │
│ │                       [2m│   [0mbase_spec=[1mBaseSpec[0m[1m([0m                            │ │
│ │                       [2m│   │   [0minputs=[1m([0m[1m)[0m,                                 │ │
│ │                       [2m│   │   [0mbase_branch='trunk',                       │ │
│ │                       [2m│   │   [0mbase_role=[3mNone[0m                             │ │
│ │                       [2m│   [0m[1m)[0m,                                             │ │
│ │                       [2m│   [0mpermission_mode=<PermissionMode.UNATTENDED:    │ │
│ │                       'unattended'>,                                     │ │
│ │                       [2m│   [0mallowed_tools=[1m[[0m                                │ │
│ │                       [2m│   │   [0m'Read',                                    │ │
│ │                       [2m│   │   [0m'Glob',                                    │ │
│ │                       [2m│   │   [0m'Grep',                                    │ │
│ │                       [2m│   │   [0m'Bash',                                    │ │
│ │                       [2m│   │   [0m'Edit',                                    │ │
│ │                       [2m│   │   [0m'Write'                                    │ │
│ │                       [2m│   [0m[1m][0m,                                             │ │
│ │                       [2m│   [0m                                               │ │
│ │                       feature_branch='kodezart/test-branch-497863d3',    │ │
│ │                       [2m│   [0m                                               │ │
│ │                       ralph_branch='kodezart/test-branch-497863d3-ralph… │ │
│ │                       [2m│   [0mwork_base_ref='trunk',                         │ │
│ │                       [2m│   [0macceptance_criteria=[1m[[0m                          │ │
│ │                       [2m│   │   [0m[1mTrackerCriterion[0m[1m([0m                          │ │
│ │                       [2m│   │   │   [0mid='A/check',                          │ │
│ │                       [2m│   │   │   [0mtext='A live Check  bytes'             │ │
│ │                       [2m│   │   [0m[1m)[0m                                          │ │
│ │                       [2m│   [0m[1m][0m,                                             │ │
│ │                       [2m│   [0mtracker_spec=[1mTrackerSpec[0m[1m([0m                      │ │
│ │                       [2m│   │   [0msubject='A',                               │ │
│ │                       [2m│   │   [0mbody='Exact native subject A  with         │ │
│ │                       spaces\n',                                         │ │
│ │                       [2m│   │   [0mcriteria=[1m([0m'A/check',[1m)[0m,                     │ │
│ │                       [2m│   │   [0m                                           │ │
│ │                       read_at_version='2026-01-01T00:00:00+00:00'        │ │
│ │                       [2m│   [0m[1m)[0m,                                             │ │
│ │                       [2m│   [0mrepo_visibility=<RepoVisibility.UNKNOWN:       │ │
│ │                       'unknown'[1m>[0m                                         │ │
│ │                       [1m)[0m                                                  │ │
│ │               [3mevent[0m = [1mResultEvent[0m[1m([0m                                       │ │
│ │                       [2m│   [0mtype='result',                                 │ │
│ │                       [2m│   [0mfailure_kind=[3mNone[0m,                             │ │
│ │                       [2m│   [0msubtype='result',                              │ │
│ │                       [2m│   [0mduration_ms=[1m1[0m,                                 │ │
│ │                       [2m│   [0mduration_api_ms=[1m1[0m,                             │ │
│ │                       [2m│   [0mis_error=[3mFalse[0m,                                │ │
│ │                       [2m│   [0mnum_turns=[1m1[0m,                                   │ │
│ │                       [2m│   [0msession_id='native-session',                   │ │
│ │                       [2m│   [0mstop_reason=[3mNone[0m,                              │ │
│ │                       [2m│   [0mtotal_cost_usd=[3mNone[0m,                           │ │
│ │                       [2m│   [0musage=[3mNone[0m,                                    │ │
│ │                       [2m│   [0mresult=[3mNone[0m,                                   │ │
│ │                       [2m│   [0mbranch='kodezart/test-branch-497863d3',        │ │
│ │                       [2m│   [0mcommit_sha=[3mNone[0m,                               │ │
│ │                       [2m│   [0mstructured_output=[3mNone[0m                         │ │
│ │                       [1m)[0m                                                  │ │
│ │      [3mfeature_branch[0m = 'kodezart/test-branch-497863d3'                    │ │
│ │       [3minitial_state[0m = [1m{[0m                                                  │ │
│ │                       [2m│   [0m'iteration': [1m0[0m,                                │ │
│ │                       [2m│   [0m'verdict': [1m<[0m[1mAcceptVerdict.rejected:[0m            │ │
│ │                       'rejected'[1m>[0m,                                       │ │
│ │                       [2m│   [0m'pending_failures': [1m[[0m[1m][0m,                        │ │
│ │                       [2m│   [0m'iteration_records': [1m[[0m[1m][0m                        │ │
│ │                       [1m}[0m                                                  │ │
│ │     [3mpermission_mode[0m = [1m<[0m[1mPermissionMode.UNATTENDED:[0m 'unattended'[1m>[0m          │ │
│ │              [3mprompt[0m = '── SKILLS AVAILABLE FOR THIS ROLE ──\nLoad each   │ │
│ │                       skill below when its subject matt'+[1m101[0m             │ │
│ │        [3mralph_branch[0m = 'kodezart/test-branch-497863d3-ralph-7bf7f0b2'     │ │
│ │           [3mrepo_path[0m = '/tmp/fake-cache'                                  │ │
│ │            [3mrepo_url[0m = 'file:///scope-repository.git'                     │ │
│ │     [3mrepo_visibility[0m = [1m<[0m[1mRepoVisibility.UNKNOWN:[0m 'unknown'[1m>[0m                │ │
│ │        [3mrun_identity[0m = [1mRunIdentity[0m[1m([0m                                       │ │
│ │                       [2m│   [0mkind=[1m<[0m[1mRunKind.FIRE:[0m 'fire'[1m>[0m,                   │ │
│ │                       [2m│   [0mname='A',                                      │ │
│ │                       [2m│   [0mstarted_at=[1mdatetime[0m[1m.datetime[0m[1m([0m[1m2026[0m, [1m9[0m, [1m12[0m, [1m13[0m,  │ │
│ │                       [1m47[0m, [1m19[0m, [1m887174[0m, tzinfo=datetime.timezone.utc[1m)[0m      │ │
│ │                       [1m)[0m                                                  │ │
│ │                [3mself[0m = [1m<[0m[1mkodezart.chains.ralph_loop.RalphLoop[0m object at    │ │
│ │                       [1m0x10e115ca0[0m[1m>[0m                                       │ │
│ │        [3mtracker_spec[0m = [1mTrackerSpec[0m[1m([0m                                       │ │
│ │                       [2m│   [0msubject='A',                                   │ │
│ │                       [2m│   [0mbody='Exact native subject A  with spaces\n',  │ │
│ │                       [2m│   [0mcriteria=[1m([0m'A/check',[1m)[0m,                         │ │
│ │                       [2m│   [0mread_at_version='2026-01-01T00:00:00+00:00'    │ │
│ │                       [1m)[0m                                                  │ │
│ │       [3mwork_base_ref[0m = 'trunk'                                            │ │
│ ╰──────────────────────────────────────────────────────────────────────────╯ │
│                                                                              │
│ [2m/private/tmp/kodezart-v03-recovery-scope-runtime/.venv/lib/python3.12/site-p[0m │
│ [2mackages/langgraph/pregel/[0m[1mmain.py[0m:2997 in astream                             │
│                                                                              │
│   [2m2994 [0m[2m│   │   │   │   │   [0mwhile loop.tick():                                │
│   [2m2995 [0m[2m│   │   │   │   │   │   [0mfor task in await loop.amatch_cached_writes() │
│   [2m2996 [0m[2m│   │   │   │   │   │   │   [0mloop.output_writes(task.id, task.writes,  │
│ ❱ 2997 [2m│   │   │   │   │   │   [0masync for _ in runner.atick(                  │
│   [2m2998 [0m[2m│   │   │   │   │   │   │   [0m[t for t in loop.tasks.values() if not t. │
│   [2m2999 [0m[2m│   │   │   │   │   │   │   [0mtimeout=self.step_timeout,                │
│   [2m3000 [0m[2m│   │   │   │   │   │   │   [0mget_waiter=get_waiter,                    │
│                                                                              │
│ ╭───────────────────────────────── locals ─────────────────────────────────╮ │
│ │                 [3m_[0m = [3mNone[0m                                                 │ │
│ │           [3maioloop[0m = [1m<[0m[1m_UnixSelectorEventLoop[0m running=[3mTrue[0m closed=[3mFalse[0m    │ │
│ │                     debug=[3mFalse[0m[1m>[0m                                         │ │
│ │             [3mcache[0m = [3mNone[0m                                                 │ │
│ │  [3mcallback_manager[0m = [1m<[0m[1mlangchain_core.callbacks.manager.AsyncCallbackMana…[0m │ │
│ │                     object at [1m0x10e1b0aa0[0m[1m>[0m                               │ │
│ │ [3mcheckpoint_during[0m = [3mNone[0m                                                 │ │
│ │      [3mcheckpointer[0m = [1m<[0m[1mlanggraph.checkpoint.memory.InMemorySaver[0m object at │ │
│ │                     [1m0x10e115bb0[0m[1m>[0m                                         │ │
│ │            [3mconfig[0m = [1m{[0m                                                    │ │
│ │                     [2m│   [0m'tags': [1m[[0m[1m][0m,                                      │ │
│ │                     [2m│   [0m'metadata': [1m{[0m                                    │ │
│ │                     [2m│   │   [0m'scope_lane_request': [1m{[0m                      │ │
│ │                     [2m│   │   │   [0m'job':                                   │ │
│ │                     'd18bbd26e74e40198247c05ed1317744',                  │ │
│ │                     [2m│   │   │   [0m'scope':                                 │ │
│ │                     '{"kind":"project","key":"scoped-project"}',         │ │
│ │                     [2m│   │   │   [0m'issue': 'A',                            │ │
│ │                     [2m│   │   │   [0m'repo_url':                              │ │
│ │                     'file:///scope-repository.git',                      │ │
│ │                     [2m│   │   │   [0m'repo_path': '/tmp/fake-cache',          │ │
│ │                     [2m│   │   │   [0m'base':                                  │ │
│ │                     '{"inputs":[],"base_branch":"trunk","base_role":nul… │ │
│ │                     [2m│   │   [0m[1m}[0m,                                           │ │
│ │                     [2m│   │   [0m'scope_lane_run_identity': [1m{[0m                 │ │
│ │                     [2m│   │   │   [0m'kind': 'fire',                          │ │
│ │                     [2m│   │   │   [0m'name': 'A',                             │ │
│ │                     [2m│   │   │   [0m'started_at':                            │ │
│ │                     '2026-09-12T13:47:19.887174Z'                        │ │
│ │                     [2m│   │   [0m[1m}[0m,                                           │ │
│ │                     [2m│   │   [0m'prompt': 'Exact native subject A  with      │ │
│ │                     spaces\n',                                           │ │
│ │                     [2m│   │   [0m'repo_path': '/tmp/fake-cache',              │ │
│ │                     [2m│   │   [0m'repo_url': 'file:///scope-repository.git',  │ │
│ │                     [2m│   │   [0m'permission_mode':                           │ │
│ │                     [1m<[0m[1mPermissionMode.UNATTENDED:[0m 'unattended'>,           │ │
│ │                     [2m│   │   [0m'thread_id':                                 │ │
│ │                     'd18bbd26e74e40198247c05ed1317744-scope-559aead0826… │ │
│ │                     [2m│   │   [0m'langgraph_step': [1m4[0m,                         │ │
│ │                     [2m│   │   [0m'langgraph_node': 'run_ralph_loop',          │ │
│ │                     [2m│   │   [0m'langgraph_triggers': [1m([0m                      │ │
│ │                     [2m│   │   │   [0m'branch:to:run_ralph_loop',              │ │
│ │                     [2m│   │   [0m[1m)[0m,                                           │ │
│ │                     [2m│   │   [0m... +[1m7[0m                                       │ │
│ │                     [2m│   [0m[1m}[0m,                                               │ │
│ │                     [2m│   [0m'callbacks':                                     │ │
│ │                     <langchain_core.callbacks.manager.AsyncCallbackMana… │ │
│ │                     object at [1m0x10e1b0b30[0m>,                              │ │
│ │                     [2m│   [0m'recursion_limit': [1m10000[0m,                        │ │
│ │                     [2m│   [0m'configurable': [1m{[0m                                │ │
│ │                     [2m│   │   [0m'prompt': '── SKILLS AVAILABLE FOR THIS ROLE │ │
│ │                     ──\nLoad each skill below when its subject           │ │
│ │                     matt'+[1m101[0m,                                           │ │
│ │                     [2m│   │   [0m'repo_path': '/tmp/fake-cache',              │ │
│ │                     [2m│   │   [0m'repo_url': 'file:///scope-repository.git',  │ │
│ │                     [2m│   │   [0m'cache_key':                                 │ │
│ │                     'd18bbd26e74e40198247c05ed1317744-scope-559aead0826… │ │
│ │                     [2m│   │   [0m'run_identity': [1m{[0m                            │ │
│ │                     [2m│   │   │   [0m'kind': <RunKind.FIRE: 'fire'>,          │ │
│ │                     [2m│   │   │   [0m'name': 'A',                             │ │
│ │                     [2m│   │   │   [0m'started_at': [1mdatetime.datetime[0m[1m([0m[1m2026[0m, [1m9[0m, │ │
│ │                     [1m12[0m, [1m13[0m, [1m47[0m, [1m19[0m, [1m887174[0m,                              │ │
│ │                     tzinfo=datetime.timezone.utc[1m)[0m                        │ │
│ │                     [2m│   │   [0m[1m}[0m,                                           │ │
│ │                     [2m│   │   [0m'workspace_path': [3mNone[0m,                      │ │
│ │                     [2m│   │   [0m'base_spec': [1m{[0m                               │ │
│ │                     [2m│   │   │   [0m'inputs': [1m([0m[1m)[0m,                            │ │
│ │                     [2m│   │   │   [0m'base_branch': 'trunk',                  │ │
│ │                     [2m│   │   │   [0m'base_role': [3mNone[0m                        │ │
│ │                     [2m│   │   [0m[1m}[0m,                                           │ │
│ │                     [2m│   │   [0m'permission_mode':                           │ │
│ │                     <PermissionMode.UNATTENDED: 'unattended'[1m>[0m,           │ │
│ │                     [2m│   │   [0m'allowed_tools': [1m[[0m                           │ │
│ │                     [2m│   │   │   [0m'Read',                                  │ │
│ │                     [2m│   │   │   [0m'Glob',                                  │ │
│ │                     [2m│   │   │   [0m'Grep',                                  │ │
│ │                     [2m│   │   │   [0m'Bash',                                  │ │
│ │                     [2m│   │   │   [0m'Edit',                                  │ │
│ │                     [2m│   │   │   [0m'Write'                                  │ │
│ │                     [2m│   │   [0m[1m][0m,                                           │ │
│ │                     [2m│   │   [0m'feature_branch':                            │ │
│ │                     'kodezart/test-branch-497863d3',                     │ │
│ │                     [2m│   │   [0m... +[1m7[0m                                       │ │
│ │                     [2m│   [0m[1m}[0m                                                │ │
│ │                     [1m}[0m                                                    │ │
│ │           [3mcontext[0m = [3mNone[0m                                                 │ │
│ │             [3mdebug[0m = [3mNone[0m                                                 │ │
│ │         [3mdo_stream[0m = [3mFalse[0m                                                │ │
│ │        [3mdurability[0m = [3mNone[0m                                                 │ │
│ │       [3mdurability_[0m = 'async'                                              │ │
│ │             [3minput[0m = [1m{[0m                                                    │ │
│ │                     [2m│   [0m'iteration': [1m0[0m,                                  │ │
│ │                     [2m│   [0m'verdict': [1m<[0m[1mAcceptVerdict.rejected:[0m 'rejected'[1m>[0m, │ │
│ │                     [2m│   [0m'pending_failures': [1m[[0m[1m][0m,                          │ │
│ │                     [2m│   [0m'iteration_records': [1m[[0m[1m][0m                          │ │
│ │                     [1m}[0m                                                    │ │
│ │   [3minterrupt_after[0m = [3mNone[0m                                                 │ │
│ │  [3minterrupt_after_[0m = [1m[[0m[1m][0m                                                   │ │
│ │  [3minterrupt_before[0m = [3mNone[0m                                                 │ │
│ │ [3minterrupt_before_[0m = [1m[[0m[1m][0m                                                   │ │
│ │            [3mkwargs[0m = [1m{[0m[1m}[0m                                                   │ │
│ │              [3mloop[0m = [1m<[0m[1mlanggraph.pregel._loop.AsyncPregelLoop[0m object at    │ │
│ │                     [1m0x10e1b0b60[0m[1m>[0m                                         │ │
│ │                 [3mo[0m = [1mResultEvent[0m[1m([0m                                         │ │
│ │                     [2m│   [0mtype='result',                                   │ │
│ │                     [2m│   [0mfailure_kind=[3mNone[0m,                               │ │
│ │                     [2m│   [0msubtype='result',                                │ │
│ │                     [2m│   [0mduration_ms=[1m1[0m,                                   │ │
│ │                     [2m│   [0mduration_api_ms=[1m1[0m,                               │ │
│ │                     [2m│   [0mis_error=[3mFalse[0m,                                  │ │
│ │                     [2m│   [0mnum_turns=[1m1[0m,                                     │ │
│ │                     [2m│   [0msession_id='native-session',                     │ │
│ │                     [2m│   [0mstop_reason=[3mNone[0m,                                │ │
│ │                     [2m│   [0mtotal_cost_usd=[3mNone[0m,                             │ │
│ │                     [2m│   [0musage=[3mNone[0m,                                      │ │
│ │                     [2m│   [0mresult=[3mNone[0m,                                     │ │
│ │                     [2m│   [0mbranch='kodezart/test-branch-497863d3',          │ │
│ │                     [2m│   [0mcommit_sha=[3mNone[0m,                                 │ │
│ │                     [2m│   [0mstructured_output=[3mNone[0m                           │ │
│ │                     [1m)[0m                                                    │ │
│ │       [3moutput_keys[0m = [1m[[0m                                                    │ │
│ │                     [2m│   [0m'iteration',                                     │ │
│ │                     [2m│   [0m'verdict',                                       │ │
│ │                     [2m│   [0m'pending_failures',                              │ │
│ │                     [2m│   [0m'iteration_records',                             │ │
│ │                     [2m│   [0m'iteration_commit_sha'                           │ │
│ │                     [1m][0m                                                    │ │
│ │    [3mparent_runtime[0m = [1mRuntime[0m[1m([0m                                             │ │
│ │                     [2m│   [0mcontext=[3mNone[0m,                                    │ │
│ │                     [2m│   [0mstore=[3mNone[0m,                                      │ │
│ │                     [2m│   [0mstream_writer=[1m<[0m[1mfunction[0m _no_op_stream_writer at  │ │
│ │                     [1m0x10dd29080[0m[1m>[0m,                                        │ │
│ │                     [2m│   [0mprevious=[3mNone[0m                                    │ │
│ │                     [1m)[0m                                                    │ │
│ │        [3mprint_mode[0m = [1m([0m[1m)[0m                                                   │ │
│ │       [3mrun_manager[0m = [1m<[0m[1mlangchain_core.callbacks.manager.AsyncCallbackMana…[0m │ │
│ │                     object at [1m0x10e1b0500[0m[1m>[0m                               │ │
│ │            [3mrunner[0m = [1m<[0m[1mlanggraph.pregel._runner.PregelRunner[0m object at     │ │
│ │                     [1m0x10e1b0c20[0m[1m>[0m                                         │ │
│ │           [3mruntime[0m = [1mRuntime[0m[1m([0m                                             │ │
│ │                     [2m│   [0mcontext=[3mNone[0m,                                    │ │
│ │                     [2m│   [0mstore=[3mNone[0m,                                      │ │
│ │                     [2m│   [0mstream_writer=[1m<[0m[1mfunction[0m                          │ │
│ │                     Pregel.astream.<locals>.stream_writer at             │ │
│ │                     [1m0x10e292b60[0m[1m>[0m,                                        │ │
│ │                     [2m│   [0mprevious=[3mNone[0m                                    │ │
│ │                     [1m)[0m                                                    │ │
│ │              [3mself[0m = [1m<[0m[1mlanggraph.graph.state.CompiledStateGraph[0m object at  │ │
│ │                     [1m0x10e116630[0m[1m>[0m                                         │ │
│ │             [3mstore[0m = [3mNone[0m                                                 │ │
│ │            [3mstream[0m = [1m<[0m[1mAsyncQueue[0m at [1m0x10e1b0a70[0m maxsize=[1m0[0m tasks=[1m1[0m[1m>[0m        │ │
│ │       [3mstream_mode[0m = 'custom'                                             │ │
│ │      [3mstream_modes[0m = [1m{[0m'custom'[1m}[0m                                           │ │
│ │        [3mstream_put[0m = [1mfunctools.partial[0m[1m([0m[1m<[0m[1mbound[0m method                      │ │
│ │                     BaseEventLoop.call_soon_threadsafe of                │ │
│ │                     <_UnixSelectorEventLoop running=[3mTrue[0m closed=[3mFalse[0m    │ │
│ │                     debug=[3mFalse[0m>>, <bound method Queue.put_nowait of     │ │
│ │                     <AsyncQueue at [1m0x10e1b0a70[0m maxsize=[1m0[0m tasks=[1m1[0m>[1m>[0m[1m)[0m      │ │
│ │         [3msubgraphs[0m = [3mFalse[0m                                                │ │
│ │            [3mwaiter[0m = [3mNone[0m                                                 │ │
│ ╰──────────────────────────────────────────────────────────────────────────╯ │
│                                                                              │
│ [2m/private/tmp/kodezart-v03-recovery-scope-runtime/.venv/lib/python3.12/site-p[0m │
│ [2mackages/langgraph/pregel/[0m[1m_runner.py[0m:410 in atick                             │
│                                                                              │
│   [2m407 [0m[2m│   │   │   [0mfut.cancel()                                               │
│   [2m408 [0m[2m│   │   [0m[2m# panic on failure or timeout[0m                                  │
│   [2m409 [0m[2m│   │   [0mtry:                                                           │
│ ❱ 410 [2m│   │   │   [0m_panic_or_proceed(                                         │
│   [2m411 [0m[2m│   │   │   │   [0mfutures.done.union(f for f, t in futures.items() if t  │
│   [2m412 [0m[2m│   │   │   │   [0mtimeout_exc_cls=asyncio.TimeoutError,                  │
│   [2m413 [0m[2m│   │   │   │   [0mpanic=reraise,                                         │
│                                                                              │
│ ╭───────────────────────────────── locals ─────────────────────────────────╮ │
│ │          [3mdone[0m = [1m{[0m                                                        │ │
│ │                 [2m│   [0m[1m<[0m[1mTask[0m finished name='evaluate'                       │ │
│ │                 coro=<[1marun_with_retry[0m[1m([0m[1m)[0m done, defined at                 │ │
│ │                 /private/tmp/kodezart-v03-recovery-scope-runtime/.venv/… │ │
│ │                 exception=[1mNodeSessionObservationError[0m[1m([0m'native result has │ │
│ │                 no observed session opening'[1m)[0m[1m>[0m                           │ │
│ │                 [1m}[0m                                                        │ │
│ │      [3mend_time[0m = [3mNone[0m                                                     │ │
│ │           [3mfut[0m = [1m<[0m[1mTask[0m cancelled name='Task-47' coro=<[1mAsyncQueue.wait[0m[1m([0m[1m)[0m   │ │
│ │                 done, defined at                                         │ │
│ │                 /private/tmp/kodezart-v03-recovery-scope-runtime/.venv/… │ │
│ │       [3mfutures[0m = [1m{[0m                                                        │ │
│ │                 [2m│   [0m[1m<[0m[1mTask[0m cancelled name='Task-47'                       │ │
│ │                 coro=<[1mAsyncQueue.wait[0m[1m([0m[1m)[0m done, defined at                 │ │
│ │                 /private/tmp/kodezart-v03-recovery-scope-runtime/.venv/… │ │
│ │                 [3mNone[0m                                                     │ │
│ │                 [1m}[0m                                                        │ │
│ │      [3minflight[0m = [1m{[0m                                                        │ │
│ │                 [2m│   [0m[1m<[0m[1mTask[0m cancelled name='Task-47'                       │ │
│ │                 coro=<[1mAsyncQueue.wait[0m[1m([0m[1m)[0m done, defined at                 │ │
│ │                 /private/tmp/kodezart-v03-recovery-scope-runtime/.venv/… │ │
│ │                 [1m}[0m                                                        │ │
│ │          [3mloop[0m = [1m<[0m[1m_UnixSelectorEventLoop[0m running=[3mTrue[0m closed=[3mFalse[0m        │ │
│ │                 debug=[3mFalse[0m[1m>[0m                                             │ │
│ │       [3mreraise[0m = [3mTrue[0m                                                     │ │
│ │  [3mretry_policy[0m = [3mNone[0m                                                     │ │
│ │ [3mschedule_task[0m = [1m<[0m[1mbound[0m method AsyncPregelLoop.aaccept_push of            │ │
│ │                 <langgraph.pregel._loop.AsyncPregelLoop object at        │ │
│ │                 [1m0x10e1b0b60[0m>[1m>[0m                                            │ │
│ │          [3mself[0m = [1m<[0m[1mlanggraph.pregel._runner.PregelRunner[0m object at         │ │
│ │                 [1m0x10e1b0c20[0m[1m>[0m                                             │ │
│ │             [3mt[0m = [1mPregelExecutableTask[0m[1m([0m                                    │ │
│ │                 [2m│   [0mname='evaluate',                                     │ │
│ │                 [2m│   [0minput=[1m{[0m                                              │ │
│ │                 [2m│   │   [0m'iteration': [1m1[0m,                                  │ │
│ │                 [2m│   │   [0m'verdict': [1m<[0m[1mAcceptVerdict.rejected:[0m 'rejected'>, │ │
│ │                 [2m│   │   [0m'pending_failures': [1m[[0m[1m][0m,                          │ │
│ │                 [2m│   │   [0m'iteration_records': [1m[[0m[1m][0m,                         │ │
│ │                 [2m│   │   [0m'iteration_commit_sha': [3mNone[0m                     │ │
│ │                 [2m│   [0m[1m}[0m,                                                   │ │
│ │                 [2m│   [0mproc=<langgraph._internal._runnable.RunnableSeq      │ │
│ │                 object at [1m0x10e1b1010[0m>,                                  │ │
│ │                 [2m│   [0mwrites=[1mdeque[0m[1m([0m[1m[[0m                                       │ │
│ │                 [2m│   │   [0m[1m([0m                                                │ │
│ │                 [2m│   │   │   [0m'__error__',                                 │ │
│ │                 [2m│   │   │   [0m[1mNodeSessionObservationError[0m[1m([0m'native result   │ │
│ │                 has no observed session opening'[1m)[0m                        │ │
│ │                 [2m│   │   [0m[1m)[0m                                                │ │
│ │                 [2m│   [0m[1m][0m[1m)[0m,                                                  │ │
│ │                 [2m│   [0mconfig=[1m{[0m                                             │ │
│ │                 [2m│   │   [0m'metadata': [1m{[0m                                    │ │
│ │                 [2m│   │   │   [0m'scope_lane_request': [1m{[0m                      │ │
│ │                 [2m│   │   │   │   [0m'job':                                   │ │
│ │                 'd18bbd26e74e40198247c05ed1317744',                      │ │
│ │                 [2m│   │   │   │   [0m'scope':                                 │ │
│ │                 '{"kind":"project","key":"scoped-project"}',             │ │
│ │                 [2m│   │   │   │   [0m'issue': 'A',                            │ │
│ │                 [2m│   │   │   │   [0m'repo_url':                              │ │
│ │                 'file:///scope-repository.git',                          │ │
│ │                 [2m│   │   │   │   [0m'repo_path': '/tmp/fake-cache',          │ │
│ │                 [2m│   │   │   │   [0m'base':                                  │ │
│ │                 '{"inputs":[],"base_branch":"trunk","base_role":null}'   │ │
│ │                 [2m│   │   │   [0m[1m}[0m,                                           │ │
│ │                 [2m│   │   │   [0m'scope_lane_run_identity': [1m{[0m                 │ │
│ │                 [2m│   │   │   │   [0m'kind': 'fire',                          │ │
│ │                 [2m│   │   │   │   [0m'name': 'A',                             │ │
│ │                 [2m│   │   │   │   [0m'started_at':                            │ │
│ │                 '2026-09-12T13:47:19.887174Z'                            │ │
│ │                 [2m│   │   │   [0m[1m}[0m,                                           │ │
│ │                 [2m│   │   │   [0m'prompt': 'Exact native subject A  with      │ │
│ │                 spaces\n',                                               │ │
│ │                 [2m│   │   │   [0m'repo_path': '/tmp/fake-cache',              │ │
│ │                 [2m│   │   │   [0m'repo_url': 'file:///scope-repository.git',  │ │
│ │                 [2m│   │   │   [0m'permission_mode':                           │ │
│ │                 <PermissionMode.UNATTENDED: 'unattended'>,               │ │
│ │                 [2m│   │   │   [0m'thread_id':                                 │ │
│ │                 'd18bbd26e74e40198247c05ed1317744-scope-559aead08264d57… │ │
│ │                 [2m│   │   │   [0m'langgraph_step': [1m2[0m,                         │ │
│ │                 [2m│   │   │   [0m'langgraph_node': 'evaluate',                │ │
│ │                 [2m│   │   │   [0m'langgraph_triggers': [1m([0m                      │ │
│ │                 [2m│   │   │   │   [0m'branch:to:evaluate',                    │ │
│ │                 [2m│   │   │   [0m[1m)[0m,                                           │ │
│ │                 [2m│   │   │   [0m... +[1m7[0m                                       │ │
│ │                 [2m│   │   [0m[1m}[0m,                                               │ │
│ │                 [2m│   │   [0m'callbacks':                                     │ │
│ │                 <langchain_core.callbacks.manager.AsyncCallbackManager   │ │
│ │                 object at [1m0x10e1b0d70[0m>,                                  │ │
│ │                 [2m│   │   [0m'configurable': [1m{[0m                                │ │
│ │                 [2m│   │   │   [0m'prompt': '── SKILLS AVAILABLE FOR THIS ROLE │ │
│ │                 ──\nLoad each skill below when its subject matt'+[1m101[0m,    │ │
│ │                 [2m│   │   │   [0m'repo_path': '/tmp/fake-cache',              │ │
│ │                 [2m│   │   │   [0m'repo_url': 'file:///scope-repository.git',  │ │
│ │                 [2m│   │   │   [0m'cache_key':                                 │ │
│ │                 'd18bbd26e74e40198247c05ed1317744-scope-559aead08264d57… │ │
│ │                 [2m│   │   │   [0m'run_identity': [1m{[0m                            │ │
│ │                 [2m│   │   │   │   [0m'kind': <RunKind.FIRE: 'fire'>,          │ │
│ │                 [2m│   │   │   │   [0m'name': 'A',                             │ │
│ │                 [2m│   │   │   │   [0m'started_at': [1mdatetime.datetime[0m[1m([0m[1m2026[0m, [1m9[0m, │ │
│ │                 [1m12[0m, [1m13[0m, [1m47[0m, [1m19[0m, [1m887174[0m, tzinfo=datetime.timezone.utc[1m)[0m    │ │
│ │                 [2m│   │   │   [0m[1m}[0m,                                           │ │
│ │                 [2m│   │   │   [0m'workspace_path': [3mNone[0m,                      │ │
│ │                 [2m│   │   │   [0m'base_spec': [1m{[0m                               │ │
│ │                 [2m│   │   │   │   [0m'inputs': [1m([0m[1m)[0m,                            │ │
│ │                 [2m│   │   │   │   [0m'base_branch': 'trunk',                  │ │
│ │                 [2m│   │   │   │   [0m'base_role': [3mNone[0m                        │ │
│ │                 [2m│   │   │   [0m[1m}[0m,                                           │ │
│ │                 [2m│   │   │   [0m'permission_mode':                           │ │
│ │                 <PermissionMode.UNATTENDED: 'unattended'>,               │ │
│ │                 [2m│   │   │   [0m'allowed_tools': [1m[[0m                           │ │
│ │                 [2m│   │   │   │   [0m'Read',                                  │ │
│ │                 [2m│   │   │   │   [0m'Glob',                                  │ │
│ │                 [2m│   │   │   │   [0m'Grep',                                  │ │
│ │                 [2m│   │   │   │   [0m'Bash',                                  │ │
│ │                 [2m│   │   │   │   [0m'Edit',                                  │ │
│ │                 [2m│   │   │   │   [0m'Write'                                  │ │
│ │                 [2m│   │   │   [0m[1m][0m,                                           │ │
│ │                 [2m│   │   │   [0m'feature_branch':                            │ │
│ │                 'kodezart/test-branch-497863d3',                         │ │
│ │                 [2m│   │   │   [0m... +[1m15[0m                                      │ │
│ │                 [2m│   │   [0m[1m}[0m,                                               │ │
│ │                 [2m│   │   [0m'run_name': 'evaluate'                           │ │
│ │                 [2m│   [0m[1m}[0m,                                                   │ │
│ │                 [2m│   [0mtriggers=[1m([0m'branch:to:evaluate',[1m)[0m,                    │ │
│ │                 [2m│   [0mretry_policy=[1m([0m                                       │ │
│ │                 [2m│   │   [0m[1mRetryPolicy[0m[1m([0m                                     │ │
│ │                 [2m│   │   │   [0minitial_interval=[1m0[0m[1m.1[0m,                        │ │
│ │                 [2m│   │   │   [0mbackoff_factor=[1m2[0m[1m.0[0m,                          │ │
│ │                 [2m│   │   │   [0mmax_interval=[1m128[0m[1m.0[0m,                          │ │
│ │                 [2m│   │   │   [0mmax_attempts=[1m1[0m,                              │ │
│ │                 [2m│   │   │   [0mjitter=[3mTrue[0m,                                 │ │
│ │                 [2m│   │   │   [0mretry_on=<function should_retry at           │ │
│ │                 [1m0x10dd98220[0m>                                             │ │
│ │                 [2m│   │   [0m[1m)[0m,                                               │ │
│ │                 [2m│   [0m[1m)[0m,                                                   │ │
│ │                 [2m│   [0mcache_key=[3mNone[0m,                                      │ │
│ │                 [2m│   [0mid='2494d37b-835a-1232-2fc4-3e18a9c93918',           │ │
│ │                 [2m│   [0mpath=[1m([0m'__pregel_pull', 'evaluate'[1m)[0m,                  │ │
│ │                 [2m│   [0mwriters=[1m[[0m                                            │ │
│ │                 [2m│   │   [0mChannelWrite<...,...>[1m([0mtags=[3mNone[0m, recurse=[3mTrue[0m,   │ │
│ │                 explode_args=[3mFalse[0m, func_accepts=[1m{[0m'config': [1m([0m'N/A',      │ │
│ │                 <class 'inspect._empty'>[1m)[0m[1m}[0m,                              │ │
│ │                 writes=[1m([0m[1mChannelWriteTupleEntry[0m[1m([0mmapper=<function          │ │
│ │                 CompiledStateGraph.attach_node.<locals>._get_updates at  │ │
│ │                 [1m0x10e1f0360[0m>, value=<object object at [1m0x10c656380[0m>,      │ │
│ │                 static=[3mNone[0m[1m)[0m, [1mChannelWriteTupleEntry[0m[1m([0mmapper=<function    │ │
│ │                 _control_branch at [1m0x10dd78c20[0m>, value=<object object at │ │
│ │                 [1m0x10c656380[0m>, static=[1m[[0m[1m][0m[1m)[0m[1m)[0m[1m)[0m,                              │ │
│ │                 [2m│   │   [0m[1m_route[0m[1m([0mtags=[3mNone[0m, recurse=[3mTrue[0m,                  │ │
│ │                 explode_args=[3mFalse[0m, func_accepts=[1m{[0m'config': [1m([0m'N/A',      │ │
│ │                 <class 'inspect._empty'[1m>[0m[1m)[0m[1m}[0m,                              │ │
│ │                 _is_channel_writer=[1m[[0m[1m([0m[1mChannelWriteEntry[0m[1m([0mchannel='branch:… │ │
│ │                 value=[3mNone[0m, skip_none=[3mFalse[0m, mapper=[3mNone[0m[1m)[0m, 'execute'[1m)[0m,   │ │
│ │                 [1m([0m[1mChannelWriteEntry[0m[1m([0mchannel='__end__', value=[3mNone[0m,        │ │
│ │                 skip_none=[3mFalse[0m, mapper=[3mNone[0m[1m)[0m, '__end__'[1m)[0m[1m][0m[1m)[0m              │ │
│ │                 [2m│   [0m[1m][0m,                                                   │ │
│ │                 [2m│   [0msubgraphs=[1m[[0m[1m][0m                                         │ │
│ │                 [1m)[0m                                                        │ │
│ │         [3mtasks[0m = [1m([0m                                                        │ │
│ │                 [2m│   [0m[1mPregelExecutableTask[0m[1m([0m                                │ │
│ │                 [2m│   │   [0mname='evaluate',                                 │ │
│ │                 [2m│   │   [0minput=[1m{[0m                                          │ │
│ │                 [2m│   │   │   [0m'iteration': [1m1[0m,                              │ │
│ │                 [2m│   │   │   [0m'verdict': [1m<[0m[1mAcceptVerdict.rejected:[0m          │ │
│ │                 'rejected'>,                                             │ │
│ │                 [2m│   │   │   [0m'pending_failures': [1m[[0m[1m][0m,                      │ │
│ │                 [2m│   │   │   [0m'iteration_records': [1m[[0m[1m][0m,                     │ │
│ │                 [2m│   │   │   [0m'iteration_commit_sha': [3mNone[0m                 │ │
│ │                 [2m│   │   [0m[1m}[0m,                                               │ │
│ │                 [2m│   │   [0mproc=<langgraph._internal._runnable.RunnableSeq  │ │
│ │                 object at [1m0x10e1b1010[0m>,                                  │ │
│ │                 [2m│   │   [0mwrites=[1mdeque[0m[1m([0m[1m[[0m                                   │ │
│ │                 [2m│   │   │   [0m[1m([0m                                            │ │
│ │                 [2m│   │   │   │   [0m'__error__',                             │ │
│ │                 [2m│   │   │   │   [0m[1mNodeSessionObservationError[0m[1m([0m'native      │ │
│ │                 result has no observed session opening'[1m)[0m                 │ │
│ │                 [2m│   │   │   [0m[1m)[0m                                            │ │
│ │                 [2m│   │   [0m[1m][0m[1m)[0m,                                              │ │
│ │                 [2m│   │   [0mconfig=[1m{[0m                                         │ │
│ │                 [2m│   │   │   [0m'metadata': [1m{[0m                                │ │
│ │                 [2m│   │   │   │   [0m'scope_lane_request': [1m{[0m                  │ │
│ │                 [2m│   │   │   │   │   [0m'job':                               │ │
│ │                 'd18bbd26e74e40198247c05ed1317744',                      │ │
│ │                 [2m│   │   │   │   │   [0m'scope':                             │ │
│ │                 '{"kind":"project","key":"scoped-project"}',             │ │
│ │                 [2m│   │   │   │   │   [0m'issue': 'A',                        │ │
│ │                 [2m│   │   │   │   │   [0m'repo_url':                          │ │
│ │                 'file:///scope-repository.git',                          │ │
│ │                 [2m│   │   │   │   │   [0m'repo_path': '/tmp/fake-cache',      │ │
│ │                 [2m│   │   │   │   │   [0m'base':                              │ │
│ │                 '{"inputs":[],"base_branch":"trunk","base_role":null}'   │ │
│ │                 [2m│   │   │   │   [0m[1m}[0m,                                       │ │
│ │                 [2m│   │   │   │   [0m'scope_lane_run_identity': [1m{[0m             │ │
│ │                 [2m│   │   │   │   │   [0m'kind': 'fire',                      │ │
│ │                 [2m│   │   │   │   │   [0m'name': 'A',                         │ │
│ │                 [2m│   │   │   │   │   [0m'started_at':                        │ │
│ │                 '2026-09-12T13:47:19.887174Z'                            │ │
│ │                 [2m│   │   │   │   [0m[1m}[0m,                                       │ │
│ │                 [2m│   │   │   │   [0m'prompt': 'Exact native subject A  with  │ │
│ │                 spaces\n',                                               │ │
│ │                 [2m│   │   │   │   [0m'repo_path': '/tmp/fake-cache',          │ │
│ │                 [2m│   │   │   │   [0m'repo_url':                              │ │
│ │                 'file:///scope-repository.git',                          │ │
│ │                 [2m│   │   │   │   [0m'permission_mode':                       │ │
│ │                 <PermissionMode.UNATTENDED: 'unattended'>,               │ │
│ │                 [2m│   │   │   │   [0m'thread_id':                             │ │
│ │                 'd18bbd26e74e40198247c05ed1317744-scope-559aead08264d57… │ │
│ │                 [2m│   │   │   │   [0m'langgraph_step': [1m2[0m,                     │ │
│ │                 [2m│   │   │   │   [0m'langgraph_node': 'evaluate',            │ │
│ │                 [2m│   │   │   │   [0m'langgraph_triggers': [1m([0m                  │ │
│ │                 [2m│   │   │   │   │   [0m'branch:to:evaluate',                │ │
│ │                 [2m│   │   │   │   [0m[1m)[0m,                                       │ │
│ │                 [2m│   │   │   │   [0m... +[1m7[0m                                   │ │
│ │                 [2m│   │   │   [0m[1m}[0m,                                           │ │
│ │                 [2m│   │   │   [0m'callbacks':                                 │ │
│ │                 <langchain_core.callbacks.manager.AsyncCallbackManager   │ │
│ │                 object at [1m0x10e1b0d70[0m>,                                  │ │
│ │                 [2m│   │   │   [0m'configurable': [1m{[0m                            │ │
│ │                 [2m│   │   │   │   [0m'prompt': '── SKILLS AVAILABLE FOR THIS  │ │
│ │                 ROLE ──\nLoad each skill below when its subject          │ │
│ │                 matt'+[1m101[0m,                                               │ │
│ │                 [2m│   │   │   │   [0m'repo_path': '/tmp/fake-cache',          │ │
│ │                 [2m│   │   │   │   [0m'repo_url':                              │ │
│ │                 'file:///scope-repository.git',                          │ │
│ │                 [2m│   │   │   │   [0m'cache_key':                             │ │
│ │                 'd18bbd26e74e40198247c05ed1317744-scope-559aead08264d57… │ │
│ │                 [2m│   │   │   │   [0m'run_identity': [1m{[0m                        │ │
│ │                 [2m│   │   │   │   │   [0m'kind': <RunKind.FIRE: 'fire'>,      │ │
│ │                 [2m│   │   │   │   │   [0m'name': 'A',                         │ │
│ │                 [2m│   │   │   │   │   [0m'started_at':                        │ │
│ │                 [1mdatetime.datetime[0m[1m([0m[1m2026[0m, [1m9[0m, [1m12[0m, [1m13[0m, [1m47[0m, [1m19[0m, [1m887174[0m,       │ │
│ │                 tzinfo=datetime.timezone.utc[1m)[0m                            │ │
│ │                 [2m│   │   │   │   [0m[1m}[0m,                                       │ │
│ │                 [2m│   │   │   │   [0m'workspace_path': [3mNone[0m,                  │ │
│ │                 [2m│   │   │   │   [0m'base_spec': [1m{[0m                           │ │
│ │                 [2m│   │   │   │   │   [0m'inputs': [1m([0m[1m)[0m,                        │ │
│ │                 [2m│   │   │   │   │   [0m'base_branch': 'trunk',              │ │
│ │                 [2m│   │   │   │   │   [0m'base_role': [3mNone[0m                    │ │
│ │                 [2m│   │   │   │   [0m[1m}[0m,                                       │ │
│ │                 [2m│   │   │   │   [0m'permission_mode':                       │ │
│ │                 <PermissionMode.UNATTENDED: 'unattended'>,               │ │
│ │                 [2m│   │   │   │   [0m'allowed_tools': [1m[[0m                       │ │
│ │                 [2m│   │   │   │   │   [0m'Read',                              │ │
│ │                 [2m│   │   │   │   │   [0m'Glob',                              │ │
│ │                 [2m│   │   │   │   │   [0m'Grep',                              │ │
│ │                 [2m│   │   │   │   │   [0m'Bash',                              │ │
│ │                 [2m│   │   │   │   │   [0m'Edit',                              │ │
│ │                 [2m│   │   │   │   │   [0m'Write'                              │ │
│ │                 [2m│   │   │   │   [0m[1m][0m,                                       │ │
│ │                 [2m│   │   │   │   [0m'feature_branch':                        │ │
│ │                 'kodezart/test-branch-497863d3',                         │ │
│ │                 [2m│   │   │   │   [0m... +[1m15[0m                                  │ │
│ │                 [2m│   │   │   [0m[1m}[0m,                                           │ │
│ │                 [2m│   │   │   [0m'run_name': 'evaluate'                       │ │
│ │                 [2m│   │   [0m[1m}[0m,                                               │ │
│ │                 [2m│   │   [0mtriggers=[1m([0m'branch:to:evaluate',[1m)[0m,                │ │
│ │                 [2m│   │   [0mretry_policy=[1m([0m                                   │ │
│ │                 [2m│   │   │   [0m[1mRetryPolicy[0m[1m([0m                                 │ │
│ │                 [2m│   │   │   │   [0minitial_interval=[1m0[0m[1m.1[0m,                    │ │
│ │                 [2m│   │   │   │   [0mbackoff_factor=[1m2[0m[1m.0[0m,                      │ │
│ │                 [2m│   │   │   │   [0mmax_interval=[1m128[0m[1m.0[0m,                      │ │
│ │                 [2m│   │   │   │   [0mmax_attempts=[1m1[0m,                          │ │
│ │                 [2m│   │   │   │   [0mjitter=[3mTrue[0m,                             │ │
│ │                 [2m│   │   │   │   [0mretry_on=<function should_retry at       │ │
│ │                 [1m0x10dd98220[0m>                                             │ │
│ │                 [2m│   │   │   [0m[1m)[0m,                                           │ │
│ │                 [2m│   │   [0m[1m)[0m,                                               │ │
│ │                 [2m│   │   [0mcache_key=[3mNone[0m,                                  │ │
│ │                 [2m│   │   [0mid='2494d37b-835a-1232-2fc4-3e18a9c93918',       │ │
│ │                 [2m│   │   [0mpath=[1m([0m'__pregel_pull', 'evaluate'[1m)[0m,              │ │
│ │                 [2m│   │   [0mwriters=[1m[[0m                                        │ │
│ │                 [2m│   │   │   [0mChannelWrite<...,...>[1m([0mtags=[3mNone[0m,             │ │
│ │                 recurse=[3mTrue[0m, explode_args=[3mFalse[0m,                        │ │
│ │                 func_accepts=[1m{[0m'config': [1m([0m'N/A', <class                   │ │
│ │                 'inspect._empty'>[1m)[0m[1m}[0m,                                     │ │
│ │                 writes=[1m([0m[1mChannelWriteTupleEntry[0m[1m([0mmapper=<function          │ │
│ │                 CompiledStateGraph.attach_node.<locals>._get_updates at  │ │
│ │                 [1m0x10e1f0360[0m>, value=<object object at [1m0x10c656380[0m>,      │ │
│ │                 static=[3mNone[0m[1m)[0m, [1mChannelWriteTupleEntry[0m[1m([0mmapper=<function    │ │
│ │                 _control_branch at [1m0x10dd78c20[0m>, value=<object object at │ │
│ │                 [1m0x10c656380[0m>, static=[1m[[0m[1m][0m[1m)[0m[1m)[0m[1m)[0m,                              │ │
│ │                 [2m│   │   │   [0m[1m_route[0m[1m([0mtags=[3mNone[0m, recurse=[3mTrue[0m,              │ │
│ │                 explode_args=[3mFalse[0m, func_accepts=[1m{[0m'config': [1m([0m'N/A',      │ │
│ │                 <class 'inspect._empty'[1m>[0m[1m)[0m[1m}[0m,                              │ │
│ │                 _is_channel_writer=[1m[[0m[1m([0m[1mChannelWriteEntry[0m[1m([0mchannel='branch:… │ │
│ │                 value=[3mNone[0m, skip_none=[3mFalse[0m, mapper=[3mNone[0m[1m)[0m, 'execute'[1m)[0m,   │ │
│ │                 [1m([0m[1mChannelWriteEntry[0m[1m([0mchannel='__end__', value=[3mNone[0m,        │ │
│ │                 skip_none=[3mFalse[0m, mapper=[3mNone[0m[1m)[0m, '__end__'[1m)[0m[1m][0m[1m)[0m              │ │
│ │                 [2m│   │   [0m[1m][0m,                                               │ │
│ │                 [2m│   │   [0msubgraphs=[1m[[0m[1m][0m                                     │ │
│ │                 [2m│   [0m[1m)[0m,                                                   │ │
│ │                 [1m)[0m                                                        │ │
│ │            [3mtb[0m = [1m<[0m[1mtraceback[0m object at [1m0x10e1fa580[0m[1m>[0m                        │ │
│ │       [3mtimeout[0m = [3mNone[0m                                                     │ │
│ ╰──────────────────────────────────────────────────────────────────────────╯ │
│                                                                              │
│ [2m/private/tmp/kodezart-v03-recovery-scope-runtime/.venv/lib/python3.12/site-p[0m │
│ [2mackages/langgraph/pregel/[0m[1m_runner.py[0m:520 in _panic_or_proceed                 │
│                                                                              │
│   [2m517 [0m[2m│   │   │   │   │   [0m[2m# collect interrupts[0m                               │
│   [2m518 [0m[2m│   │   │   │   │   [0minterrupts.append(exc)                             │
│   [2m519 [0m[2m│   │   │   │   [0melif fut not in SKIP_RERAISE_SET:                      │
│ ❱ 520 [2m│   │   │   │   │   [0m[1;4mraise[0m[1;4m exc[0m                                          │
│   [2m521 [0m[2m│   [0m[2m# raise combined interrupts[0m                                        │
│   [2m522 [0m[2m│   [0mif interrupts:                                                     │
│   [2m523 [0m[2m│   │   [0mraise GraphInterrupt(tuple(i for exc in interrupts for i in ex │
│                                                                              │
│ ╭───────────────────────────────── locals ─────────────────────────────────╮ │
│ │       [3mdone[0m = [1mset[0m[1m([0m[1m)[0m                                                       │ │
│ │        [3mexc[0m = [1mNodeSessionObservationError[0m[1m([0m'native result has no observed  │ │
│ │              session opening'[1m)[0m                                           │ │
│ │        [3mfut[0m = [1m<[0m[1mTask[0m finished name='evaluate' coro=<[1marun_with_retry[0m[1m([0m[1m)[0m      │ │
│ │              done, defined at                                            │ │
│ │              /private/tmp/kodezart-v03-recovery-scope-runtime/.venv/lib… │ │
│ │              exception=[1mNodeSessionObservationError[0m[1m([0m'native result has no │ │
│ │              observed session opening'[1m)[0m[1m>[0m                                 │ │
│ │       [3mfuts[0m = [1m{[0m                                                           │ │
│ │              [2m│   [0m[1m<[0m[1mTask[0m finished name='evaluate' coro=<[1marun_with_retry[0m[1m([0m[1m)[0m  │ │
│ │              done, defined at                                            │ │
│ │              /private/tmp/kodezart-v03-recovery-scope-runtime/.venv/lib… │ │
│ │              exception=[1mNodeSessionObservationError[0m[1m([0m'native result has no │ │
│ │              observed session opening'[1m)[0m[1m>[0m                                 │ │
│ │              [1m}[0m                                                           │ │
│ │   [3minflight[0m = [1mset[0m[1m([0m[1m)[0m                                                       │ │
│ │ [3minterrupts[0m = [1m[[0m[1m][0m                                                          │ │
│ │      [3mpanic[0m = [3mTrue[0m                                                        │ │
│ ╰──────────────────────────────────────────────────────────────────────────╯ │
│                                                                              │
│ [2m/private/tmp/kodezart-v03-recovery-scope-runtime/.venv/lib/python3.12/site-p[0m │
│ [2mackages/langgraph/pregel/[0m[1m_retry.py[0m:163 in arun_with_retry                    │
│                                                                              │
│   [2m160 [0m[2m│   │   │   │   [0m[2m# if successful, end[0m                                   │
│   [2m161 [0m[2m│   │   │   │   [0mbreak                                                  │
│   [2m162 [0m[2m│   │   │   [0melse:                                                      │
│ ❱ 163 [2m│   │   │   │   [0mreturn await task.proc.ainvoke(task.input, config)     │
│   [2m164 [0m[2m│   │   [0mexcept ParentCommand as exc:                                   │
│   [2m165 [0m[2m│   │   │   [0mns: str = config[CONF][CONFIG_KEY_CHECKPOINT_NS]           │
│   [2m166 [0m[2m│   │   │   [0mcmd = exc.args[0]                                          │
│                                                                              │
│ ╭───────────────────────────────── locals ─────────────────────────────────╮ │
│ │            [3mattempts[0m = [1m0[0m                                                  │ │
│ │              [3mconfig[0m = [1m{[0m                                                  │ │
│ │                       [2m│   [0m'metadata': [1m{[0m                                  │ │
│ │                       [2m│   │   [0m'scope_lane_request': [1m{[0m                    │ │
│ │                       [2m│   │   │   [0m'job':                                 │ │
│ │                       'd18bbd26e74e40198247c05ed1317744',                │ │
│ │                       [2m│   │   │   [0m'scope':                               │ │
│ │                       '{"kind":"project","key":"scoped-project"}',       │ │
│ │                       [2m│   │   │   [0m'issue': 'A',                          │ │
│ │                       [2m│   │   │   [0m'repo_url':                            │ │
│ │                       'file:///scope-repository.git',                    │ │
│ │                       [2m│   │   │   [0m'repo_path': '/tmp/fake-cache',        │ │
│ │                       [2m│   │   │   [0m'base':                                │ │
│ │                       '{"inputs":[],"base_branch":"trunk","base_role":n… │ │
│ │                       [2m│   │   [0m[1m}[0m,                                         │ │
│ │                       [2m│   │   [0m'scope_lane_run_identity': [1m{[0m               │ │
│ │                       [2m│   │   │   [0m'kind': 'fire',                        │ │
│ │                       [2m│   │   │   [0m'name': 'A',                           │ │
│ │                       [2m│   │   │   [0m'started_at':                          │ │
│ │                       '2026-09-12T13:47:19.887174Z'                      │ │
│ │                       [2m│   │   [0m[1m}[0m,                                         │ │
│ │                       [2m│   │   [0m'prompt': 'Exact native subject A  with    │ │
│ │                       spaces\n',                                         │ │
│ │                       [2m│   │   [0m'repo_path': '/tmp/fake-cache',            │ │
│ │                       [2m│   │   [0m'repo_url':                                │ │
│ │                       'file:///scope-repository.git',                    │ │
│ │                       [2m│   │   [0m'permission_mode':                         │ │
│ │                       [1m<[0m[1mPermissionMode.UNATTENDED:[0m 'unattended'>,         │ │
│ │                       [2m│   │   [0m'thread_id':                               │ │
│ │                       'd18bbd26e74e40198247c05ed1317744-scope-559aead08… │ │
│ │                       [2m│   │   [0m'langgraph_step': [1m2[0m,                       │ │
│ │                       [2m│   │   [0m'langgraph_node': 'evaluate',              │ │
│ │                       [2m│   │   [0m'langgraph_triggers': [1m([0m                    │ │
│ │                       [2m│   │   │   [0m'branch:to:evaluate',                  │ │
│ │                       [2m│   │   [0m[1m)[0m,                                         │ │
│ │                       [2m│   │   [0m... +[1m7[0m                                     │ │
│ │                       [2m│   [0m[1m}[0m,                                             │ │
│ │                       [2m│   [0m'callbacks':                                   │ │
│ │                       <langchain_core.callbacks.manager.AsyncCallbackMa… │ │
│ │                       object at [1m0x10e1b0d70[0m>,                            │ │
│ │                       [2m│   [0m'configurable': [1m{[0m                              │ │
│ │                       [2m│   │   [0m'prompt': '── SKILLS AVAILABLE FOR THIS    │ │
│ │                       ROLE ──\nLoad each skill below when its subject    │ │
│ │                       matt'+[1m101[0m,                                         │ │
│ │                       [2m│   │   [0m'repo_path': '/tmp/fake-cache',            │ │
│ │                       [2m│   │   [0m'repo_url':                                │ │
│ │                       'file:///scope-repository.git',                    │ │
│ │                       [2m│   │   [0m'cache_key':                               │ │
│ │                       'd18bbd26e74e40198247c05ed1317744-scope-559aead08… │ │
│ │                       [2m│   │   [0m'run_identity': [1m{[0m                          │ │
│ │                       [2m│   │   │   [0m'kind': <RunKind.FIRE: 'fire'>,        │ │
│ │                       [2m│   │   │   [0m'name': 'A',                           │ │
│ │                       [2m│   │   │   [0m'started_at': [1mdatetime.datetime[0m[1m([0m[1m2026[0m,  │ │
│ │                       [1m9[0m, [1m12[0m, [1m13[0m, [1m47[0m, [1m19[0m, [1m887174[0m,                         │ │
│ │                       tzinfo=datetime.timezone.utc[1m)[0m                      │ │
│ │                       [2m│   │   [0m[1m}[0m,                                         │ │
│ │                       [2m│   │   [0m'workspace_path': [3mNone[0m,                    │ │
│ │                       [2m│   │   [0m'base_spec': [1m{[0m                             │ │
│ │                       [2m│   │   │   [0m'inputs': [1m([0m[1m)[0m,                          │ │
│ │                       [2m│   │   │   [0m'base_branch': 'trunk',                │ │
│ │                       [2m│   │   │   [0m'base_role': [3mNone[0m                      │ │
│ │                       [2m│   │   [0m[1m}[0m,                                         │ │
│ │                       [2m│   │   [0m'permission_mode':                         │ │
│ │                       <PermissionMode.UNATTENDED: 'unattended'[1m>[0m,         │ │
│ │                       [2m│   │   [0m'allowed_tools': [1m[[0m                         │ │
│ │                       [2m│   │   │   [0m'Read',                                │ │
│ │                       [2m│   │   │   [0m'Glob',                                │ │
│ │                       [2m│   │   │   [0m'Grep',                                │ │
│ │                       [2m│   │   │   [0m'Bash',                                │ │
│ │                       [2m│   │   │   [0m'Edit',                                │ │
│ │                       [2m│   │   │   [0m'Write'                                │ │
│ │                       [2m│   │   [0m[1m][0m,                                         │ │
│ │                       [2m│   │   [0m'feature_branch':                          │ │
│ │                       'kodezart/test-branch-497863d3',                   │ │
│ │                       [2m│   │   [0m... +[1m16[0m                                    │ │
│ │                       [2m│   [0m[1m}[0m,                                             │ │
│ │                       [2m│   [0m'run_name': 'evaluate'                         │ │
│ │                       [1m}[0m                                                  │ │
│ │        [3mconfigurable[0m = [1m{[0m                                                  │ │
│ │                       [2m│   [0m'__pregel_call': [1mfunctools.partial[0m[1m([0m[1m<[0m[1mfunction[0m   │ │
│ │                       _acall at [1m0x10dd6c860[0m>, <weakref at [1m0x10e36b7e0[0m;   │ │
│ │                       to 'PregelExecutableTask' at [1m0x10e185370[0m>,         │ │
│ │                       retry_policy=[3mNone[0m, stream=[3mFalse[0m, futures=<weakref  │ │
│ │                       at [1m0x10e378040[0m; to 'FuturesDict' at [1m0x10e36bd40[0m>,  │ │
│ │                       schedule_task=<bound method                        │ │
│ │                       AsyncPregelLoop.aaccept_push of                    │ │
│ │                       <langgraph.pregel._loop.AsyncPregelLoop object at  │ │
│ │                       [1m0x10e1b0b60[0m>>, submit=<weakref at [1m0x10e2baa50[0m; to  │ │
│ │                       'AsyncBackgroundExecutor' at [1m0x10e1afbc0[0m>,         │ │
│ │                       loop=<_UnixSelectorEventLoop running=[3mTrue[0m          │ │
│ │                       closed=[3mFalse[0m debug=[3mFalse[0m[1m>[0m[1m)[0m                         │ │
│ │                       [1m}[0m                                                  │ │
│ │ [3mmatch_cached_writes[0m = [3mNone[0m                                               │ │
│ │     [3mmatching_policy[0m = [3mNone[0m                                               │ │
│ │              [3mpolicy[0m = [1mRetryPolicy[0m[1m([0m                                       │ │
│ │                       [2m│   [0minitial_interval=[1m0[0m[1m.1[0m,                          │ │
│ │                       [2m│   [0mbackoff_factor=[1m2[0m[1m.0[0m,                            │ │
│ │                       [2m│   [0mmax_interval=[1m128[0m[1m.0[0m,                            │ │
│ │                       [2m│   [0mmax_attempts=[1m1[0m,                                │ │
│ │                       [2m│   [0mjitter=[3mTrue[0m,                                   │ │
│ │                       [2m│   [0mretry_on=[1m<[0m[1mfunction[0m should_retry at             │ │
│ │                       [1m0x10dd98220[0m[1m>[0m                                       │ │
│ │                       [1m)[0m                                                  │ │
│ │        [3mretry_policy[0m = [1m([0m                                                  │ │
│ │                       [2m│   [0m[1mRetryPolicy[0m[1m([0m                                   │ │
│ │                       [2m│   │   [0minitial_interval=[1m0[0m[1m.1[0m,                      │ │
│ │                       [2m│   │   [0mbackoff_factor=[1m2[0m[1m.0[0m,                        │ │
│ │                       [2m│   │   [0mmax_interval=[1m128[0m[1m.0[0m,                        │ │
│ │                       [2m│   │   [0mmax_attempts=[1m1[0m,                            │ │
│ │                       [2m│   │   [0mjitter=[3mTrue[0m,                               │ │
│ │                       [2m│   │   [0mretry_on=[1m<[0m[1mfunction[0m should_retry at         │ │
│ │                       [1m0x10dd98220[0m[1m>[0m                                       │ │
│ │                       [2m│   [0m[1m)[0m,                                             │ │
│ │                       [1m)[0m                                                  │ │
│ │              [3mstream[0m = [3mFalse[0m                                              │ │
│ │                [3mtask[0m = [1mPregelExecutableTask[0m[1m([0m                              │ │
│ │                       [2m│   [0mname='evaluate',                               │ │
│ │                       [2m│   [0minput=[1m{[0m                                        │ │
│ │                       [2m│   │   [0m'iteration': [1m1[0m,                            │ │
│ │                       [2m│   │   [0m'verdict': [1m<[0m[1mAcceptVerdict.rejected:[0m        │ │
│ │                       'rejected'>,                                       │ │
│ │                       [2m│   │   [0m'pending_failures': [1m[[0m[1m][0m,                    │ │
│ │                       [2m│   │   [0m'iteration_records': [1m[[0m[1m][0m,                   │ │
│ │                       [2m│   │   [0m'iteration_commit_sha': [3mNone[0m               │ │
│ │                       [2m│   [0m[1m}[0m,                                             │ │
│ │                       [2m│   [0m                                               │ │
│ │                       proc=<langgraph._internal._runnable.RunnableSeq    │ │
│ │                       object at [1m0x10e1b1010[0m>,                            │ │
│ │                       [2m│   [0mwrites=[1mdeque[0m[1m([0m[1m[[0m                                 │ │
│ │                       [2m│   │   [0m[1m([0m                                          │ │
│ │                       [2m│   │   │   [0m'__error__',                           │ │
│ │                       [2m│   │   │   [0m[1mNodeSessionObservationError[0m[1m([0m'native    │ │
│ │                       result has no observed session opening'[1m)[0m           │ │
│ │                       [2m│   │   [0m[1m)[0m                                          │ │
│ │                       [2m│   [0m[1m][0m[1m)[0m,                                            │ │
│ │                       [2m│   [0mconfig=[1m{[0m                                       │ │
│ │                       [2m│   │   [0m'metadata': [1m{[0m                              │ │
│ │                       [2m│   │   │   [0m'scope_lane_request': [1m{[0m                │ │
│ │                       [2m│   │   │   │   [0m'job':                             │ │
│ │                       'd18bbd26e74e40198247c05ed1317744',                │ │
│ │                       [2m│   │   │   │   [0m'scope':                           │ │
│ │                       '{"kind":"project","key":"scoped-project"}',       │ │
│ │                       [2m│   │   │   │   [0m'issue': 'A',                      │ │
│ │                       [2m│   │   │   │   [0m'repo_url':                        │ │
│ │                       'file:///scope-repository.git',                    │ │
│ │                       [2m│   │   │   │   [0m'repo_path': '/tmp/fake-cache',    │ │
│ │                       [2m│   │   │   │   [0m'base':                            │ │
│ │                       '{"inputs":[],"base_branch":"trunk","base_role":n… │ │
│ │                       [2m│   │   │   [0m[1m}[0m,                                     │ │
│ │                       [2m│   │   │   [0m'scope_lane_run_identity': [1m{[0m           │ │
│ │                       [2m│   │   │   │   [0m'kind': 'fire',                    │ │
│ │                       [2m│   │   │   │   [0m'name': 'A',                       │ │
│ │                       [2m│   │   │   │   [0m'started_at':                      │ │
│ │                       '2026-09-12T13:47:19.887174Z'                      │ │
│ │                       [2m│   │   │   [0m[1m}[0m,                                     │ │
│ │                       [2m│   │   │   [0m'prompt': 'Exact native subject A      │ │
│ │                       with spaces\n',                                    │ │
│ │                       [2m│   │   │   [0m'repo_path': '/tmp/fake-cache',        │ │
│ │                       [2m│   │   │   [0m'repo_url':                            │ │
│ │                       'file:///scope-repository.git',                    │ │
│ │                       [2m│   │   │   [0m'permission_mode':                     │ │
│ │                       <PermissionMode.UNATTENDED: 'unattended'>,         │ │
│ │                       [2m│   │   │   [0m'thread_id':                           │ │
│ │                       'd18bbd26e74e40198247c05ed1317744-scope-559aead08… │ │
│ │                       [2m│   │   │   [0m'langgraph_step': [1m2[0m,                   │ │
│ │                       [2m│   │   │   [0m'langgraph_node': 'evaluate',          │ │
│ │                       [2m│   │   │   [0m'langgraph_triggers': [1m([0m                │ │
│ │                       [2m│   │   │   │   [0m'branch:to:evaluate',              │ │
│ │                       [2m│   │   │   [0m[1m)[0m,                                     │ │
│ │                       [2m│   │   │   [0m... +[1m7[0m                                 │ │
│ │                       [2m│   │   [0m[1m}[0m,                                         │ │
│ │                       [2m│   │   [0m'callbacks':                               │ │
│ │                       <langchain_core.callbacks.manager.AsyncCallbackMa… │ │
│ │                       object at [1m0x10e1b0d70[0m>,                            │ │
│ │                       [2m│   │   [0m'configurable': [1m{[0m                          │ │
│ │                       [2m│   │   │   [0m'prompt': '── SKILLS AVAILABLE FOR     │ │
│ │                       THIS ROLE ──\nLoad each skill below when its       │ │
│ │                       subject matt'+[1m101[0m,                                 │ │
│ │                       [2m│   │   │   [0m'repo_path': '/tmp/fake-cache',        │ │
│ │                       [2m│   │   │   [0m'repo_url':                            │ │
│ │                       'file:///scope-repository.git',                    │ │
│ │                       [2m│   │   │   [0m'cache_key':                           │ │
│ │                       'd18bbd26e74e40198247c05ed1317744-scope-559aead08… │ │
│ │                       [2m│   │   │   [0m'run_identity': [1m{[0m                      │ │
│ │                       [2m│   │   │   │   [0m'kind': <RunKind.FIRE: 'fire'>,    │ │
│ │                       [2m│   │   │   │   [0m'name': 'A',                       │ │
│ │                       [2m│   │   │   │   [0m'started_at':                      │ │
│ │                       [1mdatetime.datetime[0m[1m([0m[1m2026[0m, [1m9[0m, [1m12[0m, [1m13[0m, [1m47[0m, [1m19[0m, [1m887174[0m, │ │
│ │                       tzinfo=datetime.timezone.utc[1m)[0m                      │ │
│ │                       [2m│   │   │   [0m[1m}[0m,                                     │ │
│ │                       [2m│   │   │   [0m'workspace_path': [3mNone[0m,                │ │
│ │                       [2m│   │   │   [0m'base_spec': [1m{[0m                         │ │
│ │                       [2m│   │   │   │   [0m'inputs': [1m([0m[1m)[0m,                      │ │
│ │                       [2m│   │   │   │   [0m'base_branch': 'trunk',            │ │
│ │                       [2m│   │   │   │   [0m'base_role': [3mNone[0m                  │ │
│ │                       [2m│   │   │   [0m[1m}[0m,                                     │ │
│ │                       [2m│   │   │   [0m'permission_mode':                     │ │
│ │                       <PermissionMode.UNATTENDED: 'unattended'>,         │ │
│ │                       [2m│   │   │   [0m'allowed_tools': [1m[[0m                     │ │
│ │                       [2m│   │   │   │   [0m'Read',                            │ │
│ │                       [2m│   │   │   │   [0m'Glob',                            │ │
│ │                       [2m│   │   │   │   [0m'Grep',                            │ │
│ │                       [2m│   │   │   │   [0m'Bash',                            │ │
│ │                       [2m│   │   │   │   [0m'Edit',                            │ │
│ │                       [2m│   │   │   │   [0m'Write'                            │ │
│ │                       [2m│   │   │   [0m[1m][0m,                                     │ │
│ │                       [2m│   │   │   [0m'feature_branch':                      │ │
│ │                       'kodezart/test-branch-497863d3',                   │ │
│ │                       [2m│   │   │   [0m... +[1m15[0m                                │ │
│ │                       [2m│   │   [0m[1m}[0m,                                         │ │
│ │                       [2m│   │   [0m'run_name': 'evaluate'                     │ │
│ │                       [2m│   [0m[1m}[0m,                                             │ │
│ │                       [2m│   [0mtriggers=[1m([0m'branch:to:evaluate',[1m)[0m,              │ │
│ │                       [2m│   [0mretry_policy=[1m([0m                                 │ │
│ │                       [2m│   │   [0m[1mRetryPolicy[0m[1m([0m                               │ │
│ │                       [2m│   │   │   [0minitial_interval=[1m0[0m[1m.1[0m,                  │ │
│ │                       [2m│   │   │   [0mbackoff_factor=[1m2[0m[1m.0[0m,                    │ │
│ │                       [2m│   │   │   [0mmax_interval=[1m128[0m[1m.0[0m,                    │ │
│ │                       [2m│   │   │   [0mmax_attempts=[1m1[0m,                        │ │
│ │                       [2m│   │   │   [0mjitter=[3mTrue[0m,                           │ │
│ │                       [2m│   │   │   [0mretry_on=<function should_retry at     │ │
│ │                       [1m0x10dd98220[0m>                                       │ │
│ │                       [2m│   │   [0m[1m)[0m,                                         │ │
│ │                       [2m│   [0m[1m)[0m,                                             │ │
│ │                       [2m│   [0mcache_key=[3mNone[0m,                                │ │
│ │                       [2m│   [0mid='2494d37b-835a-1232-2fc4-3e18a9c93918',     │ │
│ │                       [2m│   [0mpath=[1m([0m'__pregel_pull', 'evaluate'[1m)[0m,            │ │
│ │                       [2m│   [0mwriters=[1m[[0m                                      │ │
│ │                       [2m│   │   [0mChannelWrite<...,...>[1m([0mtags=[3mNone[0m,           │ │
│ │                       recurse=[3mTrue[0m, explode_args=[3mFalse[0m,                  │ │
│ │                       func_accepts=[1m{[0m'config': [1m([0m'N/A', <class             │ │
│ │                       'inspect._empty'>[1m)[0m[1m}[0m,                               │ │
│ │                       writes=[1m([0m[1mChannelWriteTupleEntry[0m[1m([0mmapper=<function    │ │
│ │                       CompiledStateGraph.attach_node.<locals>._get_upda… │ │
│ │                       at [1m0x10e1f0360[0m>, value=<object object at           │ │
│ │                       [1m0x10c656380[0m>, static=[3mNone[0m[1m)[0m,                        │ │
│ │                       [1mChannelWriteTupleEntry[0m[1m([0mmapper=<function            │ │
│ │                       _control_branch at [1m0x10dd78c20[0m>, value=<object     │ │
│ │                       object at [1m0x10c656380[0m>, static=[1m[[0m[1m][0m[1m)[0m[1m)[0m[1m)[0m,              │ │
│ │                       [2m│   │   [0m[1m_route[0m[1m([0mtags=[3mNone[0m, recurse=[3mTrue[0m,            │ │
│ │                       explode_args=[3mFalse[0m, func_accepts=[1m{[0m'config':        │ │
│ │                       [1m([0m'N/A', <class 'inspect._empty'[1m>[0m[1m)[0m[1m}[0m,                │ │
│ │                       _is_channel_writer=[1m[[0m[1m([0m[1mChannelWriteEntry[0m[1m([0mchannel='b… │ │
│ │                       value=[3mNone[0m, skip_none=[3mFalse[0m, mapper=[3mNone[0m[1m)[0m,         │ │
│ │                       'execute'[1m)[0m, [1m([0m[1mChannelWriteEntry[0m[1m([0mchannel='__end__',  │ │
│ │                       value=[3mNone[0m, skip_none=[3mFalse[0m, mapper=[3mNone[0m[1m)[0m,         │ │
│ │                       '__end__'[1m)[0m[1m][0m[1m)[0m                                       │ │
│ │                       [2m│   [0m[1m][0m,                                             │ │
│ │                       [2m│   [0msubgraphs=[1m[[0m[1m][0m                                   │ │
│ │                       [1m)[0m                                                  │ │
│ ╰──────────────────────────────────────────────────────────────────────────╯ │
│                                                                              │
│ [2m/private/tmp/kodezart-v03-recovery-scope-runtime/.venv/lib/python3.12/site-p[0m │
│ [2mackages/langgraph/_internal/[0m[1m_runnable.py[0m:705 in ainvoke                      │
│                                                                              │
│   [2m702 [0m[2m│   │   │   │   │   │   │   [0mrun = None                                 │
│   [2m703 [0m[2m│   │   │   │   │   │   [0m[2m# run in context[0m                               │
│   [2m704 [0m[2m│   │   │   │   │   │   [0mwith set_config_context(config, run) as contex │
│ ❱ 705 [2m│   │   │   │   │   │   │   [0minput = await asyncio.create_task(         │
│   [2m706 [0m[2m│   │   │   │   │   │   │   │   [0mstep.ainvoke(input, config, **kwargs), │
│   [2m707 [0m[2m│   │   │   │   │   │   │   [0m)                                          │
│   [2m708 [0m[2m│   │   │   │   │   [0melse:                                              │
│                                                                              │
│ ╭───────────────────────────────── locals ─────────────────────────────────╮ │
│ │ [3mcallback_manager[0m = [1m<[0m[1mlangchain_core.callbacks.manager.AsyncCallbackManag…[0m │ │
│ │                    object at [1m0x10e1b0d70[0m[1m>[0m                                │ │
│ │           [3mconfig[0m = [1m{[0m                                                     │ │
│ │                    [2m│   [0m'metadata': [1m{[0m                                     │ │
│ │                    [2m│   │   [0m'scope_lane_request': [1m{[0m                       │ │
│ │                    [2m│   │   │   [0m'job':                                    │ │
│ │                    'd18bbd26e74e40198247c05ed1317744',                   │ │
│ │                    [2m│   │   │   [0m'scope':                                  │ │
│ │                    '{"kind":"project","key":"scoped-project"}',          │ │
│ │                    [2m│   │   │   [0m'issue': 'A',                             │ │
│ │                    [2m│   │   │   [0m'repo_url':                               │ │
│ │                    'file:///scope-repository.git',                       │ │
│ │                    [2m│   │   │   [0m'repo_path': '/tmp/fake-cache',           │ │
│ │                    [2m│   │   │   [0m'base':                                   │ │
│ │                    '{"inputs":[],"base_branch":"trunk","base_role":null… │ │
│ │                    [2m│   │   [0m[1m}[0m,                                            │ │
│ │                    [2m│   │   [0m'scope_lane_run_identity': [1m{[0m                  │ │
│ │                    [2m│   │   │   [0m'kind': 'fire',                           │ │
│ │                    [2m│   │   │   [0m'name': 'A',                              │ │
│ │                    [2m│   │   │   [0m'started_at':                             │ │
│ │                    '2026-09-12T13:47:19.887174Z'                         │ │
│ │                    [2m│   │   [0m[1m}[0m,                                            │ │
│ │                    [2m│   │   [0m'prompt': 'Exact native subject A  with       │ │
│ │                    spaces\n',                                            │ │
│ │                    [2m│   │   [0m'repo_path': '/tmp/fake-cache',               │ │
│ │                    [2m│   │   [0m'repo_url': 'file:///scope-repository.git',   │ │
│ │                    [2m│   │   [0m'permission_mode':                            │ │
│ │                    [1m<[0m[1mPermissionMode.UNATTENDED:[0m 'unattended'>,            │ │
│ │                    [2m│   │   [0m'thread_id':                                  │ │
│ │                    'd18bbd26e74e40198247c05ed1317744-scope-559aead08264… │ │
│ │                    [2m│   │   [0m'langgraph_step': [1m2[0m,                          │ │
│ │                    [2m│   │   [0m'langgraph_node': 'evaluate',                 │ │
│ │                    [2m│   │   [0m'langgraph_triggers': [1m([0m                       │ │
│ │                    [2m│   │   │   [0m'branch:to:evaluate',                     │ │
│ │                    [2m│   │   [0m[1m)[0m,                                            │ │
│ │                    [2m│   │   [0m... +[1m7[0m                                        │ │
│ │                    [2m│   [0m[1m}[0m,                                                │ │
│ │                    [2m│   [0m'callbacks':                                      │ │
│ │                    <langchain_core.callbacks.manager.AsyncCallbackManag… │ │
│ │                    object at [1m0x10e1b0ef0[0m>,                               │ │
│ │                    [2m│   [0m'configurable': [1m{[0m                                 │ │
│ │                    [2m│   │   [0m'prompt': '── SKILLS AVAILABLE FOR THIS ROLE  │ │
│ │                    ──\nLoad each skill below when its subject matt'+[1m101[0m, │ │
│ │                    [2m│   │   [0m'repo_path': '/tmp/fake-cache',               │ │
│ │                    [2m│   │   [0m'repo_url': 'file:///scope-repository.git',   │ │
│ │                    [2m│   │   [0m'cache_key':                                  │ │
│ │                    'd18bbd26e74e40198247c05ed1317744-scope-559aead08264… │ │
│ │                    [2m│   │   [0m'run_identity': [1m{[0m                             │ │
│ │                    [2m│   │   │   [0m'kind': <RunKind.FIRE: 'fire'>,           │ │
│ │                    [2m│   │   │   [0m'name': 'A',                              │ │
│ │                    [2m│   │   │   [0m'started_at': [1mdatetime.datetime[0m[1m([0m[1m2026[0m, [1m9[0m,  │ │
│ │                    [1m12[0m, [1m13[0m, [1m47[0m, [1m19[0m, [1m887174[0m, tzinfo=datetime.timezone.utc[1m)[0m │ │
│ │                    [2m│   │   [0m[1m}[0m,                                            │ │
│ │                    [2m│   │   [0m'workspace_path': [3mNone[0m,                       │ │
│ │                    [2m│   │   [0m'base_spec': [1m{[0m                                │ │
│ │                    [2m│   │   │   [0m'inputs': [1m([0m[1m)[0m,                             │ │
│ │                    [2m│   │   │   [0m'base_branch': 'trunk',                   │ │
│ │                    [2m│   │   │   [0m'base_role': [3mNone[0m                         │ │
│ │                    [2m│   │   [0m[1m}[0m,                                            │ │
│ │                    [2m│   │   [0m'permission_mode':                            │ │
│ │                    <PermissionMode.UNATTENDED: 'unattended'[1m>[0m,            │ │
│ │                    [2m│   │   [0m'allowed_tools': [1m[[0m                            │ │
│ │                    [2m│   │   │   [0m'Read',                                   │ │
│ │                    [2m│   │   │   [0m'Glob',                                   │ │
│ │                    [2m│   │   │   [0m'Grep',                                   │ │
│ │                    [2m│   │   │   [0m'Bash',                                   │ │
│ │                    [2m│   │   │   [0m'Edit',                                   │ │
│ │                    [2m│   │   │   [0m'Write'                                   │ │
│ │                    [2m│   │   [0m[1m][0m,                                            │ │
│ │                    [2m│   │   [0m'feature_branch':                             │ │
│ │                    'kodezart/test-branch-497863d3',                      │ │
│ │                    [2m│   │   [0m... +[1m16[0m                                       │ │
│ │                    [2m│   [0m[1m}[0m                                                 │ │
│ │                    [1m}[0m                                                     │ │
│ │          [3mcontext[0m = [1m<[0m[1m_contextvars.Context[0m object at [1m0x10e367300[0m[1m>[0m          │ │
│ │                [3mi[0m = [1m0[0m                                                     │ │
│ │            [3minput[0m = [1m{[0m                                                     │ │
│ │                    [2m│   [0m'iteration': [1m1[0m,                                   │ │
│ │                    [2m│   [0m'verdict': [1m<[0m[1mAcceptVerdict.rejected:[0m 'rejected'[1m>[0m,  │ │
│ │                    [2m│   [0m'pending_failures': [1m[[0m[1m][0m,                           │ │
│ │                    [2m│   [0m'iteration_records': [1m[[0m[1m][0m,                          │ │
│ │                    [2m│   [0m'iteration_commit_sha': [3mNone[0m                      │ │
│ │                    [1m}[0m                                                     │ │
│ │           [3mkwargs[0m = [1m{[0m[1m}[0m                                                    │ │
│ │              [3mrun[0m = [3mNone[0m                                                  │ │
│ │      [3mrun_manager[0m = [1m<[0m[1mlangchain_core.callbacks.manager.AsyncCallbackManag…[0m │ │
│ │                    object at [1m0x10e1b1310[0m[1m>[0m                                │ │
│ │             [3mself[0m = [1m<[0m[1mlanggraph._internal._runnable.RunnableSeq[0m object at  │ │
│ │                    [1m0x10e1b1010[0m[1m>[0m                                          │ │
│ │             [3mstep[0m = [1mevaluate[0m[1m([0mtags=[3mNone[0m, recurse=[3mTrue[0m, explode_args=[3mFalse[0m, │ │
│ │                    func_accepts=[1m{[0m'config': [1m([0m'N/A', [1m<[0m[1mclass[0m                │ │
│ │                    'inspect._empty'[1m>[0m[1m)[0m[1m}[0m[1m)[0m                                  │ │
│ ╰──────────────────────────────────────────────────────────────────────────╯ │
│                                                                              │
│ [2m/private/tmp/kodezart-v03-recovery-scope-runtime/.venv/lib/python3.12/site-p[0m │
│ [2mackages/langgraph/_internal/[0m[1m_runnable.py[0m:473 in ainvoke                      │
│                                                                              │
│   [2m470 [0m[2m│   │   │   [0melse:                                                      │
│   [2m471 [0m[2m│   │   │   │   [0mawait run_manager.on_chain_end(ret)                    │
│   [2m472 [0m[2m│   │   [0melse:                                                          │
│ ❱ 473 [2m│   │   │   [0mret = [1;4mawait[0m[1;4m [0m[1;4mself[0m[1;4m.afunc(*args, **kwargs)[0m                    │
│   [2m474 [0m[2m│   │   [0mif self.recurse and isinstance(ret, Runnable):                 │
│   [2m475 [0m[2m│   │   │   [0mreturn await ret.ainvoke(input, config)                    │
│   [2m476 [0m[2m│   │   [0mreturn ret                                                     │
│                                                                              │
│ ╭───────────────────────────────── locals ─────────────────────────────────╮ │
│ │        [3margs[0m = [1m([0m                                                          │ │
│ │               [2m│   [0m[1m{[0m                                                      │ │
│ │               [2m│   │   [0m'iteration': [1m1[0m,                                    │ │
│ │               [2m│   │   [0m'verdict': [1m<[0m[1mAcceptVerdict.rejected:[0m 'rejected'[1m>[0m,   │ │
│ │               [2m│   │   [0m'pending_failures': [1m[[0m[1m][0m,                            │ │
│ │               [2m│   │   [0m'iteration_records': [1m[[0m[1m][0m,                           │ │
│ │               [2m│   │   [0m'iteration_commit_sha': [3mNone[0m                       │ │
│ │               [2m│   [0m[1m}[0m,                                                     │ │
│ │               [1m)[0m                                                          │ │
│ │      [3mconfig[0m = [1m{[0m                                                          │ │
│ │               [2m│   [0m'metadata': [1m{[0m                                          │ │
│ │               [2m│   │   [0m'scope_lane_request': [1m{[0m                            │ │
│ │               [2m│   │   │   [0m'job': 'd18bbd26e74e40198247c05ed1317744',     │ │
│ │               [2m│   │   │   [0m'scope':                                       │ │
│ │               '{"kind":"project","key":"scoped-project"}',               │ │
│ │               [2m│   │   │   [0m'issue': 'A',                                  │ │
│ │               [2m│   │   │   [0m'repo_url': 'file:///scope-repository.git',    │ │
│ │               [2m│   │   │   [0m'repo_path': '/tmp/fake-cache',                │ │
│ │               [2m│   │   │   [0m'base':                                        │ │
│ │               '{"inputs":[],"base_branch":"trunk","base_role":null}'     │ │
│ │               [2m│   │   [0m[1m}[0m,                                                 │ │
│ │               [2m│   │   [0m'scope_lane_run_identity': [1m{[0m                       │ │
│ │               [2m│   │   │   [0m'kind': 'fire',                                │ │
│ │               [2m│   │   │   [0m'name': 'A',                                   │ │
│ │               [2m│   │   │   [0m'started_at': '2026-09-12T13:47:19.887174Z'    │ │
│ │               [2m│   │   [0m[1m}[0m,                                                 │ │
│ │               [2m│   │   [0m'prompt': 'Exact native subject A  with spaces\n', │ │
│ │               [2m│   │   [0m'repo_path': '/tmp/fake-cache',                    │ │
│ │               [2m│   │   [0m'repo_url': 'file:///scope-repository.git',        │ │
│ │               [2m│   │   [0m'permission_mode': [1m<[0m[1mPermissionMode.UNATTENDED:[0m     │ │
│ │               'unattended'>,                                             │ │
│ │               [2m│   │   [0m'thread_id':                                       │ │
│ │               'd18bbd26e74e40198247c05ed1317744-scope-559aead08264d5795… │ │
│ │               [2m│   │   [0m'langgraph_step': [1m2[0m,                               │ │
│ │               [2m│   │   [0m'langgraph_node': 'evaluate',                      │ │
│ │               [2m│   │   [0m'langgraph_triggers': [1m([0m'branch:to:evaluate',[1m)[0m,     │ │
│ │               [2m│   │   [0m... +[1m7[0m                                             │ │
│ │               [2m│   [0m[1m}[0m,                                                     │ │
│ │               [2m│   [0m'callbacks':                                           │ │
│ │               <langchain_core.callbacks.manager.AsyncCallbackManager     │ │
│ │               object at [1m0x10e1b0ef0[0m>,                                    │ │
│ │               [2m│   [0m'configurable': [1m{[0m                                      │ │
│ │               [2m│   │   [0m'prompt': '── SKILLS AVAILABLE FOR THIS ROLE       │ │
│ │               ──\nLoad each skill below when its subject matt'+[1m101[0m,      │ │
│ │               [2m│   │   [0m'repo_path': '/tmp/fake-cache',                    │ │
│ │               [2m│   │   [0m'repo_url': 'file:///scope-repository.git',        │ │
│ │               [2m│   │   [0m'cache_key':                                       │ │
│ │               'd18bbd26e74e40198247c05ed1317744-scope-559aead08264d5795… │ │
│ │               [2m│   │   [0m'run_identity': [1m{[0m                                  │ │
│ │               [2m│   │   │   [0m'kind': <RunKind.FIRE: 'fire'>,                │ │
│ │               [2m│   │   │   [0m'name': 'A',                                   │ │
│ │               [2m│   │   │   [0m'started_at': [1mdatetime.datetime[0m[1m([0m[1m2026[0m, [1m9[0m, [1m12[0m,   │ │
│ │               [1m13[0m, [1m47[0m, [1m19[0m, [1m887174[0m, tzinfo=datetime.timezone.utc[1m)[0m          │ │
│ │               [2m│   │   [0m[1m}[0m,                                                 │ │
│ │               [2m│   │   [0m'workspace_path': [3mNone[0m,                            │ │
│ │               [2m│   │   [0m'base_spec': [1m{[0m                                     │ │
│ │               [2m│   │   │   [0m'inputs': [1m([0m[1m)[0m,                                  │ │
│ │               [2m│   │   │   [0m'base_branch': 'trunk',                        │ │
│ │               [2m│   │   │   [0m'base_role': [3mNone[0m                              │ │
│ │               [2m│   │   [0m[1m}[0m,                                                 │ │
│ │               [2m│   │   [0m'permission_mode': <PermissionMode.UNATTENDED:     │ │
│ │               'unattended'[1m>[0m,                                             │ │
│ │               [2m│   │   [0m'allowed_tools': [1m[[0m                                 │ │
│ │               [2m│   │   │   [0m'Read',                                        │ │
│ │               [2m│   │   │   [0m'Glob',                                        │ │
│ │               [2m│   │   │   [0m'Grep',                                        │ │
│ │               [2m│   │   │   [0m'Bash',                                        │ │
│ │               [2m│   │   │   [0m'Edit',                                        │ │
│ │               [2m│   │   │   [0m'Write'                                        │ │
│ │               [2m│   │   [0m[1m][0m,                                                 │ │
│ │               [2m│   │   [0m'feature_branch': 'kodezart/test-branch-497863d3', │ │
│ │               [2m│   │   [0m... +[1m16[0m                                            │ │
│ │               [2m│   [0m[1m}[0m                                                      │ │
│ │               [1m}[0m                                                          │ │
│ │       [3minput[0m = [1m{[0m                                                          │ │
│ │               [2m│   [0m'iteration': [1m1[0m,                                        │ │
│ │               [2m│   [0m'verdict': [1m<[0m[1mAcceptVerdict.rejected:[0m 'rejected'[1m>[0m,       │ │
│ │               [2m│   [0m'pending_failures': [1m[[0m[1m][0m,                                │ │
│ │               [2m│   [0m'iteration_records': [1m[[0m[1m][0m,                               │ │
│ │               [2m│   [0m'iteration_commit_sha': [3mNone[0m                           │ │
│ │               [1m}[0m                                                          │ │
│ │          [3mkw[0m = 'config'                                                   │ │
│ │    [3mkw_value[0m = [1m{[0m                                                          │ │
│ │               [2m│   [0m'metadata': [1m{[0m                                          │ │
│ │               [2m│   │   [0m'scope_lane_request': [1m{[0m                            │ │
│ │               [2m│   │   │   [0m'job': 'd18bbd26e74e40198247c05ed1317744',     │ │
│ │               [2m│   │   │   [0m'scope':                                       │ │
│ │               '{"kind":"project","key":"scoped-project"}',               │ │
│ │               [2m│   │   │   [0m'issue': 'A',                                  │ │
│ │               [2m│   │   │   [0m'repo_url': 'file:///scope-repository.git',    │ │
│ │               [2m│   │   │   [0m'repo_path': '/tmp/fake-cache',                │ │
│ │               [2m│   │   │   [0m'base':                                        │ │
│ │               '{"inputs":[],"base_branch":"trunk","base_role":null}'     │ │
│ │               [2m│   │   [0m[1m}[0m,                                                 │ │
│ │               [2m│   │   [0m'scope_lane_run_identity': [1m{[0m                       │ │
│ │               [2m│   │   │   [0m'kind': 'fire',                                │ │
│ │               [2m│   │   │   [0m'name': 'A',                                   │ │
│ │               [2m│   │   │   [0m'started_at': '2026-09-12T13:47:19.887174Z'    │ │
│ │               [2m│   │   [0m[1m}[0m,                                                 │ │
│ │               [2m│   │   [0m'prompt': 'Exact native subject A  with spaces\n', │ │
│ │               [2m│   │   [0m'repo_path': '/tmp/fake-cache',                    │ │
│ │               [2m│   │   [0m'repo_url': 'file:///scope-repository.git',        │ │
│ │               [2m│   │   [0m'permission_mode': [1m<[0m[1mPermissionMode.UNATTENDED:[0m     │ │
│ │               'unattended'>,                                             │ │
│ │               [2m│   │   [0m'thread_id':                                       │ │
│ │               'd18bbd26e74e40198247c05ed1317744-scope-559aead08264d5795… │ │
│ │               [2m│   │   [0m'langgraph_step': [1m2[0m,                               │ │
│ │               [2m│   │   [0m'langgraph_node': 'evaluate',                      │ │
│ │               [2m│   │   [0m'langgraph_triggers': [1m([0m'branch:to:evaluate',[1m)[0m,     │ │
│ │               [2m│   │   [0m... +[1m7[0m                                             │ │
│ │               [2m│   [0m[1m}[0m,                                                     │ │
│ │               [2m│   [0m'callbacks':                                           │ │
│ │               <langchain_core.callbacks.manager.AsyncCallbackManager     │ │
│ │               object at [1m0x10e1b0ef0[0m>,                                    │ │
│ │               [2m│   [0m'configurable': [1m{[0m                                      │ │
│ │               [2m│   │   [0m'prompt': '── SKILLS AVAILABLE FOR THIS ROLE       │ │
│ │               ──\nLoad each skill below when its subject matt'+[1m101[0m,      │ │
│ │               [2m│   │   [0m'repo_path': '/tmp/fake-cache',                    │ │
│ │               [2m│   │   [0m'repo_url': 'file:///scope-repository.git',        │ │
│ │               [2m│   │   [0m'cache_key':                                       │ │
│ │               'd18bbd26e74e40198247c05ed1317744-scope-559aead08264d5795… │ │
│ │               [2m│   │   [0m'run_identity': [1m{[0m                                  │ │
│ │               [2m│   │   │   [0m'kind': <RunKind.FIRE: 'fire'>,                │ │
│ │               [2m│   │   │   [0m'name': 'A',                                   │ │
│ │               [2m│   │   │   [0m'started_at': [1mdatetime.datetime[0m[1m([0m[1m2026[0m, [1m9[0m, [1m12[0m,   │ │
│ │               [1m13[0m, [1m47[0m, [1m19[0m, [1m887174[0m, tzinfo=datetime.timezone.utc[1m)[0m          │ │
│ │               [2m│   │   [0m[1m}[0m,                                                 │ │
│ │               [2m│   │   [0m'workspace_path': [3mNone[0m,                            │ │
│ │               [2m│   │   [0m'base_spec': [1m{[0m                                     │ │
│ │               [2m│   │   │   [0m'inputs': [1m([0m[1m)[0m,                                  │ │
│ │               [2m│   │   │   [0m'base_branch': 'trunk',                        │ │
│ │               [2m│   │   │   [0m'base_role': [3mNone[0m                              │ │
│ │               [2m│   │   [0m[1m}[0m,                                                 │ │
│ │               [2m│   │   [0m'permission_mode': <PermissionMode.UNATTENDED:     │ │
│ │               'unattended'[1m>[0m,                                             │ │
│ │               [2m│   │   [0m'allowed_tools': [1m[[0m                                 │ │
│ │               [2m│   │   │   [0m'Read',                                        │ │
│ │               [2m│   │   │   [0m'Glob',                                        │ │
│ │               [2m│   │   │   [0m'Grep',                                        │ │
│ │               [2m│   │   │   [0m'Bash',                                        │ │
│ │               [2m│   │   │   [0m'Edit',                                        │ │
│ │               [2m│   │   │   [0m'Write'                                        │ │
│ │               [2m│   │   [0m[1m][0m,                                                 │ │
│ │               [2m│   │   [0m'feature_branch': 'kodezart/test-branch-497863d3', │ │
│ │               [2m│   │   [0m... +[1m16[0m                                            │ │
│ │               [2m│   [0m[1m}[0m                                                      │ │
│ │               [1m}[0m                                                          │ │
│ │      [3mkwargs[0m = [1m{[0m                                                          │ │
│ │               [2m│   [0m'config': [1m{[0m                                            │ │
│ │               [2m│   │   [0m'metadata': [1m{[0m                                      │ │
│ │               [2m│   │   │   [0m'scope_lane_request': [1m{[0m                        │ │
│ │               [2m│   │   │   │   [0m'job': 'd18bbd26e74e40198247c05ed1317744', │ │
│ │               [2m│   │   │   │   [0m'scope':                                   │ │
│ │               '{"kind":"project","key":"scoped-project"}',               │ │
│ │               [2m│   │   │   │   [0m'issue': 'A',                              │ │
│ │               [2m│   │   │   │   [0m'repo_url':                                │ │
│ │               'file:///scope-repository.git',                            │ │
│ │               [2m│   │   │   │   [0m'repo_path': '/tmp/fake-cache',            │ │
│ │               [2m│   │   │   │   [0m'base':                                    │ │
│ │               '{"inputs":[],"base_branch":"trunk","base_role":null}'     │ │
│ │               [2m│   │   │   [0m[1m}[0m,                                             │ │
│ │               [2m│   │   │   [0m'scope_lane_run_identity': [1m{[0m                   │ │
│ │               [2m│   │   │   │   [0m'kind': 'fire',                            │ │
│ │               [2m│   │   │   │   [0m'name': 'A',                               │ │
│ │               [2m│   │   │   │   [0m'started_at':                              │ │
│ │               '2026-09-12T13:47:19.887174Z'                              │ │
│ │               [2m│   │   │   [0m[1m}[0m,                                             │ │
│ │               [2m│   │   │   [0m'prompt': 'Exact native subject A  with        │ │
│ │               spaces\n',                                                 │ │
│ │               [2m│   │   │   [0m'repo_path': '/tmp/fake-cache',                │ │
│ │               [2m│   │   │   [0m'repo_url': 'file:///scope-repository.git',    │ │
│ │               [2m│   │   │   [0m'permission_mode': [1m<[0m[1mPermissionMode.UNATTENDED:[0m │ │
│ │               'unattended'>,                                             │ │
│ │               [2m│   │   │   [0m'thread_id':                                   │ │
│ │               'd18bbd26e74e40198247c05ed1317744-scope-559aead08264d5795… │ │
│ │               [2m│   │   │   [0m'langgraph_step': [1m2[0m,                           │ │
│ │               [2m│   │   │   [0m'langgraph_node': 'evaluate',                  │ │
│ │               [2m│   │   │   [0m'langgraph_triggers': [1m([0m                        │ │
│ │               [2m│   │   │   │   [0m'branch:to:evaluate',                      │ │
│ │               [2m│   │   │   [0m[1m)[0m,                                             │ │
│ │               [2m│   │   │   [0m... +[1m7[0m                                         │ │
│ │               [2m│   │   [0m[1m}[0m,                                                 │ │
│ │               [2m│   │   [0m'callbacks':                                       │ │
│ │               <langchain_core.callbacks.manager.AsyncCallbackManager     │ │
│ │               object at [1m0x10e1b0ef0[0m>,                                    │ │
│ │               [2m│   │   [0m'configurable': [1m{[0m                                  │ │
│ │               [2m│   │   │   [0m'prompt': '── SKILLS AVAILABLE FOR THIS ROLE   │ │
│ │               ──\nLoad each skill below when its subject matt'+[1m101[0m,      │ │
│ │               [2m│   │   │   [0m'repo_path': '/tmp/fake-cache',                │ │
│ │               [2m│   │   │   [0m'repo_url': 'file:///scope-repository.git',    │ │
│ │               [2m│   │   │   [0m'cache_key':                                   │ │
│ │               'd18bbd26e74e40198247c05ed1317744-scope-559aead08264d5795… │ │
│ │               [2m│   │   │   [0m'run_identity': [1m{[0m                              │ │
│ │               [2m│   │   │   │   [0m'kind': <RunKind.FIRE: 'fire'>,            │ │
│ │               [2m│   │   │   │   [0m'name': 'A',                               │ │
│ │               [2m│   │   │   │   [0m'started_at': [1mdatetime.datetime[0m[1m([0m[1m2026[0m, [1m9[0m,   │ │
│ │               [1m12[0m, [1m13[0m, [1m47[0m, [1m19[0m, [1m887174[0m, tzinfo=datetime.timezone.utc[1m)[0m      │ │
│ │               [2m│   │   │   [0m[1m}[0m,                                             │ │
│ │               [2m│   │   │   [0m'workspace_path': [3mNone[0m,                        │ │
│ │               [2m│   │   │   [0m'base_spec': [1m{[0m                                 │ │
│ │               [2m│   │   │   │   [0m'inputs': [1m([0m[1m)[0m,                              │ │
│ │               [2m│   │   │   │   [0m'base_branch': 'trunk',                    │ │
│ │               [2m│   │   │   │   [0m'base_role': [3mNone[0m                          │ │
│ │               [2m│   │   │   [0m[1m}[0m,                                             │ │
│ │               [2m│   │   │   [0m'permission_mode': <PermissionMode.UNATTENDED: │ │
│ │               'unattended'[1m>[0m,                                             │ │
│ │               [2m│   │   │   [0m'allowed_tools': [1m[[0m                             │ │
│ │               [2m│   │   │   │   [0m'Read',                                    │ │
│ │               [2m│   │   │   │   [0m'Glob',                                    │ │
│ │               [2m│   │   │   │   [0m'Grep',                                    │ │
│ │               [2m│   │   │   │   [0m'Bash',                                    │ │
│ │               [2m│   │   │   │   [0m'Edit',                                    │ │
│ │               [2m│   │   │   │   [0m'Write'                                    │ │
│ │               [2m│   │   │   [0m[1m][0m,                                             │ │
│ │               [2m│   │   │   [0m'feature_branch':                              │ │
│ │               'kodezart/test-branch-497863d3',                           │ │
│ │               [2m│   │   │   [0m... +[1m16[0m                                        │ │
│ │               [2m│   │   [0m[1m}[0m                                                  │ │
│ │               [2m│   [0m[1m}[0m                                                      │ │
│ │               [1m}[0m                                                          │ │
│ │     [3mruntime[0m = [1mRuntime[0m[1m([0m                                                   │ │
│ │               [2m│   [0mcontext=[3mNone[0m,                                          │ │
│ │               [2m│   [0mstore=[3mNone[0m,                                            │ │
│ │               [2m│   [0mstream_writer=[1m<[0m[1mfunction[0m                                │ │
│ │               Pregel.astream.<locals>.stream_writer at [1m0x10e292b60[0m[1m>[0m,     │ │
│ │               [2m│   [0mprevious=[3mNone[0m                                          │ │
│ │               [1m)[0m                                                          │ │
│ │ [3mruntime_key[0m = 'N/A'                                                      │ │
│ │        [3mself[0m = [1mevaluate[0m[1m([0mtags=[3mNone[0m, recurse=[3mTrue[0m, explode_args=[3mFalse[0m,      │ │
│ │               func_accepts=[1m{[0m'config': [1m([0m'N/A', [1m<[0m[1mclass[0m                     │ │
│ │               'inspect._empty'[1m>[0m[1m)[0m[1m}[0m[1m)[0m                                       │ │
│ ╰──────────────────────────────────────────────────────────────────────────╯ │
│                                                                              │
│ [2m/private/tmp/kodezart-v03-recovery-scope-runtime/src/kodezart/core/[0m[1mretry.py[0m: │
│ 109 in guarded                                                               │
│                                                                              │
│   [2m106 [0m[2m│   │   [0m[1m@functools[0m.wraps(node)                                         │
│   [2m107 [0m[2m│   │   [0masync def guarded(state: _StateT, config: RunnableConfig) -> _ │
│   [2m108 [0m[2m│   │   │   [0mtry:                                                       │
│ ❱ 109 [2m│   │   │   │   [0mreturn await node(state, config)                       │
│   [2m110 [0m[2m│   │   │   [0mexcept Exception as exc:                                   │
│   [2m111 [0m[2m│   │   │   │   [0mif not getattr(exc, _FLOOR_PAID, False):               │
│   [2m112 [0m[2m│   │   │   │   │   [0mfloor = resolve(exc)                               │
│                                                                              │
│ ╭───────────────────────────────── locals ─────────────────────────────────╮ │
│ │ [3mconfig[0m = [1m{[0m                                                               │ │
│ │          [2m│   [0m'metadata': [1m{[0m                                               │ │
│ │          [2m│   │   [0m'scope_lane_request': [1m{[0m                                 │ │
│ │          [2m│   │   │   [0m'job': 'd18bbd26e74e40198247c05ed1317744',          │ │
│ │          [2m│   │   │   [0m'scope':                                            │ │
│ │          '{"kind":"project","key":"scoped-project"}',                    │ │
│ │          [2m│   │   │   [0m'issue': 'A',                                       │ │
│ │          [2m│   │   │   [0m'repo_url': 'file:///scope-repository.git',         │ │
│ │          [2m│   │   │   [0m'repo_path': '/tmp/fake-cache',                     │ │
│ │          [2m│   │   │   [0m'base':                                             │ │
│ │          '{"inputs":[],"base_branch":"trunk","base_role":null}'          │ │
│ │          [2m│   │   [0m[1m}[0m,                                                      │ │
│ │          [2m│   │   [0m'scope_lane_run_identity': [1m{[0m                            │ │
│ │          [2m│   │   │   [0m'kind': 'fire',                                     │ │
│ │          [2m│   │   │   [0m'name': 'A',                                        │ │
│ │          [2m│   │   │   [0m'started_at': '2026-09-12T13:47:19.887174Z'         │ │
│ │          [2m│   │   [0m[1m}[0m,                                                      │ │
│ │          [2m│   │   [0m'prompt': 'Exact native subject A  with spaces\n',      │ │
│ │          [2m│   │   [0m'repo_path': '/tmp/fake-cache',                         │ │
│ │          [2m│   │   [0m'repo_url': 'file:///scope-repository.git',             │ │
│ │          [2m│   │   [0m'permission_mode': [1m<[0m[1mPermissionMode.UNATTENDED:[0m          │ │
│ │          'unattended'>,                                                  │ │
│ │          [2m│   │   [0m'thread_id':                                            │ │
│ │          'd18bbd26e74e40198247c05ed1317744-scope-559aead08264d5795d3909… │ │
│ │          [2m│   │   [0m'langgraph_step': [1m2[0m,                                    │ │
│ │          [2m│   │   [0m'langgraph_node': 'evaluate',                           │ │
│ │          [2m│   │   [0m'langgraph_triggers': [1m([0m'branch:to:evaluate',[1m)[0m,          │ │
│ │          [2m│   │   [0m... +[1m7[0m                                                  │ │
│ │          [2m│   [0m[1m}[0m,                                                          │ │
│ │          [2m│   [0m'callbacks':                                                │ │
│ │          <langchain_core.callbacks.manager.AsyncCallbackManager object   │ │
│ │          at [1m0x10e1b0ef0[0m>,                                                │ │
│ │          [2m│   [0m'configurable': [1m{[0m                                           │ │
│ │          [2m│   │   [0m'prompt': '── SKILLS AVAILABLE FOR THIS ROLE ──\nLoad   │ │
│ │          each skill below when its subject matt'+[1m101[0m,                    │ │
│ │          [2m│   │   [0m'repo_path': '/tmp/fake-cache',                         │ │
│ │          [2m│   │   [0m'repo_url': 'file:///scope-repository.git',             │ │
│ │          [2m│   │   [0m'cache_key':                                            │ │
│ │          'd18bbd26e74e40198247c05ed1317744-scope-559aead08264d5795d3909… │ │
│ │          [2m│   │   [0m'run_identity': [1m{[0m                                       │ │
│ │          [2m│   │   │   [0m'kind': <RunKind.FIRE: 'fire'>,                     │ │
│ │          [2m│   │   │   [0m'name': 'A',                                        │ │
│ │          [2m│   │   │   [0m'started_at': [1mdatetime.datetime[0m[1m([0m[1m2026[0m, [1m9[0m, [1m12[0m, [1m13[0m,    │ │
│ │          [1m47[0m, [1m19[0m, [1m887174[0m, tzinfo=datetime.timezone.utc[1m)[0m                   │ │
│ │          [2m│   │   [0m[1m}[0m,                                                      │ │
│ │          [2m│   │   [0m'workspace_path': [3mNone[0m,                                 │ │
│ │          [2m│   │   [0m'base_spec': [1m{[0m                                          │ │
│ │          [2m│   │   │   [0m'inputs': [1m([0m[1m)[0m,                                       │ │
│ │          [2m│   │   │   [0m'base_branch': 'trunk',                             │ │
│ │          [2m│   │   │   [0m'base_role': [3mNone[0m                                   │ │
│ │          [2m│   │   [0m[1m}[0m,                                                      │ │
│ │          [2m│   │   [0m'permission_mode': <PermissionMode.UNATTENDED:          │ │
│ │          'unattended'[1m>[0m,                                                  │ │
│ │          [2m│   │   [0m'allowed_tools': [1m[[0m                                      │ │
│ │          [2m│   │   │   [0m'Read',                                             │ │
│ │          [2m│   │   │   [0m'Glob',                                             │ │
│ │          [2m│   │   │   [0m'Grep',                                             │ │
│ │          [2m│   │   │   [0m'Bash',                                             │ │
│ │          [2m│   │   │   [0m'Edit',                                             │ │
│ │          [2m│   │   │   [0m'Write'                                             │ │
│ │          [2m│   │   [0m[1m][0m,                                                      │ │
│ │          [2m│   │   [0m'feature_branch': 'kodezart/test-branch-497863d3',      │ │
│ │          [2m│   │   [0m... +[1m16[0m                                                 │ │
│ │          [2m│   [0m[1m}[0m                                                           │ │
│ │          [1m}[0m                                                               │ │
│ │  [3mfloor[0m = [3mNone[0m                                                            │ │
│ │   [3mnode[0m = [1m<[0m[1mbound[0m method RalphLoop._evaluate_node of                       │ │
│ │          <kodezart.chains.ralph_loop.RalphLoop object at [1m0x10e115ca0[0m>[1m>[0m   │ │
│ │  [3mstate[0m = [1m{[0m                                                               │ │
│ │          [2m│   [0m'iteration': [1m1[0m,                                             │ │
│ │          [2m│   [0m'verdict': [1m<[0m[1mAcceptVerdict.rejected:[0m 'rejected'[1m>[0m,            │ │
│ │          [2m│   [0m'pending_failures': [1m[[0m[1m][0m,                                     │ │
│ │          [2m│   [0m'iteration_records': [1m[[0m[1m][0m,                                    │ │
│ │          [2m│   [0m'iteration_commit_sha': [3mNone[0m                                │ │
│ │          [1m}[0m                                                               │ │
│ ╰──────────────────────────────────────────────────────────────────────────╯ │
│                                                                              │
│ [2m/private/tmp/kodezart-v03-recovery-scope-runtime/src/kodezart/chains/[0m[1mralph_l[0m │
│ [1moop.py[0m:378 in _evaluate_node                                                 │
│                                                                              │
│   [2m375 [0m[2m│   │   │   [0m)                                                          │
│   [2m376 [0m[2m│   │   │   [0mreturn grade_iteration(criteria, output)                   │
│   [2m377 [0m[2m│   │   [0m                                                               │
│ ❱ 378 [2m│   │   [0mgrade, unresolved, attempts = [1;4mawait[0m[1;4m until_permutation([0m         │
│   [2m379 [0m[2m│   │   │   [0m[1;4mdispatch=evaluate,[0m                                         │
│   [2m380 [0m[2m│   │   │   [0m[1;4mcheck=require_permutation,[0m                                 │
│   [2m381 [0m[2m│   │   │   [0m[1;4mmax_attempts=[0m[1;4mself[0m[1;4m._fan_in_max_attempts,[0m                    │
│                                                                              │
│ ╭───────────────────────────────── locals ─────────────────────────────────╮ │
│ │          [3mchangeset[0m = [1mChangesetDigest[0m[1m([0m                                    │ │
│ │                      [2m│   [0mfile_paths=[1m[[0m'fake.py'[1m][0m,                         │ │
│ │                      [2m│   [0mcommit_subjects=[1m[[0m'feat: scripted'[1m][0m,             │ │
│ │                      [2m│   [0mcommit_count=[1m1[0m                                  │ │
│ │                      [1m)[0m                                                   │ │
│ │             [3mconfig[0m = [1m{[0m                                                   │ │
│ │                      [2m│   [0m'metadata': [1m{[0m                                   │ │
│ │                      [2m│   │   [0m'scope_lane_request': [1m{[0m                     │ │
│ │                      [2m│   │   │   [0m'job':                                  │ │
│ │                      'd18bbd26e74e40198247c05ed1317744',                 │ │
│ │                      [2m│   │   │   [0m'scope':                                │ │
│ │                      '{"kind":"project","key":"scoped-project"}',        │ │
│ │                      [2m│   │   │   [0m'issue': 'A',                           │ │
│ │                      [2m│   │   │   [0m'repo_url':                             │ │
│ │                      'file:///scope-repository.git',                     │ │
│ │                      [2m│   │   │   [0m'repo_path': '/tmp/fake-cache',         │ │
│ │                      [2m│   │   │   [0m'base':                                 │ │
│ │                      '{"inputs":[],"base_branch":"trunk","base_role":nu… │ │
│ │                      [2m│   │   [0m[1m}[0m,                                          │ │
│ │                      [2m│   │   [0m'scope_lane_run_identity': [1m{[0m                │ │
│ │                      [2m│   │   │   [0m'kind': 'fire',                         │ │
│ │                      [2m│   │   │   [0m'name': 'A',                            │ │
│ │                      [2m│   │   │   [0m'started_at':                           │ │
│ │                      '2026-09-12T13:47:19.887174Z'                       │ │
│ │                      [2m│   │   [0m[1m}[0m,                                          │ │
│ │                      [2m│   │   [0m'prompt': 'Exact native subject A  with     │ │
│ │                      spaces\n',                                          │ │
│ │                      [2m│   │   [0m'repo_path': '/tmp/fake-cache',             │ │
│ │                      [2m│   │   [0m'repo_url': 'file:///scope-repository.git', │ │
│ │                      [2m│   │   [0m'permission_mode':                          │ │
│ │                      [1m<[0m[1mPermissionMode.UNATTENDED:[0m 'unattended'>,          │ │
│ │                      [2m│   │   [0m'thread_id':                                │ │
│ │                      'd18bbd26e74e40198247c05ed1317744-scope-559aead082… │ │
│ │                      [2m│   │   [0m'langgraph_step': [1m2[0m,                        │ │
│ │                      [2m│   │   [0m'langgraph_node': 'evaluate',               │ │
│ │                      [2m│   │   [0m'langgraph_triggers': [1m([0m                     │ │
│ │                      [2m│   │   │   [0m'branch:to:evaluate',                   │ │
│ │                      [2m│   │   [0m[1m)[0m,                                          │ │
│ │                      [2m│   │   [0m... +[1m7[0m                                      │ │
│ │                      [2m│   [0m[1m}[0m,                                              │ │
│ │                      [2m│   [0m'callbacks':                                    │ │
│ │                      <langchain_core.callbacks.manager.AsyncCallbackMan… │ │
│ │                      object at [1m0x10e1b0ef0[0m>,                             │ │
│ │                      [2m│   [0m'configurable': [1m{[0m                               │ │
│ │                      [2m│   │   [0m'prompt': '── SKILLS AVAILABLE FOR THIS     │ │
│ │                      ROLE ──\nLoad each skill below when its subject     │ │
│ │                      matt'+[1m101[0m,                                          │ │
│ │                      [2m│   │   [0m'repo_path': '/tmp/fake-cache',             │ │
│ │                      [2m│   │   [0m'repo_url': 'file:///scope-repository.git', │ │
│ │                      [2m│   │   [0m'cache_key':                                │ │
│ │                      'd18bbd26e74e40198247c05ed1317744-scope-559aead082… │ │
│ │                      [2m│   │   [0m'run_identity': [1m{[0m                           │ │
│ │                      [2m│   │   │   [0m'kind': <RunKind.FIRE: 'fire'>,         │ │
│ │                      [2m│   │   │   [0m'name': 'A',                            │ │
│ │                      [2m│   │   │   [0m'started_at': [1mdatetime.datetime[0m[1m([0m[1m2026[0m,   │ │
│ │                      [1m9[0m, [1m12[0m, [1m13[0m, [1m47[0m, [1m19[0m, [1m887174[0m,                          │ │
│ │                      tzinfo=datetime.timezone.utc[1m)[0m                       │ │
│ │                      [2m│   │   [0m[1m}[0m,                                          │ │
│ │                      [2m│   │   [0m'workspace_path': [3mNone[0m,                     │ │
│ │                      [2m│   │   [0m'base_spec': [1m{[0m                              │ │
│ │                      [2m│   │   │   [0m'inputs': [1m([0m[1m)[0m,                           │ │
│ │                      [2m│   │   │   [0m'base_branch': 'trunk',                 │ │
│ │                      [2m│   │   │   [0m'base_role': [3mNone[0m                       │ │
│ │                      [2m│   │   [0m[1m}[0m,                                          │ │
│ │                      [2m│   │   [0m'permission_mode':                          │ │
│ │                      <PermissionMode.UNATTENDED: 'unattended'[1m>[0m,          │ │
│ │                      [2m│   │   [0m'allowed_tools': [1m[[0m                          │ │
│ │                      [2m│   │   │   [0m'Read',                                 │ │
│ │                      [2m│   │   │   [0m'Glob',                                 │ │
│ │                      [2m│   │   │   [0m'Grep',                                 │ │
│ │                      [2m│   │   │   [0m'Bash',                                 │ │
│ │                      [2m│   │   │   [0m'Edit',                                 │ │
│ │                      [2m│   │   │   [0m'Write'                                 │ │
│ │                      [2m│   │   [0m[1m][0m,                                          │ │
│ │                      [2m│   │   [0m'feature_branch':                           │ │
│ │                      'kodezart/test-branch-497863d3',                    │ │
│ │                      [2m│   │   [0m... +[1m16[0m                                     │ │
│ │                      [2m│   [0m[1m}[0m                                               │ │
│ │                      [1m}[0m                                                   │ │
│ │                [3mctx[0m = [1mRalphLoopContext[0m[1m([0m                                   │ │
│ │                      [2m│   [0mprompt='── SKILLS AVAILABLE FOR THIS ROLE       │ │
│ │                      ──\nLoad each skill below when its subject          │ │
│ │                      matt'+[1m101[0m,                                          │ │
│ │                      [2m│   [0mrepo_path='/tmp/fake-cache',                    │ │
│ │                      [2m│   [0mrepo_url='file:///scope-repository.git',        │ │
│ │                      [2m│   [0m                                                │ │
│ │                      cache_key='d18bbd26e74e40198247c05ed1317744-scope-… │ │
│ │                      [2m│   [0mrun_identity=[1mRunIdentity[0m[1m([0m                       │ │
│ │                      [2m│   │   [0mkind=[1m<[0m[1mRunKind.FIRE:[0m 'fire'>,                │ │
│ │                      [2m│   │   [0mname='A',                                   │ │
│ │                      [2m│   │   [0mstarted_at=[1mdatetime[0m[1m.datetime[0m[1m([0m[1m2026[0m, [1m9[0m, [1m12[0m,   │ │
│ │                      [1m13[0m, [1m47[0m, [1m19[0m, [1m887174[0m, tzinfo=datetime.timezone.utc[1m)[0m   │ │
│ │                      [2m│   [0m[1m)[0m,                                              │ │
│ │                      [2m│   [0mworkspace_path=[3mNone[0m,                            │ │
│ │                      [2m│   [0mbase_spec=[1mBaseSpec[0m[1m([0m                             │ │
│ │                      [2m│   │   [0minputs=[1m([0m[1m)[0m,                                  │ │
│ │                      [2m│   │   [0mbase_branch='trunk',                        │ │
│ │                      [2m│   │   [0mbase_role=[3mNone[0m                              │ │
│ │                      [2m│   [0m[1m)[0m,                                              │ │
│ │                      [2m│   [0mpermission_mode=<PermissionMode.UNATTENDED:     │ │
│ │                      'unattended'>,                                      │ │
│ │                      [2m│   [0mallowed_tools=[1m[[0m                                 │ │
│ │                      [2m│   │   [0m'Read',                                     │ │
│ │                      [2m│   │   [0m'Glob',                                     │ │
│ │                      [2m│   │   [0m'Grep',                                     │ │
│ │                      [2m│   │   [0m'Bash',                                     │ │
│ │                      [2m│   │   [0m'Edit',                                     │ │
│ │                      [2m│   │   [0m'Write'                                     │ │
│ │                      [2m│   [0m[1m][0m,                                              │ │
│ │                      [2m│   [0mfeature_branch='kodezart/test-branch-497863d3', │ │
│ │                      [2m│   [0m                                                │ │
│ │                      ralph_branch='kodezart/test-branch-497863d3-ralph-… │ │
│ │                      [2m│   [0mwork_base_ref='trunk',                          │ │
│ │                      [2m│   [0macceptance_criteria=[1m[[0m                           │ │
│ │                      [2m│   │   [0m[1mTrackerCriterion[0m[1m([0m                           │ │
│ │                      [2m│   │   │   [0mid='A/check',                           │ │
│ │                      [2m│   │   │   [0mtext='A live Check  bytes'              │ │
│ │                      [2m│   │   [0m[1m)[0m                                           │ │
│ │                      [2m│   [0m[1m][0m,                                              │ │
│ │                      [2m│   [0mtracker_spec=[1mTrackerSpec[0m[1m([0m                       │ │
│ │                      [2m│   │   [0msubject='A',                                │ │
│ │                      [2m│   │   [0mbody='Exact native subject A  with          │ │
│ │                      spaces\n',                                          │ │
│ │                      [2m│   │   [0mcriteria=[1m([0m'A/check',[1m)[0m,                      │ │
│ │                      [2m│   │   [0mread_at_version='2026-01-01T00:00:00+00:00' │ │
│ │                      [2m│   [0m[1m)[0m,                                              │ │
│ │                      [2m│   [0mrepo_visibility=<RepoVisibility.UNKNOWN:        │ │
│ │                      'unknown'[1m>[0m                                          │ │
│ │                      [1m)[0m                                                   │ │
│ │                [3mcwd[0m = '/tmp/fake-cache'                                   │ │
│ │ [3mevaluation_attempt[0m = [1m1[0m                                                   │ │
│ │     [3mnode_execution[0m = 'b450778eb67b4628806dddc1d2cf625e'                  │ │
│ │               [3mself[0m = [1m<[0m[1mkodezart.chains.ralph_loop.RalphLoop[0m object at     │ │
│ │                      [1m0x10e115ca0[0m[1m>[0m                                        │ │
│ │              [3mstate[0m = [1m{[0m                                                   │ │
│ │                      [2m│   [0m'iteration': [1m1[0m,                                 │ │
│ │                      [2m│   [0m'verdict': [1m<[0m[1mAcceptVerdict.rejected:[0m             │ │
│ │                      'rejected'[1m>[0m,                                        │ │
│ │                      [2m│   [0m'pending_failures': [1m[[0m[1m][0m,                         │ │
│ │                      [2m│   [0m'iteration_records': [1m[[0m[1m][0m,                        │ │
│ │                      [2m│   [0m'iteration_commit_sha': [3mNone[0m                    │ │
│ │                      [1m}[0m                                                   │ │
│ ╰──────────────────────────────────────────────────────────────────────────╯ │
│                                                                              │
│ [2m/private/tmp/kodezart-v03-recovery-scope-runtime/src/kodezart/core/[0m[1mredispatc[0m │
│ [1mh.py[0m:190 in until_permutation                                                │
│                                                                              │
│   [2m187 [0m[2m│   [0masync def restating_nothing(_breach: CriteriaFanInError | None) -> │
│   [2m188 [0m[2m│   │   [0mreturn await dispatch()                                        │
│   [2m189 [0m[2m│   [0m                                                                   │
│ ❱ 190 [2m│   [0mredispatched = [1;4mawait[0m[1;4m until_conforming([0m                             │
│   [2m191 [0m[2m│   │   [0m[1;4mdispatch=restating_nothing,[0m                                    │
│   [2m192 [0m[2m│   │   [0m[1;4mcheck=check,[0m                                                   │
│   [2m193 [0m[2m│   │   [0m[1;4mcorrectable=(CriteriaFanInError,),[0m                             │
│                                                                              │
│ ╭───────────────────────────────── locals ─────────────────────────────────╮ │
│ │          [3mlog[0m = [1m<[0m[1mBoundLoggerLazyProxy[0m[1m([0mlogger=[3mNone[0m, wrapper_class=[3mNone[0m,    │ │
│ │                processors=[3mNone[0m, context_class=[3mNone[0m, initial_values=[1m{[0m[1m}[0m,   │ │
│ │                logger_factory_args=[1m([0m'kodezart.chains.ralph_loop',[1m)[0m[1m)[0m[1m>[0m     │ │
│ │ [3mmax_attempts[0m = [1m2[0m                                                         │ │
│ │         [3msite[0m = 'ralph_evaluator'                                         │ │
│ │            [3mT[0m = T                                                         │ │
│ ╰──────────────────────────────────────────────────────────────────────────╯ │
│                                                                              │
│ [2m/private/tmp/kodezart-v03-recovery-scope-runtime/src/kodezart/core/[0m[1mredispatc[0m │
│ [1mh.py[0m:108 in until_conforming                                                 │
│                                                                              │
│   [2m105 [0m[2m│   │   [0mattempt += 1                                                   │
│   [2m106 [0m[2m│   │   [0mprevious = breaches[-1] if breaches else None                  │
│   [2m107 [0m[2m│   │   [0mtry:                                                           │
│ ❱ 108 [2m│   │   │   [0moutput = await dispatch(previous)                          │
│   [2m109 [0m[2m│   │   [0m[1;4mexcept[0m[1;4m correctable [0m[1;4mas[0m[1;4m caught:[0m                                  │
│   [2m110 [0m[2m│   │   │   [0m[1;4mbreaches.append(caught)[0m                                    │
│   [2m111 [0m[2m│   │   │   [0m[1;4mawait[0m[1;4m _name_breach([0m                                        │
│                                                                              │
│ ╭───────────────────────────────── locals ─────────────────────────────────╮ │
│ │      [3mattempt[0m = [1m1[0m                                                         │ │
│ │     [3mbreaches[0m = [1m[[0m[1m][0m                                                        │ │
│ │  [3mcorrectable[0m = [1m([0m[1m<[0m[1mclass[0m 'kodezart.domain.errors.CriteriaFanInError'[1m>[0m,[1m)[0m    │ │
│ │            [3mE[0m = E                                                         │ │
│ │          [3mlog[0m = [1m<[0m[1mBoundLoggerLazyProxy[0m[1m([0mlogger=[3mNone[0m, wrapper_class=[3mNone[0m,    │ │
│ │                processors=[3mNone[0m, context_class=[3mNone[0m, initial_values=[1m{[0m[1m}[0m,   │ │
│ │                logger_factory_args=[1m([0m'kodezart.chains.ralph_loop',[1m)[0m[1m)[0m[1m>[0m     │ │
│ │ [3mmax_attempts[0m = [1m2[0m                                                         │ │
│ │     [3mprevious[0m = [3mNone[0m                                                      │ │
│ │         [3msite[0m = 'ralph_evaluator'                                         │ │
│ ╰──────────────────────────────────────────────────────────────────────────╯ │
│                                                                              │
│ [2m/private/tmp/kodezart-v03-recovery-scope-runtime/src/kodezart/core/[0m[1mredispatc[0m │
│ [1mh.py[0m:188 in restating_nothing                                                │
│                                                                              │
│   [2m185 [0m[2m│   [0m"""                                                                │
│   [2m186 [0m[2m│   [0m                                                                   │
│   [2m187 [0m[2m│   [0masync def restating_nothing(_breach: CriteriaFanInError | None) -> │
│ ❱ 188 [2m│   │   [0mreturn [1;4mawait[0m[1;4m dispatch()[0m                                        │
│   [2m189 [0m[2m│   [0m                                                                   │
│   [2m190 [0m[2m│   [0mredispatched = await until_conforming(                             │
│   [2m191 [0m[2m│   │   [0mdispatch=restating_nothing,                                    │
│                                                                              │
│ ╭──── locals ────╮                                                           │
│ │ [3m_breach[0m = [3mNone[0m │                                                           │
│ ╰────────────────╯                                                           │
│                                                                              │
│ [2m/private/tmp/kodezart-v03-recovery-scope-runtime/src/kodezart/chains/[0m[1mralph_l[0m │
│ [1moop.py[0m:362 in evaluate                                                       │
│                                                                              │
│   [2m359 [0m[2m│   │   │   │   [0mobserve=None if observer is None else observer.observe │
│   [2m360 [0m[2m│   │   │   [0m)                                                          │
│   [2m361 [0m[2m│   │   │   [0mif observer is not None:                                   │
│ ❱ 362 [2m│   │   │   │   [0m[1;4mobserver.require_valid()[0m                               │
│   [2m363 [0m[2m│   │   │   [0m                                                           │
│   [2m364 [0m[2m│   │   │   [0mif result_event is None or result_event.structured_output  │
│   [2m365 [0m[2m│   │   │   │   [0mmsg = "Evaluator produced no structured output."       │
│                                                                              │
│ ╭───────────────────────────────── locals ─────────────────────────────────╮ │
│ │           [3mchangeset[0m = [1mChangesetDigest[0m[1m([0m                                   │ │
│ │                       [2m│   [0mfile_paths=[1m[[0m'fake.py'[1m][0m,                        │ │
│ │                       [2m│   [0mcommit_subjects=[1m[[0m'feat: scripted'[1m][0m,            │ │
│ │                       [2m│   [0mcommit_count=[1m1[0m                                 │ │
│ │                       [1m)[0m                                                  │ │
│ │            [3mcriteria[0m = [1m[[0m                                                  │ │
│ │                       [2m│   [0m[1mTrackerCriterion[0m[1m([0m                              │ │
│ │                       [2m│   │   [0mid='A/check',                              │ │
│ │                       [2m│   │   [0mtext='A live Check  bytes'                 │ │
│ │                       [2m│   [0m[1m)[0m                                              │ │
│ │                       [1m][0m                                                  │ │
│ │                 [3mctx[0m = [1mRalphLoopContext[0m[1m([0m                                  │ │
│ │                       [2m│   [0mprompt='── SKILLS AVAILABLE FOR THIS ROLE      │ │
│ │                       ──\nLoad each skill below when its subject         │ │
│ │                       matt'+[1m101[0m,                                         │ │
│ │                       [2m│   [0mrepo_path='/tmp/fake-cache',                   │ │
│ │                       [2m│   [0mrepo_url='file:///scope-repository.git',       │ │
│ │                       [2m│   [0m                                               │ │
│ │                       cache_key='d18bbd26e74e40198247c05ed1317744-scope… │ │
│ │                       [2m│   [0mrun_identity=[1mRunIdentity[0m[1m([0m                      │ │
│ │                       [2m│   │   [0mkind=[1m<[0m[1mRunKind.FIRE:[0m 'fire'>,               │ │
│ │                       [2m│   │   [0mname='A',                                  │ │
│ │                       [2m│   │   [0mstarted_at=[1mdatetime[0m[1m.datetime[0m[1m([0m[1m2026[0m, [1m9[0m, [1m12[0m,  │ │
│ │                       [1m13[0m, [1m47[0m, [1m19[0m, [1m887174[0m, tzinfo=datetime.timezone.utc[1m)[0m  │ │
│ │                       [2m│   [0m[1m)[0m,                                             │ │
│ │                       [2m│   [0mworkspace_path=[3mNone[0m,                           │ │
│ │                       [2m│   [0mbase_spec=[1mBaseSpec[0m[1m([0m                            │ │
│ │                       [2m│   │   [0minputs=[1m([0m[1m)[0m,                                 │ │
│ │                       [2m│   │   [0mbase_branch='trunk',                       │ │
│ │                       [2m│   │   [0mbase_role=[3mNone[0m                             │ │
│ │                       [2m│   [0m[1m)[0m,                                             │ │
│ │                       [2m│   [0mpermission_mode=<PermissionMode.UNATTENDED:    │ │
│ │                       'unattended'>,                                     │ │
│ │                       [2m│   [0mallowed_tools=[1m[[0m                                │ │
│ │                       [2m│   │   [0m'Read',                                    │ │
│ │                       [2m│   │   [0m'Glob',                                    │ │
│ │                       [2m│   │   [0m'Grep',                                    │ │
│ │                       [2m│   │   [0m'Bash',                                    │ │
│ │                       [2m│   │   [0m'Edit',                                    │ │
│ │                       [2m│   │   [0m'Write'                                    │ │
│ │                       [2m│   [0m[1m][0m,                                             │ │
│ │                       [2m│   [0m                                               │ │
│ │                       feature_branch='kodezart/test-branch-497863d3',    │ │
│ │                       [2m│   [0m                                               │ │
│ │                       ralph_branch='kodezart/test-branch-497863d3-ralph… │ │
│ │                       [2m│   [0mwork_base_ref='trunk',                         │ │
│ │                       [2m│   [0macceptance_criteria=[1m[[0m                          │ │
│ │                       [2m│   │   [0m[1mTrackerCriterion[0m[1m([0m                          │ │
│ │                       [2m│   │   │   [0mid='A/check',                          │ │
│ │                       [2m│   │   │   [0mtext='A live Check  bytes'             │ │
│ │                       [2m│   │   [0m[1m)[0m                                          │ │
│ │                       [2m│   [0m[1m][0m,                                             │ │
│ │                       [2m│   [0mtracker_spec=[1mTrackerSpec[0m[1m([0m                      │ │
│ │                       [2m│   │   [0msubject='A',                               │ │
│ │                       [2m│   │   [0mbody='Exact native subject A  with         │ │
│ │                       spaces\n',                                         │ │
│ │                       [2m│   │   [0mcriteria=[1m([0m'A/check',[1m)[0m,                     │ │
│ │                       [2m│   │   [0m                                           │ │
│ │                       read_at_version='2026-01-01T00:00:00+00:00'        │ │
│ │                       [2m│   [0m[1m)[0m,                                             │ │
│ │                       [2m│   [0mrepo_visibility=<RepoVisibility.UNKNOWN:       │ │
│ │                       'unknown'[1m>[0m                                         │ │
│ │                       [1m)[0m                                                  │ │
│ │         [3meval_prompt[0m = '── SKILLS AVAILABLE FOR THIS ROLE ──\nLoad each   │ │
│ │                       skill below when its subject matt'+[1m10754[0m           │ │
│ │  [3mevaluation_attempt[0m = [1m1[0m                                                  │ │
│ │      [3mnode_execution[0m = 'b450778eb67b4628806dddc1d2cf625e'                 │ │
│ │            [3mobserver[0m = [1m<[0m[1mkodezart.core.node_sessions.NodeSessionObserver[0m   │ │
│ │                       object at [1m0x10e114080[0m[1m>[0m                             │ │
│ │ [3mrate_limit_rejected[0m = [3mFalse[0m                                              │ │
│ │        [3mresult_event[0m = [1mResultEvent[0m[1m([0m                                       │ │
│ │                       [2m│   [0mtype='result',                                 │ │
│ │                       [2m│   [0mfailure_kind=[3mNone[0m,                             │ │
│ │                       [2m│   [0msubtype='result',                              │ │
│ │                       [2m│   [0mduration_ms=[1m1[0m,                                 │ │
│ │                       [2m│   [0mduration_api_ms=[1m1[0m,                             │ │
│ │                       [2m│   [0mis_error=[3mFalse[0m,                                │ │
│ │                       [2m│   [0mnum_turns=[1m1[0m,                                   │ │
│ │                       [2m│   [0msession_id='native-session',                   │ │
│ │                       [2m│   [0mstop_reason=[3mNone[0m,                              │ │
│ │                       [2m│   [0mtotal_cost_usd=[3mNone[0m,                           │ │
│ │                       [2m│   [0musage=[3mNone[0m,                                    │ │
│ │                       [2m│   [0mresult=[3mNone[0m,                                   │ │
│ │                       [2m│   [0mbranch=[3mNone[0m,                                   │ │
│ │                       [2m│   [0mcommit_sha=[3mNone[0m,                               │ │
│ │                       [2m│   [0mstructured_output=[1m{[0m                            │ │
│ │                       [2m│   │   [0m'criteriaResults': [1m[[0m                       │ │
│ │                       [2m│   │   │   [0m[1m{[0m                                      │ │
│ │                       [2m│   │   │   │   [0m'criterionId': 'A/check',          │ │
│ │                       [2m│   │   │   │   [0m'criterion': 'an evaluator echo',  │ │
│ │                       [2m│   │   │   │   [0m'passed': [3mTrue[0m,                    │ │
│ │                       [2m│   │   │   │   [0m'reasoning': 'Observed the         │ │
│ │                       selected check.'                                   │ │
│ │                       [2m│   │   │   [0m[1m}[0m                                      │ │
│ │                       [2m│   │   [0m[1m][0m                                          │ │
│ │                       [2m│   [0m[1m}[0m                                              │ │
│ │                       [1m)[0m                                                  │ │
│ │                [3mself[0m = [1m<[0m[1mkodezart.chains.ralph_loop.RalphLoop[0m object at    │ │
│ │                       [1m0x10e115ca0[0m[1m>[0m                                       │ │
│ │            [3msnapshot[0m = [1mTrackerCriterionSet[0m[1m([0m                               │ │
│ │                       [2m│   [0mcriteria=[1m[[0m                                     │ │
│ │                       [2m│   │   [0m[1mTrackerCriterion[0m[1m([0m                          │ │
│ │                       [2m│   │   │   [0mid='A/check',                          │ │
│ │                       [2m│   │   │   [0mtext='A live Check  bytes'             │ │
│ │                       [2m│   │   [0m[1m)[0m                                          │ │
│ │                       [2m│   [0m[1m][0m                                              │ │
│ │                       [1m)[0m                                                  │ │
│ │               [3mstate[0m = [1m{[0m                                                  │ │
│ │                       [2m│   [0m'iteration': [1m1[0m,                                │ │
│ │                       [2m│   [0m'verdict': [1m<[0m[1mAcceptVerdict.rejected:[0m            │ │
│ │                       'rejected'[1m>[0m,                                       │ │
│ │                       [2m│   [0m'pending_failures': [1m[[0m[1m][0m,                        │ │
│ │                       [2m│   [0m'iteration_records': [1m[[0m[1m][0m,                       │ │
│ │                       [2m│   [0m'iteration_commit_sha': [3mNone[0m                   │ │
│ │                       [1m}[0m                                                  │ │
│ ╰──────────────────────────────────────────────────────────────────────────╯ │
│                                                                              │
│ [2m/private/tmp/kodezart-v03-recovery-scope-runtime/src/kodezart/core/[0m[1mnode_sess[0m │
│ [1mions.py[0m:55 in require_valid                                                  │
│                                                                              │
│   [2m52 [0m[2m│   [0m                                                                    │
│   [2m53 [0m[2m│   [0mdef require_valid(self) -> None:                                    │
│   [2m54 [0m[2m│   │   [0mif self._failures:                                              │
│ ❱ 55 [2m│   │   │   [0m[1;4mraise[0m[1;4m NodeSessionObservationError([0m                          │
│   [2m56 [0m[2m│   │   │   │   [0m[1;4minvocation=[0m[1;4mself[0m[1;4m._invocation, failures=[0m[1;4mtuple[0m[1;4m([0m[1;4mself[0m[1;4m._failu[0m │
│   [2m57 [0m[2m│   │   │   [0m[1;4m)[0m                                                           │
│   [2m58 [0m                                                                        │
│                                                                              │
│ ╭───────────────────────────────── locals ─────────────────────────────────╮ │
│ │ [3mself[0m = [1m<[0m[1mkodezart.core.node_sessions.NodeSessionObserver[0m object at        │ │
│ │        [1m0x10e114080[0m[1m>[0m                                                      │ │
│ ╰──────────────────────────────────────────────────────────────────────────╯ │
╰──────────────────────────────────────────────────────────────────────────────╯
[1mNodeSessionObservationError: [0mnative result has no observed session opening
[1m[NOTE] [0mDuring task with name 'evaluate' and id 
'2494d37b-835a-1232-2fc4-3e18a9c93918'
[1m[NOTE] [0mDuring task with name 'run_ralph_loop' and id 
'1311dd45-6297-4b7c-0a05-6260fe977149'
[1m[NOTE] [0mDuring task with name 'native_fire' and id 
'5313008c-cf61-e3eb-0fa2-2a4d09e0aa22'

2026-09-12 15:47:26 [info     ] job_finished                   job_id=d18bbd26e74e40198247c05ed1317744 lane=scope-requests outcome=engine_error
2026-09-12 15:47:26 [info     ] job_queue_stopped              abandoned=0 lanes=2 outcome=shutdown_abandoned
_____ test_next_lane_uses_current_approval_membership_and_check[approval] ______

change = 'approval'

    @pytest.mark.parametrize("change", ["approval", "membership", "check"])
    async def test_next_lane_uses_current_approval_membership_and_check(change):
        port = board(lanes=("A", "B"))
        harness = runtime(port=port, lanes=("A", "B"))
        events = []
>       async for event in drive(harness):

tests/integration/test_scope_runtime.py:211: 
_ _ _ _ _ _ _ _ _ _ _ _ _ _ _ _ _ _ _ _ _ _ _ _ _ _ _ _ _ _ _ _ _ _ _ _ _ _ _ _ 
src/kodezart/composition/engine.py:129: in run
    async for event in arm.run(
src/kodezart/services/scope_runtime.py:255: in run
    async for namespace, mode, payload in lane.graph.astream(
.venv/lib/python3.12/site-packages/langgraph/pregel/main.py:2997: in astream
    async for _ in runner.atick(
.venv/lib/python3.12/site-packages/langgraph/pregel/_runner.py:410: in atick
    _panic_or_proceed(
.venv/lib/python3.12/site-packages/langgraph/pregel/_runner.py:520: in _panic_or_proceed
    raise exc
.venv/lib/python3.12/site-packages/langgraph/pregel/_retry.py:163: in arun_with_retry
    return await task.proc.ainvoke(task.input, config)
           ^^^^^^^^^^^^^^^^^^^^^^^^^^^^^^^^^^^^^^^^^^^
.venv/lib/python3.12/site-packages/langgraph/_internal/_runnable.py:705: in ainvoke
    input = await asyncio.create_task(
.venv/lib/python3.12/site-packages/langgraph/pregel/main.py:3184: in ainvoke
    async for chunk in self.astream(
.venv/lib/python3.12/site-packages/langgraph/pregel/main.py:2997: in astream
    async for _ in runner.atick(
.venv/lib/python3.12/site-packages/langgraph/pregel/_runner.py:304: in atick
    await arun_with_retry(
.venv/lib/python3.12/site-packages/langgraph/pregel/_retry.py:163: in arun_with_retry
    return await task.proc.ainvoke(task.input, config)
           ^^^^^^^^^^^^^^^^^^^^^^^^^^^^^^^^^^^^^^^^^^^
.venv/lib/python3.12/site-packages/langgraph/_internal/_runnable.py:705: in ainvoke
    input = await asyncio.create_task(
.venv/lib/python3.12/site-packages/langgraph/_internal/_runnable.py:473: in ainvoke
    ret = await self.afunc(*args, **kwargs)
          ^^^^^^^^^^^^^^^^^^^^^^^^^^^^^^^^^
src/kodezart/core/retry.py:109: in guarded
    return await node(state, config)
           ^^^^^^^^^^^^^^^^^^^^^^^^^
src/kodezart/chains/fire_implementation.py:156: in run_ralph_loop
    last_iteration_event = await self.run_quality_gate(
src/kodezart/chains/fire_implementation.py:99: in run_quality_gate
    async for event in self._quality_gate.run(
src/kodezart/chains/ralph_loop.py:178: in run
    async for event in self._compiled.astream(
.venv/lib/python3.12/site-packages/langgraph/pregel/main.py:2997: in astream
    async for _ in runner.atick(
.venv/lib/python3.12/site-packages/langgraph/pregel/_runner.py:410: in atick
    _panic_or_proceed(
.venv/lib/python3.12/site-packages/langgraph/pregel/_runner.py:520: in _panic_or_proceed
    raise exc
.venv/lib/python3.12/site-packages/langgraph/pregel/_retry.py:163: in arun_with_retry
    return await task.proc.ainvoke(task.input, config)
           ^^^^^^^^^^^^^^^^^^^^^^^^^^^^^^^^^^^^^^^^^^^
.venv/lib/python3.12/site-packages/langgraph/_internal/_runnable.py:705: in ainvoke
    input = await asyncio.create_task(
.venv/lib/python3.12/site-packages/langgraph/_internal/_runnable.py:473: in ainvoke
    ret = await self.afunc(*args, **kwargs)
          ^^^^^^^^^^^^^^^^^^^^^^^^^^^^^^^^^
src/kodezart/core/retry.py:109: in guarded
    return await node(state, config)
           ^^^^^^^^^^^^^^^^^^^^^^^^^
src/kodezart/chains/ralph_loop.py:378: in _evaluate_node
    grade, unresolved, attempts = await until_permutation(
src/kodezart/core/redispatch.py:190: in until_permutation
    redispatched = await until_conforming(
src/kodezart/core/redispatch.py:108: in until_conforming
    output = await dispatch(previous)
             ^^^^^^^^^^^^^^^^^^^^^^^^
src/kodezart/core/redispatch.py:188: in restating_nothing
    return await dispatch()
           ^^^^^^^^^^^^^^^^
src/kodezart/chains/ralph_loop.py:362: in evaluate
    observer.require_valid()
_ _ _ _ _ _ _ _ _ _ _ _ _ _ _ _ _ _ _ _ _ _ _ _ _ _ _ _ _ _ _ _ _ _ _ _ _ _ _ _ 

self = <kodezart.core.node_sessions.NodeSessionObserver object at 0x10e593a10>

    def require_valid(self) -> None:
        if self._failures:
>           raise NodeSessionObservationError(
                invocation=self._invocation, failures=tuple(self._failures)
            )
E           kodezart.types.domain.node_session.NodeSessionObservationError: native result has no observed session opening
E           During task with name 'evaluate' and id '5c8d9ec0-24fd-ce75-0d16-5f7a35aeeb50'
E           During task with name 'run_ralph_loop' and id '6f532854-481c-dd89-e993-6272f0bcda8a'
E           During task with name 'native_fire' and id 'd39085fd-68bd-3548-9a32-b9c3a2c3cf81'

src/kodezart/core/node_sessions.py:55: NodeSessionObservationError
----------------------------- Captured stdout call -----------------------------
2026-09-12 15:47:26 [info     ] forge_capabilities_selected    forge_less_origin=False repo_url=file:///scope-repository.git
2026-09-12 15:47:26 [debug    ] no_forge_delivery_probe_answered issue_key=A repo_url=file:///scope-repository.git
2026-09-12 15:47:26 [debug    ] no_forge_delivery_probe_answered issue_key=A repo_url=file:///scope-repository.git
2026-09-12 15:47:26 [info     ] repo_visibility_resolved       repo_url=file:///scope-repository.git visibility=unknown
2026-09-12 15:47:26 [info     ] scope_base_resolved            base_branch=trunk base_role=None input_count=0
2026-09-12 15:47:26 [debug    ] output_format_requested        format_type=json_schema
2026-09-12 15:47:26 [info     ] stream_drained                 duration_api_ms=1 duration_ms=1 event_count=1 events={'result': 1} has_structured_output=True is_error=False num_turns=1 rate_limit_rejected=False result_event_observed=True result_tail=None session_id=fake site=branch_name stop_reason=None subtype=result total_cost_usd=None usage=None
2026-09-12 15:47:26 [info     ] outbound_content_gated         categories=[] content_digest=23a116c5a2a543a9ec246e0f2e6a02ffad6700608ccf30ac8590785c69feebf6 failure=None hits=[] surface=publication verdict=clean visibility=unknown writer=branch_name
2026-09-12 15:47:26 [info     ] fire_criteria_read             named=1 owed=['A/check'] read_at_version=2026-01-01T00:00:00+00:00 subject=A
2026-09-12 15:47:26 [info     ] fire_criteria_read             named=1 owed=['A/check'] read_at_version=2026-01-01T00:00:00+00:00 subject=A
2026-09-12 15:47:26 [info     ] fire_criteria_read             named=1 owed=['A/check'] read_at_version=2026-01-01T00:00:00+00:00 subject=A
2026-09-12 15:47:26 [info     ] fire_criteria_read             named=1 owed=['A/check'] read_at_version=2026-01-01T00:00:00+00:00 subject=A
2026-09-12 15:47:26 [debug    ] output_format_requested        format_type=json_schema
2026-09-12 15:47:26 [info     ] stream_drained                 duration_api_ms=1 duration_ms=1 event_count=1 events={'result': 1} has_structured_output=True is_error=False num_turns=1 rate_limit_rejected=False result_event_observed=True result_tail=None session_id=native-session site=ralph_evaluator stop_reason=None subtype=result total_cost_usd=None usage=None
____ test_next_lane_uses_current_approval_membership_and_check[membership] _____

change = 'membership'

    @pytest.mark.parametrize("change", ["approval", "membership", "check"])
    async def test_next_lane_uses_current_approval_membership_and_check(change):
        port = board(lanes=("A", "B"))
        harness = runtime(port=port, lanes=("A", "B"))
        events = []
>       async for event in drive(harness):

tests/integration/test_scope_runtime.py:211: 
_ _ _ _ _ _ _ _ _ _ _ _ _ _ _ _ _ _ _ _ _ _ _ _ _ _ _ _ _ _ _ _ _ _ _ _ _ _ _ _ 
src/kodezart/composition/engine.py:129: in run
    async for event in arm.run(
src/kodezart/services/scope_runtime.py:255: in run
    async for namespace, mode, payload in lane.graph.astream(
.venv/lib/python3.12/site-packages/langgraph/pregel/main.py:2997: in astream
    async for _ in runner.atick(
.venv/lib/python3.12/site-packages/langgraph/pregel/_runner.py:410: in atick
    _panic_or_proceed(
.venv/lib/python3.12/site-packages/langgraph/pregel/_runner.py:520: in _panic_or_proceed
    raise exc
.venv/lib/python3.12/site-packages/langgraph/pregel/_retry.py:163: in arun_with_retry
    return await task.proc.ainvoke(task.input, config)
           ^^^^^^^^^^^^^^^^^^^^^^^^^^^^^^^^^^^^^^^^^^^
.venv/lib/python3.12/site-packages/langgraph/_internal/_runnable.py:705: in ainvoke
    input = await asyncio.create_task(
.venv/lib/python3.12/site-packages/langgraph/pregel/main.py:3184: in ainvoke
    async for chunk in self.astream(
.venv/lib/python3.12/site-packages/langgraph/pregel/main.py:2997: in astream
    async for _ in runner.atick(
.venv/lib/python3.12/site-packages/langgraph/pregel/_runner.py:304: in atick
    await arun_with_retry(
.venv/lib/python3.12/site-packages/langgraph/pregel/_retry.py:163: in arun_with_retry
    return await task.proc.ainvoke(task.input, config)
           ^^^^^^^^^^^^^^^^^^^^^^^^^^^^^^^^^^^^^^^^^^^
.venv/lib/python3.12/site-packages/langgraph/_internal/_runnable.py:705: in ainvoke
    input = await asyncio.create_task(
.venv/lib/python3.12/site-packages/langgraph/_internal/_runnable.py:473: in ainvoke
    ret = await self.afunc(*args, **kwargs)
          ^^^^^^^^^^^^^^^^^^^^^^^^^^^^^^^^^
src/kodezart/core/retry.py:109: in guarded
    return await node(state, config)
           ^^^^^^^^^^^^^^^^^^^^^^^^^
src/kodezart/chains/fire_implementation.py:156: in run_ralph_loop
    last_iteration_event = await self.run_quality_gate(
src/kodezart/chains/fire_implementation.py:99: in run_quality_gate
    async for event in self._quality_gate.run(
src/kodezart/chains/ralph_loop.py:178: in run
    async for event in self._compiled.astream(
.venv/lib/python3.12/site-packages/langgraph/pregel/main.py:2997: in astream
    async for _ in runner.atick(
.venv/lib/python3.12/site-packages/langgraph/pregel/_runner.py:410: in atick
    _panic_or_proceed(
.venv/lib/python3.12/site-packages/langgraph/pregel/_runner.py:520: in _panic_or_proceed
    raise exc
.venv/lib/python3.12/site-packages/langgraph/pregel/_retry.py:163: in arun_with_retry
    return await task.proc.ainvoke(task.input, config)
           ^^^^^^^^^^^^^^^^^^^^^^^^^^^^^^^^^^^^^^^^^^^
.venv/lib/python3.12/site-packages/langgraph/_internal/_runnable.py:705: in ainvoke
    input = await asyncio.create_task(
.venv/lib/python3.12/site-packages/langgraph/_internal/_runnable.py:473: in ainvoke
    ret = await self.afunc(*args, **kwargs)
          ^^^^^^^^^^^^^^^^^^^^^^^^^^^^^^^^^
src/kodezart/core/retry.py:109: in guarded
    return await node(state, config)
           ^^^^^^^^^^^^^^^^^^^^^^^^^
src/kodezart/chains/ralph_loop.py:378: in _evaluate_node
    grade, unresolved, attempts = await until_permutation(
src/kodezart/core/redispatch.py:190: in until_permutation
    redispatched = await until_conforming(
src/kodezart/core/redispatch.py:108: in until_conforming
    output = await dispatch(previous)
             ^^^^^^^^^^^^^^^^^^^^^^^^
src/kodezart/core/redispatch.py:188: in restating_nothing
    return await dispatch()
           ^^^^^^^^^^^^^^^^
src/kodezart/chains/ralph_loop.py:362: in evaluate
    observer.require_valid()
_ _ _ _ _ _ _ _ _ _ _ _ _ _ _ _ _ _ _ _ _ _ _ _ _ _ _ _ _ _ _ _ _ _ _ _ _ _ _ _ 

self = <kodezart.core.node_sessions.NodeSessionObserver object at 0x10e1b9310>

    def require_valid(self) -> None:
        if self._failures:
>           raise NodeSessionObservationError(
                invocation=self._invocation, failures=tuple(self._failures)
            )
E           kodezart.types.domain.node_session.NodeSessionObservationError: native result has no observed session opening
E           During task with name 'evaluate' and id '9138c2c6-e386-1a38-dd59-f3fc8eedaadf'
E           During task with name 'run_ralph_loop' and id '57c783e2-1dbe-a586-1f49-836fbebe9814'
E           During task with name 'native_fire' and id '455243b4-0094-a737-490e-7e12aa957bdc'

src/kodezart/core/node_sessions.py:55: NodeSessionObservationError
----------------------------- Captured stdout call -----------------------------
2026-09-12 15:47:27 [info     ] forge_capabilities_selected    forge_less_origin=False repo_url=file:///scope-repository.git
2026-09-12 15:47:27 [debug    ] no_forge_delivery_probe_answered issue_key=A repo_url=file:///scope-repository.git
2026-09-12 15:47:27 [debug    ] no_forge_delivery_probe_answered issue_key=A repo_url=file:///scope-repository.git
2026-09-12 15:47:27 [info     ] repo_visibility_resolved       repo_url=file:///scope-repository.git visibility=unknown
2026-09-12 15:47:27 [info     ] scope_base_resolved            base_branch=trunk base_role=None input_count=0
2026-09-12 15:47:27 [debug    ] output_format_requested        format_type=json_schema
2026-09-12 15:47:27 [info     ] stream_drained                 duration_api_ms=1 duration_ms=1 event_count=1 events={'result': 1} has_structured_output=True is_error=False num_turns=1 rate_limit_rejected=False result_event_observed=True result_tail=None session_id=fake site=branch_name stop_reason=None subtype=result total_cost_usd=None usage=None
2026-09-12 15:47:27 [info     ] outbound_content_gated         categories=[] content_digest=23a116c5a2a543a9ec246e0f2e6a02ffad6700608ccf30ac8590785c69feebf6 failure=None hits=[] surface=publication verdict=clean visibility=unknown writer=branch_name
2026-09-12 15:47:27 [info     ] fire_criteria_read             named=1 owed=['A/check'] read_at_version=2026-01-01T00:00:00+00:00 subject=A
2026-09-12 15:47:27 [info     ] fire_criteria_read             named=1 owed=['A/check'] read_at_version=2026-01-01T00:00:00+00:00 subject=A
2026-09-12 15:47:27 [info     ] fire_criteria_read             named=1 owed=['A/check'] read_at_version=2026-01-01T00:00:00+00:00 subject=A
2026-09-12 15:47:27 [info     ] fire_criteria_read             named=1 owed=['A/check'] read_at_version=2026-01-01T00:00:00+00:00 subject=A
2026-09-12 15:47:27 [debug    ] output_format_requested        format_type=json_schema
2026-09-12 15:47:27 [info     ] stream_drained                 duration_api_ms=1 duration_ms=1 event_count=1 events={'result': 1} has_structured_output=True is_error=False num_turns=1 rate_limit_rejected=False result_event_observed=True result_tail=None session_id=native-session site=ralph_evaluator stop_reason=None subtype=result total_cost_usd=None usage=None
_______ test_next_lane_uses_current_approval_membership_and_check[check] _______

change = 'check'

    @pytest.mark.parametrize("change", ["approval", "membership", "check"])
    async def test_next_lane_uses_current_approval_membership_and_check(change):
        port = board(lanes=("A", "B"))
        harness = runtime(port=port, lanes=("A", "B"))
        events = []
>       async for event in drive(harness):

tests/integration/test_scope_runtime.py:211: 
_ _ _ _ _ _ _ _ _ _ _ _ _ _ _ _ _ _ _ _ _ _ _ _ _ _ _ _ _ _ _ _ _ _ _ _ _ _ _ _ 
src/kodezart/composition/engine.py:129: in run
    async for event in arm.run(
src/kodezart/services/scope_runtime.py:255: in run
    async for namespace, mode, payload in lane.graph.astream(
.venv/lib/python3.12/site-packages/langgraph/pregel/main.py:2997: in astream
    async for _ in runner.atick(
.venv/lib/python3.12/site-packages/langgraph/pregel/_runner.py:410: in atick
    _panic_or_proceed(
.venv/lib/python3.12/site-packages/langgraph/pregel/_runner.py:520: in _panic_or_proceed
    raise exc
.venv/lib/python3.12/site-packages/langgraph/pregel/_retry.py:163: in arun_with_retry
    return await task.proc.ainvoke(task.input, config)
           ^^^^^^^^^^^^^^^^^^^^^^^^^^^^^^^^^^^^^^^^^^^
.venv/lib/python3.12/site-packages/langgraph/_internal/_runnable.py:705: in ainvoke
    input = await asyncio.create_task(
.venv/lib/python3.12/site-packages/langgraph/pregel/main.py:3184: in ainvoke
    async for chunk in self.astream(
.venv/lib/python3.12/site-packages/langgraph/pregel/main.py:2997: in astream
    async for _ in runner.atick(
.venv/lib/python3.12/site-packages/langgraph/pregel/_runner.py:304: in atick
    await arun_with_retry(
.venv/lib/python3.12/site-packages/langgraph/pregel/_retry.py:163: in arun_with_retry
    return await task.proc.ainvoke(task.input, config)
           ^^^^^^^^^^^^^^^^^^^^^^^^^^^^^^^^^^^^^^^^^^^
.venv/lib/python3.12/site-packages/langgraph/_internal/_runnable.py:705: in ainvoke
    input = await asyncio.create_task(
.venv/lib/python3.12/site-packages/langgraph/_internal/_runnable.py:473: in ainvoke
    ret = await self.afunc(*args, **kwargs)
          ^^^^^^^^^^^^^^^^^^^^^^^^^^^^^^^^^
src/kodezart/core/retry.py:109: in guarded
    return await node(state, config)
           ^^^^^^^^^^^^^^^^^^^^^^^^^
src/kodezart/chains/fire_implementation.py:156: in run_ralph_loop
    last_iteration_event = await self.run_quality_gate(
src/kodezart/chains/fire_implementation.py:99: in run_quality_gate
    async for event in self._quality_gate.run(
src/kodezart/chains/ralph_loop.py:178: in run
    async for event in self._compiled.astream(
.venv/lib/python3.12/site-packages/langgraph/pregel/main.py:2997: in astream
    async for _ in runner.atick(
.venv/lib/python3.12/site-packages/langgraph/pregel/_runner.py:410: in atick
    _panic_or_proceed(
.venv/lib/python3.12/site-packages/langgraph/pregel/_runner.py:520: in _panic_or_proceed
    raise exc
.venv/lib/python3.12/site-packages/langgraph/pregel/_retry.py:163: in arun_with_retry
    return await task.proc.ainvoke(task.input, config)
           ^^^^^^^^^^^^^^^^^^^^^^^^^^^^^^^^^^^^^^^^^^^
.venv/lib/python3.12/site-packages/langgraph/_internal/_runnable.py:705: in ainvoke
    input = await asyncio.create_task(
.venv/lib/python3.12/site-packages/langgraph/_internal/_runnable.py:473: in ainvoke
    ret = await self.afunc(*args, **kwargs)
          ^^^^^^^^^^^^^^^^^^^^^^^^^^^^^^^^^
src/kodezart/core/retry.py:109: in guarded
    return await node(state, config)
           ^^^^^^^^^^^^^^^^^^^^^^^^^
src/kodezart/chains/ralph_loop.py:378: in _evaluate_node
    grade, unresolved, attempts = await until_permutation(
src/kodezart/core/redispatch.py:190: in until_permutation
    redispatched = await until_conforming(
src/kodezart/core/redispatch.py:108: in until_conforming
    output = await dispatch(previous)
             ^^^^^^^^^^^^^^^^^^^^^^^^
src/kodezart/core/redispatch.py:188: in restating_nothing
    return await dispatch()
           ^^^^^^^^^^^^^^^^
src/kodezart/chains/ralph_loop.py:362: in evaluate
    observer.require_valid()
_ _ _ _ _ _ _ _ _ _ _ _ _ _ _ _ _ _ _ _ _ _ _ _ _ _ _ _ _ _ _ _ _ _ _ _ _ _ _ _ 

self = <kodezart.core.node_sessions.NodeSessionObserver object at 0x10e07b350>

    def require_valid(self) -> None:
        if self._failures:
>           raise NodeSessionObservationError(
                invocation=self._invocation, failures=tuple(self._failures)
            )
E           kodezart.types.domain.node_session.NodeSessionObservationError: native result has no observed session opening
E           During task with name 'evaluate' and id '3fbd6a6d-3664-8268-1300-13a9cb49c58d'
E           During task with name 'run_ralph_loop' and id '98c046e6-e785-9597-3e46-2bdcd57e4ac2'
E           During task with name 'native_fire' and id '69bb7dc8-4581-4e35-cca6-92458907fac1'

src/kodezart/core/node_sessions.py:55: NodeSessionObservationError
----------------------------- Captured stdout call -----------------------------
2026-09-12 15:47:28 [info     ] forge_capabilities_selected    forge_less_origin=False repo_url=file:///scope-repository.git
2026-09-12 15:47:28 [debug    ] no_forge_delivery_probe_answered issue_key=A repo_url=file:///scope-repository.git
2026-09-12 15:47:28 [debug    ] no_forge_delivery_probe_answered issue_key=A repo_url=file:///scope-repository.git
2026-09-12 15:47:28 [info     ] repo_visibility_resolved       repo_url=file:///scope-repository.git visibility=unknown
2026-09-12 15:47:28 [info     ] scope_base_resolved            base_branch=trunk base_role=None input_count=0
2026-09-12 15:47:28 [debug    ] output_format_requested        format_type=json_schema
2026-09-12 15:47:28 [info     ] stream_drained                 duration_api_ms=1 duration_ms=1 event_count=1 events={'result': 1} has_structured_output=True is_error=False num_turns=1 rate_limit_rejected=False result_event_observed=True result_tail=None session_id=fake site=branch_name stop_reason=None subtype=result total_cost_usd=None usage=None
2026-09-12 15:47:28 [info     ] outbound_content_gated         categories=[] content_digest=23a116c5a2a543a9ec246e0f2e6a02ffad6700608ccf30ac8590785c69feebf6 failure=None hits=[] surface=publication verdict=clean visibility=unknown writer=branch_name
2026-09-12 15:47:28 [info     ] fire_criteria_read             named=1 owed=['A/check'] read_at_version=2026-01-01T00:00:00+00:00 subject=A
2026-09-12 15:47:28 [info     ] fire_criteria_read             named=1 owed=['A/check'] read_at_version=2026-01-01T00:00:00+00:00 subject=A
2026-09-12 15:47:28 [info     ] fire_criteria_read             named=1 owed=['A/check'] read_at_version=2026-01-01T00:00:00+00:00 subject=A
2026-09-12 15:47:28 [info     ] fire_criteria_read             named=1 owed=['A/check'] read_at_version=2026-01-01T00:00:00+00:00 subject=A
2026-09-12 15:47:28 [debug    ] output_format_requested        format_type=json_schema
2026-09-12 15:47:28 [info     ] stream_drained                 duration_api_ms=1 duration_ms=1 event_count=1 events={'result': 1} has_structured_output=True is_error=False num_turns=1 rate_limit_rejected=False result_event_observed=True result_tail=None session_id=native-session site=ralph_evaluator stop_reason=None subtype=result total_cost_usd=None usage=None
______ test_completed_checkpoint_is_revalidated_before_it_can_be_replayed ______

    async def test_completed_checkpoint_is_revalidated_before_it_can_be_replayed():
        harness = runtime()
>       _ = [event async for event in drive(harness)]
            ^^^^^^^^^^^^^^^^^^^^^^^^^^^^^^^^^^^^^^^^^

tests/integration/test_scope_runtime.py:276: 
_ _ _ _ _ _ _ _ _ _ _ _ _ _ _ _ _ _ _ _ _ _ _ _ _ _ _ _ _ _ _ _ _ _ _ _ _ _ _ _ 
src/kodezart/composition/engine.py:129: in run
    async for event in arm.run(
src/kodezart/services/scope_runtime.py:255: in run
    async for namespace, mode, payload in lane.graph.astream(
.venv/lib/python3.12/site-packages/langgraph/pregel/main.py:2997: in astream
    async for _ in runner.atick(
.venv/lib/python3.12/site-packages/langgraph/pregel/_runner.py:410: in atick
    _panic_or_proceed(
.venv/lib/python3.12/site-packages/langgraph/pregel/_runner.py:520: in _panic_or_proceed
    raise exc
.venv/lib/python3.12/site-packages/langgraph/pregel/_retry.py:163: in arun_with_retry
    return await task.proc.ainvoke(task.input, config)
           ^^^^^^^^^^^^^^^^^^^^^^^^^^^^^^^^^^^^^^^^^^^
.venv/lib/python3.12/site-packages/langgraph/_internal/_runnable.py:705: in ainvoke
    input = await asyncio.create_task(
.venv/lib/python3.12/site-packages/langgraph/pregel/main.py:3184: in ainvoke
    async for chunk in self.astream(
.venv/lib/python3.12/site-packages/langgraph/pregel/main.py:2997: in astream
    async for _ in runner.atick(
.venv/lib/python3.12/site-packages/langgraph/pregel/_runner.py:304: in atick
    await arun_with_retry(
.venv/lib/python3.12/site-packages/langgraph/pregel/_retry.py:163: in arun_with_retry
    return await task.proc.ainvoke(task.input, config)
           ^^^^^^^^^^^^^^^^^^^^^^^^^^^^^^^^^^^^^^^^^^^
.venv/lib/python3.12/site-packages/langgraph/_internal/_runnable.py:705: in ainvoke
    input = await asyncio.create_task(
.venv/lib/python3.12/site-packages/langgraph/_internal/_runnable.py:473: in ainvoke
    ret = await self.afunc(*args, **kwargs)
          ^^^^^^^^^^^^^^^^^^^^^^^^^^^^^^^^^
src/kodezart/core/retry.py:109: in guarded
    return await node(state, config)
           ^^^^^^^^^^^^^^^^^^^^^^^^^
src/kodezart/chains/fire_implementation.py:156: in run_ralph_loop
    last_iteration_event = await self.run_quality_gate(
src/kodezart/chains/fire_implementation.py:99: in run_quality_gate
    async for event in self._quality_gate.run(
src/kodezart/chains/ralph_loop.py:178: in run
    async for event in self._compiled.astream(
.venv/lib/python3.12/site-packages/langgraph/pregel/main.py:2997: in astream
    async for _ in runner.atick(
.venv/lib/python3.12/site-packages/langgraph/pregel/_runner.py:410: in atick
    _panic_or_proceed(
.venv/lib/python3.12/site-packages/langgraph/pregel/_runner.py:520: in _panic_or_proceed
    raise exc
.venv/lib/python3.12/site-packages/langgraph/pregel/_retry.py:163: in arun_with_retry
    return await task.proc.ainvoke(task.input, config)
           ^^^^^^^^^^^^^^^^^^^^^^^^^^^^^^^^^^^^^^^^^^^
.venv/lib/python3.12/site-packages/langgraph/_internal/_runnable.py:705: in ainvoke
    input = await asyncio.create_task(
.venv/lib/python3.12/site-packages/langgraph/_internal/_runnable.py:473: in ainvoke
    ret = await self.afunc(*args, **kwargs)
          ^^^^^^^^^^^^^^^^^^^^^^^^^^^^^^^^^
src/kodezart/core/retry.py:109: in guarded
    return await node(state, config)
           ^^^^^^^^^^^^^^^^^^^^^^^^^
src/kodezart/chains/ralph_loop.py:378: in _evaluate_node
    grade, unresolved, attempts = await until_permutation(
src/kodezart/core/redispatch.py:190: in until_permutation
    redispatched = await until_conforming(
src/kodezart/core/redispatch.py:108: in until_conforming
    output = await dispatch(previous)
             ^^^^^^^^^^^^^^^^^^^^^^^^
src/kodezart/core/redispatch.py:188: in restating_nothing
    return await dispatch()
           ^^^^^^^^^^^^^^^^
src/kodezart/chains/ralph_loop.py:362: in evaluate
    observer.require_valid()
_ _ _ _ _ _ _ _ _ _ _ _ _ _ _ _ _ _ _ _ _ _ _ _ _ _ _ _ _ _ _ _ _ _ _ _ _ _ _ _ 

self = <kodezart.core.node_sessions.NodeSessionObserver object at 0x10e11f680>

    def require_valid(self) -> None:
        if self._failures:
>           raise NodeSessionObservationError(
                invocation=self._invocation, failures=tuple(self._failures)
            )
E           kodezart.types.domain.node_session.NodeSessionObservationError: native result has no observed session opening
E           During task with name 'evaluate' and id '674e61fe-6e76-3231-2c82-53501258d23b'
E           During task with name 'run_ralph_loop' and id '1dfbb3f9-f221-120f-9169-d68a1745218a'
E           During task with name 'native_fire' and id 'f2ef3b1d-5c5f-342b-1ec8-4be9eca6114a'

src/kodezart/core/node_sessions.py:55: NodeSessionObservationError
----------------------------- Captured stdout call -----------------------------
2026-09-12 15:47:28 [info     ] forge_capabilities_selected    forge_less_origin=False repo_url=file:///scope-repository.git
2026-09-12 15:47:28 [debug    ] no_forge_delivery_probe_answered issue_key=A repo_url=file:///scope-repository.git
2026-09-12 15:47:28 [debug    ] no_forge_delivery_probe_answered issue_key=A repo_url=file:///scope-repository.git
2026-09-12 15:47:28 [info     ] repo_visibility_resolved       repo_url=file:///scope-repository.git visibility=unknown
2026-09-12 15:47:28 [info     ] scope_base_resolved            base_branch=trunk base_role=None input_count=0
2026-09-12 15:47:28 [debug    ] output_format_requested        format_type=json_schema
2026-09-12 15:47:28 [info     ] stream_drained                 duration_api_ms=1 duration_ms=1 event_count=1 events={'result': 1} has_structured_output=True is_error=False num_turns=1 rate_limit_rejected=False result_event_observed=True result_tail=None session_id=fake site=branch_name stop_reason=None subtype=result total_cost_usd=None usage=None
2026-09-12 15:47:28 [info     ] outbound_content_gated         categories=[] content_digest=23a116c5a2a543a9ec246e0f2e6a02ffad6700608ccf30ac8590785c69feebf6 failure=None hits=[] surface=publication verdict=clean visibility=unknown writer=branch_name
2026-09-12 15:47:28 [info     ] fire_criteria_read             named=1 owed=['A/check'] read_at_version=2026-01-01T00:00:00+00:00 subject=A
2026-09-12 15:47:28 [info     ] fire_criteria_read             named=1 owed=['A/check'] read_at_version=2026-01-01T00:00:00+00:00 subject=A
2026-09-12 15:47:28 [info     ] fire_criteria_read             named=1 owed=['A/check'] read_at_version=2026-01-01T00:00:00+00:00 subject=A
2026-09-12 15:47:28 [info     ] fire_criteria_read             named=1 owed=['A/check'] read_at_version=2026-01-01T00:00:00+00:00 subject=A
2026-09-12 15:47:28 [debug    ] output_format_requested        format_type=json_schema
2026-09-12 15:47:28 [info     ] stream_drained                 duration_api_ms=1 duration_ms=1 event_count=1 events={'result': 1} has_structured_output=True is_error=False num_turns=1 rate_limit_rejected=False result_event_observed=True result_tail=None session_id=native-session site=ralph_evaluator stop_reason=None subtype=result total_cost_usd=None usage=None
_________ test_same_job_checkpoint_replay_does_not_mint_another_branch _________

    async def test_same_job_checkpoint_replay_does_not_mint_another_branch():
        harness = runtime()
>       _ = [event async for event in drive(harness)]
            ^^^^^^^^^^^^^^^^^^^^^^^^^^^^^^^^^^^^^^^^^

tests/integration/test_scope_runtime.py:288: 
_ _ _ _ _ _ _ _ _ _ _ _ _ _ _ _ _ _ _ _ _ _ _ _ _ _ _ _ _ _ _ _ _ _ _ _ _ _ _ _ 
src/kodezart/composition/engine.py:129: in run
    async for event in arm.run(
src/kodezart/services/scope_runtime.py:255: in run
    async for namespace, mode, payload in lane.graph.astream(
.venv/lib/python3.12/site-packages/langgraph/pregel/main.py:2997: in astream
    async for _ in runner.atick(
.venv/lib/python3.12/site-packages/langgraph/pregel/_runner.py:410: in atick
    _panic_or_proceed(
.venv/lib/python3.12/site-packages/langgraph/pregel/_runner.py:520: in _panic_or_proceed
    raise exc
.venv/lib/python3.12/site-packages/langgraph/pregel/_retry.py:163: in arun_with_retry
    return await task.proc.ainvoke(task.input, config)
           ^^^^^^^^^^^^^^^^^^^^^^^^^^^^^^^^^^^^^^^^^^^
.venv/lib/python3.12/site-packages/langgraph/_internal/_runnable.py:705: in ainvoke
    input = await asyncio.create_task(
.venv/lib/python3.12/site-packages/langgraph/pregel/main.py:3184: in ainvoke
    async for chunk in self.astream(
.venv/lib/python3.12/site-packages/langgraph/pregel/main.py:2997: in astream
    async for _ in runner.atick(
.venv/lib/python3.12/site-packages/langgraph/pregel/_runner.py:304: in atick
    await arun_with_retry(
.venv/lib/python3.12/site-packages/langgraph/pregel/_retry.py:163: in arun_with_retry
    return await task.proc.ainvoke(task.input, config)
           ^^^^^^^^^^^^^^^^^^^^^^^^^^^^^^^^^^^^^^^^^^^
.venv/lib/python3.12/site-packages/langgraph/_internal/_runnable.py:705: in ainvoke
    input = await asyncio.create_task(
.venv/lib/python3.12/site-packages/langgraph/_internal/_runnable.py:473: in ainvoke
    ret = await self.afunc(*args, **kwargs)
          ^^^^^^^^^^^^^^^^^^^^^^^^^^^^^^^^^
src/kodezart/core/retry.py:109: in guarded
    return await node(state, config)
           ^^^^^^^^^^^^^^^^^^^^^^^^^
src/kodezart/chains/fire_implementation.py:156: in run_ralph_loop
    last_iteration_event = await self.run_quality_gate(
src/kodezart/chains/fire_implementation.py:99: in run_quality_gate
    async for event in self._quality_gate.run(
src/kodezart/chains/ralph_loop.py:178: in run
    async for event in self._compiled.astream(
.venv/lib/python3.12/site-packages/langgraph/pregel/main.py:2997: in astream
    async for _ in runner.atick(
.venv/lib/python3.12/site-packages/langgraph/pregel/_runner.py:410: in atick
    _panic_or_proceed(
.venv/lib/python3.12/site-packages/langgraph/pregel/_runner.py:520: in _panic_or_proceed
    raise exc
.venv/lib/python3.12/site-packages/langgraph/pregel/_retry.py:163: in arun_with_retry
    return await task.proc.ainvoke(task.input, config)
           ^^^^^^^^^^^^^^^^^^^^^^^^^^^^^^^^^^^^^^^^^^^
.venv/lib/python3.12/site-packages/langgraph/_internal/_runnable.py:705: in ainvoke
    input = await asyncio.create_task(
.venv/lib/python3.12/site-packages/langgraph/_internal/_runnable.py:473: in ainvoke
    ret = await self.afunc(*args, **kwargs)
          ^^^^^^^^^^^^^^^^^^^^^^^^^^^^^^^^^
src/kodezart/core/retry.py:109: in guarded
    return await node(state, config)
           ^^^^^^^^^^^^^^^^^^^^^^^^^
src/kodezart/chains/ralph_loop.py:378: in _evaluate_node
    grade, unresolved, attempts = await until_permutation(
src/kodezart/core/redispatch.py:190: in until_permutation
    redispatched = await until_conforming(
src/kodezart/core/redispatch.py:108: in until_conforming
    output = await dispatch(previous)
             ^^^^^^^^^^^^^^^^^^^^^^^^
src/kodezart/core/redispatch.py:188: in restating_nothing
    return await dispatch()
           ^^^^^^^^^^^^^^^^
src/kodezart/chains/ralph_loop.py:362: in evaluate
    observer.require_valid()
_ _ _ _ _ _ _ _ _ _ _ _ _ _ _ _ _ _ _ _ _ _ _ _ _ _ _ _ _ _ _ _ _ _ _ _ _ _ _ _ 

self = <kodezart.core.node_sessions.NodeSessionObserver object at 0x10e2e39e0>

    def require_valid(self) -> None:
        if self._failures:
>           raise NodeSessionObservationError(
                invocation=self._invocation, failures=tuple(self._failures)
            )
E           kodezart.types.domain.node_session.NodeSessionObservationError: native result has no observed session opening
E           During task with name 'evaluate' and id '2ef598f2-7ce1-07dc-8a18-6c2f985f8c13'
E           During task with name 'run_ralph_loop' and id '880318cc-c629-be7a-3081-73c16dd043e5'
E           During task with name 'native_fire' and id 'b121ab1b-bcf5-9f20-be91-451e80d13244'

src/kodezart/core/node_sessions.py:55: NodeSessionObservationError
----------------------------- Captured stdout call -----------------------------
2026-09-12 15:47:29 [info     ] forge_capabilities_selected    forge_less_origin=False repo_url=file:///scope-repository.git
2026-09-12 15:47:29 [debug    ] no_forge_delivery_probe_answered issue_key=A repo_url=file:///scope-repository.git
2026-09-12 15:47:29 [debug    ] no_forge_delivery_probe_answered issue_key=A repo_url=file:///scope-repository.git
2026-09-12 15:47:29 [info     ] repo_visibility_resolved       repo_url=file:///scope-repository.git visibility=unknown
2026-09-12 15:47:29 [info     ] scope_base_resolved            base_branch=trunk base_role=None input_count=0
2026-09-12 15:47:29 [debug    ] output_format_requested        format_type=json_schema
2026-09-12 15:47:29 [info     ] stream_drained                 duration_api_ms=1 duration_ms=1 event_count=1 events={'result': 1} has_structured_output=True is_error=False num_turns=1 rate_limit_rejected=False result_event_observed=True result_tail=None session_id=fake site=branch_name stop_reason=None subtype=result total_cost_usd=None usage=None
2026-09-12 15:47:29 [info     ] outbound_content_gated         categories=[] content_digest=23a116c5a2a543a9ec246e0f2e6a02ffad6700608ccf30ac8590785c69feebf6 failure=None hits=[] surface=publication verdict=clean visibility=unknown writer=branch_name
2026-09-12 15:47:29 [info     ] fire_criteria_read             named=1 owed=['A/check'] read_at_version=2026-01-01T00:00:00+00:00 subject=A
2026-09-12 15:47:29 [info     ] fire_criteria_read             named=1 owed=['A/check'] read_at_version=2026-01-01T00:00:00+00:00 subject=A
2026-09-12 15:47:29 [info     ] fire_criteria_read             named=1 owed=['A/check'] read_at_version=2026-01-01T00:00:00+00:00 subject=A
2026-09-12 15:47:29 [info     ] fire_criteria_read             named=1 owed=['A/check'] read_at_version=2026-01-01T00:00:00+00:00 subject=A
2026-09-12 15:47:29 [debug    ] output_format_requested        format_type=json_schema
2026-09-12 15:47:29 [info     ] stream_drained                 duration_api_ms=1 duration_ms=1 event_count=1 events={'result': 1} has_structured_output=True is_error=False num_turns=1 rate_limit_rejected=False result_event_observed=True result_tail=None session_id=native-session site=ralph_evaluator stop_reason=None subtype=result total_cost_usd=None usage=None
____ test_tracker_outage_between_lanes_cannot_reuse_the_previous_ready_set _____

monkeypatch = <_pytest.monkeypatch.MonkeyPatch object at 0x10e11dac0>

    async def test_tracker_outage_between_lanes_cannot_reuse_the_previous_ready_set(
        monkeypatch,
    ):
        port = board(lanes=("A", "B"))
        harness = runtime(port=port, lanes=("A", "B"))
        original = port.scope_issues
    
        async def current_scope(*, ref):
            if ref == SCOPE:
                raise TrackerUnavailableError("current scope unavailable")
            return await original(ref=ref)
    
        with pytest.raises(TrackerUnavailableError, match="current scope unavailable"):
>           async for event in drive(harness):

tests/integration/test_scope_runtime.py:328: 
_ _ _ _ _ _ _ _ _ _ _ _ _ _ _ _ _ _ _ _ _ _ _ _ _ _ _ _ _ _ _ _ _ _ _ _ _ _ _ _ 
src/kodezart/composition/engine.py:129: in run
    async for event in arm.run(
src/kodezart/services/scope_runtime.py:255: in run
    async for namespace, mode, payload in lane.graph.astream(
.venv/lib/python3.12/site-packages/langgraph/pregel/main.py:2997: in astream
    async for _ in runner.atick(
.venv/lib/python3.12/site-packages/langgraph/pregel/_runner.py:410: in atick
    _panic_or_proceed(
.venv/lib/python3.12/site-packages/langgraph/pregel/_runner.py:520: in _panic_or_proceed
    raise exc
.venv/lib/python3.12/site-packages/langgraph/pregel/_retry.py:163: in arun_with_retry
    return await task.proc.ainvoke(task.input, config)
           ^^^^^^^^^^^^^^^^^^^^^^^^^^^^^^^^^^^^^^^^^^^
.venv/lib/python3.12/site-packages/langgraph/_internal/_runnable.py:705: in ainvoke
    input = await asyncio.create_task(
.venv/lib/python3.12/site-packages/langgraph/pregel/main.py:3184: in ainvoke
    async for chunk in self.astream(
.venv/lib/python3.12/site-packages/langgraph/pregel/main.py:2997: in astream
    async for _ in runner.atick(
.venv/lib/python3.12/site-packages/langgraph/pregel/_runner.py:304: in atick
    await arun_with_retry(
.venv/lib/python3.12/site-packages/langgraph/pregel/_retry.py:163: in arun_with_retry
    return await task.proc.ainvoke(task.input, config)
           ^^^^^^^^^^^^^^^^^^^^^^^^^^^^^^^^^^^^^^^^^^^
.venv/lib/python3.12/site-packages/langgraph/_internal/_runnable.py:705: in ainvoke
    input = await asyncio.create_task(
.venv/lib/python3.12/site-packages/langgraph/_internal/_runnable.py:473: in ainvoke
    ret = await self.afunc(*args, **kwargs)
          ^^^^^^^^^^^^^^^^^^^^^^^^^^^^^^^^^
src/kodezart/core/retry.py:109: in guarded
    return await node(state, config)
           ^^^^^^^^^^^^^^^^^^^^^^^^^
src/kodezart/chains/fire_implementation.py:156: in run_ralph_loop
    last_iteration_event = await self.run_quality_gate(
src/kodezart/chains/fire_implementation.py:99: in run_quality_gate
    async for event in self._quality_gate.run(
src/kodezart/chains/ralph_loop.py:178: in run
    async for event in self._compiled.astream(
.venv/lib/python3.12/site-packages/langgraph/pregel/main.py:2997: in astream
    async for _ in runner.atick(
.venv/lib/python3.12/site-packages/langgraph/pregel/_runner.py:410: in atick
    _panic_or_proceed(
.venv/lib/python3.12/site-packages/langgraph/pregel/_runner.py:520: in _panic_or_proceed
    raise exc
.venv/lib/python3.12/site-packages/langgraph/pregel/_retry.py:163: in arun_with_retry
    return await task.proc.ainvoke(task.input, config)
           ^^^^^^^^^^^^^^^^^^^^^^^^^^^^^^^^^^^^^^^^^^^
.venv/lib/python3.12/site-packages/langgraph/_internal/_runnable.py:705: in ainvoke
    input = await asyncio.create_task(
.venv/lib/python3.12/site-packages/langgraph/_internal/_runnable.py:473: in ainvoke
    ret = await self.afunc(*args, **kwargs)
          ^^^^^^^^^^^^^^^^^^^^^^^^^^^^^^^^^
src/kodezart/core/retry.py:109: in guarded
    return await node(state, config)
           ^^^^^^^^^^^^^^^^^^^^^^^^^
src/kodezart/chains/ralph_loop.py:378: in _evaluate_node
    grade, unresolved, attempts = await until_permutation(
src/kodezart/core/redispatch.py:190: in until_permutation
    redispatched = await until_conforming(
src/kodezart/core/redispatch.py:108: in until_conforming
    output = await dispatch(previous)
             ^^^^^^^^^^^^^^^^^^^^^^^^
src/kodezart/core/redispatch.py:188: in restating_nothing
    return await dispatch()
           ^^^^^^^^^^^^^^^^
src/kodezart/chains/ralph_loop.py:362: in evaluate
    observer.require_valid()
_ _ _ _ _ _ _ _ _ _ _ _ _ _ _ _ _ _ _ _ _ _ _ _ _ _ _ _ _ _ _ _ _ _ _ _ _ _ _ _ 

self = <kodezart.core.node_sessions.NodeSessionObserver object at 0x10e8ca690>

    def require_valid(self) -> None:
        if self._failures:
>           raise NodeSessionObservationError(
                invocation=self._invocation, failures=tuple(self._failures)
            )
E           kodezart.types.domain.node_session.NodeSessionObservationError: native result has no observed session opening
E           During task with name 'evaluate' and id 'a710925b-0674-9f2d-69ab-55e59a78844c'
E           During task with name 'run_ralph_loop' and id 'e446481c-b543-9d15-37e4-5a661de43df9'
E           During task with name 'native_fire' and id 'bcc323fe-5297-7a52-2c8d-f9ddb7eef34f'

src/kodezart/core/node_sessions.py:55: NodeSessionObservationError
----------------------------- Captured stdout call -----------------------------
2026-09-12 15:47:30 [info     ] forge_capabilities_selected    forge_less_origin=False repo_url=file:///scope-repository.git
2026-09-12 15:47:30 [debug    ] no_forge_delivery_probe_answered issue_key=A repo_url=file:///scope-repository.git
2026-09-12 15:47:30 [debug    ] no_forge_delivery_probe_answered issue_key=A repo_url=file:///scope-repository.git
2026-09-12 15:47:30 [info     ] repo_visibility_resolved       repo_url=file:///scope-repository.git visibility=unknown
2026-09-12 15:47:30 [info     ] scope_base_resolved            base_branch=trunk base_role=None input_count=0
2026-09-12 15:47:30 [debug    ] output_format_requested        format_type=json_schema
2026-09-12 15:47:30 [info     ] stream_drained                 duration_api_ms=1 duration_ms=1 event_count=1 events={'result': 1} has_structured_output=True is_error=False num_turns=1 rate_limit_rejected=False result_event_observed=True result_tail=None session_id=fake site=branch_name stop_reason=None subtype=result total_cost_usd=None usage=None
2026-09-12 15:47:30 [info     ] outbound_content_gated         categories=[] content_digest=23a116c5a2a543a9ec246e0f2e6a02ffad6700608ccf30ac8590785c69feebf6 failure=None hits=[] surface=publication verdict=clean visibility=unknown writer=branch_name
2026-09-12 15:47:30 [info     ] fire_criteria_read             named=1 owed=['A/check'] read_at_version=2026-01-01T00:00:00+00:00 subject=A
2026-09-12 15:47:30 [info     ] fire_criteria_read             named=1 owed=['A/check'] read_at_version=2026-01-01T00:00:00+00:00 subject=A
2026-09-12 15:47:30 [info     ] fire_criteria_read             named=1 owed=['A/check'] read_at_version=2026-01-01T00:00:00+00:00 subject=A
2026-09-12 15:47:30 [info     ] fire_criteria_read             named=1 owed=['A/check'] read_at_version=2026-01-01T00:00:00+00:00 subject=A
2026-09-12 15:47:30 [debug    ] output_format_requested        format_type=json_schema
2026-09-12 15:47:30 [info     ] stream_drained                 duration_api_ms=1 duration_ms=1 event_count=1 events={'result': 1} has_structured_output=True is_error=False num_turns=1 rate_limit_rejected=False result_event_observed=True result_tail=None session_id=native-session site=ralph_evaluator stop_reason=None subtype=result total_cost_usd=None usage=None
__________ test_changed_resolved_base_refuses_the_same_job_checkpoint __________

    async def test_changed_resolved_base_refuses_the_same_job_checkpoint():
        harness = runtime()
>       _ = [event async for event in drive(harness)]
            ^^^^^^^^^^^^^^^^^^^^^^^^^^^^^^^^^^^^^^^^^

tests/integration/test_scope_runtime.py:340: 
_ _ _ _ _ _ _ _ _ _ _ _ _ _ _ _ _ _ _ _ _ _ _ _ _ _ _ _ _ _ _ _ _ _ _ _ _ _ _ _ 
src/kodezart/composition/engine.py:129: in run
    async for event in arm.run(
src/kodezart/services/scope_runtime.py:255: in run
    async for namespace, mode, payload in lane.graph.astream(
.venv/lib/python3.12/site-packages/langgraph/pregel/main.py:2997: in astream
    async for _ in runner.atick(
.venv/lib/python3.12/site-packages/langgraph/pregel/_runner.py:410: in atick
    _panic_or_proceed(
.venv/lib/python3.12/site-packages/langgraph/pregel/_runner.py:520: in _panic_or_proceed
    raise exc
.venv/lib/python3.12/site-packages/langgraph/pregel/_retry.py:163: in arun_with_retry
    return await task.proc.ainvoke(task.input, config)
           ^^^^^^^^^^^^^^^^^^^^^^^^^^^^^^^^^^^^^^^^^^^
.venv/lib/python3.12/site-packages/langgraph/_internal/_runnable.py:705: in ainvoke
    input = await asyncio.create_task(
.venv/lib/python3.12/site-packages/langgraph/pregel/main.py:3184: in ainvoke
    async for chunk in self.astream(
.venv/lib/python3.12/site-packages/langgraph/pregel/main.py:2997: in astream
    async for _ in runner.atick(
.venv/lib/python3.12/site-packages/langgraph/pregel/_runner.py:304: in atick
    await arun_with_retry(
.venv/lib/python3.12/site-packages/langgraph/pregel/_retry.py:163: in arun_with_retry
    return await task.proc.ainvoke(task.input, config)
           ^^^^^^^^^^^^^^^^^^^^^^^^^^^^^^^^^^^^^^^^^^^
.venv/lib/python3.12/site-packages/langgraph/_internal/_runnable.py:705: in ainvoke
    input = await asyncio.create_task(
.venv/lib/python3.12/site-packages/langgraph/_internal/_runnable.py:473: in ainvoke
    ret = await self.afunc(*args, **kwargs)
          ^^^^^^^^^^^^^^^^^^^^^^^^^^^^^^^^^
src/kodezart/core/retry.py:109: in guarded
    return await node(state, config)
           ^^^^^^^^^^^^^^^^^^^^^^^^^
src/kodezart/chains/fire_implementation.py:156: in run_ralph_loop
    last_iteration_event = await self.run_quality_gate(
src/kodezart/chains/fire_implementation.py:99: in run_quality_gate
    async for event in self._quality_gate.run(
src/kodezart/chains/ralph_loop.py:178: in run
    async for event in self._compiled.astream(
.venv/lib/python3.12/site-packages/langgraph/pregel/main.py:2997: in astream
    async for _ in runner.atick(
.venv/lib/python3.12/site-packages/langgraph/pregel/_runner.py:410: in atick
    _panic_or_proceed(
.venv/lib/python3.12/site-packages/langgraph/pregel/_runner.py:520: in _panic_or_proceed
    raise exc
.venv/lib/python3.12/site-packages/langgraph/pregel/_retry.py:163: in arun_with_retry
    return await task.proc.ainvoke(task.input, config)
           ^^^^^^^^^^^^^^^^^^^^^^^^^^^^^^^^^^^^^^^^^^^
.venv/lib/python3.12/site-packages/langgraph/_internal/_runnable.py:705: in ainvoke
    input = await asyncio.create_task(
.venv/lib/python3.12/site-packages/langgraph/_internal/_runnable.py:473: in ainvoke
    ret = await self.afunc(*args, **kwargs)
          ^^^^^^^^^^^^^^^^^^^^^^^^^^^^^^^^^
src/kodezart/core/retry.py:109: in guarded
    return await node(state, config)
           ^^^^^^^^^^^^^^^^^^^^^^^^^
src/kodezart/chains/ralph_loop.py:378: in _evaluate_node
    grade, unresolved, attempts = await until_permutation(
src/kodezart/core/redispatch.py:190: in until_permutation
    redispatched = await until_conforming(
src/kodezart/core/redispatch.py:108: in until_conforming
    output = await dispatch(previous)
             ^^^^^^^^^^^^^^^^^^^^^^^^
src/kodezart/core/redispatch.py:188: in restating_nothing
    return await dispatch()
           ^^^^^^^^^^^^^^^^
src/kodezart/chains/ralph_loop.py:362: in evaluate
    observer.require_valid()
_ _ _ _ _ _ _ _ _ _ _ _ _ _ _ _ _ _ _ _ _ _ _ _ _ _ _ _ _ _ _ _ _ _ _ _ _ _ _ _ 

self = <kodezart.core.node_sessions.NodeSessionObserver object at 0x10e1ae180>

    def require_valid(self) -> None:
        if self._failures:
>           raise NodeSessionObservationError(
                invocation=self._invocation, failures=tuple(self._failures)
            )
E           kodezart.types.domain.node_session.NodeSessionObservationError: native result has no observed session opening
E           During task with name 'evaluate' and id '6986d27f-0299-15d7-aef1-822f603e9443'
E           During task with name 'run_ralph_loop' and id '79005f17-17c9-413c-223e-1a483ba4400f'
E           During task with name 'native_fire' and id '3c0e1444-f2ad-8f84-36c0-99b1ae3cb732'

src/kodezart/core/node_sessions.py:55: NodeSessionObservationError
----------------------------- Captured stdout call -----------------------------
2026-09-12 15:47:31 [info     ] forge_capabilities_selected    forge_less_origin=False repo_url=file:///scope-repository.git
2026-09-12 15:47:31 [debug    ] no_forge_delivery_probe_answered issue_key=A repo_url=file:///scope-repository.git
2026-09-12 15:47:31 [debug    ] no_forge_delivery_probe_answered issue_key=A repo_url=file:///scope-repository.git
2026-09-12 15:47:31 [info     ] repo_visibility_resolved       repo_url=file:///scope-repository.git visibility=unknown
2026-09-12 15:47:31 [info     ] scope_base_resolved            base_branch=trunk base_role=None input_count=0
2026-09-12 15:47:31 [debug    ] output_format_requested        format_type=json_schema
2026-09-12 15:47:31 [info     ] stream_drained                 duration_api_ms=1 duration_ms=1 event_count=1 events={'result': 1} has_structured_output=True is_error=False num_turns=1 rate_limit_rejected=False result_event_observed=True result_tail=None session_id=fake site=branch_name stop_reason=None subtype=result total_cost_usd=None usage=None
2026-09-12 15:47:31 [info     ] outbound_content_gated         categories=[] content_digest=23a116c5a2a543a9ec246e0f2e6a02ffad6700608ccf30ac8590785c69feebf6 failure=None hits=[] surface=publication verdict=clean visibility=unknown writer=branch_name
2026-09-12 15:47:31 [info     ] fire_criteria_read             named=1 owed=['A/check'] read_at_version=2026-01-01T00:00:00+00:00 subject=A
2026-09-12 15:47:31 [info     ] fire_criteria_read             named=1 owed=['A/check'] read_at_version=2026-01-01T00:00:00+00:00 subject=A
2026-09-12 15:47:31 [info     ] fire_criteria_read             named=1 owed=['A/check'] read_at_version=2026-01-01T00:00:00+00:00 subject=A
2026-09-12 15:47:31 [info     ] fire_criteria_read             named=1 owed=['A/check'] read_at_version=2026-01-01T00:00:00+00:00 subject=A
2026-09-12 15:47:31 [debug    ] output_format_requested        format_type=json_schema
2026-09-12 15:47:31 [info     ] stream_drained                 duration_api_ms=1 duration_ms=1 event_count=1 events={'result': 1} has_structured_output=True is_error=False num_turns=1 rate_limit_rejected=False result_event_observed=True result_tail=None session_id=native-session site=ralph_evaluator stop_reason=None subtype=result total_cost_usd=None usage=None
____________ test_distinct_queue_jobs_never_alias_a_lane_checkpoint ____________

    async def test_distinct_queue_jobs_never_alias_a_lane_checkpoint():
        harness = runtime()
>       _ = [event async for event in drive(harness, job="first-job")]
            ^^^^^^^^^^^^^^^^^^^^^^^^^^^^^^^^^^^^^^^^^^^^^^^^^^^^^^^^^^

tests/integration/test_scope_runtime.py:349: 
_ _ _ _ _ _ _ _ _ _ _ _ _ _ _ _ _ _ _ _ _ _ _ _ _ _ _ _ _ _ _ _ _ _ _ _ _ _ _ _ 
src/kodezart/composition/engine.py:129: in run
    async for event in arm.run(
src/kodezart/services/scope_runtime.py:255: in run
    async for namespace, mode, payload in lane.graph.astream(
.venv/lib/python3.12/site-packages/langgraph/pregel/main.py:2997: in astream
    async for _ in runner.atick(
.venv/lib/python3.12/site-packages/langgraph/pregel/_runner.py:410: in atick
    _panic_or_proceed(
.venv/lib/python3.12/site-packages/langgraph/pregel/_runner.py:520: in _panic_or_proceed
    raise exc
.venv/lib/python3.12/site-packages/langgraph/pregel/_retry.py:163: in arun_with_retry
    return await task.proc.ainvoke(task.input, config)
           ^^^^^^^^^^^^^^^^^^^^^^^^^^^^^^^^^^^^^^^^^^^
.venv/lib/python3.12/site-packages/langgraph/_internal/_runnable.py:705: in ainvoke
    input = await asyncio.create_task(
.venv/lib/python3.12/site-packages/langgraph/pregel/main.py:3184: in ainvoke
    async for chunk in self.astream(
.venv/lib/python3.12/site-packages/langgraph/pregel/main.py:2997: in astream
    async for _ in runner.atick(
.venv/lib/python3.12/site-packages/langgraph/pregel/_runner.py:304: in atick
    await arun_with_retry(
.venv/lib/python3.12/site-packages/langgraph/pregel/_retry.py:163: in arun_with_retry
    return await task.proc.ainvoke(task.input, config)
           ^^^^^^^^^^^^^^^^^^^^^^^^^^^^^^^^^^^^^^^^^^^
.venv/lib/python3.12/site-packages/langgraph/_internal/_runnable.py:705: in ainvoke
    input = await asyncio.create_task(
.venv/lib/python3.12/site-packages/langgraph/_internal/_runnable.py:473: in ainvoke
    ret = await self.afunc(*args, **kwargs)
          ^^^^^^^^^^^^^^^^^^^^^^^^^^^^^^^^^
src/kodezart/core/retry.py:109: in guarded
    return await node(state, config)
           ^^^^^^^^^^^^^^^^^^^^^^^^^
src/kodezart/chains/fire_implementation.py:156: in run_ralph_loop
    last_iteration_event = await self.run_quality_gate(
src/kodezart/chains/fire_implementation.py:99: in run_quality_gate
    async for event in self._quality_gate.run(
src/kodezart/chains/ralph_loop.py:178: in run
    async for event in self._compiled.astream(
.venv/lib/python3.12/site-packages/langgraph/pregel/main.py:2997: in astream
    async for _ in runner.atick(
.venv/lib/python3.12/site-packages/langgraph/pregel/_runner.py:410: in atick
    _panic_or_proceed(
.venv/lib/python3.12/site-packages/langgraph/pregel/_runner.py:520: in _panic_or_proceed
    raise exc
.venv/lib/python3.12/site-packages/langgraph/pregel/_retry.py:163: in arun_with_retry
    return await task.proc.ainvoke(task.input, config)
           ^^^^^^^^^^^^^^^^^^^^^^^^^^^^^^^^^^^^^^^^^^^
.venv/lib/python3.12/site-packages/langgraph/_internal/_runnable.py:705: in ainvoke
    input = await asyncio.create_task(
.venv/lib/python3.12/site-packages/langgraph/_internal/_runnable.py:473: in ainvoke
    ret = await self.afunc(*args, **kwargs)
          ^^^^^^^^^^^^^^^^^^^^^^^^^^^^^^^^^
src/kodezart/core/retry.py:109: in guarded
    return await node(state, config)
           ^^^^^^^^^^^^^^^^^^^^^^^^^
src/kodezart/chains/ralph_loop.py:378: in _evaluate_node
    grade, unresolved, attempts = await until_permutation(
src/kodezart/core/redispatch.py:190: in until_permutation
    redispatched = await until_conforming(
src/kodezart/core/redispatch.py:108: in until_conforming
    output = await dispatch(previous)
             ^^^^^^^^^^^^^^^^^^^^^^^^
src/kodezart/core/redispatch.py:188: in restating_nothing
    return await dispatch()
           ^^^^^^^^^^^^^^^^
src/kodezart/chains/ralph_loop.py:362: in evaluate
    observer.require_valid()
_ _ _ _ _ _ _ _ _ _ _ _ _ _ _ _ _ _ _ _ _ _ _ _ _ _ _ _ _ _ _ _ _ _ _ _ _ _ _ _ 

self = <kodezart.core.node_sessions.NodeSessionObserver object at 0x10e114920>

    def require_valid(self) -> None:
        if self._failures:
>           raise NodeSessionObservationError(
                invocation=self._invocation, failures=tuple(self._failures)
            )
E           kodezart.types.domain.node_session.NodeSessionObservationError: native result has no observed session opening
E           During task with name 'evaluate' and id '9205e7ba-3b12-f71d-4294-eb9ee5bbef63'
E           During task with name 'run_ralph_loop' and id '4d0e4797-c56a-deea-dbe0-49a93b28b8e4'
E           During task with name 'native_fire' and id 'de3a72c5-135a-5460-2038-db6eeb7b9664'

src/kodezart/core/node_sessions.py:55: NodeSessionObservationError
----------------------------- Captured stdout call -----------------------------
2026-09-12 15:47:31 [info     ] forge_capabilities_selected    forge_less_origin=False repo_url=file:///scope-repository.git
2026-09-12 15:47:31 [debug    ] no_forge_delivery_probe_answered issue_key=A repo_url=file:///scope-repository.git
2026-09-12 15:47:31 [debug    ] no_forge_delivery_probe_answered issue_key=A repo_url=file:///scope-repository.git
2026-09-12 15:47:31 [info     ] repo_visibility_resolved       repo_url=file:///scope-repository.git visibility=unknown
2026-09-12 15:47:31 [info     ] scope_base_resolved            base_branch=trunk base_role=None input_count=0
2026-09-12 15:47:31 [debug    ] output_format_requested        format_type=json_schema
2026-09-12 15:47:31 [info     ] stream_drained                 duration_api_ms=1 duration_ms=1 event_count=1 events={'result': 1} has_structured_output=True is_error=False num_turns=1 rate_limit_rejected=False result_event_observed=True result_tail=None session_id=fake site=branch_name stop_reason=None subtype=result total_cost_usd=None usage=None
2026-09-12 15:47:31 [info     ] outbound_content_gated         categories=[] content_digest=23a116c5a2a543a9ec246e0f2e6a02ffad6700608ccf30ac8590785c69feebf6 failure=None hits=[] surface=publication verdict=clean visibility=unknown writer=branch_name
2026-09-12 15:47:31 [info     ] fire_criteria_read             named=1 owed=['A/check'] read_at_version=2026-01-01T00:00:00+00:00 subject=A
2026-09-12 15:47:31 [info     ] fire_criteria_read             named=1 owed=['A/check'] read_at_version=2026-01-01T00:00:00+00:00 subject=A
2026-09-12 15:47:31 [info     ] fire_criteria_read             named=1 owed=['A/check'] read_at_version=2026-01-01T00:00:00+00:00 subject=A
2026-09-12 15:47:31 [info     ] fire_criteria_read             named=1 owed=['A/check'] read_at_version=2026-01-01T00:00:00+00:00 subject=A
2026-09-12 15:47:31 [debug    ] output_format_requested        format_type=json_schema
2026-09-12 15:47:31 [info     ] stream_drained                 duration_api_ms=1 duration_ms=1 event_count=1 events={'result': 1} has_structured_output=True is_error=False num_turns=1 rate_limit_rejected=False result_event_observed=True result_tail=None session_id=native-session site=ralph_evaluator stop_reason=None subtype=result total_cost_usd=None usage=None
=========================== short test summary info ============================
FAILED tests/integration/test_scope_runtime.py::test_request_queue_constructor_reaches_real_native_graph_without_child_jobs
FAILED tests/integration/test_scope_runtime.py::test_next_lane_uses_current_approval_membership_and_check[approval]
FAILED tests/integration/test_scope_runtime.py::test_next_lane_uses_current_approval_membership_and_check[membership]
FAILED tests/integration/test_scope_runtime.py::test_next_lane_uses_current_approval_membership_and_check[check]
FAILED tests/integration/test_scope_runtime.py::test_completed_checkpoint_is_revalidated_before_it_can_be_replayed
FAILED tests/integration/test_scope_runtime.py::test_same_job_checkpoint_replay_does_not_mint_another_branch
FAILED tests/integration/test_scope_runtime.py::test_tracker_outage_between_lanes_cannot_reuse_the_previous_ready_set
FAILED tests/integration/test_scope_runtime.py::test_changed_resolved_base_refuses_the_same_job_checkpoint
FAILED tests/integration/test_scope_runtime.py::test_distinct_queue_jobs_never_alias_a_lane_checkpoint
9 failed, 4 passed in 13.06s
