F                                                                        [100%]
=================================== FAILURES ===================================
_ test_request_queue_constructor_reaches_real_native_graph_without_child_jobs __

    async def test_request_queue_constructor_reaches_real_native_graph_without_child_jobs():
        harness = runtime(port=board(lanes=("A", "B"), blocked={"B": ("A",)}))
        queue = build_job_queue(settings=JobQueueSettings(), workflow_engine=harness.engine)
        handler = AgentHandler(harness.service, SUPPRESS_ALL_SKILLS, queue=queue)
        await queue.start()
        try:
            record = await handler.submit_workflow(
                WorkflowRequest(
                    prompt="Run approved scope",
                    repo_url=ORIGIN,
                    scope={"kind": "project", "key": SCOPE.key},
                ),
                lane="scope-requests",
            )
            async with asyncio.timeout(15):
                payloads = [item async for item in handler.attach_job(job_id=record.job_id)]
>           assert not [item for item in payloads if item["type"] == "error"]
E           AssertionError: assert not [{'error': 'Native execution requires the precommit amendment owner', 'errorKind': 'NativeWriteRefusalError', 'type': 'error'}]

tests/integration/test_scope_runtime.py:223: AssertionError
----------------------------- Captured stdout call -----------------------------
2026-09-12 18:01:18 [info     ] job_submitted                  job_id=39afac4252584b729ff249968d18c44f lane=scope-requests queue_position=1
2026-09-12 18:01:18 [info     ] job_started                    job_id=39afac4252584b729ff249968d18c44f lane=scope-requests
2026-09-12 18:01:18 [debug    ] agent_job_attach_requested     job_id=39afac4252584b729ff249968d18c44f
2026-09-12 18:01:18 [info     ] forge_capabilities_selected    forge_less_origin=False repo_url=file:///scope-repository.git
2026-09-12 18:01:18 [debug    ] no_forge_delivery_probe_answered issue_key=A repo_url=file:///scope-repository.git
2026-09-12 18:01:18 [debug    ] no_forge_delivery_probe_answered issue_key=A repo_url=file:///scope-repository.git
2026-09-12 18:01:19 [info     ] repo_visibility_resolved       repo_url=file:///scope-repository.git visibility=unknown
2026-09-12 18:01:19 [info     ] scope_base_resolved            base_branch=trunk base_role=None input_count=0
2026-09-12 18:01:19 [debug    ] output_format_requested        format_type=json_schema
2026-09-12 18:01:19 [info     ] stream_drained                 duration_api_ms=1 duration_ms=1 event_count=2 events={'system': 1, 'result': 1} has_structured_output=True is_error=False num_turns=1 rate_limit_rejected=False result_event_observed=True result_tail=None session_id=fake site=branch_name stop_reason=None subtype=result total_cost_usd=None usage=None
2026-09-12 18:01:19 [info     ] outbound_content_gated         categories=[] content_digest=23a116c5a2a543a9ec246e0f2e6a02ffad6700608ccf30ac8590785c69feebf6 failure=None hits=[] surface=publication verdict=clean visibility=unknown writer=branch_name
2026-09-12 18:01:19 [info     ] fire_criteria_read             named=1 owed=['A/check'] read_at_version=2026-01-01T00:00:00+00:00 subject=A
2026-09-12 18:01:19 [info     ] fire_criteria_read             named=1 owed=['A/check'] read_at_version=2026-01-01T00:00:00+00:00 subject=A
2026-09-12 18:01:19 [info     ] fire_criteria_read             named=1 owed=['A/check'] read_at_version=2026-01-01T00:00:00+00:00 subject=A
2026-09-12 18:01:19 [error    ] job_failed                     error='Native execution requires the precommit amendment owner' error_kind=NativeWriteRefusalError job_id=39afac4252584b729ff249968d18c44f lane=scope-requests
╭───────────────────── [1mTraceback [0m[1;2m(most recent call last)[0m ──────────────────────╮
│ [2m/private/tmp/kodezart-v03-recovery-semantic-amendment/src/kodezart/adapters/[0m │
│ [1masyncio_job_queue.py[0m:292 in _run_job                                         │
│                                                                              │
│   [2m289 [0m[2m│   │   [0m                                                               │
│   [2m290 [0m[2m│   │   [0moutcome: WorkflowOutcome | None = None                         │
│   [2m291 [0m[2m│   │   [0mtry:                                                           │
│ ❱ 292 [2m│   │   │   [0masync for event in self._engine.run(                       │
│   [2m293 [0m[2m│   │   │   │   [0mprompt=request.prompt,                                 │
│   [2m294 [0m[2m│   │   │   │   [0missue_key=request.issue_key,                           │
│   [2m295 [0m[2m│   │   │   │   [0mrun_identity=(                                         │
│                                                                              │
│ ╭───────────────────────────────── locals ─────────────────────────────────╮ │
│ │   [3mevent[0m = [1mScopeLaneEvent[0m[1m([0m                                                │ │
│ │           [2m│   [0mtype='scope_lane',                                         │ │
│ │           [2m│   [0mlane_key='A',                                              │ │
│ │           [2m│   [0mevent=[1mWorkflowScopeBaseEvent[0m[1m([0m                              │ │
│ │           [2m│   │   [0mtype='workflow_scope_base',                            │ │
│ │           [2m│   │   [0mbase_branch='trunk',                                   │ │
│ │           [2m│   │   [0mbase_role=[3mNone[0m,                                        │ │
│ │           [2m│   │   [0minputs=[1m[[0m[1m][0m                                              │ │
│ │           [2m│   [0m[1m)[0m                                                          │ │
│ │           [1m)[0m                                                              │ │
│ │     [3mexc[0m = [1mNativeWriteRefusalError[0m[1m([0m'Native execution requires the         │ │
│ │           precommit amendment owner'[1m)[0m                                    │ │
│ │  [3mjob_id[0m = '39afac4252584b729ff249968d18c44f'                             │ │
│ │    [3mlane[0m = 'scope-requests'                                               │ │
│ │ [3moutcome[0m = [1m<[0m[1mWorkflowOutcome.engine_error:[0m 'engine_error'[1m>[0m                 │ │
│ │  [3mrecord[0m = [1mJobRecord[0m[1m([0m                                                     │ │
│ │           [2m│   [0mjob_id='39afac4252584b729ff249968d18c44f',                 │ │
│ │           [2m│   [0mlane='scope-requests',                                     │ │
│ │           [2m│   [0mstate=[1m<[0m[1mJobState.QUEUED:[0m 'queued'[1m>[0m,                         │ │
│ │           [2m│   [0mqueue_position=[1m1[0m,                                          │ │
│ │           [2m│   [0msubmitted_at=[1mdatetime[0m[1m.datetime[0m[1m([0m[1m2026[0m, [1m9[0m, [1m12[0m, [1m16[0m, [1m1[0m, [1m18[0m,     │ │
│ │           [1m503562[0m, tzinfo=datetime.timezone.utc[1m)[0m,                         │ │
│ │           [2m│   [0moutcome=[3mNone[0m,                                              │ │
│ │           [2m│   [0mtruncated=[3mFalse[0m                                            │ │
│ │           [1m)[0m                                                              │ │
│ │ [3mrequest[0m = [1mWorkflowSubmission[0m[1m([0m                                            │ │
│ │           [2m│   [0mprompt='Run approved scope',                               │ │
│ │           [2m│   [0missue_key=[3mNone[0m,                                            │ │
│ │           [2m│   [0mrepo_path=[3mNone[0m,                                            │ │
│ │           [2m│   [0mrepo_url='file:///scope-repository.git',                   │ │
│ │           [2m│   [0mbase_spec=[1mBaseSpec[0m[1m([0m                                        │ │
│ │           [2m│   │   [0minputs=[1m([0m[1m)[0m,                                             │ │
│ │           [2m│   │   [0mbase_branch='main',                                    │ │
│ │           [2m│   │   [0mbase_role=[3mNone[0m                                         │ │
│ │           [2m│   [0m[1m)[0m,                                                         │ │
│ │           [2m│   [0mimplied_base=[3mNone[0m,                                         │ │
│ │           [2m│   [0mscope=[1mScopeRef[0m[1m([0m                                            │ │
│ │           [2m│   │   [0mkind=[1m<[0m[1mScopeKind.PROJECT:[0m 'project'>,                   │ │
│ │           [2m│   │   [0mkey='scoped-project'                                   │ │
│ │           [2m│   [0m[1m)[0m,                                                         │ │
│ │           [2m│   [0mpermission_mode=<PermissionMode.UNATTENDED: 'unattended'[1m>[0m, │ │
│ │           [2m│   [0mallowed_tools=[1m[[0m                                            │ │
│ │           [2m│   │   [0m'Read',                                                │ │
│ │           [2m│   │   [0m'Glob',                                                │ │
│ │           [2m│   │   [0m'Grep',                                                │ │
│ │           [2m│   │   [0m'Bash',                                                │ │
│ │           [2m│   │   [0m'Edit',                                                │ │
│ │           [2m│   │   [0m'Write'                                                │ │
│ │           [2m│   [0m[1m][0m                                                          │ │
│ │           [1m)[0m                                                              │ │
│ │ [3mruntime[0m = [1m<[0m[1mkodezart.adapters.asyncio_job_queue._Lane[0m object at           │ │
│ │           [1m0x10caf33b0[0m[1m>[0m                                                   │ │
│ │    [3mself[0m = [1m<[0m[1mkodezart.adapters.asyncio_job_queue.AsyncioJobQueue[0m object at │ │
│ │           [1m0x10c6722a0[0m[1m>[0m                                                   │ │
│ ╰──────────────────────────────────────────────────────────────────────────╯ │
│                                                                              │
│ [2m/private/tmp/kodezart-v03-recovery-semantic-amendment/src/kodezart/compositi[0m │
│ [2mon/[0m[1mengine.py[0m:131 in run                                                      │
│                                                                              │
│   [2m128 [0m[2m│   │   │   [0mrepo_url=repo_url,                                         │
│   [2m129 [0m[2m│   │   │   [0mforge_less_origin=arm is self._forge_less_arm,             │
│   [2m130 [0m[2m│   │   [0m)                                                              │
│ ❱ 131 [2m│   │   [0masync for event in [1;4marm.run([0m                                    │
│   [2m132 [0m[2m│   │   │   [0m[1;4mprompt=prompt,[0m                                             │
│   [2m133 [0m[2m│   │   │   [0m[1;4missue_key=issue_key,[0m                                       │
│   [2m134 [0m[2m│   │   │   [0m[1;4mrun_identity=run_identity,[0m                                 │
│                                                                              │
│ ╭───────────────────────────────── locals ─────────────────────────────────╮ │
│ │   [3mallowed_tools[0m = [1m[[0m'Read', 'Glob', 'Grep', 'Bash', 'Edit', 'Write'[1m][0m      │ │
│ │             [3marm[0m = [1m<[0m[1mkodezart.services.scope_runtime.ScopeWorkflowEngine[0m   │ │
│ │                   object at [1m0x10caf3050[0m[1m>[0m                                 │ │
│ │       [3mbase_spec[0m = [1mBaseSpec[0m[1m([0m                                              │ │
│ │                   [2m│   [0minputs=[1m([0m[1m)[0m,                                         │ │
│ │                   [2m│   [0mbase_branch='main',                                │ │
│ │                   [2m│   [0mbase_role=[3mNone[0m                                     │ │
│ │                   [1m)[0m                                                      │ │
│ │       [3mcache_key[0m = '39afac4252584b729ff249968d18c44f'                     │ │
│ │           [3mevent[0m = [1mScopeLaneEvent[0m[1m([0m                                        │ │
│ │                   [2m│   [0mtype='scope_lane',                                 │ │
│ │                   [2m│   [0mlane_key='A',                                      │ │
│ │                   [2m│   [0mevent=[1mWorkflowScopeBaseEvent[0m[1m([0m                      │ │
│ │                   [2m│   │   [0mtype='workflow_scope_base',                    │ │
│ │                   [2m│   │   [0mbase_branch='trunk',                           │ │
│ │                   [2m│   │   [0mbase_role=[3mNone[0m,                                │ │
│ │                   [2m│   │   [0minputs=[1m[[0m[1m][0m                                      │ │
│ │                   [2m│   [0m[1m)[0m                                                  │ │
│ │                   [1m)[0m                                                      │ │
│ │    [3mimplied_base[0m = [3mNone[0m                                                   │ │
│ │       [3missue_key[0m = [3mNone[0m                                                   │ │
│ │ [3mpermission_mode[0m = [1m<[0m[1mPermissionMode.UNATTENDED:[0m 'unattended'[1m>[0m              │ │
│ │          [3mprompt[0m = 'Run approved scope'                                   │ │
│ │       [3mrepo_path[0m = [3mNone[0m                                                   │ │
│ │        [3mrepo_url[0m = 'file:///scope-repository.git'                         │ │
│ │    [3mrun_identity[0m = [3mNone[0m                                                   │ │
│ │           [3mscope[0m = [1mScopeRef[0m[1m([0m                                              │ │
│ │                   [2m│   [0mkind=[1m<[0m[1mScopeKind.PROJECT:[0m 'project'[1m>[0m,               │ │
│ │                   [2m│   [0mkey='scoped-project'                               │ │
│ │                   [1m)[0m                                                      │ │
│ │            [3mself[0m = [1m<[0m[1mkodezart.composition.engine.OriginRoutedWorkflowEngi…[0m │ │
│ │                   object at [1m0x10caf3200[0m[1m>[0m                                 │ │
│ ╰──────────────────────────────────────────────────────────────────────────╯ │
│                                                                              │
│ [2m/private/tmp/kodezart-v03-recovery-semantic-amendment/src/kodezart/services/[0m │
│ [1mscope_runtime.py[0m:276 in run                                                  │
│                                                                              │
│   [2m273 [0m[2m│   │   │   │   [0mcontinue                                               │
│   [2m274 [0m[2m│   │   │   [0mdispatched.append(key)                                     │
│   [2m275 [0m[2m│   │   │   [0mfinal: NativeDeliveryState | None = None                   │
│ ❱ 276 [2m│   │   │   [0masync for namespace, mode, payload in [1;4mlane.graph.astream([0m  │
│   [2m277 [0m[2m│   │   │   │   [0m[1;4minitial,[0m                                               │
│   [2m278 [0m[2m│   │   │   │   [0m[1;4mconfig=config,[0m                                         │
│   [2m279 [0m[2m│   │   │   │   [0m[1;4mstream_mode=[[0m[1;4m"[0m[1;4mcustom[0m[1;4m"[0m[1;4m, [0m[1;4m"[0m[1;4mvalues[0m[1;4m"[0m[1;4m],[0m                      │
│                                                                              │
│ ╭───────────────────────────────── locals ─────────────────────────────────╮ │
│ │               [3m_[0m = [1m([0m                                                      │ │
│ │                   [2m│   [0m'Run approved scope',                              │ │
│ │                   [2m│   [0m[3mNone[0m,                                              │ │
│ │                   [2m│   [0m[1mBaseSpec[0m[1m([0m                                          │ │
│ │                   [2m│   │   [0minputs=[1m([0m[1m)[0m,                                     │ │
│ │                   [2m│   │   [0mbase_branch='main',                            │ │
│ │                   [2m│   │   [0mbase_role=[3mNone[0m                                 │ │
│ │                   [2m│   [0m[1m)[0m,                                                 │ │
│ │                   [2m│   [0m[3mNone[0m                                               │ │
│ │                   [1m)[0m                                                      │ │
│ │         [3maddress[0m = [1m{[0m                                                      │ │
│ │                   [2m│   [0m'job': '39afac4252584b729ff249968d18c44f',         │ │
│ │                   [2m│   [0m'scope':                                           │ │
│ │                   '{"kind":"project","key":"scoped-project"}',           │ │
│ │                   [2m│   [0m'issue': 'A',                                      │ │
│ │                   [2m│   [0m'repo_url': 'file:///scope-repository.git',        │ │
│ │                   [2m│   [0m'repo_path': '/tmp/fake-cache',                    │ │
│ │                   [2m│   [0m'base':                                            │ │
│ │                   '{"inputs":[],"base_branch":"trunk","base_role":null}' │ │
│ │                   [1m}[0m                                                      │ │
│ │    [3maddress_json[0m = '{"base":"{\\"inputs\\":[],\\"base_branch\\":\\"trunk… │ │
│ │   [3mallowed_tools[0m = [1m[[0m'Read', 'Glob', 'Grep', 'Bash', 'Edit', 'Write'[1m][0m      │ │
│ │       [3mbase_spec[0m = [1mBaseSpec[0m[1m([0m                                              │ │
│ │                   [2m│   [0minputs=[1m([0m[1m)[0m,                                         │ │
│ │                   [2m│   [0mbase_branch='main',                                │ │
│ │                   [2m│   [0mbase_role=[3mNone[0m                                     │ │
│ │                   [1m)[0m                                                      │ │
│ │       [3mcache_key[0m = '39afac4252584b729ff249968d18c44f'                     │ │
│ │       [3mcandidate[0m = [1mScopeReadyLane[0m[1m([0m                                        │ │
│ │                   [2m│   [0missue=[1mTrackerIssue[0m[1m([0m                                │ │
│ │                   [2m│   │   [0missue_key='A',                                 │ │
│ │                   [2m│   │   [0mtitle='A',                                     │ │
│ │                   [2m│   │   [0mbody='Exact native subject A  with spaces\n',  │ │
│ │                   [2m│   │   [0mpriority=[1m<[0m[1mIssuePriority.NONE:[0m 'none'>,         │ │
│ │                   [2m│   │   [0mstate_name='Todo',                             │ │
│ │                   [2m│   │   [0mstate_kind=<WorkflowStateKind.UNSTARTED:       │ │
│ │                   'unstarted'>,                                          │ │
│ │                   [2m│   │   [0mqueue_states=[1mfrozenset[0m[1m([0m[1m{[0m                       │ │
│ │                   [2m│   │   │   [0m<QueueState.APPROVED: 'approved'>          │ │
│ │                   [2m│   │   [0m[1m}[0m[1m)[0m,                                            │ │
│ │                   [2m│   │   [0missue_labels=[1mfrozenset[0m[1m([0m[1m{[0m'criteria-staged'[1m}[0m[1m)[0m,   │ │
│ │                   [2m│   │   [0mteam_key='engineering',                        │ │
│ │                   [2m│   │   [0mproject=[3mNone[0m,                                  │ │
│ │                   [2m│   │   [0mproject_id=[3mNone[0m,                               │ │
│ │                   [2m│   │   [0mmilestone_key=[3mNone[0m,                            │ │
│ │                   [2m│   │   [0mrelations=[1m([0m[1m)[0m,                                  │ │
│ │                   [2m│   │   [0mparent_key=[3mNone[0m,                               │ │
│ │                   [2m│   │   [0massignee_key=[3mNone[0m,                             │ │
│ │                   [2m│   │   [0mcreated_at=[1mdatetime[0m[1m.datetime[0m[1m([0m[1m2026[0m, [1m1[0m, [1m1[0m, [1m0[0m, [1m0[0m, │ │
│ │                   tzinfo=datetime.timezone.utc[1m)[0m,                         │ │
│ │                   [2m│   │   [0mupdated_at=[1mdatetime[0m[1m.datetime[0m[1m([0m[1m2026[0m, [1m1[0m, [1m1[0m, [1m0[0m, [1m0[0m, │ │
│ │                   tzinfo=datetime.timezone.utc[1m)[0m,                         │ │
│ │                   [2m│   │   [0murl='https://tracker.invalid/issue/A'          │ │
│ │                   [2m│   [0m[1m)[0m,                                                 │ │
│ │                   [2m│   [0meffective_priority=<IssuePriority.NONE: 'none'>,   │ │
│ │                   [2m│   [0mgap=[1m([0m                                              │ │
│ │                   [2m│   │   [0m[1mTrackerIssue[0m[1m([0m                                  │ │
│ │                   [2m│   │   │   [0missue_key='A/check',                       │ │
│ │                   [2m│   │   │   [0mtitle='A/check',                           │ │
│ │                   [2m│   │   │   [0mbody='**Check:** A live Check              │ │
│ │                   bytes\n**Evidence:** —',                               │ │
│ │                   [2m│   │   │   [0mpriority=<IssuePriority.NONE: 'none'>,     │ │
│ │                   [2m│   │   │   [0mstate_name='Todo',                         │ │
│ │                   [2m│   │   │   [0mstate_kind=<WorkflowStateKind.UNSTARTED:   │ │
│ │                   'unstarted'>,                                          │ │
│ │                   [2m│   │   │   [0mqueue_states=[1mfrozenset[0m[1m([0m[1m{[0m                   │ │
│ │                   [2m│   │   │   │   [0m<QueueState.APPROVED: 'approved'[1m>[0m      │ │
│ │                   [2m│   │   │   [0m[1m}[0m[1m)[0m,                                        │ │
│ │                   [2m│   │   │   [0missue_labels=[1mfrozenset[0m[1m([0m[1m{[0m'criterion'[1m}[0m[1m)[0m,     │ │
│ │                   [2m│   │   │   [0mteam_key='engineering',                    │ │
│ │                   [2m│   │   │   [0mproject=[3mNone[0m,                              │ │
│ │                   [2m│   │   │   [0mproject_id=[3mNone[0m,                           │ │
│ │                   [2m│   │   │   [0mmilestone_key=[3mNone[0m,                        │ │
│ │                   [2m│   │   │   [0mrelations=[1m([0m[1m)[0m,                              │ │
│ │                   [2m│   │   │   [0mparent_key='A',                            │ │
│ │                   [2m│   │   │   [0massignee_key=[3mNone[0m,                         │ │
│ │                   [2m│   │   │   [0mcreated_at=[1mdatetime[0m[1m.datetime[0m[1m([0m[1m2026[0m, [1m1[0m, [1m1[0m,   │ │
│ │                   [1m0[0m, [1m0[0m, tzinfo=datetime.timezone.utc[1m)[0m,                   │ │
│ │                   [2m│   │   │   [0mupdated_at=[1mdatetime[0m[1m.datetime[0m[1m([0m[1m2026[0m, [1m1[0m, [1m1[0m,   │ │
│ │                   [1m0[0m, [1m0[0m, tzinfo=datetime.timezone.utc[1m)[0m,                   │ │
│ │                   [2m│   │   │   [0m                                           │ │
│ │                   url='https://tracker.invalid/issue/A/check'            │ │
│ │                   [2m│   │   [0m[1m)[0m,                                             │ │
│ │                   [2m│   [0m[1m)[0m                                                  │ │
│ │                   [1m)[0m                                                      │ │
│ │          [3mconfig[0m = [1m{[0m                                                      │ │
│ │                   [2m│   [0m'configurable': [1m{[0m                                  │ │
│ │                   [2m│   │   [0m'prompt': 'Exact native subject A  with        │ │
│ │                   spaces\n',                                             │ │
│ │                   [2m│   │   [0m'repo_path': '/tmp/fake-cache',                │ │
│ │                   [2m│   │   [0m'repo_url': 'file:///scope-repository.git',    │ │
│ │                   [2m│   │   [0m'cache_key':                                   │ │
│ │                   '39afac4252584b729ff249968d18c44f-scope-559aead08264d… │ │
│ │                   [2m│   │   [0m'run_identity': [1m{[0m                              │ │
│ │                   [2m│   │   │   [0m'kind': [1m<[0m[1mRunKind.FIRE:[0m 'fire'>,            │ │
│ │                   [2m│   │   │   [0m'name': 'A',                               │ │
│ │                   [2m│   │   │   [0m'started_at': [1mdatetime.datetime[0m[1m([0m[1m2026[0m, [1m9[0m,   │ │
│ │                   [1m12[0m, [1m16[0m, [1m1[0m, [1m18[0m, [1m993216[0m, tzinfo=datetime.timezone.utc[1m)[0m   │ │
│ │                   [2m│   │   [0m[1m}[0m,                                             │ │
│ │                   [2m│   │   [0m'workspace_path': [3mNone[0m,                        │ │
│ │                   [2m│   │   [0m'base_spec': [1m{[0m                                 │ │
│ │                   [2m│   │   │   [0m'inputs': [1m([0m[1m)[0m,                              │ │
│ │                   [2m│   │   │   [0m'base_branch': 'trunk',                    │ │
│ │                   [2m│   │   │   [0m'base_role': [3mNone[0m                          │ │
│ │                   [2m│   │   [0m[1m}[0m,                                             │ │
│ │                   [2m│   │   [0m'permission_mode': <PermissionMode.UNATTENDED: │ │
│ │                   'unattended'>,                                         │ │
│ │                   [2m│   │   [0m'allowed_tools': [1m[[0m                             │ │
│ │                   [2m│   │   │   [0m'Read',                                    │ │
│ │                   [2m│   │   │   [0m'Glob',                                    │ │
│ │                   [2m│   │   │   [0m'Grep',                                    │ │
│ │                   [2m│   │   │   [0m'Bash',                                    │ │
│ │                   [2m│   │   │   [0m'Edit',                                    │ │
│ │                   [2m│   │   │   [0m'Write'                                    │ │
│ │                   [2m│   │   [0m[1m][0m,                                             │ │
│ │                   [2m│   │   [0m'thread_id':                                   │ │
│ │                   '39afac4252584b729ff249968d18c44f-scope-559aead08264d… │ │
│ │                   [2m│   [0m[1m}[0m,                                                 │ │
│ │                   [2m│   [0m'metadata': [1m{[0m                                      │ │
│ │                   [2m│   │   [0m'scope_lane_request':                          │ │
│ │                   '{"base":"{\\"inputs\\":[],\\"base_branch\\":\\"trunk… │ │
│ │                   [2m│   │   [0m'scope_lane_run_identity':                     │ │
│ │                   '{"kind":"fire","name":"A","started_at":"2026-09-12T1… │ │
│ │                   [2m│   │   [0m'prompt': 'Exact native subject A  with        │ │
│ │                   spaces\n',                                             │ │
│ │                   [2m│   │   [0m'repo_path': '/tmp/fake-cache',                │ │
│ │                   [2m│   │   [0m'repo_url': 'file:///scope-repository.git',    │ │
│ │                   [2m│   │   [0m'permission_mode': <PermissionMode.UNATTENDED: │ │
│ │                   'unattended'[1m>[0m,                                         │ │
│ │                   [2m│   │   [0m'thread_id':                                   │ │
│ │                   '39afac4252584b729ff249968d18c44f-scope-559aead08264d… │ │
│ │                   [2m│   [0m[1m}[0m                                                  │ │
│ │                   [1m}[0m                                                      │ │
│ │         [3mcontext[0m = [1mExecutionContext[0m[1m([0m                                      │ │
│ │                   [2m│   [0mprompt='Exact native subject A  with spaces\n',    │ │
│ │                   [2m│   [0mrepo_path='/tmp/fake-cache',                       │ │
│ │                   [2m│   [0mrepo_url='file:///scope-repository.git',           │ │
│ │                   [2m│   [0m                                                   │ │
│ │                   cache_key='39afac4252584b729ff249968d18c44f-scope-559… │ │
│ │                   [2m│   [0mrun_identity=[1mRunIdentity[0m[1m([0m                          │ │
│ │                   [2m│   │   [0mkind=[1m<[0m[1mRunKind.FIRE:[0m 'fire'>,                   │ │
│ │                   [2m│   │   [0mname='A',                                      │ │
│ │                   [2m│   │   [0mstarted_at=[1mdatetime[0m[1m.datetime[0m[1m([0m[1m2026[0m, [1m9[0m, [1m12[0m, [1m16[0m,  │ │
│ │                   [1m1[0m, [1m18[0m, [1m993216[0m, tzinfo=datetime.timezone.utc[1m)[0m           │ │
│ │                   [2m│   [0m[1m)[0m,                                                 │ │
│ │                   [2m│   [0mworkspace_path=[3mNone[0m,                               │ │
│ │                   [2m│   [0mbase_spec=[1mBaseSpec[0m[1m([0m                                │ │
│ │                   [2m│   │   [0minputs=[1m([0m[1m)[0m,                                     │ │
│ │                   [2m│   │   [0mbase_branch='trunk',                           │ │
│ │                   [2m│   │   [0mbase_role=[3mNone[0m                                 │ │
│ │                   [2m│   [0m[1m)[0m,                                                 │ │
│ │                   [2m│   [0mpermission_mode=<PermissionMode.UNATTENDED:        │ │
│ │                   'unattended'[1m>[0m,                                         │ │
│ │                   [2m│   [0mallowed_tools=[1m[[0m                                    │ │
│ │                   [2m│   │   [0m'Read',                                        │ │
│ │                   [2m│   │   [0m'Glob',                                        │ │
│ │                   [2m│   │   [0m'Grep',                                        │ │
│ │                   [2m│   │   [0m'Bash',                                        │ │
│ │                   [2m│   │   [0m'Edit',                                        │ │
│ │                   [2m│   │   [0m'Write'                                        │ │
│ │                   [2m│   [0m[1m][0m                                                  │ │
│ │                   [1m)[0m                                                      │ │
│ │         [3mcurrent[0m = [1mScopeReadyLane[0m[1m([0m                                        │ │
│ │                   [2m│   [0missue=[1mTrackerIssue[0m[1m([0m                                │ │
│ │                   [2m│   │   [0missue_key='A',                                 │ │
│ │                   [2m│   │   [0mtitle='A',                                     │ │
│ │                   [2m│   │   [0mbody='Exact native subject A  with spaces\n',  │ │
│ │                   [2m│   │   [0mpriority=[1m<[0m[1mIssuePriority.NONE:[0m 'none'>,         │ │
│ │                   [2m│   │   [0mstate_name='Todo',                             │ │
│ │                   [2m│   │   [0mstate_kind=<WorkflowStateKind.UNSTARTED:       │ │
│ │                   'unstarted'>,                                          │ │
│ │                   [2m│   │   [0mqueue_states=[1mfrozenset[0m[1m([0m[1m{[0m                       │ │
│ │                   [2m│   │   │   [0m<QueueState.APPROVED: 'approved'>          │ │
│ │                   [2m│   │   [0m[1m}[0m[1m)[0m,                                            │ │
│ │                   [2m│   │   [0missue_labels=[1mfrozenset[0m[1m([0m[1m{[0m'criteria-staged'[1m}[0m[1m)[0m,   │ │
│ │                   [2m│   │   [0mteam_key='engineering',                        │ │
│ │                   [2m│   │   [0mproject=[3mNone[0m,                                  │ │
│ │                   [2m│   │   [0mproject_id=[3mNone[0m,                               │ │
│ │                   [2m│   │   [0mmilestone_key=[3mNone[0m,                            │ │
│ │                   [2m│   │   [0mrelations=[1m([0m[1m)[0m,                                  │ │
│ │                   [2m│   │   [0mparent_key=[3mNone[0m,                               │ │
│ │                   [2m│   │   [0massignee_key=[3mNone[0m,                             │ │
│ │                   [2m│   │   [0mcreated_at=[1mdatetime[0m[1m.datetime[0m[1m([0m[1m2026[0m, [1m1[0m, [1m1[0m, [1m0[0m, [1m0[0m, │ │
│ │                   tzinfo=datetime.timezone.utc[1m)[0m,                         │ │
│ │                   [2m│   │   [0mupdated_at=[1mdatetime[0m[1m.datetime[0m[1m([0m[1m2026[0m, [1m1[0m, [1m1[0m, [1m0[0m, [1m0[0m, │ │
│ │                   tzinfo=datetime.timezone.utc[1m)[0m,                         │ │
│ │                   [2m│   │   [0murl='https://tracker.invalid/issue/A'          │ │
│ │                   [2m│   [0m[1m)[0m,                                                 │ │
│ │                   [2m│   [0meffective_priority=<IssuePriority.NONE: 'none'>,   │ │
│ │                   [2m│   [0mgap=[1m([0m                                              │ │
│ │                   [2m│   │   [0m[1mTrackerIssue[0m[1m([0m                                  │ │
│ │                   [2m│   │   │   [0missue_key='A/check',                       │ │
│ │                   [2m│   │   │   [0mtitle='A/check',                           │ │
│ │                   [2m│   │   │   [0mbody='**Check:** A live Check              │ │
│ │                   bytes\n**Evidence:** —',                               │ │
│ │                   [2m│   │   │   [0mpriority=<IssuePriority.NONE: 'none'>,     │ │
│ │                   [2m│   │   │   [0mstate_name='Todo',                         │ │
│ │                   [2m│   │   │   [0mstate_kind=<WorkflowStateKind.UNSTARTED:   │ │
│ │                   'unstarted'>,                                          │ │
│ │                   [2m│   │   │   [0mqueue_states=[1mfrozenset[0m[1m([0m[1m{[0m                   │ │
│ │                   [2m│   │   │   │   [0m<QueueState.APPROVED: 'approved'[1m>[0m      │ │
│ │                   [2m│   │   │   [0m[1m}[0m[1m)[0m,                                        │ │
│ │                   [2m│   │   │   [0missue_labels=[1mfrozenset[0m[1m([0m[1m{[0m'criterion'[1m}[0m[1m)[0m,     │ │
│ │                   [2m│   │   │   [0mteam_key='engineering',                    │ │
│ │                   [2m│   │   │   [0mproject=[3mNone[0m,                              │ │
│ │                   [2m│   │   │   [0mproject_id=[3mNone[0m,                           │ │
│ │                   [2m│   │   │   [0mmilestone_key=[3mNone[0m,                        │ │
│ │                   [2m│   │   │   [0mrelations=[1m([0m[1m)[0m,                              │ │
│ │                   [2m│   │   │   [0mparent_key='A',                            │ │
│ │                   [2m│   │   │   [0massignee_key=[3mNone[0m,                         │ │
│ │                   [2m│   │   │   [0mcreated_at=[1mdatetime[0m[1m.datetime[0m[1m([0m[1m2026[0m, [1m1[0m, [1m1[0m,   │ │
│ │                   [1m0[0m, [1m0[0m, tzinfo=datetime.timezone.utc[1m)[0m,                   │ │
│ │                   [2m│   │   │   [0mupdated_at=[1mdatetime[0m[1m.datetime[0m[1m([0m[1m2026[0m, [1m1[0m, [1m1[0m,   │ │
│ │                   [1m0[0m, [1m0[0m, tzinfo=datetime.timezone.utc[1m)[0m,                   │ │
│ │                   [2m│   │   │   [0m                                           │ │
│ │                   url='https://tracker.invalid/issue/A/check'            │ │
│ │                   [2m│   │   [0m[1m)[0m,                                             │ │
│ │                   [2m│   [0m[1m)[0m                                                  │ │
│ │                   [1m)[0m                                                      │ │
│ │      [3mdispatched[0m = [1m[[0m'A'[1m][0m                                                  │ │
│ │         [3mentries[0m = [1m[[0m                                                      │ │
│ │                   [2m│   [0m[1mRepoEntry[0m[1m([0m                                         │ │
│ │                   [2m│   │   [0murl='file:///scope-repository.git',            │ │
│ │                   [2m│   │   [0mtrunk='trunk',                                 │ │
│ │                   [2m│   │   [0mchecks=[1m([0m[1m)[0m,                                     │ │
│ │                   [2m│   │   [0mrunner_environment=[1m{[0m[1m}[0m,                         │ │
│ │                   [2m│   │   [0mforge_exempt=[3mFalse[0m                             │ │
│ │                   [2m│   [0m[1m)[0m                                                  │ │
│ │                   [1m][0m                                                      │ │
│ │      [3mexclusions[0m = [1m[[0m                                                      │ │
│ │                   [2m│   [0m[1mIssueExclusion[0m[1m([0m                                    │ │
│ │                   [2m│   │   [0missue_key='B',                                 │ │
│ │                   [2m│   │   [0mclause=[1m<[0m[1mExclusionClause.LIVE_BLOCKER:[0m          │ │
│ │                   'live_blocker'[1m>[0m,                                       │ │
│ │                   [2m│   │   [0mdetail='A'                                     │ │
│ │                   [2m│   [0m[1m)[0m                                                  │ │
│ │                   [1m][0m                                                      │ │
│ │           [3mfinal[0m = [1m{[0m                                                      │ │
│ │                   [2m│   [0m'issue_key': 'A',                                  │ │
│ │                   [2m│   [0m'feature_branch': '',                              │ │
│ │                   [2m│   [0m'ralph_branch': '',                                │ │
│ │                   [2m│   [0m'work_base_ref': 'trunk',                          │ │
│ │                   [2m│   [0m'fire_spec': [3mNone[0m,                                 │ │
│ │                   [2m│   [0m'acceptance_criteria': [1m[[0m[1m][0m,                         │ │
│ │                   [2m│   [0m'criterion_set': [3mNone[0m,                             │ │
│ │                   [2m│   [0m'criteria_validation': [3mNone[0m,                       │ │
│ │                   [2m│   [0m'criteria_regeneration_rounds': [1m0[0m,                 │ │
│ │                   [2m│   [0m'criteria_infeasible': [3mFalse[0m,                      │ │
│ │                   [2m│   [0m... +[1m18[0m                                            │ │
│ │                   [1m}[0m                                                      │ │
│ │      [3mfire_state[0m = [1m{[0m                                                      │ │
│ │                   [2m│   [0m'issue_key': 'A',                                  │ │
│ │                   [2m│   [0m'feature_branch': '',                              │ │
│ │                   [2m│   [0m'ralph_branch': '',                                │ │
│ │                   [2m│   [0m'work_base_ref': 'trunk',                          │ │
│ │                   [2m│   [0m'fire_spec': [3mNone[0m,                                 │ │
│ │                   [2m│   [0m'acceptance_criteria': [1m[[0m[1m][0m,                         │ │
│ │                   [2m│   [0m'criterion_set': [3mNone[0m,                             │ │
│ │                   [2m│   [0m'criteria_validation': [3mNone[0m,                       │ │
│ │                   [2m│   [0m'criteria_regeneration_rounds': [1m0[0m,                 │ │
│ │                   [2m│   [0m'criteria_infeasible': [3mFalse[0m,                      │ │
│ │                   [2m│   [0m... +[1m17[0m                                            │ │
│ │                   [1m}[0m                                                      │ │
│ │    [3mimplied_base[0m = [3mNone[0m                                                   │ │
│ │         [3minitial[0m = [1m{[0m                                                      │ │
│ │                   [2m│   [0m'issue_key': 'A',                                  │ │
│ │                   [2m│   [0m'feature_branch': '',                              │ │
│ │                   [2m│   [0m'ralph_branch': '',                                │ │
│ │                   [2m│   [0m'work_base_ref': 'trunk',                          │ │
│ │                   [2m│   [0m'fire_spec': [3mNone[0m,                                 │ │
│ │                   [2m│   [0m'acceptance_criteria': [1m[[0m[1m][0m,                         │ │
│ │                   [2m│   [0m'criterion_set': [3mNone[0m,                             │ │
│ │                   [2m│   [0m'criteria_validation': [3mNone[0m,                       │ │
│ │                   [2m│   [0m'criteria_regeneration_rounds': [1m0[0m,                 │ │
│ │                   [2m│   [0m'criteria_infeasible': [3mFalse[0m,                      │ │
│ │                   [2m│   [0m... +[1m18[0m                                            │ │
│ │                   [1m}[0m                                                      │ │
│ │       [3missue_key[0m = [3mNone[0m                                                   │ │
│ │             [3mkey[0m = 'A'                                                    │ │
│ │            [3mlane[0m = [1m<[0m[1mkodezart.chains.native_delivery.NativeLaneWorkflow[0m    │ │
│ │                   object at [1m0x10caf1a90[0m[1m>[0m                                 │ │
│ │        [3mlane_key[0m = '39afac4252584b729ff249968d18c44f-scope-559aead08264d… │ │
│ │    [3mlaunch_ready[0m = [1mScopeReadySet[0m[1m([0m                                         │ │
│ │                   [2m│   [0mscope=[1mResolvedScope[0m[1m([0m                               │ │
│ │                   [2m│   │   [0mref=[1mScopeRef[0m[1m([0m                                  │ │
│ │                   [2m│   │   │   [0mkind=[1m<[0m[1mScopeKind.PROJECT:[0m 'project'>,       │ │
│ │                   [2m│   │   │   [0mkey='scoped-project'                       │ │
│ │                   [2m│   │   [0m[1m)[0m,                                             │ │
│ │                   [2m│   │   [0missues=[1m([0m                                       │ │
│ │                   [2m│   │   │   [0m[1mTrackerIssue[0m[1m([0m                              │ │
│ │                   [2m│   │   │   │   [0missue_key='A',                         │ │
│ │                   [2m│   │   │   │   [0mtitle='A',                             │ │
│ │                   [2m│   │   │   │   [0mbody='Exact native subject A  with     │ │
│ │                   spaces\n',                                             │ │
│ │                   [2m│   │   │   │   [0mpriority=<IssuePriority.NONE: 'none'>, │ │
│ │                   [2m│   │   │   │   [0mstate_name='Todo',                     │ │
│ │                   [2m│   │   │   │   [0m                                       │ │
│ │                   state_kind=<WorkflowStateKind.UNSTARTED: 'unstarted'>, │ │
│ │                   [2m│   │   │   │   [0mqueue_states=[1mfrozenset[0m[1m([0m[1m{[0m               │ │
│ │                   [2m│   │   │   │   │   [0m<QueueState.APPROVED: 'approved'>  │ │
│ │                   [2m│   │   │   │   [0m[1m}[0m[1m)[0m,                                    │ │
│ │                   [2m│   │   │   │   [0missue_labels=[1mfrozenset[0m[1m([0m[1m{[0m               │ │
│ │                   [2m│   │   │   │   │   [0m'criteria-staged'                  │ │
│ │                   [2m│   │   │   │   [0m[1m}[0m[1m)[0m,                                    │ │
│ │                   [2m│   │   │   │   [0mteam_key='engineering',                │ │
│ │                   [2m│   │   │   │   [0mproject=[3mNone[0m,                          │ │
│ │                   [2m│   │   │   │   [0mproject_id=[3mNone[0m,                       │ │
│ │                   [2m│   │   │   │   [0mmilestone_key=[3mNone[0m,                    │ │
│ │                   [2m│   │   │   │   [0mrelations=[1m([0m[1m)[0m,                          │ │
│ │                   [2m│   │   │   │   [0mparent_key=[3mNone[0m,                       │ │
│ │                   [2m│   │   │   │   [0massignee_key=[3mNone[0m,                     │ │
│ │                   [2m│   │   │   │   [0mcreated_at=[1mdatetime[0m[1m.datetime[0m[1m([0m[1m2026[0m, [1m1[0m,  │ │
│ │                   [1m1[0m, [1m0[0m, [1m0[0m, tzinfo=datetime.timezone.utc[1m)[0m,                │ │
│ │                   [2m│   │   │   │   [0mupdated_at=[1mdatetime[0m[1m.datetime[0m[1m([0m[1m2026[0m, [1m1[0m,  │ │
│ │                   [1m1[0m, [1m0[0m, [1m0[0m, tzinfo=datetime.timezone.utc[1m)[0m,                │ │
│ │                   [2m│   │   │   │   [0murl='https://tracker.invalid/issue/A'  │ │
│ │                   [2m│   │   │   [0m[1m)[0m,                                         │ │
│ │                   [2m│   │   │   [0m[1mTrackerIssue[0m[1m([0m                              │ │
│ │                   [2m│   │   │   │   [0missue_key='B',                         │ │
│ │                   [2m│   │   │   │   [0mtitle='B',                             │ │
│ │                   [2m│   │   │   │   [0mbody='Exact native subject B  with     │ │
│ │                   spaces\n',                                             │ │
│ │                   [2m│   │   │   │   [0mpriority=<IssuePriority.NONE: 'none'>, │ │
│ │                   [2m│   │   │   │   [0mstate_name='Todo',                     │ │
│ │                   [2m│   │   │   │   [0m                                       │ │
│ │                   state_kind=<WorkflowStateKind.UNSTARTED: 'unstarted'>, │ │
│ │                   [2m│   │   │   │   [0mqueue_states=[1mfrozenset[0m[1m([0m[1m{[0m               │ │
│ │                   [2m│   │   │   │   │   [0m<QueueState.APPROVED: 'approved'>  │ │
│ │                   [2m│   │   │   │   [0m[1m}[0m[1m)[0m,                                    │ │
│ │                   [2m│   │   │   │   [0missue_labels=[1mfrozenset[0m[1m([0m[1m{[0m               │ │
│ │                   [2m│   │   │   │   │   [0m'criteria-staged'                  │ │
│ │                   [2m│   │   │   │   [0m[1m}[0m[1m)[0m,                                    │ │
│ │                   [2m│   │   │   │   [0mteam_key='engineering',                │ │
│ │                   [2m│   │   │   │   [0mproject=[3mNone[0m,                          │ │
│ │                   [2m│   │   │   │   [0mproject_id=[3mNone[0m,                       │ │
│ │                   [2m│   │   │   │   [0mmilestone_key=[3mNone[0m,                    │ │
│ │                   [2m│   │   │   │   [0mrelations=[1m([0m                            │ │
│ │                   [2m│   │   │   │   │   [0m[1mIssueRelation[0m[1m([0m                     │ │
│ │                   [2m│   │   │   │   │   │   [0m                               │ │
│ │                   kind=<IssueRelationKind.BLOCKED_BY: 'blocked_by'>,     │ │
│ │                   [2m│   │   │   │   │   │   [0missue_key='A'                  │ │
│ │                   [2m│   │   │   │   │   [0m[1m)[0m,                                 │ │
│ │                   [2m│   │   │   │   [0m[1m)[0m,                                     │ │
│ │                   [2m│   │   │   │   [0mparent_key=[3mNone[0m,                       │ │
│ │                   [2m│   │   │   │   [0massignee_key=[3mNone[0m,                     │ │
│ │                   [2m│   │   │   │   [0mcreated_at=[1mdatetime[0m[1m.datetime[0m[1m([0m[1m2026[0m, [1m1[0m,  │ │
│ │                   [1m1[0m, [1m0[0m, [1m0[0m, tzinfo=datetime.timezone.utc[1m)[0m,                │ │
│ │                   [2m│   │   │   │   [0mupdated_at=[1mdatetime[0m[1m.datetime[0m[1m([0m[1m2026[0m, [1m1[0m,  │ │
│ │                   [1m1[0m, [1m0[0m, [1m0[0m, tzinfo=datetime.timezone.utc[1m)[0m,                │ │
│ │                   [2m│   │   │   │   [0murl='https://tracker.invalid/issue/B'  │ │
│ │                   [2m│   │   │   [0m[1m)[0m,                                         │ │
│ │                   [2m│   │   │   [0m[1mTrackerIssue[0m[1m([0m                              │ │
│ │                   [2m│   │   │   │   [0missue_key='A/check',                   │ │
│ │                   [2m│   │   │   │   [0mtitle='A/check',                       │ │
│ │                   [2m│   │   │   │   [0mbody='**Check:** A live Check          │ │
│ │                   bytes\n**Evidence:** —',                               │ │
│ │                   [2m│   │   │   │   [0mpriority=<IssuePriority.NONE: 'none'>, │ │
│ │                   [2m│   │   │   │   [0mstate_name='Todo',                     │ │
│ │                   [2m│   │   │   │   [0m                                       │ │
│ │                   state_kind=<WorkflowStateKind.UNSTARTED: 'unstarted'>, │ │
│ │                   [2m│   │   │   │   [0mqueue_states=[1mfrozenset[0m[1m([0m[1m{[0m               │ │
│ │                   [2m│   │   │   │   │   [0m<QueueState.APPROVED: 'approved'>  │ │
│ │                   [2m│   │   │   │   [0m[1m}[0m[1m)[0m,                                    │ │
│ │                   [2m│   │   │   │   [0missue_labels=[1mfrozenset[0m[1m([0m[1m{[0m               │ │
│ │                   [2m│   │   │   │   │   [0m'criterion'                        │ │
│ │                   [2m│   │   │   │   [0m[1m}[0m[1m)[0m,                                    │ │
│ │                   [2m│   │   │   │   [0mteam_key='engineering',                │ │
│ │                   [2m│   │   │   │   [0mproject=[3mNone[0m,                          │ │
│ │                   [2m│   │   │   │   [0mproject_id=[3mNone[0m,                       │ │
│ │                   [2m│   │   │   │   [0mmilestone_key=[3mNone[0m,                    │ │
│ │                   [2m│   │   │   │   [0mrelations=[1m([0m[1m)[0m,                          │ │
│ │                   [2m│   │   │   │   [0mparent_key='A',                        │ │
│ │                   [2m│   │   │   │   [0massignee_key=[3mNone[0m,                     │ │
│ │                   [2m│   │   │   │   [0mcreated_at=[1mdatetime[0m[1m.datetime[0m[1m([0m[1m2026[0m, [1m1[0m,  │ │
│ │                   [1m1[0m, [1m0[0m, [1m0[0m, tzinfo=datetime.timezone.utc[1m)[0m,                │ │
│ │                   [2m│   │   │   │   [0mupdated_at=[1mdatetime[0m[1m.datetime[0m[1m([0m[1m2026[0m, [1m1[0m,  │ │
│ │                   [1m1[0m, [1m0[0m, [1m0[0m, tzinfo=datetime.timezone.utc[1m)[0m,                │ │
│ │                   [2m│   │   │   │   [0m                                       │ │
│ │                   url='https://tracker.invalid/issue/A/check'            │ │
│ │                   [2m│   │   │   [0m[1m)[0m,                                         │ │
│ │                   [2m│   │   │   [0m[1mTrackerIssue[0m[1m([0m                              │ │
│ │                   [2m│   │   │   │   [0missue_key='B/check',                   │ │
│ │                   [2m│   │   │   │   [0mtitle='B/check',                       │ │
│ │                   [2m│   │   │   │   [0mbody='**Check:** B live Check          │ │
│ │                   bytes\n**Evidence:** —',                               │ │
│ │                   [2m│   │   │   │   [0mpriority=<IssuePriority.NONE: 'none'>, │ │
│ │                   [2m│   │   │   │   [0mstate_name='Todo',                     │ │
│ │                   [2m│   │   │   │   [0m                                       │ │
│ │                   state_kind=<WorkflowStateKind.UNSTARTED: 'unstarted'>, │ │
│ │                   [2m│   │   │   │   [0mqueue_states=[1mfrozenset[0m[1m([0m[1m{[0m               │ │
│ │                   [2m│   │   │   │   │   [0m<QueueState.APPROVED: 'approved'>  │ │
│ │                   [2m│   │   │   │   [0m[1m}[0m[1m)[0m,                                    │ │
│ │                   [2m│   │   │   │   [0missue_labels=[1mfrozenset[0m[1m([0m[1m{[0m               │ │
│ │                   [2m│   │   │   │   │   [0m'criterion'                        │ │
│ │                   [2m│   │   │   │   [0m[1m}[0m[1m)[0m,                                    │ │
│ │                   [2m│   │   │   │   [0mteam_key='engineering',                │ │
│ │                   [2m│   │   │   │   [0mproject=[3mNone[0m,                          │ │
│ │                   [2m│   │   │   │   [0mproject_id=[3mNone[0m,                       │ │
│ │                   [2m│   │   │   │   [0mmilestone_key=[3mNone[0m,                    │ │
│ │                   [2m│   │   │   │   [0mrelations=[1m([0m[1m)[0m,                          │ │
│ │                   [2m│   │   │   │   [0mparent_key='B',                        │ │
│ │                   [2m│   │   │   │   [0massignee_key=[3mNone[0m,                     │ │
│ │                   [2m│   │   │   │   [0mcreated_at=[1mdatetime[0m[1m.datetime[0m[1m([0m[1m2026[0m, [1m1[0m,  │ │
│ │                   [1m1[0m, [1m0[0m, [1m0[0m, tzinfo=datetime.timezone.utc[1m)[0m,                │ │
│ │                   [2m│   │   │   │   [0mupdated_at=[1mdatetime[0m[1m.datetime[0m[1m([0m[1m2026[0m, [1m1[0m,  │ │
│ │                   [1m1[0m, [1m0[0m, [1m0[0m, tzinfo=datetime.timezone.utc[1m)[0m,                │ │
│ │                   [2m│   │   │   │   [0m                                       │ │
│ │                   url='https://tracker.invalid/issue/B/check'            │ │
│ │                   [2m│   │   │   [0m[1m)[0m                                          │ │
│ │                   [2m│   │   [0m[1m)[0m                                              │ │
│ │                   [2m│   [0m[1m)[0m,                                                 │ │
│ │                   [2m│   [0mready=[1m([0m                                            │ │
│ │                   [2m│   │   [0m[1mScopeReadyLane[0m[1m([0m                                │ │
│ │                   [2m│   │   │   [0missue=[1mTrackerIssue[0m[1m([0m                        │ │
│ │                   [2m│   │   │   │   [0missue_key='A',                         │ │
│ │                   [2m│   │   │   │   [0mtitle='A',                             │ │
│ │                   [2m│   │   │   │   [0mbody='Exact native subject A  with     │ │
│ │                   spaces\n',                                             │ │
│ │                   [2m│   │   │   │   [0mpriority=<IssuePriority.NONE: 'none'>, │ │
│ │                   [2m│   │   │   │   [0mstate_name='Todo',                     │ │
│ │                   [2m│   │   │   │   [0m                                       │ │
│ │                   state_kind=<WorkflowStateKind.UNSTARTED: 'unstarted'>, │ │
│ │                   [2m│   │   │   │   [0mqueue_states=[1mfrozenset[0m[1m([0m[1m{[0m               │ │
│ │                   [2m│   │   │   │   │   [0m<QueueState.APPROVED: 'approved'>  │ │
│ │                   [2m│   │   │   │   [0m[1m}[0m[1m)[0m,                                    │ │
│ │                   [2m│   │   │   │   [0missue_labels=[1mfrozenset[0m[1m([0m[1m{[0m               │ │
│ │                   [2m│   │   │   │   │   [0m'criteria-staged'                  │ │
│ │                   [2m│   │   │   │   [0m[1m}[0m[1m)[0m,                                    │ │
│ │                   [2m│   │   │   │   [0mteam_key='engineering',                │ │
│ │                   [2m│   │   │   │   [0mproject=[3mNone[0m,                          │ │
│ │                   [2m│   │   │   │   [0mproject_id=[3mNone[0m,                       │ │
│ │                   [2m│   │   │   │   [0mmilestone_key=[3mNone[0m,                    │ │
│ │                   [2m│   │   │   │   [0mrelations=[1m([0m[1m)[0m,                          │ │
│ │                   [2m│   │   │   │   [0mparent_key=[3mNone[0m,                       │ │
│ │                   [2m│   │   │   │   [0massignee_key=[3mNone[0m,                     │ │
│ │                   [2m│   │   │   │   [0mcreated_at=[1mdatetime[0m[1m.datetime[0m[1m([0m[1m2026[0m, [1m1[0m,  │ │
│ │                   [1m1[0m, [1m0[0m, [1m0[0m, tzinfo=datetime.timezone.utc[1m)[0m,                │ │
│ │                   [2m│   │   │   │   [0mupdated_at=[1mdatetime[0m[1m.datetime[0m[1m([0m[1m2026[0m, [1m1[0m,  │ │
│ │                   [1m1[0m, [1m0[0m, [1m0[0m, tzinfo=datetime.timezone.utc[1m)[0m,                │ │
│ │                   [2m│   │   │   │   [0murl='https://tracker.invalid/issue/A'  │ │
│ │                   [2m│   │   │   [0m[1m)[0m,                                         │ │
│ │                   [2m│   │   │   [0meffective_priority=<IssuePriority.NONE:    │ │
│ │                   'none'>,                                               │ │
│ │                   [2m│   │   │   [0mgap=[1m([0m                                      │ │
│ │                   [2m│   │   │   │   [0m[1mTrackerIssue[0m[1m([0m                          │ │
│ │                   [2m│   │   │   │   │   [0missue_key='A/check',               │ │
│ │                   [2m│   │   │   │   │   [0mtitle='A/check',                   │ │
│ │                   [2m│   │   │   │   │   [0mbody='**Check:** A live Check      │ │
│ │                   bytes\n**Evidence:** —',                               │ │
│ │                   [2m│   │   │   │   │   [0mpriority=<IssuePriority.NONE:      │ │
│ │                   'none'>,                                               │ │
│ │                   [2m│   │   │   │   │   [0mstate_name='Todo',                 │ │
│ │                   [2m│   │   │   │   │   [0m                                   │ │
│ │                   state_kind=<WorkflowStateKind.UNSTARTED: 'unstarted'>, │ │
│ │                   [2m│   │   │   │   │   [0mqueue_states=[1mfrozenset[0m[1m([0m[1m{[0m           │ │
│ │                   [2m│   │   │   │   │   │   [0m<QueueState.APPROVED:          │ │
│ │                   'approved'>                                            │ │
│ │                   [2m│   │   │   │   │   [0m[1m}[0m[1m)[0m,                                │ │
│ │                   [2m│   │   │   │   │   [0missue_labels=[1mfrozenset[0m[1m([0m[1m{[0m           │ │
│ │                   [2m│   │   │   │   │   │   [0m'criterion'                    │ │
│ │                   [2m│   │   │   │   │   [0m[1m}[0m[1m)[0m,                                │ │
│ │                   [2m│   │   │   │   │   [0mteam_key='engineering',            │ │
│ │                   [2m│   │   │   │   │   [0mproject=[3mNone[0m,                      │ │
│ │                   [2m│   │   │   │   │   [0mproject_id=[3mNone[0m,                   │ │
│ │                   [2m│   │   │   │   │   [0mmilestone_key=[3mNone[0m,                │ │
│ │                   [2m│   │   │   │   │   [0mrelations=[1m([0m[1m)[0m,                      │ │
│ │                   [2m│   │   │   │   │   [0mparent_key='A',                    │ │
│ │                   [2m│   │   │   │   │   [0massignee_key=[3mNone[0m,                 │ │
│ │                   [2m│   │   │   │   │   [0mcreated_at=[1mdatetime[0m[1m.datetime[0m[1m([0m[1m2026[0m, │ │
│ │                   [1m1[0m, [1m1[0m, [1m0[0m, [1m0[0m, tzinfo=datetime.timezone.utc[1m)[0m,             │ │
│ │                   [2m│   │   │   │   │   [0mupdated_at=[1mdatetime[0m[1m.datetime[0m[1m([0m[1m2026[0m, │ │
│ │                   [1m1[0m, [1m1[0m, [1m0[0m, [1m0[0m, tzinfo=datetime.timezone.utc[1m)[0m,             │ │
│ │                   [2m│   │   │   │   │   [0m                                   │ │
│ │                   url='https://tracker.invalid/issue/A/check'            │ │
│ │                   [2m│   │   │   │   [0m[1m)[0m,                                     │ │
│ │                   [2m│   │   │   [0m[1m)[0m                                          │ │
│ │                   [2m│   │   [0m[1m)[0m,                                             │ │
│ │                   [2m│   [0m[1m)[0m,                                                 │ │
│ │                   [2m│   [0mblocked=[1m([0m                                          │ │
│ │                   [2m│   │   [0m[1mBlockedIssue[0m[1m([0m                                  │ │
│ │                   [2m│   │   │   [0missue_key='B',                             │ │
│ │                   [2m│   │   │   [0mblocker_keys=[1m([0m'A',[1m)[0m                        │ │
│ │                   [2m│   │   [0m[1m)[0m,                                             │ │
│ │                   [2m│   [0m[1m)[0m,                                                 │ │
│ │                   [2m│   [0munapproved=[1m([0m[1m)[0m,                                     │ │
│ │                   [2m│   [0mcriteria=[1m([0m                                         │ │
│ │                   [2m│   │   [0m[1mTrackerIssue[0m[1m([0m                                  │ │
│ │                   [2m│   │   │   [0missue_key='A/check',                       │ │
│ │                   [2m│   │   │   [0mtitle='A/check',                           │ │
│ │                   [2m│   │   │   [0mbody='**Check:** A live Check              │ │
│ │                   bytes\n**Evidence:** —',                               │ │
│ │                   [2m│   │   │   [0mpriority=<IssuePriority.NONE: 'none'>,     │ │
│ │                   [2m│   │   │   [0mstate_name='Todo',                         │ │
│ │                   [2m│   │   │   [0mstate_kind=<WorkflowStateKind.UNSTARTED:   │ │
│ │                   'unstarted'>,                                          │ │
│ │                   [2m│   │   │   [0mqueue_states=[1mfrozenset[0m[1m([0m[1m{[0m                   │ │
│ │                   [2m│   │   │   │   [0m<QueueState.APPROVED: 'approved'>      │ │
│ │                   [2m│   │   │   [0m[1m}[0m[1m)[0m,                                        │ │
│ │                   [2m│   │   │   [0missue_labels=[1mfrozenset[0m[1m([0m[1m{[0m'criterion'[1m}[0m[1m)[0m,     │ │
│ │                   [2m│   │   │   [0mteam_key='engineering',                    │ │
│ │                   [2m│   │   │   [0mproject=[3mNone[0m,                              │ │
│ │                   [2m│   │   │   [0mproject_id=[3mNone[0m,                           │ │
│ │                   [2m│   │   │   [0mmilestone_key=[3mNone[0m,                        │ │
│ │                   [2m│   │   │   [0mrelations=[1m([0m[1m)[0m,                              │ │
│ │                   [2m│   │   │   [0mparent_key='A',                            │ │
│ │                   [2m│   │   │   [0massignee_key=[3mNone[0m,                         │ │
│ │                   [2m│   │   │   [0mcreated_at=[1mdatetime[0m[1m.datetime[0m[1m([0m[1m2026[0m, [1m1[0m, [1m1[0m,   │ │
│ │                   [1m0[0m, [1m0[0m, tzinfo=datetime.timezone.utc[1m)[0m,                   │ │
│ │                   [2m│   │   │   [0mupdated_at=[1mdatetime[0m[1m.datetime[0m[1m([0m[1m2026[0m, [1m1[0m, [1m1[0m,   │ │
│ │                   [1m0[0m, [1m0[0m, tzinfo=datetime.timezone.utc[1m)[0m,                   │ │
│ │                   [2m│   │   │   [0m                                           │ │
│ │                   url='https://tracker.invalid/issue/A/check'            │ │
│ │                   [2m│   │   [0m[1m)[0m,                                             │ │
│ │                   [2m│   │   [0m[1mTrackerIssue[0m[1m([0m                                  │ │
│ │                   [2m│   │   │   [0missue_key='B/check',                       │ │
│ │                   [2m│   │   │   [0mtitle='B/check',                           │ │
│ │                   [2m│   │   │   [0mbody='**Check:** B live Check              │ │
│ │                   bytes\n**Evidence:** —',                               │ │
│ │                   [2m│   │   │   [0mpriority=<IssuePriority.NONE: 'none'>,     │ │
│ │                   [2m│   │   │   [0mstate_name='Todo',                         │ │
│ │                   [2m│   │   │   [0mstate_kind=<WorkflowStateKind.UNSTARTED:   │ │
│ │                   'unstarted'>,                                          │ │
│ │                   [2m│   │   │   [0mqueue_states=[1mfrozenset[0m[1m([0m[1m{[0m                   │ │
│ │                   [2m│   │   │   │   [0m<QueueState.APPROVED: 'approved'[1m>[0m      │ │
│ │                   [2m│   │   │   [0m[1m}[0m[1m)[0m,                                        │ │
│ │                   [2m│   │   │   [0missue_labels=[1mfrozenset[0m[1m([0m[1m{[0m'criterion'[1m}[0m[1m)[0m,     │ │
│ │                   [2m│   │   │   [0mteam_key='engineering',                    │ │
│ │                   [2m│   │   │   [0mproject=[3mNone[0m,                              │ │
│ │                   [2m│   │   │   [0mproject_id=[3mNone[0m,                           │ │
│ │                   [2m│   │   │   [0mmilestone_key=[3mNone[0m,                        │ │
│ │                   [2m│   │   │   [0mrelations=[1m([0m[1m)[0m,                              │ │
│ │                   [2m│   │   │   [0mparent_key='B',                            │ │
│ │                   [2m│   │   │   [0massignee_key=[3mNone[0m,                         │ │
│ │                   [2m│   │   │   [0mcreated_at=[1mdatetime[0m[1m.datetime[0m[1m([0m[1m2026[0m, [1m1[0m, [1m1[0m,   │ │
│ │                   [1m0[0m, [1m0[0m, tzinfo=datetime.timezone.utc[1m)[0m,                   │ │
│ │                   [2m│   │   │   [0mupdated_at=[1mdatetime[0m[1m.datetime[0m[1m([0m[1m2026[0m, [1m1[0m, [1m1[0m,   │ │
│ │                   [1m0[0m, [1m0[0m, tzinfo=datetime.timezone.utc[1m)[0m,                   │ │
│ │                   [2m│   │   │   [0m                                           │ │
│ │                   url='https://tracker.invalid/issue/B/check'            │ │
│ │                   [2m│   │   [0m[1m)[0m                                              │ │
│ │                   [2m│   [0m[1m)[0m                                                  │ │
│ │                   [1m)[0m                                                      │ │
│ │            [3mmode[0m = 'values'                                               │ │
│ │       [3mnamespace[0m = [1m([0m'native_fire:f4b8cf22-1d6d-c023-abb5-48d9fa35349d',[1m)[0m  │ │
│ │            [3mpath[0m = '/tmp/fake-cache'                                      │ │
│ │         [3mpayload[0m = [1m{[0m                                                      │ │
│ │                   [2m│   [0m'issue_key': 'A',                                  │ │
│ │                   [2m│   [0m'feature_branch': 'kodezart/test-branch-0a345772', │ │
│ │                   [2m│   [0m'ralph_branch':                                    │ │
│ │                   'kodezart/test-branch-0a345772-ralph-5183f3a1',        │ │
│ │                   [2m│   [0m'work_base_ref': 'trunk',                          │ │
│ │                   [2m│   [0m'fire_spec': [1mTrackerSpec[0m[1m([0m                          │ │
│ │                   [2m│   │   [0msubject='A',                                   │ │
│ │                   [2m│   │   [0mbody='Exact native subject A  with spaces\n',  │ │
│ │                   [2m│   │   [0mcriteria=[1m([0m'A/check',[1m)[0m,                         │ │
│ │                   [2m│   │   [0mread_at_version='2026-01-01T00:00:00+00:00'    │ │
│ │                   [2m│   [0m[1m)[0m,                                                 │ │
│ │                   [2m│   [0m'acceptance_criteria': [1m[[0m[1m][0m,                         │ │
│ │                   [2m│   [0m'criterion_set': [1mTrackerCriterionSet[0m[1m([0m              │ │
│ │                   [2m│   │   [0mcriteria=[1m[[0m                                     │ │
│ │                   [2m│   │   │   [0m[1mTrackerCriterion[0m[1m([0m                          │ │
│ │                   [2m│   │   │   │   [0mid='A/check',                          │ │
│ │                   [2m│   │   │   │   [0mtext='A live Check  bytes'             │ │
│ │                   [2m│   │   │   [0m[1m)[0m                                          │ │
│ │                   [2m│   │   [0m[1m][0m                                              │ │
│ │                   [2m│   [0m[1m)[0m,                                                 │ │
│ │                   [2m│   [0m'criteria_validation': [3mNone[0m,                       │ │
│ │                   [2m│   [0m'criteria_regeneration_rounds': [1m0[0m,                 │ │
│ │                   [2m│   [0m'criteria_infeasible': [3mFalse[0m,                      │ │
│ │                   [2m│   [0m... +[1m17[0m                                            │ │
│ │                   [1m}[0m                                                      │ │
│ │ [3mpermission_mode[0m = [1m<[0m[1mPermissionMode.UNATTENDED:[0m 'unattended'[1m>[0m              │ │
│ │           [3mprobe[0m = [1m<[0m[1mkodezart.adapters.no_forge_delivery.NoForgeDeliveryP…[0m │ │
│ │                   object at [1m0x10caf2ff0[0m[1m>[0m                                 │ │
│ │          [3mprompt[0m = 'Run approved scope'                                   │ │
│ │           [3mready[0m = [1mScopeReadySet[0m[1m([0m                                         │ │
│ │                   [2m│   [0mscope=[1mResolvedScope[0m[1m([0m                               │ │
│ │                   [2m│   │   [0mref=[1mScopeRef[0m[1m([0m                                  │ │
│ │                   [2m│   │   │   [0mkind=[1m<[0m[1mScopeKind.PROJECT:[0m 'project'>,       │ │
│ │                   [2m│   │   │   [0mkey='scoped-project'                       │ │
│ │                   [2m│   │   [0m[1m)[0m,                                             │ │
│ │                   [2m│   │   [0missues=[1m([0m                                       │ │
│ │                   [2m│   │   │   [0m[1mTrackerIssue[0m[1m([0m                              │ │
│ │                   [2m│   │   │   │   [0missue_key='A',                         │ │
│ │                   [2m│   │   │   │   [0mtitle='A',                             │ │
│ │                   [2m│   │   │   │   [0mbody='Exact native subject A  with     │ │
│ │                   spaces\n',                                             │ │
│ │                   [2m│   │   │   │   [0mpriority=<IssuePriority.NONE: 'none'>, │ │
│ │                   [2m│   │   │   │   [0mstate_name='Todo',                     │ │
│ │                   [2m│   │   │   │   [0m                                       │ │
│ │                   state_kind=<WorkflowStateKind.UNSTARTED: 'unstarted'>, │ │
│ │                   [2m│   │   │   │   [0mqueue_states=[1mfrozenset[0m[1m([0m[1m{[0m               │ │
│ │                   [2m│   │   │   │   │   [0m<QueueState.APPROVED: 'approved'>  │ │
│ │                   [2m│   │   │   │   [0m[1m}[0m[1m)[0m,                                    │ │
│ │                   [2m│   │   │   │   [0missue_labels=[1mfrozenset[0m[1m([0m[1m{[0m               │ │
│ │                   [2m│   │   │   │   │   [0m'criteria-staged'                  │ │
│ │                   [2m│   │   │   │   [0m[1m}[0m[1m)[0m,                                    │ │
│ │                   [2m│   │   │   │   [0mteam_key='engineering',                │ │
│ │                   [2m│   │   │   │   [0mproject=[3mNone[0m,                          │ │
│ │                   [2m│   │   │   │   [0mproject_id=[3mNone[0m,                       │ │
│ │                   [2m│   │   │   │   [0mmilestone_key=[3mNone[0m,                    │ │
│ │                   [2m│   │   │   │   [0mrelations=[1m([0m[1m)[0m,                          │ │
│ │                   [2m│   │   │   │   [0mparent_key=[3mNone[0m,                       │ │
│ │                   [2m│   │   │   │   [0massignee_key=[3mNone[0m,                     │ │
│ │                   [2m│   │   │   │   [0mcreated_at=[1mdatetime[0m[1m.datetime[0m[1m([0m[1m2026[0m, [1m1[0m,  │ │
│ │                   [1m1[0m, [1m0[0m, [1m0[0m, tzinfo=datetime.timezone.utc[1m)[0m,                │ │
│ │                   [2m│   │   │   │   [0mupdated_at=[1mdatetime[0m[1m.datetime[0m[1m([0m[1m2026[0m, [1m1[0m,  │ │
│ │                   [1m1[0m, [1m0[0m, [1m0[0m, tzinfo=datetime.timezone.utc[1m)[0m,                │ │
│ │                   [2m│   │   │   │   [0murl='https://tracker.invalid/issue/A'  │ │
│ │                   [2m│   │   │   [0m[1m)[0m,                                         │ │
│ │                   [2m│   │   │   [0m[1mTrackerIssue[0m[1m([0m                              │ │
│ │                   [2m│   │   │   │   [0missue_key='B',                         │ │
│ │                   [2m│   │   │   │   [0mtitle='B',                             │ │
│ │                   [2m│   │   │   │   [0mbody='Exact native subject B  with     │ │
│ │                   spaces\n',                                             │ │
│ │                   [2m│   │   │   │   [0mpriority=<IssuePriority.NONE: 'none'>, │ │
│ │                   [2m│   │   │   │   [0mstate_name='Todo',                     │ │
│ │                   [2m│   │   │   │   [0m                                       │ │
│ │                   state_kind=<WorkflowStateKind.UNSTARTED: 'unstarted'>, │ │
│ │                   [2m│   │   │   │   [0mqueue_states=[1mfrozenset[0m[1m([0m[1m{[0m               │ │
│ │                   [2m│   │   │   │   │   [0m<QueueState.APPROVED: 'approved'>  │ │
│ │                   [2m│   │   │   │   [0m[1m}[0m[1m)[0m,                                    │ │
│ │                   [2m│   │   │   │   [0missue_labels=[1mfrozenset[0m[1m([0m[1m{[0m               │ │
│ │                   [2m│   │   │   │   │   [0m'criteria-staged'                  │ │
│ │                   [2m│   │   │   │   [0m[1m}[0m[1m)[0m,                                    │ │
│ │                   [2m│   │   │   │   [0mteam_key='engineering',                │ │
│ │                   [2m│   │   │   │   [0mproject=[3mNone[0m,                          │ │
│ │                   [2m│   │   │   │   [0mproject_id=[3mNone[0m,                       │ │
│ │                   [2m│   │   │   │   [0mmilestone_key=[3mNone[0m,                    │ │
│ │                   [2m│   │   │   │   [0mrelations=[1m([0m                            │ │
│ │                   [2m│   │   │   │   │   [0m[1mIssueRelation[0m[1m([0m                     │ │
│ │                   [2m│   │   │   │   │   │   [0m                               │ │
│ │                   kind=<IssueRelationKind.BLOCKED_BY: 'blocked_by'>,     │ │
│ │                   [2m│   │   │   │   │   │   [0missue_key='A'                  │ │
│ │                   [2m│   │   │   │   │   [0m[1m)[0m,                                 │ │
│ │                   [2m│   │   │   │   [0m[1m)[0m,                                     │ │
│ │                   [2m│   │   │   │   [0mparent_key=[3mNone[0m,                       │ │
│ │                   [2m│   │   │   │   [0massignee_key=[3mNone[0m,                     │ │
│ │                   [2m│   │   │   │   [0mcreated_at=[1mdatetime[0m[1m.datetime[0m[1m([0m[1m2026[0m, [1m1[0m,  │ │
│ │                   [1m1[0m, [1m0[0m, [1m0[0m, tzinfo=datetime.timezone.utc[1m)[0m,                │ │
│ │                   [2m│   │   │   │   [0mupdated_at=[1mdatetime[0m[1m.datetime[0m[1m([0m[1m2026[0m, [1m1[0m,  │ │
│ │                   [1m1[0m, [1m0[0m, [1m0[0m, tzinfo=datetime.timezone.utc[1m)[0m,                │ │
│ │                   [2m│   │   │   │   [0murl='https://tracker.invalid/issue/B'  │ │
│ │                   [2m│   │   │   [0m[1m)[0m,                                         │ │
│ │                   [2m│   │   │   [0m[1mTrackerIssue[0m[1m([0m                              │ │
│ │                   [2m│   │   │   │   [0missue_key='A/check',                   │ │
│ │                   [2m│   │   │   │   [0mtitle='A/check',                       │ │
│ │                   [2m│   │   │   │   [0mbody='**Check:** A live Check          │ │
│ │                   bytes\n**Evidence:** —',                               │ │
│ │                   [2m│   │   │   │   [0mpriority=<IssuePriority.NONE: 'none'>, │ │
│ │                   [2m│   │   │   │   [0mstate_name='Todo',                     │ │
│ │                   [2m│   │   │   │   [0m                                       │ │
│ │                   state_kind=<WorkflowStateKind.UNSTARTED: 'unstarted'>, │ │
│ │                   [2m│   │   │   │   [0mqueue_states=[1mfrozenset[0m[1m([0m[1m{[0m               │ │
│ │                   [2m│   │   │   │   │   [0m<QueueState.APPROVED: 'approved'>  │ │
│ │                   [2m│   │   │   │   [0m[1m}[0m[1m)[0m,                                    │ │
│ │                   [2m│   │   │   │   [0missue_labels=[1mfrozenset[0m[1m([0m[1m{[0m               │ │
│ │                   [2m│   │   │   │   │   [0m'criterion'                        │ │
│ │                   [2m│   │   │   │   [0m[1m}[0m[1m)[0m,                                    │ │
│ │                   [2m│   │   │   │   [0mteam_key='engineering',                │ │
│ │                   [2m│   │   │   │   [0mproject=[3mNone[0m,                          │ │
│ │                   [2m│   │   │   │   [0mproject_id=[3mNone[0m,                       │ │
│ │                   [2m│   │   │   │   [0mmilestone_key=[3mNone[0m,                    │ │
│ │                   [2m│   │   │   │   [0mrelations=[1m([0m[1m)[0m,                          │ │
│ │                   [2m│   │   │   │   [0mparent_key='A',                        │ │
│ │                   [2m│   │   │   │   [0massignee_key=[3mNone[0m,                     │ │
│ │                   [2m│   │   │   │   [0mcreated_at=[1mdatetime[0m[1m.datetime[0m[1m([0m[1m2026[0m, [1m1[0m,  │ │
│ │                   [1m1[0m, [1m0[0m, [1m0[0m, tzinfo=datetime.timezone.utc[1m)[0m,                │ │
│ │                   [2m│   │   │   │   [0mupdated_at=[1mdatetime[0m[1m.datetime[0m[1m([0m[1m2026[0m, [1m1[0m,  │ │
│ │                   [1m1[0m, [1m0[0m, [1m0[0m, tzinfo=datetime.timezone.utc[1m)[0m,                │ │
│ │                   [2m│   │   │   │   [0m                                       │ │
│ │                   url='https://tracker.invalid/issue/A/check'            │ │
│ │                   [2m│   │   │   [0m[1m)[0m,                                         │ │
│ │                   [2m│   │   │   [0m[1mTrackerIssue[0m[1m([0m                              │ │
│ │                   [2m│   │   │   │   [0missue_key='B/check',                   │ │
│ │                   [2m│   │   │   │   [0mtitle='B/check',                       │ │
│ │                   [2m│   │   │   │   [0mbody='**Check:** B live Check          │ │
│ │                   bytes\n**Evidence:** —',                               │ │
│ │                   [2m│   │   │   │   [0mpriority=<IssuePriority.NONE: 'none'>, │ │
│ │                   [2m│   │   │   │   [0mstate_name='Todo',                     │ │
│ │                   [2m│   │   │   │   [0m                                       │ │
│ │                   state_kind=<WorkflowStateKind.UNSTARTED: 'unstarted'>, │ │
│ │                   [2m│   │   │   │   [0mqueue_states=[1mfrozenset[0m[1m([0m[1m{[0m               │ │
│ │                   [2m│   │   │   │   │   [0m<QueueState.APPROVED: 'approved'>  │ │
│ │                   [2m│   │   │   │   [0m[1m}[0m[1m)[0m,                                    │ │
│ │                   [2m│   │   │   │   [0missue_labels=[1mfrozenset[0m[1m([0m[1m{[0m               │ │
│ │                   [2m│   │   │   │   │   [0m'criterion'                        │ │
│ │                   [2m│   │   │   │   [0m[1m}[0m[1m)[0m,                                    │ │
│ │                   [2m│   │   │   │   [0mteam_key='engineering',                │ │
│ │                   [2m│   │   │   │   [0mproject=[3mNone[0m,                          │ │
│ │                   [2m│   │   │   │   [0mproject_id=[3mNone[0m,                       │ │
│ │                   [2m│   │   │   │   [0mmilestone_key=[3mNone[0m,                    │ │
│ │                   [2m│   │   │   │   [0mrelations=[1m([0m[1m)[0m,                          │ │
│ │                   [2m│   │   │   │   [0mparent_key='B',                        │ │
│ │                   [2m│   │   │   │   [0massignee_key=[3mNone[0m,                     │ │
│ │                   [2m│   │   │   │   [0mcreated_at=[1mdatetime[0m[1m.datetime[0m[1m([0m[1m2026[0m, [1m1[0m,  │ │
│ │                   [1m1[0m, [1m0[0m, [1m0[0m, tzinfo=datetime.timezone.utc[1m)[0m,                │ │
│ │                   [2m│   │   │   │   [0mupdated_at=[1mdatetime[0m[1m.datetime[0m[1m([0m[1m2026[0m, [1m1[0m,  │ │
│ │                   [1m1[0m, [1m0[0m, [1m0[0m, tzinfo=datetime.timezone.utc[1m)[0m,                │ │
│ │                   [2m│   │   │   │   [0m                                       │ │
│ │                   url='https://tracker.invalid/issue/B/check'            │ │
│ │                   [2m│   │   │   [0m[1m)[0m                                          │ │
│ │                   [2m│   │   [0m[1m)[0m                                              │ │
│ │                   [2m│   [0m[1m)[0m,                                                 │ │
│ │                   [2m│   [0mready=[1m([0m                                            │ │
│ │                   [2m│   │   [0m[1mScopeReadyLane[0m[1m([0m                                │ │
│ │                   [2m│   │   │   [0missue=[1mTrackerIssue[0m[1m([0m                        │ │
│ │                   [2m│   │   │   │   [0missue_key='A',                         │ │
│ │                   [2m│   │   │   │   [0mtitle='A',                             │ │
│ │                   [2m│   │   │   │   [0mbody='Exact native subject A  with     │ │
│ │                   spaces\n',                                             │ │
│ │                   [2m│   │   │   │   [0mpriority=<IssuePriority.NONE: 'none'>, │ │
│ │                   [2m│   │   │   │   [0mstate_name='Todo',                     │ │
│ │                   [2m│   │   │   │   [0m                                       │ │
│ │                   state_kind=<WorkflowStateKind.UNSTARTED: 'unstarted'>, │ │
│ │                   [2m│   │   │   │   [0mqueue_states=[1mfrozenset[0m[1m([0m[1m{[0m               │ │
│ │                   [2m│   │   │   │   │   [0m<QueueState.APPROVED: 'approved'>  │ │
│ │                   [2m│   │   │   │   [0m[1m}[0m[1m)[0m,                                    │ │
│ │                   [2m│   │   │   │   [0missue_labels=[1mfrozenset[0m[1m([0m[1m{[0m               │ │
│ │                   [2m│   │   │   │   │   [0m'criteria-staged'                  │ │
│ │                   [2m│   │   │   │   [0m[1m}[0m[1m)[0m,                                    │ │
│ │                   [2m│   │   │   │   [0mteam_key='engineering',                │ │
│ │                   [2m│   │   │   │   [0mproject=[3mNone[0m,                          │ │
│ │                   [2m│   │   │   │   [0mproject_id=[3mNone[0m,                       │ │
│ │                   [2m│   │   │   │   [0mmilestone_key=[3mNone[0m,                    │ │
│ │                   [2m│   │   │   │   [0mrelations=[1m([0m[1m)[0m,                          │ │
│ │                   [2m│   │   │   │   [0mparent_key=[3mNone[0m,                       │ │
│ │                   [2m│   │   │   │   [0massignee_key=[3mNone[0m,                     │ │
│ │                   [2m│   │   │   │   [0mcreated_at=[1mdatetime[0m[1m.datetime[0m[1m([0m[1m2026[0m, [1m1[0m,  │ │
│ │                   [1m1[0m, [1m0[0m, [1m0[0m, tzinfo=datetime.timezone.utc[1m)[0m,                │ │
│ │                   [2m│   │   │   │   [0mupdated_at=[1mdatetime[0m[1m.datetime[0m[1m([0m[1m2026[0m, [1m1[0m,  │ │
│ │                   [1m1[0m, [1m0[0m, [1m0[0m, tzinfo=datetime.timezone.utc[1m)[0m,                │ │
│ │                   [2m│   │   │   │   [0murl='https://tracker.invalid/issue/A'  │ │
│ │                   [2m│   │   │   [0m[1m)[0m,                                         │ │
│ │                   [2m│   │   │   [0meffective_priority=<IssuePriority.NONE:    │ │
│ │                   'none'>,                                               │ │
│ │                   [2m│   │   │   [0mgap=[1m([0m                                      │ │
│ │                   [2m│   │   │   │   [0m[1mTrackerIssue[0m[1m([0m                          │ │
│ │                   [2m│   │   │   │   │   [0missue_key='A/check',               │ │
│ │                   [2m│   │   │   │   │   [0mtitle='A/check',                   │ │
│ │                   [2m│   │   │   │   │   [0mbody='**Check:** A live Check      │ │
│ │                   bytes\n**Evidence:** —',                               │ │
│ │                   [2m│   │   │   │   │   [0mpriority=<IssuePriority.NONE:      │ │
│ │                   'none'>,                                               │ │
│ │                   [2m│   │   │   │   │   [0mstate_name='Todo',                 │ │
│ │                   [2m│   │   │   │   │   [0m                                   │ │
│ │                   state_kind=<WorkflowStateKind.UNSTARTED: 'unstarted'>, │ │
│ │                   [2m│   │   │   │   │   [0mqueue_states=[1mfrozenset[0m[1m([0m[1m{[0m           │ │
│ │                   [2m│   │   │   │   │   │   [0m<QueueState.APPROVED:          │ │
│ │                   'approved'>                                            │ │
│ │                   [2m│   │   │   │   │   [0m[1m}[0m[1m)[0m,                                │ │
│ │                   [2m│   │   │   │   │   [0missue_labels=[1mfrozenset[0m[1m([0m[1m{[0m           │ │
│ │                   [2m│   │   │   │   │   │   [0m'criterion'                    │ │
│ │                   [2m│   │   │   │   │   [0m[1m}[0m[1m)[0m,                                │ │
│ │                   [2m│   │   │   │   │   [0mteam_key='engineering',            │ │
│ │                   [2m│   │   │   │   │   [0mproject=[3mNone[0m,                      │ │
│ │                   [2m│   │   │   │   │   [0mproject_id=[3mNone[0m,                   │ │
│ │                   [2m│   │   │   │   │   [0mmilestone_key=[3mNone[0m,                │ │
│ │                   [2m│   │   │   │   │   [0mrelations=[1m([0m[1m)[0m,                      │ │
│ │                   [2m│   │   │   │   │   [0mparent_key='A',                    │ │
│ │                   [2m│   │   │   │   │   [0massignee_key=[3mNone[0m,                 │ │
│ │                   [2m│   │   │   │   │   [0mcreated_at=[1mdatetime[0m[1m.datetime[0m[1m([0m[1m2026[0m, │ │
│ │                   [1m1[0m, [1m1[0m, [1m0[0m, [1m0[0m, tzinfo=datetime.timezone.utc[1m)[0m,             │ │
│ │                   [2m│   │   │   │   │   [0mupdated_at=[1mdatetime[0m[1m.datetime[0m[1m([0m[1m2026[0m, │ │
│ │                   [1m1[0m, [1m1[0m, [1m0[0m, [1m0[0m, tzinfo=datetime.timezone.utc[1m)[0m,             │ │
│ │                   [2m│   │   │   │   │   [0m                                   │ │
│ │                   url='https://tracker.invalid/issue/A/check'            │ │
│ │                   [2m│   │   │   │   [0m[1m)[0m,                                     │ │
│ │                   [2m│   │   │   [0m[1m)[0m                                          │ │
│ │                   [2m│   │   [0m[1m)[0m,                                             │ │
│ │                   [2m│   [0m[1m)[0m,                                                 │ │
│ │                   [2m│   [0mblocked=[1m([0m                                          │ │
│ │                   [2m│   │   [0m[1mBlockedIssue[0m[1m([0m                                  │ │
│ │                   [2m│   │   │   [0missue_key='B',                             │ │
│ │                   [2m│   │   │   [0mblocker_keys=[1m([0m'A',[1m)[0m                        │ │
│ │                   [2m│   │   [0m[1m)[0m,                                             │ │
│ │                   [2m│   [0m[1m)[0m,                                                 │ │
│ │                   [2m│   [0munapproved=[1m([0m[1m)[0m,                                     │ │
│ │                   [2m│   [0mcriteria=[1m([0m                                         │ │
│ │                   [2m│   │   [0m[1mTrackerIssue[0m[1m([0m                                  │ │
│ │                   [2m│   │   │   [0missue_key='A/check',                       │ │
│ │                   [2m│   │   │   [0mtitle='A/check',                           │ │
│ │                   [2m│   │   │   [0mbody='**Check:** A live Check              │ │
│ │                   bytes\n**Evidence:** —',                               │ │
│ │                   [2m│   │   │   [0mpriority=<IssuePriority.NONE: 'none'>,     │ │
│ │                   [2m│   │   │   [0mstate_name='Todo',                         │ │
│ │                   [2m│   │   │   [0mstate_kind=<WorkflowStateKind.UNSTARTED:   │ │
│ │                   'unstarted'>,                                          │ │
│ │                   [2m│   │   │   [0mqueue_states=[1mfrozenset[0m[1m([0m[1m{[0m                   │ │
│ │                   [2m│   │   │   │   [0m<QueueState.APPROVED: 'approved'>      │ │
│ │                   [2m│   │   │   [0m[1m}[0m[1m)[0m,                                        │ │
│ │                   [2m│   │   │   [0missue_labels=[1mfrozenset[0m[1m([0m[1m{[0m'criterion'[1m}[0m[1m)[0m,     │ │
│ │                   [2m│   │   │   [0mteam_key='engineering',                    │ │
│ │                   [2m│   │   │   [0mproject=[3mNone[0m,                              │ │
│ │                   [2m│   │   │   [0mproject_id=[3mNone[0m,                           │ │
│ │                   [2m│   │   │   [0mmilestone_key=[3mNone[0m,                        │ │
│ │                   [2m│   │   │   [0mrelations=[1m([0m[1m)[0m,                              │ │
│ │                   [2m│   │   │   [0mparent_key='A',                            │ │
│ │                   [2m│   │   │   [0massignee_key=[3mNone[0m,                         │ │
│ │                   [2m│   │   │   [0mcreated_at=[1mdatetime[0m[1m.datetime[0m[1m([0m[1m2026[0m, [1m1[0m, [1m1[0m,   │ │
│ │                   [1m0[0m, [1m0[0m, tzinfo=datetime.timezone.utc[1m)[0m,                   │ │
│ │                   [2m│   │   │   [0mupdated_at=[1mdatetime[0m[1m.datetime[0m[1m([0m[1m2026[0m, [1m1[0m, [1m1[0m,   │ │
│ │                   [1m0[0m, [1m0[0m, tzinfo=datetime.timezone.utc[1m)[0m,                   │ │
│ │                   [2m│   │   │   [0m                                           │ │
│ │                   url='https://tracker.invalid/issue/A/check'            │ │
│ │                   [2m│   │   [0m[1m)[0m,                                             │ │
│ │                   [2m│   │   [0m[1mTrackerIssue[0m[1m([0m                                  │ │
│ │                   [2m│   │   │   [0missue_key='B/check',                       │ │
│ │                   [2m│   │   │   [0mtitle='B/check',                           │ │
│ │                   [2m│   │   │   [0mbody='**Check:** B live Check              │ │
│ │                   bytes\n**Evidence:** —',                               │ │
│ │                   [2m│   │   │   [0mpriority=<IssuePriority.NONE: 'none'>,     │ │
│ │                   [2m│   │   │   [0mstate_name='Todo',                         │ │
│ │                   [2m│   │   │   [0mstate_kind=<WorkflowStateKind.UNSTARTED:   │ │
│ │                   'unstarted'>,                                          │ │
│ │                   [2m│   │   │   [0mqueue_states=[1mfrozenset[0m[1m([0m[1m{[0m                   │ │
│ │                   [2m│   │   │   │   [0m<QueueState.APPROVED: 'approved'[1m>[0m      │ │
│ │                   [2m│   │   │   [0m[1m}[0m[1m)[0m,                                        │ │
│ │                   [2m│   │   │   [0missue_labels=[1mfrozenset[0m[1m([0m[1m{[0m'criterion'[1m}[0m[1m)[0m,     │ │
│ │                   [2m│   │   │   [0mteam_key='engineering',                    │ │
│ │                   [2m│   │   │   [0mproject=[3mNone[0m,                              │ │
│ │                   [2m│   │   │   [0mproject_id=[3mNone[0m,                           │ │
│ │                   [2m│   │   │   [0mmilestone_key=[3mNone[0m,                        │ │
│ │                   [2m│   │   │   [0mrelations=[1m([0m[1m)[0m,                              │ │
│ │                   [2m│   │   │   [0mparent_key='B',                            │ │
│ │                   [2m│   │   │   [0massignee_key=[3mNone[0m,                         │ │
│ │                   [2m│   │   │   [0mcreated_at=[1mdatetime[0m[1m.datetime[0m[1m([0m[1m2026[0m, [1m1[0m, [1m1[0m,   │ │
│ │                   [1m0[0m, [1m0[0m, tzinfo=datetime.timezone.utc[1m)[0m,                   │ │
│ │                   [2m│   │   │   [0mupdated_at=[1mdatetime[0m[1m.datetime[0m[1m([0m[1m2026[0m, [1m1[0m, [1m1[0m,   │ │
│ │                   [1m0[0m, [1m0[0m, tzinfo=datetime.timezone.utc[1m)[0m,                   │ │
│ │                   [2m│   │   │   [0m                                           │ │
│ │                   url='https://tracker.invalid/issue/B/check'            │ │
│ │                   [2m│   │   [0m[1m)[0m                                              │ │
│ │                   [2m│   [0m[1m)[0m                                                  │ │
│ │                   [1m)[0m                                                      │ │
│ │       [3mrefreshed[0m = [1mScopeReadySet[0m[1m([0m                                         │ │
│ │                   [2m│   [0mscope=[1mResolvedScope[0m[1m([0m                               │ │
│ │                   [2m│   │   [0mref=[1mScopeRef[0m[1m([0m                                  │ │
│ │                   [2m│   │   │   [0mkind=[1m<[0m[1mScopeKind.PROJECT:[0m 'project'>,       │ │
│ │                   [2m│   │   │   [0mkey='scoped-project'                       │ │
│ │                   [2m│   │   [0m[1m)[0m,                                             │ │
│ │                   [2m│   │   [0missues=[1m([0m                                       │ │
│ │                   [2m│   │   │   [0m[1mTrackerIssue[0m[1m([0m                              │ │
│ │                   [2m│   │   │   │   [0missue_key='A',                         │ │
│ │                   [2m│   │   │   │   [0mtitle='A',                             │ │
│ │                   [2m│   │   │   │   [0mbody='Exact native subject A  with     │ │
│ │                   spaces\n',                                             │ │
│ │                   [2m│   │   │   │   [0mpriority=<IssuePriority.NONE: 'none'>, │ │
│ │                   [2m│   │   │   │   [0mstate_name='Todo',                     │ │
│ │                   [2m│   │   │   │   [0m                                       │ │
│ │                   state_kind=<WorkflowStateKind.UNSTARTED: 'unstarted'>, │ │
│ │                   [2m│   │   │   │   [0mqueue_states=[1mfrozenset[0m[1m([0m[1m{[0m               │ │
│ │                   [2m│   │   │   │   │   [0m<QueueState.APPROVED: 'approved'>  │ │
│ │                   [2m│   │   │   │   [0m[1m}[0m[1m)[0m,                                    │ │
│ │                   [2m│   │   │   │   [0missue_labels=[1mfrozenset[0m[1m([0m[1m{[0m               │ │
│ │                   [2m│   │   │   │   │   [0m'criteria-staged'                  │ │
│ │                   [2m│   │   │   │   [0m[1m}[0m[1m)[0m,                                    │ │
│ │                   [2m│   │   │   │   [0mteam_key='engineering',                │ │
│ │                   [2m│   │   │   │   [0mproject=[3mNone[0m,                          │ │
│ │                   [2m│   │   │   │   [0mproject_id=[3mNone[0m,                       │ │
│ │                   [2m│   │   │   │   [0mmilestone_key=[3mNone[0m,                    │ │
│ │                   [2m│   │   │   │   [0mrelations=[1m([0m[1m)[0m,                          │ │
│ │                   [2m│   │   │   │   [0mparent_key=[3mNone[0m,                       │ │
│ │                   [2m│   │   │   │   [0massignee_key=[3mNone[0m,                     │ │
│ │                   [2m│   │   │   │   [0mcreated_at=[1mdatetime[0m[1m.datetime[0m[1m([0m[1m2026[0m, [1m1[0m,  │ │
│ │                   [1m1[0m, [1m0[0m, [1m0[0m, tzinfo=datetime.timezone.utc[1m)[0m,                │ │
│ │                   [2m│   │   │   │   [0mupdated_at=[1mdatetime[0m[1m.datetime[0m[1m([0m[1m2026[0m, [1m1[0m,  │ │
│ │                   [1m1[0m, [1m0[0m, [1m0[0m, tzinfo=datetime.timezone.utc[1m)[0m,                │ │
│ │                   [2m│   │   │   │   [0murl='https://tracker.invalid/issue/A'  │ │
│ │                   [2m│   │   │   [0m[1m)[0m,                                         │ │
│ │                   [2m│   │   │   [0m[1mTrackerIssue[0m[1m([0m                              │ │
│ │                   [2m│   │   │   │   [0missue_key='B',                         │ │
│ │                   [2m│   │   │   │   [0mtitle='B',                             │ │
│ │                   [2m│   │   │   │   [0mbody='Exact native subject B  with     │ │
│ │                   spaces\n',                                             │ │
│ │                   [2m│   │   │   │   [0mpriority=<IssuePriority.NONE: 'none'>, │ │
│ │                   [2m│   │   │   │   [0mstate_name='Todo',                     │ │
│ │                   [2m│   │   │   │   [0m                                       │ │
│ │                   state_kind=<WorkflowStateKind.UNSTARTED: 'unstarted'>, │ │
│ │                   [2m│   │   │   │   [0mqueue_states=[1mfrozenset[0m[1m([0m[1m{[0m               │ │
│ │                   [2m│   │   │   │   │   [0m<QueueState.APPROVED: 'approved'>  │ │
│ │                   [2m│   │   │   │   [0m[1m}[0m[1m)[0m,                                    │ │
│ │                   [2m│   │   │   │   [0missue_labels=[1mfrozenset[0m[1m([0m[1m{[0m               │ │
│ │                   [2m│   │   │   │   │   [0m'criteria-staged'                  │ │
│ │                   [2m│   │   │   │   [0m[1m}[0m[1m)[0m,                                    │ │
│ │                   [2m│   │   │   │   [0mteam_key='engineering',                │ │
│ │                   [2m│   │   │   │   [0mproject=[3mNone[0m,                          │ │
│ │                   [2m│   │   │   │   [0mproject_id=[3mNone[0m,                       │ │
│ │                   [2m│   │   │   │   [0mmilestone_key=[3mNone[0m,                    │ │
│ │                   [2m│   │   │   │   [0mrelations=[1m([0m                            │ │
│ │                   [2m│   │   │   │   │   [0m[1mIssueRelation[0m[1m([0m                     │ │
│ │                   [2m│   │   │   │   │   │   [0m                               │ │
│ │                   kind=<IssueRelationKind.BLOCKED_BY: 'blocked_by'>,     │ │
│ │                   [2m│   │   │   │   │   │   [0missue_key='A'                  │ │
│ │                   [2m│   │   │   │   │   [0m[1m)[0m,                                 │ │
│ │                   [2m│   │   │   │   [0m[1m)[0m,                                     │ │
│ │                   [2m│   │   │   │   [0mparent_key=[3mNone[0m,                       │ │
│ │                   [2m│   │   │   │   [0massignee_key=[3mNone[0m,                     │ │
│ │                   [2m│   │   │   │   [0mcreated_at=[1mdatetime[0m[1m.datetime[0m[1m([0m[1m2026[0m, [1m1[0m,  │ │
│ │                   [1m1[0m, [1m0[0m, [1m0[0m, tzinfo=datetime.timezone.utc[1m)[0m,                │ │
│ │                   [2m│   │   │   │   [0mupdated_at=[1mdatetime[0m[1m.datetime[0m[1m([0m[1m2026[0m, [1m1[0m,  │ │
│ │                   [1m1[0m, [1m0[0m, [1m0[0m, tzinfo=datetime.timezone.utc[1m)[0m,                │ │
│ │                   [2m│   │   │   │   [0murl='https://tracker.invalid/issue/B'  │ │
│ │                   [2m│   │   │   [0m[1m)[0m,                                         │ │
│ │                   [2m│   │   │   [0m[1mTrackerIssue[0m[1m([0m                              │ │
│ │                   [2m│   │   │   │   [0missue_key='A/check',                   │ │
│ │                   [2m│   │   │   │   [0mtitle='A/check',                       │ │
│ │                   [2m│   │   │   │   [0mbody='**Check:** A live Check          │ │
│ │                   bytes\n**Evidence:** —',                               │ │
│ │                   [2m│   │   │   │   [0mpriority=<IssuePriority.NONE: 'none'>, │ │
│ │                   [2m│   │   │   │   [0mstate_name='Todo',                     │ │
│ │                   [2m│   │   │   │   [0m                                       │ │
│ │                   state_kind=<WorkflowStateKind.UNSTARTED: 'unstarted'>, │ │
│ │                   [2m│   │   │   │   [0mqueue_states=[1mfrozenset[0m[1m([0m[1m{[0m               │ │
│ │                   [2m│   │   │   │   │   [0m<QueueState.APPROVED: 'approved'>  │ │
│ │                   [2m│   │   │   │   [0m[1m}[0m[1m)[0m,                                    │ │
│ │                   [2m│   │   │   │   [0missue_labels=[1mfrozenset[0m[1m([0m[1m{[0m               │ │
│ │                   [2m│   │   │   │   │   [0m'criterion'                        │ │
│ │                   [2m│   │   │   │   [0m[1m}[0m[1m)[0m,                                    │ │
│ │                   [2m│   │   │   │   [0mteam_key='engineering',                │ │
│ │                   [2m│   │   │   │   [0mproject=[3mNone[0m,                          │ │
│ │                   [2m│   │   │   │   [0mproject_id=[3mNone[0m,                       │ │
│ │                   [2m│   │   │   │   [0mmilestone_key=[3mNone[0m,                    │ │
│ │                   [2m│   │   │   │   [0mrelations=[1m([0m[1m)[0m,                          │ │
│ │                   [2m│   │   │   │   [0mparent_key='A',                        │ │
│ │                   [2m│   │   │   │   [0massignee_key=[3mNone[0m,                     │ │
│ │                   [2m│   │   │   │   [0mcreated_at=[1mdatetime[0m[1m.datetime[0m[1m([0m[1m2026[0m, [1m1[0m,  │ │
│ │                   [1m1[0m, [1m0[0m, [1m0[0m, tzinfo=datetime.timezone.utc[1m)[0m,                │ │
│ │                   [2m│   │   │   │   [0mupdated_at=[1mdatetime[0m[1m.datetime[0m[1m([0m[1m2026[0m, [1m1[0m,  │ │
│ │                   [1m1[0m, [1m0[0m, [1m0[0m, tzinfo=datetime.timezone.utc[1m)[0m,                │ │
│ │                   [2m│   │   │   │   [0m                                       │ │
│ │                   url='https://tracker.invalid/issue/A/check'            │ │
│ │                   [2m│   │   │   [0m[1m)[0m,                                         │ │
│ │                   [2m│   │   │   [0m[1mTrackerIssue[0m[1m([0m                              │ │
│ │                   [2m│   │   │   │   [0missue_key='B/check',                   │ │
│ │                   [2m│   │   │   │   [0mtitle='B/check',                       │ │
│ │                   [2m│   │   │   │   [0mbody='**Check:** B live Check          │ │
│ │                   bytes\n**Evidence:** —',                               │ │
│ │                   [2m│   │   │   │   [0mpriority=<IssuePriority.NONE: 'none'>, │ │
│ │                   [2m│   │   │   │   [0mstate_name='Todo',                     │ │
│ │                   [2m│   │   │   │   [0m                                       │ │
│ │                   state_kind=<WorkflowStateKind.UNSTARTED: 'unstarted'>, │ │
│ │                   [2m│   │   │   │   [0mqueue_states=[1mfrozenset[0m[1m([0m[1m{[0m               │ │
│ │                   [2m│   │   │   │   │   [0m<QueueState.APPROVED: 'approved'>  │ │
│ │                   [2m│   │   │   │   [0m[1m}[0m[1m)[0m,                                    │ │
│ │                   [2m│   │   │   │   [0missue_labels=[1mfrozenset[0m[1m([0m[1m{[0m               │ │
│ │                   [2m│   │   │   │   │   [0m'criterion'                        │ │
│ │                   [2m│   │   │   │   [0m[1m}[0m[1m)[0m,                                    │ │
│ │                   [2m│   │   │   │   [0mteam_key='engineering',                │ │
│ │                   [2m│   │   │   │   [0mproject=[3mNone[0m,                          │ │
│ │                   [2m│   │   │   │   [0mproject_id=[3mNone[0m,                       │ │
│ │                   [2m│   │   │   │   [0mmilestone_key=[3mNone[0m,                    │ │
│ │                   [2m│   │   │   │   [0mrelations=[1m([0m[1m)[0m,                          │ │
│ │                   [2m│   │   │   │   [0mparent_key='B',                        │ │
│ │                   [2m│   │   │   │   [0massignee_key=[3mNone[0m,                     │ │
│ │                   [2m│   │   │   │   [0mcreated_at=[1mdatetime[0m[1m.datetime[0m[1m([0m[1m2026[0m, [1m1[0m,  │ │
│ │                   [1m1[0m, [1m0[0m, [1m0[0m, tzinfo=datetime.timezone.utc[1m)[0m,                │ │
│ │                   [2m│   │   │   │   [0mupdated_at=[1mdatetime[0m[1m.datetime[0m[1m([0m[1m2026[0m, [1m1[0m,  │ │
│ │                   [1m1[0m, [1m0[0m, [1m0[0m, tzinfo=datetime.timezone.utc[1m)[0m,                │ │
│ │                   [2m│   │   │   │   [0m                                       │ │
│ │                   url='https://tracker.invalid/issue/B/check'            │ │
│ │                   [2m│   │   │   [0m[1m)[0m                                          │ │
│ │                   [2m│   │   [0m[1m)[0m                                              │ │
│ │                   [2m│   [0m[1m)[0m,                                                 │ │
│ │                   [2m│   [0mready=[1m([0m                                            │ │
│ │                   [2m│   │   [0m[1mScopeReadyLane[0m[1m([0m                                │ │
│ │                   [2m│   │   │   [0missue=[1mTrackerIssue[0m[1m([0m                        │ │
│ │                   [2m│   │   │   │   [0missue_key='A',                         │ │
│ │                   [2m│   │   │   │   [0mtitle='A',                             │ │
│ │                   [2m│   │   │   │   [0mbody='Exact native subject A  with     │ │
│ │                   spaces\n',                                             │ │
│ │                   [2m│   │   │   │   [0mpriority=<IssuePriority.NONE: 'none'>, │ │
│ │                   [2m│   │   │   │   [0mstate_name='Todo',                     │ │
│ │                   [2m│   │   │   │   [0m                                       │ │
│ │                   state_kind=<WorkflowStateKind.UNSTARTED: 'unstarted'>, │ │
│ │                   [2m│   │   │   │   [0mqueue_states=[1mfrozenset[0m[1m([0m[1m{[0m               │ │
│ │                   [2m│   │   │   │   │   [0m<QueueState.APPROVED: 'approved'>  │ │
│ │                   [2m│   │   │   │   [0m[1m}[0m[1m)[0m,                                    │ │
│ │                   [2m│   │   │   │   [0missue_labels=[1mfrozenset[0m[1m([0m[1m{[0m               │ │
│ │                   [2m│   │   │   │   │   [0m'criteria-staged'                  │ │
│ │                   [2m│   │   │   │   [0m[1m}[0m[1m)[0m,                                    │ │
│ │                   [2m│   │   │   │   [0mteam_key='engineering',                │ │
│ │                   [2m│   │   │   │   [0mproject=[3mNone[0m,                          │ │
│ │                   [2m│   │   │   │   [0mproject_id=[3mNone[0m,                       │ │
│ │                   [2m│   │   │   │   [0mmilestone_key=[3mNone[0m,                    │ │
│ │                   [2m│   │   │   │   [0mrelations=[1m([0m[1m)[0m,                          │ │
│ │                   [2m│   │   │   │   [0mparent_key=[3mNone[0m,                       │ │
│ │                   [2m│   │   │   │   [0massignee_key=[3mNone[0m,                     │ │
│ │                   [2m│   │   │   │   [0mcreated_at=[1mdatetime[0m[1m.datetime[0m[1m([0m[1m2026[0m, [1m1[0m,  │ │
│ │                   [1m1[0m, [1m0[0m, [1m0[0m, tzinfo=datetime.timezone.utc[1m)[0m,                │ │
│ │                   [2m│   │   │   │   [0mupdated_at=[1mdatetime[0m[1m.datetime[0m[1m([0m[1m2026[0m, [1m1[0m,  │ │
│ │                   [1m1[0m, [1m0[0m, [1m0[0m, tzinfo=datetime.timezone.utc[1m)[0m,                │ │
│ │                   [2m│   │   │   │   [0murl='https://tracker.invalid/issue/A'  │ │
│ │                   [2m│   │   │   [0m[1m)[0m,                                         │ │
│ │                   [2m│   │   │   [0meffective_priority=<IssuePriority.NONE:    │ │
│ │                   'none'>,                                               │ │
│ │                   [2m│   │   │   [0mgap=[1m([0m                                      │ │
│ │                   [2m│   │   │   │   [0m[1mTrackerIssue[0m[1m([0m                          │ │
│ │                   [2m│   │   │   │   │   [0missue_key='A/check',               │ │
│ │                   [2m│   │   │   │   │   [0mtitle='A/check',                   │ │
│ │                   [2m│   │   │   │   │   [0mbody='**Check:** A live Check      │ │
│ │                   bytes\n**Evidence:** —',                               │ │
│ │                   [2m│   │   │   │   │   [0mpriority=<IssuePriority.NONE:      │ │
│ │                   'none'>,                                               │ │
│ │                   [2m│   │   │   │   │   [0mstate_name='Todo',                 │ │
│ │                   [2m│   │   │   │   │   [0m                                   │ │
│ │                   state_kind=<WorkflowStateKind.UNSTARTED: 'unstarted'>, │ │
│ │                   [2m│   │   │   │   │   [0mqueue_states=[1mfrozenset[0m[1m([0m[1m{[0m           │ │
│ │                   [2m│   │   │   │   │   │   [0m<QueueState.APPROVED:          │ │
│ │                   'approved'>                                            │ │
│ │                   [2m│   │   │   │   │   [0m[1m}[0m[1m)[0m,                                │ │
│ │                   [2m│   │   │   │   │   [0missue_labels=[1mfrozenset[0m[1m([0m[1m{[0m           │ │
│ │                   [2m│   │   │   │   │   │   [0m'criterion'                    │ │
│ │                   [2m│   │   │   │   │   [0m[1m}[0m[1m)[0m,                                │ │
│ │                   [2m│   │   │   │   │   [0mteam_key='engineering',            │ │
│ │                   [2m│   │   │   │   │   [0mproject=[3mNone[0m,                      │ │
│ │                   [2m│   │   │   │   │   [0mproject_id=[3mNone[0m,                   │ │
│ │                   [2m│   │   │   │   │   [0mmilestone_key=[3mNone[0m,                │ │
│ │                   [2m│   │   │   │   │   [0mrelations=[1m([0m[1m)[0m,                      │ │
│ │                   [2m│   │   │   │   │   [0mparent_key='A',                    │ │
│ │                   [2m│   │   │   │   │   [0massignee_key=[3mNone[0m,                 │ │
│ │                   [2m│   │   │   │   │   [0mcreated_at=[1mdatetime[0m[1m.datetime[0m[1m([0m[1m2026[0m, │ │
│ │                   [1m1[0m, [1m1[0m, [1m0[0m, [1m0[0m, tzinfo=datetime.timezone.utc[1m)[0m,             │ │
│ │                   [2m│   │   │   │   │   [0mupdated_at=[1mdatetime[0m[1m.datetime[0m[1m([0m[1m2026[0m, │ │
│ │                   [1m1[0m, [1m1[0m, [1m0[0m, [1m0[0m, tzinfo=datetime.timezone.utc[1m)[0m,             │ │
│ │                   [2m│   │   │   │   │   [0m                                   │ │
│ │                   url='https://tracker.invalid/issue/A/check'            │ │
│ │                   [2m│   │   │   │   [0m[1m)[0m,                                     │ │
│ │                   [2m│   │   │   [0m[1m)[0m                                          │ │
│ │                   [2m│   │   [0m[1m)[0m,                                             │ │
│ │                   [2m│   [0m[1m)[0m,                                                 │ │
│ │                   [2m│   [0mblocked=[1m([0m                                          │ │
│ │                   [2m│   │   [0m[1mBlockedIssue[0m[1m([0m                                  │ │
│ │                   [2m│   │   │   [0missue_key='B',                             │ │
│ │                   [2m│   │   │   [0mblocker_keys=[1m([0m'A',[1m)[0m                        │ │
│ │                   [2m│   │   [0m[1m)[0m,                                             │ │
│ │                   [2m│   [0m[1m)[0m,                                                 │ │
│ │                   [2m│   [0munapproved=[1m([0m[1m)[0m,                                     │ │
│ │                   [2m│   [0mcriteria=[1m([0m                                         │ │
│ │                   [2m│   │   [0m[1mTrackerIssue[0m[1m([0m                                  │ │
│ │                   [2m│   │   │   [0missue_key='A/check',                       │ │
│ │                   [2m│   │   │   [0mtitle='A/check',                           │ │
│ │                   [2m│   │   │   [0mbody='**Check:** A live Check              │ │
│ │                   bytes\n**Evidence:** —',                               │ │
│ │                   [2m│   │   │   [0mpriority=<IssuePriority.NONE: 'none'>,     │ │
│ │                   [2m│   │   │   [0mstate_name='Todo',                         │ │
│ │                   [2m│   │   │   [0mstate_kind=<WorkflowStateKind.UNSTARTED:   │ │
│ │                   'unstarted'>,                                          │ │
│ │                   [2m│   │   │   [0mqueue_states=[1mfrozenset[0m[1m([0m[1m{[0m                   │ │
│ │                   [2m│   │   │   │   [0m<QueueState.APPROVED: 'approved'>      │ │
│ │                   [2m│   │   │   [0m[1m}[0m[1m)[0m,                                        │ │
│ │                   [2m│   │   │   [0missue_labels=[1mfrozenset[0m[1m([0m[1m{[0m'criterion'[1m}[0m[1m)[0m,     │ │
│ │                   [2m│   │   │   [0mteam_key='engineering',                    │ │
│ │                   [2m│   │   │   [0mproject=[3mNone[0m,                              │ │
│ │                   [2m│   │   │   [0mproject_id=[3mNone[0m,                           │ │
│ │                   [2m│   │   │   [0mmilestone_key=[3mNone[0m,                        │ │
│ │                   [2m│   │   │   [0mrelations=[1m([0m[1m)[0m,                              │ │
│ │                   [2m│   │   │   [0mparent_key='A',                            │ │
│ │                   [2m│   │   │   [0massignee_key=[3mNone[0m,                         │ │
│ │                   [2m│   │   │   [0mcreated_at=[1mdatetime[0m[1m.datetime[0m[1m([0m[1m2026[0m, [1m1[0m, [1m1[0m,   │ │
│ │                   [1m0[0m, [1m0[0m, tzinfo=datetime.timezone.utc[1m)[0m,                   │ │
│ │                   [2m│   │   │   [0mupdated_at=[1mdatetime[0m[1m.datetime[0m[1m([0m[1m2026[0m, [1m1[0m, [1m1[0m,   │ │
│ │                   [1m0[0m, [1m0[0m, tzinfo=datetime.timezone.utc[1m)[0m,                   │ │
│ │                   [2m│   │   │   [0m                                           │ │
│ │                   url='https://tracker.invalid/issue/A/check'            │ │
│ │                   [2m│   │   [0m[1m)[0m,                                             │ │
│ │                   [2m│   │   [0m[1mTrackerIssue[0m[1m([0m                                  │ │
│ │                   [2m│   │   │   [0missue_key='B/check',                       │ │
│ │                   [2m│   │   │   [0mtitle='B/check',                           │ │
│ │                   [2m│   │   │   [0mbody='**Check:** B live Check              │ │
│ │                   bytes\n**Evidence:** —',                               │ │
│ │                   [2m│   │   │   [0mpriority=<IssuePriority.NONE: 'none'>,     │ │
│ │                   [2m│   │   │   [0mstate_name='Todo',                         │ │
│ │                   [2m│   │   │   [0mstate_kind=<WorkflowStateKind.UNSTARTED:   │ │
│ │                   'unstarted'>,                                          │ │
│ │                   [2m│   │   │   [0mqueue_states=[1mfrozenset[0m[1m([0m[1m{[0m                   │ │
│ │                   [2m│   │   │   │   [0m<QueueState.APPROVED: 'approved'[1m>[0m      │ │
│ │                   [2m│   │   │   [0m[1m}[0m[1m)[0m,                                        │ │
│ │                   [2m│   │   │   [0missue_labels=[1mfrozenset[0m[1m([0m[1m{[0m'criterion'[1m}[0m[1m)[0m,     │ │
│ │                   [2m│   │   │   [0mteam_key='engineering',                    │ │
│ │                   [2m│   │   │   [0mproject=[3mNone[0m,                              │ │
│ │                   [2m│   │   │   [0mproject_id=[3mNone[0m,                           │ │
│ │                   [2m│   │   │   [0mmilestone_key=[3mNone[0m,                        │ │
│ │                   [2m│   │   │   [0mrelations=[1m([0m[1m)[0m,                              │ │
│ │                   [2m│   │   │   [0mparent_key='B',                            │ │
│ │                   [2m│   │   │   [0massignee_key=[3mNone[0m,                         │ │
│ │                   [2m│   │   │   [0mcreated_at=[1mdatetime[0m[1m.datetime[0m[1m([0m[1m2026[0m, [1m1[0m, [1m1[0m,   │ │
│ │                   [1m0[0m, [1m0[0m, tzinfo=datetime.timezone.utc[1m)[0m,                   │ │
│ │                   [2m│   │   │   [0mupdated_at=[1mdatetime[0m[1m.datetime[0m[1m([0m[1m2026[0m, [1m1[0m, [1m1[0m,   │ │
│ │                   [1m0[0m, [1m0[0m, tzinfo=datetime.timezone.utc[1m)[0m,                   │ │
│ │                   [2m│   │   │   [0m                                           │ │
│ │                   url='https://tracker.invalid/issue/B/check'            │ │
│ │                   [2m│   │   [0m[1m)[0m                                              │ │
│ │                   [2m│   [0m[1m)[0m                                                  │ │
│ │                   [1m)[0m                                                      │ │
│ │            [3mrefs[0m = [1m([0m[1m)[0m                                                     │ │
│ │            [3mrepo[0m = [1mRepoEntry[0m[1m([0m                                             │ │
│ │                   [2m│   [0murl='file:///scope-repository.git',                │ │
│ │                   [2m│   [0mtrunk='trunk',                                     │ │
│ │                   [2m│   [0mchecks=[1m([0m[1m)[0m,                                         │ │
│ │                   [2m│   [0mrunner_environment=[1m{[0m[1m}[0m,                             │ │
│ │                   [2m│   [0mforge_exempt=[3mFalse[0m                                 │ │
│ │                   [1m)[0m                                                      │ │
│ │       [3mrepo_path[0m = [3mNone[0m                                                   │ │
│ │        [3mrepo_url[0m = 'file:///scope-repository.git'                         │ │
│ │    [3mrun_identity[0m = [3mNone[0m                                                   │ │
│ │           [3msaved[0m = [1mStateSnapshot[0m[1m([0m                                         │ │
│ │                   [2m│   [0mvalues=[1m{[0m[1m}[0m,                                         │ │
│ │                   [2m│   [0mnext=[1m([0m[1m)[0m,                                           │ │
│ │                   [2m│   [0mconfig=[1m{[0m                                           │ │
│ │                   [2m│   │   [0m'configurable': [1m{[0m                              │ │
│ │                   [2m│   │   │   [0m'prompt': 'Exact native subject A  with    │ │
│ │                   spaces\n',                                             │ │
│ │                   [2m│   │   │   [0m'repo_path': '/tmp/fake-cache',            │ │
│ │                   [2m│   │   │   [0m'repo_url':                                │ │
│ │                   'file:///scope-repository.git',                        │ │
│ │                   [2m│   │   │   [0m'cache_key':                               │ │
│ │                   '39afac4252584b729ff249968d18c44f-scope-559aead08264d… │ │
│ │                   [2m│   │   │   [0m'run_identity': [1m{[0m                          │ │
│ │                   [2m│   │   │   │   [0m'kind': [1m<[0m[1mRunKind.FIRE:[0m 'fire'>,        │ │
│ │                   [2m│   │   │   │   [0m'name': 'A',                           │ │
│ │                   [2m│   │   │   │   [0m'started_at': [1mdatetime.datetime[0m[1m([0m[1m2026[0m,  │ │
│ │                   [1m9[0m, [1m12[0m, [1m16[0m, [1m1[0m, [1m18[0m, [1m993216[0m,                              │ │
│ │                   tzinfo=datetime.timezone.utc[1m)[0m                          │ │
│ │                   [2m│   │   │   [0m[1m}[0m,                                         │ │
│ │                   [2m│   │   │   [0m'workspace_path': [3mNone[0m,                    │ │
│ │                   [2m│   │   │   [0m'base_spec': [1m{[0m                             │ │
│ │                   [2m│   │   │   │   [0m'inputs': [1m([0m[1m)[0m,                          │ │
│ │                   [2m│   │   │   │   [0m'base_branch': 'trunk',                │ │
│ │                   [2m│   │   │   │   [0m'base_role': [3mNone[0m                      │ │
│ │                   [2m│   │   │   [0m[1m}[0m,                                         │ │
│ │                   [2m│   │   │   [0m'permission_mode':                         │ │
│ │                   <PermissionMode.UNATTENDED: 'unattended'>,             │ │
│ │                   [2m│   │   │   [0m'allowed_tools': [1m[[0m                         │ │
│ │                   [2m│   │   │   │   [0m'Read',                                │ │
│ │                   [2m│   │   │   │   [0m'Glob',                                │ │
│ │                   [2m│   │   │   │   [0m'Grep',                                │ │
│ │                   [2m│   │   │   │   [0m'Bash',                                │ │
│ │                   [2m│   │   │   │   [0m'Edit',                                │ │
│ │                   [2m│   │   │   │   [0m'Write'                                │ │
│ │                   [2m│   │   │   [0m[1m][0m,                                         │ │
│ │                   [2m│   │   │   [0m'thread_id':                               │ │
│ │                   '39afac4252584b729ff249968d18c44f-scope-559aead08264d… │ │
│ │                   [2m│   │   [0m[1m}[0m,                                             │ │
│ │                   [2m│   │   [0m'metadata': [1m{[0m                                  │ │
│ │                   [2m│   │   │   [0m'scope_lane_request':                      │ │
│ │                   '{"base":"{\\"inputs\\":[],\\"base_branch\\":\\"trunk… │ │
│ │                   [2m│   │   │   [0m'scope_lane_run_identity':                 │ │
│ │                   '{"kind":"fire","name":"A","started_at":"2026-09-12T1… │ │
│ │                   [2m│   │   │   [0m'prompt': 'Exact native subject A  with    │ │
│ │                   spaces\n',                                             │ │
│ │                   [2m│   │   │   [0m'repo_path': '/tmp/fake-cache',            │ │
│ │                   [2m│   │   │   [0m'repo_url':                                │ │
│ │                   'file:///scope-repository.git',                        │ │
│ │                   [2m│   │   │   [0m'permission_mode':                         │ │
│ │                   <PermissionMode.UNATTENDED: 'unattended'[1m>[0m,             │ │
│ │                   [2m│   │   │   [0m'thread_id':                               │ │
│ │                   '39afac4252584b729ff249968d18c44f-scope-559aead08264d… │ │
│ │                   [2m│   │   [0m[1m}[0m                                              │ │
│ │                   [2m│   [0m[1m}[0m,                                                 │ │
│ │                   [2m│   [0mmetadata=[3mNone[0m,                                     │ │
│ │                   [2m│   [0mcreated_at=[3mNone[0m,                                   │ │
│ │                   [2m│   [0mparent_config=[3mNone[0m,                                │ │
│ │                   [2m│   [0mtasks=[1m([0m[1m)[0m,                                          │ │
│ │                   [2m│   [0minterrupts=[1m([0m[1m)[0m                                      │ │
│ │                   [1m)[0m                                                      │ │
│ │           [3mscope[0m = [1mScopeRef[0m[1m([0m                                              │ │
│ │                   [2m│   [0mkind=[1m<[0m[1mScopeKind.PROJECT:[0m 'project'[1m>[0m,               │ │
│ │                   [2m│   [0mkey='scoped-project'                               │ │
│ │                   [1m)[0m                                                      │ │
│ │        [3mselected[0m = [1mScopeReadyLane[0m[1m([0m                                        │ │
│ │                   [2m│   [0missue=[1mTrackerIssue[0m[1m([0m                                │ │
│ │                   [2m│   │   [0missue_key='A',                                 │ │
│ │                   [2m│   │   [0mtitle='A',                                     │ │
│ │                   [2m│   │   [0mbody='Exact native subject A  with spaces\n',  │ │
│ │                   [2m│   │   [0mpriority=[1m<[0m[1mIssuePriority.NONE:[0m 'none'>,         │ │
│ │                   [2m│   │   [0mstate_name='Todo',                             │ │
│ │                   [2m│   │   [0mstate_kind=<WorkflowStateKind.UNSTARTED:       │ │
│ │                   'unstarted'>,                                          │ │
│ │                   [2m│   │   [0mqueue_states=[1mfrozenset[0m[1m([0m[1m{[0m                       │ │
│ │                   [2m│   │   │   [0m<QueueState.APPROVED: 'approved'>          │ │
│ │                   [2m│   │   [0m[1m}[0m[1m)[0m,                                            │ │
│ │                   [2m│   │   [0missue_labels=[1mfrozenset[0m[1m([0m[1m{[0m'criteria-staged'[1m}[0m[1m)[0m,   │ │
│ │                   [2m│   │   [0mteam_key='engineering',                        │ │
│ │                   [2m│   │   [0mproject=[3mNone[0m,                                  │ │
│ │                   [2m│   │   [0mproject_id=[3mNone[0m,                               │ │
│ │                   [2m│   │   [0mmilestone_key=[3mNone[0m,                            │ │
│ │                   [2m│   │   [0mrelations=[1m([0m[1m)[0m,                                  │ │
│ │                   [2m│   │   [0mparent_key=[3mNone[0m,                               │ │
│ │                   [2m│   │   [0massignee_key=[3mNone[0m,                             │ │
│ │                   [2m│   │   [0mcreated_at=[1mdatetime[0m[1m.datetime[0m[1m([0m[1m2026[0m, [1m1[0m, [1m1[0m, [1m0[0m, [1m0[0m, │ │
│ │                   tzinfo=datetime.timezone.utc[1m)[0m,                         │ │
│ │                   [2m│   │   [0mupdated_at=[1mdatetime[0m[1m.datetime[0m[1m([0m[1m2026[0m, [1m1[0m, [1m1[0m, [1m0[0m, [1m0[0m, │ │
│ │                   tzinfo=datetime.timezone.utc[1m)[0m,                         │ │
│ │                   [2m│   │   [0murl='https://tracker.invalid/issue/A'          │ │
│ │                   [2m│   [0m[1m)[0m,                                                 │ │
│ │                   [2m│   [0meffective_priority=<IssuePriority.NONE: 'none'>,   │ │
│ │                   [2m│   [0mgap=[1m([0m                                              │ │
│ │                   [2m│   │   [0m[1mTrackerIssue[0m[1m([0m                                  │ │
│ │                   [2m│   │   │   [0missue_key='A/check',                       │ │
│ │                   [2m│   │   │   [0mtitle='A/check',                           │ │
│ │                   [2m│   │   │   [0mbody='**Check:** A live Check              │ │
│ │                   bytes\n**Evidence:** —',                               │ │
│ │                   [2m│   │   │   [0mpriority=<IssuePriority.NONE: 'none'>,     │ │
│ │                   [2m│   │   │   [0mstate_name='Todo',                         │ │
│ │                   [2m│   │   │   [0mstate_kind=<WorkflowStateKind.UNSTARTED:   │ │
│ │                   'unstarted'>,                                          │ │
│ │                   [2m│   │   │   [0mqueue_states=[1mfrozenset[0m[1m([0m[1m{[0m                   │ │
│ │                   [2m│   │   │   │   [0m<QueueState.APPROVED: 'approved'[1m>[0m      │ │
│ │                   [2m│   │   │   [0m[1m}[0m[1m)[0m,                                        │ │
│ │                   [2m│   │   │   [0missue_labels=[1mfrozenset[0m[1m([0m[1m{[0m'criterion'[1m}[0m[1m)[0m,     │ │
│ │                   [2m│   │   │   [0mteam_key='engineering',                    │ │
│ │                   [2m│   │   │   [0mproject=[3mNone[0m,                              │ │
│ │                   [2m│   │   │   [0mproject_id=[3mNone[0m,                           │ │
│ │                   [2m│   │   │   [0mmilestone_key=[3mNone[0m,                        │ │
│ │                   [2m│   │   │   [0mrelations=[1m([0m[1m)[0m,                              │ │
│ │                   [2m│   │   │   [0mparent_key='A',                            │ │
│ │                   [2m│   │   │   [0massignee_key=[3mNone[0m,                         │ │
│ │                   [2m│   │   │   [0mcreated_at=[1mdatetime[0m[1m.datetime[0m[1m([0m[1m2026[0m, [1m1[0m, [1m1[0m,   │ │
│ │                   [1m0[0m, [1m0[0m, tzinfo=datetime.timezone.utc[1m)[0m,                   │ │
│ │                   [2m│   │   │   [0mupdated_at=[1mdatetime[0m[1m.datetime[0m[1m([0m[1m2026[0m, [1m1[0m, [1m1[0m,   │ │
│ │                   [1m0[0m, [1m0[0m, tzinfo=datetime.timezone.utc[1m)[0m,                   │ │
│ │                   [2m│   │   │   [0m                                           │ │
│ │                   url='https://tracker.invalid/issue/A/check'            │ │
│ │                   [2m│   │   [0m[1m)[0m,                                             │ │
│ │                   [2m│   [0m[1m)[0m                                                  │ │
│ │                   [1m)[0m                                                      │ │
│ │            [3mself[0m = [1m<[0m[1mkodezart.services.scope_runtime.ScopeWorkflowEngine[0m   │ │
│ │                   object at [1m0x10caf3050[0m[1m>[0m                                 │ │
│ │         [3mskipped[0m = [1m[[0m[1m][0m                                                     │ │
│ │            [3mspec[0m = [1mBaseSpec[0m[1m([0m                                              │ │
│ │                   [2m│   [0minputs=[1m([0m[1m)[0m,                                         │ │
│ │                   [2m│   [0mbase_branch='trunk',                               │ │
│ │                   [2m│   [0mbase_role=[3mNone[0m                                     │ │
│ │                   [1m)[0m                                                      │ │
│ │            [3mtick[0m = [1m1[0m                                                      │ │
│ │             [3murl[0m = 'file:///scope-repository.git'                         │ │
│ ╰──────────────────────────────────────────────────────────────────────────╯ │
│                                                                              │
│ [2m/private/tmp/kodezart-v03-recovery-semantic-amendment/.venv/lib/python3.12/s[0m │
│ [2mite-packages/langgraph/pregel/[0m[1mmain.py[0m:2997 in astream                        │
│                                                                              │
│   [2m2994 [0m[2m│   │   │   │   │   [0mwhile loop.tick():                                │
│   [2m2995 [0m[2m│   │   │   │   │   │   [0mfor task in await loop.amatch_cached_writes() │
│   [2m2996 [0m[2m│   │   │   │   │   │   │   [0mloop.output_writes(task.id, task.writes,  │
│ ❱ 2997 [2m│   │   │   │   │   │   [0masync for _ in runner.atick(                  │
│   [2m2998 [0m[2m│   │   │   │   │   │   │   [0m[t for t in loop.tasks.values() if not t. │
│   [2m2999 [0m[2m│   │   │   │   │   │   │   [0mtimeout=self.step_timeout,                │
│   [2m3000 [0m[2m│   │   │   │   │   │   │   [0mget_waiter=get_waiter,                    │
│                                                                              │
│ ╭───────────────────────────────── locals ─────────────────────────────────╮ │
│ │                 [3m_[0m = [3mNone[0m                                                 │ │
│ │           [3maioloop[0m = [1m<[0m[1m_UnixSelectorEventLoop[0m running=[3mTrue[0m closed=[3mFalse[0m    │ │
│ │                     debug=[3mFalse[0m[1m>[0m                                         │ │
│ │             [3mcache[0m = [3mNone[0m                                                 │ │
│ │  [3mcallback_manager[0m = [1m<[0m[1mlangchain_core.callbacks.manager.AsyncCallbackMana…[0m │ │
│ │                     object at [1m0x10cac0410[0m[1m>[0m                               │ │
│ │ [3mcheckpoint_during[0m = [3mNone[0m                                                 │ │
│ │      [3mcheckpointer[0m = [1m<[0m[1mlanggraph.checkpoint.memory.InMemorySaver[0m object at │ │
│ │                     [1m0x10ca98920[0m[1m>[0m                                         │ │
│ │            [3mconfig[0m = [1m{[0m                                                    │ │
│ │                     [2m│   [0m'tags': [1m[[0m[1m][0m,                                      │ │
│ │                     [2m│   [0m'metadata': [1m{[0m                                    │ │
│ │                     [2m│   │   [0m'scope_lane_request':                        │ │
│ │                     '{"base":"{\\"inputs\\":[],\\"base_branch\\":\\"tru… │ │
│ │                     [2m│   │   [0m'scope_lane_run_identity':                   │ │
│ │                     '{"kind":"fire","name":"A","started_at":"2026-09-12… │ │
│ │                     [2m│   │   [0m'prompt': 'Exact native subject A  with      │ │
│ │                     spaces\n',                                           │ │
│ │                     [2m│   │   [0m'repo_path': '/tmp/fake-cache',              │ │
│ │                     [2m│   │   [0m'repo_url': 'file:///scope-repository.git',  │ │
│ │                     [2m│   │   [0m'permission_mode':                           │ │
│ │                     [1m<[0m[1mPermissionMode.UNATTENDED:[0m 'unattended'>,           │ │
│ │                     [2m│   │   [0m'thread_id':                                 │ │
│ │                     '39afac4252584b729ff249968d18c44f-scope-559aead0826… │ │
│ │                     [2m│   [0m[1m}[0m,                                               │ │
│ │                     [2m│   [0m'callbacks': [3mNone[0m,                               │ │
│ │                     [2m│   [0m'recursion_limit': [1m10000[0m,                        │ │
│ │                     [2m│   [0m'configurable': [1m{[0m                                │ │
│ │                     [2m│   │   [0m'prompt': 'Exact native subject A  with      │ │
│ │                     spaces\n',                                           │ │
│ │                     [2m│   │   [0m'repo_path': '/tmp/fake-cache',              │ │
│ │                     [2m│   │   [0m'repo_url': 'file:///scope-repository.git',  │ │
│ │                     [2m│   │   [0m'cache_key':                                 │ │
│ │                     '39afac4252584b729ff249968d18c44f-scope-559aead0826… │ │
│ │                     [2m│   │   [0m'run_identity': [1m{[0m                            │ │
│ │                     [2m│   │   │   [0m'kind': <RunKind.FIRE: 'fire'>,          │ │
│ │                     [2m│   │   │   [0m'name': 'A',                             │ │
│ │                     [2m│   │   │   [0m'started_at': [1mdatetime.datetime[0m[1m([0m[1m2026[0m, [1m9[0m, │ │
│ │                     [1m12[0m, [1m16[0m, [1m1[0m, [1m18[0m, [1m993216[0m, tzinfo=datetime.timezone.utc[1m)[0m │ │
│ │                     [2m│   │   [0m[1m}[0m,                                           │ │
│ │                     [2m│   │   [0m'workspace_path': [3mNone[0m,                      │ │
│ │                     [2m│   │   [0m'base_spec': [1m{[0m                               │ │
│ │                     [2m│   │   │   [0m'inputs': [1m([0m[1m)[0m,                            │ │
│ │                     [2m│   │   │   [0m'base_branch': 'trunk',                  │ │
│ │                     [2m│   │   │   [0m'base_role': [3mNone[0m                        │ │
│ │                     [2m│   │   [0m[1m}[0m,                                           │ │
│ │                     [2m│   │   [0m'permission_mode':                           │ │
│ │                     <PermissionMode.UNATTENDED: 'unattended'[1m>[0m,           │ │
│ │                     [2m│   │   [0m'allowed_tools': [1m[[0m                           │ │
│ │                     [2m│   │   │   [0m'Read',                                  │ │
│ │                     [2m│   │   │   [0m'Glob',                                  │ │
│ │                     [2m│   │   │   [0m'Grep',                                  │ │
│ │                     [2m│   │   │   [0m'Bash',                                  │ │
│ │                     [2m│   │   │   [0m'Edit',                                  │ │
│ │                     [2m│   │   │   [0m'Write'                                  │ │
│ │                     [2m│   │   [0m[1m][0m,                                           │ │
│ │                     [2m│   │   [0m'thread_id':                                 │ │
│ │                     '39afac4252584b729ff249968d18c44f-scope-559aead0826… │ │
│ │                     [2m│   │   [0m... +[1m1[0m                                       │ │
│ │                     [2m│   [0m[1m}[0m                                                │ │
│ │                     [1m}[0m                                                    │ │
│ │           [3mcontext[0m = [3mNone[0m                                                 │ │
│ │             [3mdebug[0m = [3mNone[0m                                                 │ │
│ │         [3mdo_stream[0m = [3mFalse[0m                                                │ │
│ │        [3mdurability[0m = [3mNone[0m                                                 │ │
│ │       [3mdurability_[0m = 'async'                                              │ │
│ │             [3minput[0m = [1m{[0m                                                    │ │
│ │                     [2m│   [0m'issue_key': 'A',                                │ │
│ │                     [2m│   [0m'feature_branch': '',                            │ │
│ │                     [2m│   [0m'ralph_branch': '',                              │ │
│ │                     [2m│   [0m'work_base_ref': 'trunk',                        │ │
│ │                     [2m│   [0m'fire_spec': [3mNone[0m,                               │ │
│ │                     [2m│   [0m'acceptance_criteria': [1m[[0m[1m][0m,                       │ │
│ │                     [2m│   [0m'criterion_set': [3mNone[0m,                           │ │
│ │                     [2m│   [0m'criteria_validation': [3mNone[0m,                     │ │
│ │                     [2m│   [0m'criteria_regeneration_rounds': [1m0[0m,               │ │
│ │                     [2m│   [0m'criteria_infeasible': [3mFalse[0m,                    │ │
│ │                     [2m│   [0m... +[1m18[0m                                          │ │
│ │                     [1m}[0m                                                    │ │
│ │   [3minterrupt_after[0m = [3mNone[0m                                                 │ │
│ │  [3minterrupt_after_[0m = [1m[[0m[1m][0m                                                   │ │
│ │  [3minterrupt_before[0m = [3mNone[0m                                                 │ │
│ │ [3minterrupt_before_[0m = [1m[[0m[1m][0m                                                   │ │
│ │            [3mkwargs[0m = [1m{[0m[1m}[0m                                                   │ │
│ │              [3mloop[0m = [1m<[0m[1mlanggraph.pregel._loop.AsyncPregelLoop[0m object at    │ │
│ │                     [1m0x10cac3a10[0m[1m>[0m                                         │ │
│ │                 [3mo[0m = [1m([0m                                                    │ │
│ │                     [2m│   [0m[1m([0m                                                │ │
│ │                     [2m│   │   [0m                                             │ │
│ │                     'native_fire:f4b8cf22-1d6d-c023-abb5-48d9fa35349d',  │ │
│ │                     [2m│   [0m[1m)[0m,                                               │ │
│ │                     [2m│   [0m'values',                                        │ │
│ │                     [2m│   [0m[1m{[0m                                                │ │
│ │                     [2m│   │   [0m'issue_key': 'A',                            │ │
│ │                     [2m│   │   [0m'feature_branch':                            │ │
│ │                     'kodezart/test-branch-0a345772',                     │ │
│ │                     [2m│   │   [0m'ralph_branch':                              │ │
│ │                     'kodezart/test-branch-0a345772-ralph-5183f3a1',      │ │
│ │                     [2m│   │   [0m'work_base_ref': 'trunk',                    │ │
│ │                     [2m│   │   [0m'fire_spec': [1mTrackerSpec[0m[1m([0m                    │ │
│ │                     [2m│   │   │   [0msubject='A',                             │ │
│ │                     [2m│   │   │   [0mbody='Exact native subject A  with       │ │
│ │                     spaces\n',                                           │ │
│ │                     [2m│   │   │   [0mcriteria=[1m([0m'A/check',[1m)[0m,                   │ │
│ │                     [2m│   │   │   [0m                                         │ │
│ │                     read_at_version='2026-01-01T00:00:00+00:00'          │ │
│ │                     [2m│   │   [0m[1m)[0m,                                           │ │
│ │                     [2m│   │   [0m'acceptance_criteria': [1m[[0m[1m][0m,                   │ │
│ │                     [2m│   │   [0m'criterion_set': [1mTrackerCriterionSet[0m[1m([0m        │ │
│ │                     [2m│   │   │   [0mcriteria=[1m[[0m                               │ │
│ │                     [2m│   │   │   │   [0m[1mTrackerCriterion[0m[1m([0m                    │ │
│ │                     [2m│   │   │   │   │   [0mid='A/check',                    │ │
│ │                     [2m│   │   │   │   │   [0mtext='A live Check  bytes'       │ │
│ │                     [2m│   │   │   │   [0m[1m)[0m                                    │ │
│ │                     [2m│   │   │   [0m[1m][0m                                        │ │
│ │                     [2m│   │   [0m[1m)[0m,                                           │ │
│ │                     [2m│   │   [0m'criteria_validation': [3mNone[0m,                 │ │
│ │                     [2m│   │   [0m'criteria_regeneration_rounds': [1m0[0m,           │ │
│ │                     [2m│   │   [0m'criteria_infeasible': [3mFalse[0m,                │ │
│ │                     [2m│   │   [0m... +[1m17[0m                                      │ │
│ │                     [2m│   [0m[1m}[0m                                                │ │
│ │                     [1m)[0m                                                    │ │
│ │       [3moutput_keys[0m = [1m[[0m                                                    │ │
│ │                     [2m│   [0m'issue_key',                                     │ │
│ │                     [2m│   [0m'feature_branch',                                │ │
│ │                     [2m│   [0m'ralph_branch',                                  │ │
│ │                     [2m│   [0m'work_base_ref',                                 │ │
│ │                     [2m│   [0m'fire_spec',                                     │ │
│ │                     [2m│   [0m'acceptance_criteria',                           │ │
│ │                     [2m│   [0m'criterion_set',                                 │ │
│ │                     [2m│   [0m'criteria_validation',                           │ │
│ │                     [2m│   [0m'criteria_regeneration_rounds',                  │ │
│ │                     [2m│   [0m'criteria_infeasible',                           │ │
│ │                     [2m│   [0m... +[1m18[0m                                          │ │
│ │                     [1m][0m                                                    │ │
│ │    [3mparent_runtime[0m = [1mRuntime[0m[1m([0m                                             │ │
│ │                     [2m│   [0mcontext=[3mNone[0m,                                    │ │
│ │                     [2m│   [0mstore=[3mNone[0m,                                      │ │
│ │                     [2m│   [0mstream_writer=[1m<[0m[1mfunction[0m _no_op_stream_writer at  │ │
│ │                     [1m0x10c5f5f80[0m[1m>[0m,                                        │ │
│ │                     [2m│   [0mprevious=[3mNone[0m                                    │ │
│ │                     [1m)[0m                                                    │ │
│ │        [3mprint_mode[0m = [1m([0m[1m)[0m                                                   │ │
│ │       [3mrun_manager[0m = [1m<[0m[1mlangchain_core.callbacks.manager.AsyncCallbackMana…[0m │ │
│ │                     object at [1m0x10caafb60[0m[1m>[0m                               │ │
│ │            [3mrunner[0m = [1m<[0m[1mlanggraph.pregel._runner.PregelRunner[0m object at     │ │
│ │                     [1m0x10cac3f20[0m[1m>[0m                                         │ │
│ │           [3mruntime[0m = [1mRuntime[0m[1m([0m                                             │ │
│ │                     [2m│   [0mcontext=[3mNone[0m,                                    │ │
│ │                     [2m│   [0mstore=[3mNone[0m,                                      │ │
│ │                     [2m│   [0mstream_writer=[1m<[0m[1mfunction[0m                          │ │
│ │                     Pregel.astream.<locals>.stream_writer at             │ │
│ │                     [1m0x10d1b96c0[0m[1m>[0m,                                        │ │
│ │                     [2m│   [0mprevious=[3mNone[0m                                    │ │
│ │                     [1m)[0m                                                    │ │
│ │              [3mself[0m = [1m<[0m[1mlanggraph.graph.state.CompiledStateGraph[0m object at  │ │
│ │                     [1m0x10caf27e0[0m[1m>[0m                                         │ │
│ │             [3mstore[0m = [3mNone[0m                                                 │ │
│ │            [3mstream[0m = [1m<[0m[1mAsyncQueue[0m at [1m0x10cac0170[0m maxsize=[1m0[0m tasks=[1m7[0m[1m>[0m        │ │
│ │       [3mstream_mode[0m = [1m[[0m'custom', 'values'[1m][0m                                 │ │
│ │      [3mstream_modes[0m = [1m{[0m'custom', 'values'[1m}[0m                                 │ │
│ │        [3mstream_put[0m = [1mfunctools.partial[0m[1m([0m[1m<[0m[1mbound[0m method                      │ │
│ │                     BaseEventLoop.call_soon_threadsafe of                │ │
│ │                     <_UnixSelectorEventLoop running=[3mTrue[0m closed=[3mFalse[0m    │ │
│ │                     debug=[3mFalse[0m>>, <bound method Queue.put_nowait of     │ │
│ │                     <AsyncQueue at [1m0x10cac0170[0m maxsize=[1m0[0m tasks=[1m7[0m>[1m>[0m[1m)[0m      │ │
│ │         [3msubgraphs[0m = [3mTrue[0m                                                 │ │
│ │            [3mwaiter[0m = [3mNone[0m                                                 │ │
│ ╰──────────────────────────────────────────────────────────────────────────╯ │
│                                                                              │
│ [2m/private/tmp/kodezart-v03-recovery-semantic-amendment/.venv/lib/python3.12/s[0m │
│ [2mite-packages/langgraph/pregel/[0m[1m_runner.py[0m:410 in atick                        │
│                                                                              │
│   [2m407 [0m[2m│   │   │   [0mfut.cancel()                                               │
│   [2m408 [0m[2m│   │   [0m[2m# panic on failure or timeout[0m                                  │
│   [2m409 [0m[2m│   │   [0mtry:                                                           │
│ ❱ 410 [2m│   │   │   [0m_panic_or_proceed(                                         │
│   [2m411 [0m[2m│   │   │   │   [0mfutures.done.union(f for f, t in futures.items() if t  │
│   [2m412 [0m[2m│   │   │   │   [0mtimeout_exc_cls=asyncio.TimeoutError,                  │
│   [2m413 [0m[2m│   │   │   │   [0mpanic=reraise,                                         │
│                                                                              │
│ ╭───────────────────────────────── locals ─────────────────────────────────╮ │
│ │          [3mdone[0m = [1m{[0m                                                        │ │
│ │                 [2m│   [0m[1m<[0m[1mTask[0m finished name='native_fire'                    │ │
│ │                 coro=<[1marun_with_retry[0m[1m([0m[1m)[0m done, defined at                 │ │
│ │                 /private/tmp/kodezart-v03-recovery-semantic-amendment/.… │ │
│ │                 exception=[1mNativeWriteRefusalError[0m[1m([0m'Native execution      │ │
│ │                 requires the precommit amendment owner'[1m)[0m[1m>[0m                │ │
│ │                 [1m}[0m                                                        │ │
│ │      [3mend_time[0m = [3mNone[0m                                                     │ │
│ │           [3mfut[0m = [1m<[0m[1mTask[0m cancelled name='Task-34' coro=<[1mAsyncQueue.wait[0m[1m([0m[1m)[0m   │ │
│ │                 done, defined at                                         │ │
│ │                 /private/tmp/kodezart-v03-recovery-semantic-amendment/.… │ │
│ │       [3mfutures[0m = [1m{[0m                                                        │ │
│ │                 [2m│   [0m[1m<[0m[1mTask[0m cancelled name='Task-34'                       │ │
│ │                 coro=<[1mAsyncQueue.wait[0m[1m([0m[1m)[0m done, defined at                 │ │
│ │                 /private/tmp/kodezart-v03-recovery-semantic-amendment/.… │ │
│ │                 [3mNone[0m                                                     │ │
│ │                 [1m}[0m                                                        │ │
│ │      [3minflight[0m = [1m{[0m                                                        │ │
│ │                 [2m│   [0m[1m<[0m[1mTask[0m cancelled name='Task-34'                       │ │
│ │                 coro=<[1mAsyncQueue.wait[0m[1m([0m[1m)[0m done, defined at                 │ │
│ │                 /private/tmp/kodezart-v03-recovery-semantic-amendment/.… │ │
│ │                 [1m}[0m                                                        │ │
│ │          [3mloop[0m = [1m<[0m[1m_UnixSelectorEventLoop[0m running=[3mTrue[0m closed=[3mFalse[0m        │ │
│ │                 debug=[3mFalse[0m[1m>[0m                                             │ │
│ │       [3mreraise[0m = [3mTrue[0m                                                     │ │
│ │  [3mretry_policy[0m = [3mNone[0m                                                     │ │
│ │ [3mschedule_task[0m = [1m<[0m[1mbound[0m method AsyncPregelLoop.aaccept_push of            │ │
│ │                 <langgraph.pregel._loop.AsyncPregelLoop object at        │ │
│ │                 [1m0x10cac3a10[0m>[1m>[0m                                            │ │
│ │          [3mself[0m = [1m<[0m[1mlanggraph.pregel._runner.PregelRunner[0m object at         │ │
│ │                 [1m0x10cac3f20[0m[1m>[0m                                             │ │
│ │             [3mt[0m = [1mPregelExecutableTask[0m[1m([0m                                    │ │
│ │                 [2m│   [0mname='native_fire',                                  │ │
│ │                 [2m│   [0minput=[1m{[0m                                              │ │
│ │                 [2m│   │   [0m'issue_key': 'A',                                │ │
│ │                 [2m│   │   [0m'feature_branch': '',                            │ │
│ │                 [2m│   │   [0m'ralph_branch': '',                              │ │
│ │                 [2m│   │   [0m'work_base_ref': 'trunk',                        │ │
│ │                 [2m│   │   [0m'fire_spec': [3mNone[0m,                               │ │
│ │                 [2m│   │   [0m'acceptance_criteria': [1m[[0m[1m][0m,                       │ │
│ │                 [2m│   │   [0m'criterion_set': [3mNone[0m,                           │ │
│ │                 [2m│   │   [0m'criteria_validation': [3mNone[0m,                     │ │
│ │                 [2m│   │   [0m'criteria_regeneration_rounds': [1m0[0m,               │ │
│ │                 [2m│   │   [0m'criteria_infeasible': [3mFalse[0m,                    │ │
│ │                 [2m│   │   [0m... +[1m18[0m                                          │ │
│ │                 [2m│   [0m[1m}[0m,                                                   │ │
│ │                 [2m│   [0mproc=[1m<[0m[1mlanggraph._internal._runnable.RunnableSeq[0m      │ │
│ │                 object at [1m0x10cac3f80[0m>,                                  │ │
│ │                 [2m│   [0mwrites=[1mdeque[0m[1m([0m[1m[[0m                                       │ │
│ │                 [2m│   │   [0m[1m([0m                                                │ │
│ │                 [2m│   │   │   [0m'__error__',                                 │ │
│ │                 [2m│   │   │   [0m[1mNativeWriteRefusalError[0m[1m([0m'Native execution    │ │
│ │                 requires the precommit amendment owner'[1m)[0m                 │ │
│ │                 [2m│   │   [0m[1m)[0m                                                │ │
│ │                 [2m│   [0m[1m][0m[1m)[0m,                                                  │ │
│ │                 [2m│   [0mconfig=[1m{[0m                                             │ │
│ │                 [2m│   │   [0m'metadata': [1m{[0m                                    │ │
│ │                 [2m│   │   │   [0m'scope_lane_request':                        │ │
│ │                 '{"base":"{\\"inputs\\":[],\\"base_branch\\":\\"trunk\\… │ │
│ │                 [2m│   │   │   [0m'scope_lane_run_identity':                   │ │
│ │                 '{"kind":"fire","name":"A","started_at":"2026-09-12T16:… │ │
│ │                 [2m│   │   │   [0m'prompt': 'Exact native subject A  with      │ │
│ │                 spaces\n',                                               │ │
│ │                 [2m│   │   │   [0m'repo_path': '/tmp/fake-cache',              │ │
│ │                 [2m│   │   │   [0m'repo_url': 'file:///scope-repository.git',  │ │
│ │                 [2m│   │   │   [0m'permission_mode':                           │ │
│ │                 <PermissionMode.UNATTENDED: 'unattended'>,               │ │
│ │                 [2m│   │   │   [0m'thread_id':                                 │ │
│ │                 '39afac4252584b729ff249968d18c44f-scope-559aead08264d57… │ │
│ │                 [2m│   │   │   [0m'langgraph_step': [1m1[0m,                         │ │
│ │                 [2m│   │   │   [0m'langgraph_node': 'native_fire',             │ │
│ │                 [2m│   │   │   [0m'langgraph_triggers': [1m([0m                      │ │
│ │                 [2m│   │   │   │   [0m'branch:to:native_fire',                 │ │
│ │                 [2m│   │   │   [0m[1m)[0m,                                           │ │
│ │                 [2m│   │   │   [0m... +[1m3[0m                                       │ │
│ │                 [2m│   │   [0m[1m}[0m,                                               │ │
│ │                 [2m│   │   [0m'configurable': [1m{[0m                                │ │
│ │                 [2m│   │   │   [0m'prompt': 'Exact native subject A  with      │ │
│ │                 spaces\n',                                               │ │
│ │                 [2m│   │   │   [0m'repo_path': '/tmp/fake-cache',              │ │
│ │                 [2m│   │   │   [0m'repo_url': 'file:///scope-repository.git',  │ │
│ │                 [2m│   │   │   [0m'cache_key':                                 │ │
│ │                 '39afac4252584b729ff249968d18c44f-scope-559aead08264d57… │ │
│ │                 [2m│   │   │   [0m'run_identity': [1m{[0m                            │ │
│ │                 [2m│   │   │   │   [0m'kind': <RunKind.FIRE: 'fire'>,          │ │
│ │                 [2m│   │   │   │   [0m'name': 'A',                             │ │
│ │                 [2m│   │   │   │   [0m'started_at': [1mdatetime.datetime[0m[1m([0m[1m2026[0m, [1m9[0m, │ │
│ │                 [1m12[0m, [1m16[0m, [1m1[0m, [1m18[0m, [1m993216[0m, tzinfo=datetime.timezone.utc[1m)[0m     │ │
│ │                 [2m│   │   │   [0m[1m}[0m,                                           │ │
│ │                 [2m│   │   │   [0m'workspace_path': [3mNone[0m,                      │ │
│ │                 [2m│   │   │   [0m'base_spec': [1m{[0m                               │ │
│ │                 [2m│   │   │   │   [0m'inputs': [1m([0m[1m)[0m,                            │ │
│ │                 [2m│   │   │   │   [0m'base_branch': 'trunk',                  │ │
│ │                 [2m│   │   │   │   [0m'base_role': [3mNone[0m                        │ │
│ │                 [2m│   │   │   [0m[1m}[0m,                                           │ │
│ │                 [2m│   │   │   [0m'permission_mode':                           │ │
│ │                 <PermissionMode.UNATTENDED: 'unattended'>,               │ │
│ │                 [2m│   │   │   [0m'allowed_tools': [1m[[0m                           │ │
│ │                 [2m│   │   │   │   [0m'Read',                                  │ │
│ │                 [2m│   │   │   │   [0m'Glob',                                  │ │
│ │                 [2m│   │   │   │   [0m'Grep',                                  │ │
│ │                 [2m│   │   │   │   [0m'Bash',                                  │ │
│ │                 [2m│   │   │   │   [0m'Edit',                                  │ │
│ │                 [2m│   │   │   │   [0m'Write'                                  │ │
│ │                 [2m│   │   │   [0m[1m][0m,                                           │ │
│ │                 [2m│   │   │   [0m'thread_id':                                 │ │
│ │                 '39afac4252584b729ff249968d18c44f-scope-559aead08264d57… │ │
│ │                 [2m│   │   │   [0m... +[1m10[0m                                      │ │
│ │                 [2m│   │   [0m[1m}[0m,                                               │ │
│ │                 [2m│   │   [0m'callbacks':                                     │ │
│ │                 <langchain_core.callbacks.manager.AsyncCallbackManager   │ │
│ │                 object at [1m0x10cac1910[0m>,                                  │ │
│ │                 [2m│   │   [0m'run_name': 'native_fire'                        │ │
│ │                 [2m│   [0m[1m}[0m,                                                   │ │
│ │                 [2m│   [0mtriggers=[1m([0m'branch:to:native_fire',[1m)[0m,                 │ │
│ │                 [2m│   [0mretry_policy=[1m([0m[1m)[0m,                                     │ │
│ │                 [2m│   [0mcache_key=[3mNone[0m,                                      │ │
│ │                 [2m│   [0mid='f4b8cf22-1d6d-c023-abb5-48d9fa35349d',           │ │
│ │                 [2m│   [0mpath=[1m([0m'__pregel_pull', 'native_fire'[1m)[0m,               │ │
│ │                 [2m│   [0mwriters=[1m[[0m                                            │ │
│ │                 [2m│   │   [0m                                                 │ │
│ │                 ChannelWrite<...,...,branch:to:deliver>[1m([0mtags=[3mNone[0m,       │ │
│ │                 recurse=[3mTrue[0m, explode_args=[3mFalse[0m,                        │ │
│ │                 func_accepts=[1m{[0m'config': [1m([0m'N/A', <class                   │ │
│ │                 'inspect._empty'>[1m)[0m[1m}[0m,                                     │ │
│ │                 writes=[1m([0m[1mChannelWriteTupleEntry[0m[1m([0mmapper=<function          │ │
│ │                 CompiledStateGraph.attach_node.<locals>._get_updates at  │ │
│ │                 [1m0x10d1b8360[0m>, value=<object object at [1m0x10ae6a7c0[0m>,      │ │
│ │                 static=[3mNone[0m[1m)[0m, [1mChannelWriteTupleEntry[0m[1m([0mmapper=<function    │ │
│ │                 _control_branch at [1m0x10c6419e0[0m>, value=<object object at │ │
│ │                 [1m0x10ae6a7c0[0m>, static=[1m[[0m[1m][0m[1m)[0m,                                │ │
│ │                 [1mChannelWriteEntry[0m[1m([0mchannel='branch:to:deliver',           │ │
│ │                 value=[3mNone[0m, skip_none=[3mFalse[0m, mapper=[3mNone[0m[1m)[0m[1m)[0m[1m)[0m              │ │
│ │                 [2m│   [0m[1m][0m,                                                   │ │
│ │                 [2m│   [0msubgraphs=[1m[[0m                                          │ │
│ │                 [2m│   │   [0m<langgraph.graph.state.CompiledStateGraph object │ │
│ │                 at [1m0x10cb22120[0m[1m>[0m                                          │ │
│ │                 [2m│   [0m[1m][0m                                                    │ │
│ │                 [1m)[0m                                                        │ │
│ │         [3mtasks[0m = [1m([0m                                                        │ │
│ │                 [2m│   [0m[1mPregelExecutableTask[0m[1m([0m                                │ │
│ │                 [2m│   │   [0mname='native_fire',                              │ │
│ │                 [2m│   │   [0minput=[1m{[0m                                          │ │
│ │                 [2m│   │   │   [0m'issue_key': 'A',                            │ │
│ │                 [2m│   │   │   [0m'feature_branch': '',                        │ │
│ │                 [2m│   │   │   [0m'ralph_branch': '',                          │ │
│ │                 [2m│   │   │   [0m'work_base_ref': 'trunk',                    │ │
│ │                 [2m│   │   │   [0m'fire_spec': [3mNone[0m,                           │ │
│ │                 [2m│   │   │   [0m'acceptance_criteria': [1m[[0m[1m][0m,                   │ │
│ │                 [2m│   │   │   [0m'criterion_set': [3mNone[0m,                       │ │
│ │                 [2m│   │   │   [0m'criteria_validation': [3mNone[0m,                 │ │
│ │                 [2m│   │   │   [0m'criteria_regeneration_rounds': [1m0[0m,           │ │
│ │                 [2m│   │   │   [0m'criteria_infeasible': [3mFalse[0m,                │ │
│ │                 [2m│   │   │   [0m... +[1m18[0m                                      │ │
│ │                 [2m│   │   [0m[1m}[0m,                                               │ │
│ │                 [2m│   │   [0mproc=[1m<[0m[1mlanggraph._internal._runnable.RunnableSeq[0m  │ │
│ │                 object at [1m0x10cac3f80[0m>,                                  │ │
│ │                 [2m│   │   [0mwrites=[1mdeque[0m[1m([0m[1m[[0m                                   │ │
│ │                 [2m│   │   │   [0m[1m([0m                                            │ │
│ │                 [2m│   │   │   │   [0m'__error__',                             │ │
│ │                 [2m│   │   │   │   [0m[1mNativeWriteRefusalError[0m[1m([0m'Native          │ │
│ │                 execution requires the precommit amendment owner'[1m)[0m       │ │
│ │                 [2m│   │   │   [0m[1m)[0m                                            │ │
│ │                 [2m│   │   [0m[1m][0m[1m)[0m,                                              │ │
│ │                 [2m│   │   [0mconfig=[1m{[0m                                         │ │
│ │                 [2m│   │   │   [0m'metadata': [1m{[0m                                │ │
│ │                 [2m│   │   │   │   [0m'scope_lane_request':                    │ │
│ │                 '{"base":"{\\"inputs\\":[],\\"base_branch\\":\\"trunk\\… │ │
│ │                 [2m│   │   │   │   [0m'scope_lane_run_identity':               │ │
│ │                 '{"kind":"fire","name":"A","started_at":"2026-09-12T16:… │ │
│ │                 [2m│   │   │   │   [0m'prompt': 'Exact native subject A  with  │ │
│ │                 spaces\n',                                               │ │
│ │                 [2m│   │   │   │   [0m'repo_path': '/tmp/fake-cache',          │ │
│ │                 [2m│   │   │   │   [0m'repo_url':                              │ │
│ │                 'file:///scope-repository.git',                          │ │
│ │                 [2m│   │   │   │   [0m'permission_mode':                       │ │
│ │                 <PermissionMode.UNATTENDED: 'unattended'>,               │ │
│ │                 [2m│   │   │   │   [0m'thread_id':                             │ │
│ │                 '39afac4252584b729ff249968d18c44f-scope-559aead08264d57… │ │
│ │                 [2m│   │   │   │   [0m'langgraph_step': [1m1[0m,                     │ │
│ │                 [2m│   │   │   │   [0m'langgraph_node': 'native_fire',         │ │
│ │                 [2m│   │   │   │   [0m'langgraph_triggers': [1m([0m                  │ │
│ │                 [2m│   │   │   │   │   [0m'branch:to:native_fire',             │ │
│ │                 [2m│   │   │   │   [0m[1m)[0m,                                       │ │
│ │                 [2m│   │   │   │   [0m... +[1m3[0m                                   │ │
│ │                 [2m│   │   │   [0m[1m}[0m,                                           │ │
│ │                 [2m│   │   │   [0m'configurable': [1m{[0m                            │ │
│ │                 [2m│   │   │   │   [0m'prompt': 'Exact native subject A  with  │ │
│ │                 spaces\n',                                               │ │
│ │                 [2m│   │   │   │   [0m'repo_path': '/tmp/fake-cache',          │ │
│ │                 [2m│   │   │   │   [0m'repo_url':                              │ │
│ │                 'file:///scope-repository.git',                          │ │
│ │                 [2m│   │   │   │   [0m'cache_key':                             │ │
│ │                 '39afac4252584b729ff249968d18c44f-scope-559aead08264d57… │ │
│ │                 [2m│   │   │   │   [0m'run_identity': [1m{[0m                        │ │
│ │                 [2m│   │   │   │   │   [0m'kind': <RunKind.FIRE: 'fire'>,      │ │
│ │                 [2m│   │   │   │   │   [0m'name': 'A',                         │ │
│ │                 [2m│   │   │   │   │   [0m'started_at':                        │ │
│ │                 [1mdatetime.datetime[0m[1m([0m[1m2026[0m, [1m9[0m, [1m12[0m, [1m16[0m, [1m1[0m, [1m18[0m, [1m993216[0m,        │ │
│ │                 tzinfo=datetime.timezone.utc[1m)[0m                            │ │
│ │                 [2m│   │   │   │   [0m[1m}[0m,                                       │ │
│ │                 [2m│   │   │   │   [0m'workspace_path': [3mNone[0m,                  │ │
│ │                 [2m│   │   │   │   [0m'base_spec': [1m{[0m                           │ │
│ │                 [2m│   │   │   │   │   [0m'inputs': [1m([0m[1m)[0m,                        │ │
│ │                 [2m│   │   │   │   │   [0m'base_branch': 'trunk',              │ │
│ │                 [2m│   │   │   │   │   [0m'base_role': [3mNone[0m                    │ │
│ │                 [2m│   │   │   │   [0m[1m}[0m,                                       │ │
│ │                 [2m│   │   │   │   [0m'permission_mode':                       │ │
│ │                 <PermissionMode.UNATTENDED: 'unattended'>,               │ │
│ │                 [2m│   │   │   │   [0m'allowed_tools': [1m[[0m                       │ │
│ │                 [2m│   │   │   │   │   [0m'Read',                              │ │
│ │                 [2m│   │   │   │   │   [0m'Glob',                              │ │
│ │                 [2m│   │   │   │   │   [0m'Grep',                              │ │
│ │                 [2m│   │   │   │   │   [0m'Bash',                              │ │
│ │                 [2m│   │   │   │   │   [0m'Edit',                              │ │
│ │                 [2m│   │   │   │   │   [0m'Write'                              │ │
│ │                 [2m│   │   │   │   [0m[1m][0m,                                       │ │
│ │                 [2m│   │   │   │   [0m'thread_id':                             │ │
│ │                 '39afac4252584b729ff249968d18c44f-scope-559aead08264d57… │ │
│ │                 [2m│   │   │   │   [0m... +[1m10[0m                                  │ │
│ │                 [2m│   │   │   [0m[1m}[0m,                                           │ │
│ │                 [2m│   │   │   [0m'callbacks':                                 │ │
│ │                 <langchain_core.callbacks.manager.AsyncCallbackManager   │ │
│ │                 object at [1m0x10cac1910[0m>,                                  │ │
│ │                 [2m│   │   │   [0m'run_name': 'native_fire'                    │ │
│ │                 [2m│   │   [0m[1m}[0m,                                               │ │
│ │                 [2m│   │   [0mtriggers=[1m([0m'branch:to:native_fire',[1m)[0m,             │ │
│ │                 [2m│   │   [0mretry_policy=[1m([0m[1m)[0m,                                 │ │
│ │                 [2m│   │   [0mcache_key=[3mNone[0m,                                  │ │
│ │                 [2m│   │   [0mid='f4b8cf22-1d6d-c023-abb5-48d9fa35349d',       │ │
│ │                 [2m│   │   [0mpath=[1m([0m'__pregel_pull', 'native_fire'[1m)[0m,           │ │
│ │                 [2m│   │   [0mwriters=[1m[[0m                                        │ │
│ │                 [2m│   │   │   [0m                                             │ │
│ │                 ChannelWrite<...,...,branch:to:deliver>[1m([0mtags=[3mNone[0m,       │ │
│ │                 recurse=[3mTrue[0m, explode_args=[3mFalse[0m,                        │ │
│ │                 func_accepts=[1m{[0m'config': [1m([0m'N/A', <class                   │ │
│ │                 'inspect._empty'>[1m)[0m[1m}[0m,                                     │ │
│ │                 writes=[1m([0m[1mChannelWriteTupleEntry[0m[1m([0mmapper=<function          │ │
│ │                 CompiledStateGraph.attach_node.<locals>._get_updates at  │ │
│ │                 [1m0x10d1b8360[0m>, value=<object object at [1m0x10ae6a7c0[0m>,      │ │
│ │                 static=[3mNone[0m[1m)[0m, [1mChannelWriteTupleEntry[0m[1m([0mmapper=<function    │ │
│ │                 _control_branch at [1m0x10c6419e0[0m>, value=<object object at │ │
│ │                 [1m0x10ae6a7c0[0m>, static=[1m[[0m[1m][0m[1m)[0m,                                │ │
│ │                 [1mChannelWriteEntry[0m[1m([0mchannel='branch:to:deliver',           │ │
│ │                 value=[3mNone[0m, skip_none=[3mFalse[0m, mapper=[3mNone[0m[1m)[0m[1m)[0m[1m)[0m              │ │
│ │                 [2m│   │   [0m[1m][0m,                                               │ │
│ │                 [2m│   │   [0msubgraphs=[1m[[0m                                      │ │
│ │                 [2m│   │   │   [0m<langgraph.graph.state.CompiledStateGraph    │ │
│ │                 object at [1m0x10cb22120[0m[1m>[0m                                   │ │
│ │                 [2m│   │   [0m[1m][0m                                                │ │
│ │                 [2m│   [0m[1m)[0m,                                                   │ │
│ │                 [1m)[0m                                                        │ │
│ │            [3mtb[0m = [1m<[0m[1mtraceback[0m object at [1m0x10ceadb40[0m[1m>[0m                        │ │
│ │       [3mtimeout[0m = [3mNone[0m                                                     │ │
│ ╰──────────────────────────────────────────────────────────────────────────╯ │
│                                                                              │
│ [2m/private/tmp/kodezart-v03-recovery-semantic-amendment/.venv/lib/python3.12/s[0m │
│ [2mite-packages/langgraph/pregel/[0m[1m_runner.py[0m:520 in _panic_or_proceed            │
│                                                                              │
│   [2m517 [0m[2m│   │   │   │   │   [0m[2m# collect interrupts[0m                               │
│   [2m518 [0m[2m│   │   │   │   │   [0minterrupts.append(exc)                             │
│   [2m519 [0m[2m│   │   │   │   [0melif fut not in SKIP_RERAISE_SET:                      │
│ ❱ 520 [2m│   │   │   │   │   [0m[1;4mraise[0m[1;4m exc[0m                                          │
│   [2m521 [0m[2m│   [0m[2m# raise combined interrupts[0m                                        │
│   [2m522 [0m[2m│   [0mif interrupts:                                                     │
│   [2m523 [0m[2m│   │   [0mraise GraphInterrupt(tuple(i for exc in interrupts for i in ex │
│                                                                              │
│ ╭───────────────────────────────── locals ─────────────────────────────────╮ │
│ │       [3mdone[0m = [1mset[0m[1m([0m[1m)[0m                                                       │ │
│ │        [3mexc[0m = [1mNativeWriteRefusalError[0m[1m([0m'Native execution requires the      │ │
│ │              precommit amendment owner'[1m)[0m                                 │ │
│ │        [3mfut[0m = [1m<[0m[1mTask[0m finished name='native_fire' coro=<[1marun_with_retry[0m[1m([0m[1m)[0m   │ │
│ │              done, defined at                                            │ │
│ │              /private/tmp/kodezart-v03-recovery-semantic-amendment/.ven… │ │
│ │              exception=[1mNativeWriteRefusalError[0m[1m([0m'Native execution         │ │
│ │              requires the precommit amendment owner'[1m)[0m[1m>[0m                   │ │
│ │       [3mfuts[0m = [1m{[0m                                                           │ │
│ │              [2m│   [0m[1m<[0m[1mTask[0m finished name='native_fire'                       │ │
│ │              coro=<[1marun_with_retry[0m[1m([0m[1m)[0m done, defined at                    │ │
│ │              /private/tmp/kodezart-v03-recovery-semantic-amendment/.ven… │ │
│ │              exception=[1mNativeWriteRefusalError[0m[1m([0m'Native execution         │ │
│ │              requires the precommit amendment owner'[1m)[0m[1m>[0m                   │ │
│ │              [1m}[0m                                                           │ │
│ │   [3minflight[0m = [1mset[0m[1m([0m[1m)[0m                                                       │ │
│ │ [3minterrupts[0m = [1m[[0m[1m][0m                                                          │ │
│ │      [3mpanic[0m = [3mTrue[0m                                                        │ │
│ ╰──────────────────────────────────────────────────────────────────────────╯ │
│                                                                              │
│ [2m/private/tmp/kodezart-v03-recovery-semantic-amendment/.venv/lib/python3.12/s[0m │
│ [2mite-packages/langgraph/pregel/[0m[1m_retry.py[0m:163 in arun_with_retry               │
│                                                                              │
│   [2m160 [0m[2m│   │   │   │   [0m[2m# if successful, end[0m                                   │
│   [2m161 [0m[2m│   │   │   │   [0mbreak                                                  │
│   [2m162 [0m[2m│   │   │   [0melse:                                                      │
│ ❱ 163 [2m│   │   │   │   [0mreturn await task.proc.ainvoke(task.input, config)     │
│   [2m164 [0m[2m│   │   [0mexcept ParentCommand as exc:                                   │
│   [2m165 [0m[2m│   │   │   [0mns: str = config[CONF][CONFIG_KEY_CHECKPOINT_NS]           │
│   [2m166 [0m[2m│   │   │   [0mcmd = exc.args[0]                                          │
│                                                                              │
│ ╭───────────────────────────────── locals ─────────────────────────────────╮ │
│ │            [3mattempts[0m = [1m0[0m                                                  │ │
│ │              [3mconfig[0m = [1m{[0m                                                  │ │
│ │                       [2m│   [0m'metadata': [1m{[0m                                  │ │
│ │                       [2m│   │   [0m'scope_lane_request':                      │ │
│ │                       '{"base":"{\\"inputs\\":[],\\"base_branch\\":\\"t… │ │
│ │                       [2m│   │   [0m'scope_lane_run_identity':                 │ │
│ │                       '{"kind":"fire","name":"A","started_at":"2026-09-… │ │
│ │                       [2m│   │   [0m'prompt': 'Exact native subject A  with    │ │
│ │                       spaces\n',                                         │ │
│ │                       [2m│   │   [0m'repo_path': '/tmp/fake-cache',            │ │
│ │                       [2m│   │   [0m'repo_url':                                │ │
│ │                       'file:///scope-repository.git',                    │ │
│ │                       [2m│   │   [0m'permission_mode':                         │ │
│ │                       [1m<[0m[1mPermissionMode.UNATTENDED:[0m 'unattended'>,         │ │
│ │                       [2m│   │   [0m'thread_id':                               │ │
│ │                       '39afac4252584b729ff249968d18c44f-scope-559aead08… │ │
│ │                       [2m│   │   [0m'langgraph_step': [1m1[0m,                       │ │
│ │                       [2m│   │   [0m'langgraph_node': 'native_fire',           │ │
│ │                       [2m│   │   [0m'langgraph_triggers': [1m([0m                    │ │
│ │                       [2m│   │   │   [0m'branch:to:native_fire',               │ │
│ │                       [2m│   │   [0m[1m)[0m,                                         │ │
│ │                       [2m│   │   [0m... +[1m3[0m                                     │ │
│ │                       [2m│   [0m[1m}[0m,                                             │ │
│ │                       [2m│   [0m'configurable': [1m{[0m                              │ │
│ │                       [2m│   │   [0m'prompt': 'Exact native subject A  with    │ │
│ │                       spaces\n',                                         │ │
│ │                       [2m│   │   [0m'repo_path': '/tmp/fake-cache',            │ │
│ │                       [2m│   │   [0m'repo_url':                                │ │
│ │                       'file:///scope-repository.git',                    │ │
│ │                       [2m│   │   [0m'cache_key':                               │ │
│ │                       '39afac4252584b729ff249968d18c44f-scope-559aead08… │ │
│ │                       [2m│   │   [0m'run_identity': [1m{[0m                          │ │
│ │                       [2m│   │   │   [0m'kind': <RunKind.FIRE: 'fire'>,        │ │
│ │                       [2m│   │   │   [0m'name': 'A',                           │ │
│ │                       [2m│   │   │   [0m'started_at': [1mdatetime.datetime[0m[1m([0m[1m2026[0m,  │ │
│ │                       [1m9[0m, [1m12[0m, [1m16[0m, [1m1[0m, [1m18[0m, [1m993216[0m,                          │ │
│ │                       tzinfo=datetime.timezone.utc[1m)[0m                      │ │
│ │                       [2m│   │   [0m[1m}[0m,                                         │ │
│ │                       [2m│   │   [0m'workspace_path': [3mNone[0m,                    │ │
│ │                       [2m│   │   [0m'base_spec': [1m{[0m                             │ │
│ │                       [2m│   │   │   [0m'inputs': [1m([0m[1m)[0m,                          │ │
│ │                       [2m│   │   │   [0m'base_branch': 'trunk',                │ │
│ │                       [2m│   │   │   [0m'base_role': [3mNone[0m                      │ │
│ │                       [2m│   │   [0m[1m}[0m,                                         │ │
│ │                       [2m│   │   [0m'permission_mode':                         │ │
│ │                       <PermissionMode.UNATTENDED: 'unattended'>,         │ │
│ │                       [2m│   │   [0m'allowed_tools': [1m[[0m                         │ │
│ │                       [2m│   │   │   [0m'Read',                                │ │
│ │                       [2m│   │   │   [0m'Glob',                                │ │
│ │                       [2m│   │   │   [0m'Grep',                                │ │
│ │                       [2m│   │   │   [0m'Bash',                                │ │
│ │                       [2m│   │   │   [0m'Edit',                                │ │
│ │                       [2m│   │   │   [0m'Write'                                │ │
│ │                       [2m│   │   [0m[1m][0m,                                         │ │
│ │                       [2m│   │   [0m'thread_id':                               │ │
│ │                       '39afac4252584b729ff249968d18c44f-scope-559aead08… │ │
│ │                       [2m│   │   [0m... +[1m11[0m                                    │ │
│ │                       [2m│   [0m[1m}[0m,                                             │ │
│ │                       [2m│   [0m'callbacks':                                   │ │
│ │                       <langchain_core.callbacks.manager.AsyncCallbackMa… │ │
│ │                       object at [1m0x10cac1910[0m[1m>[0m,                            │ │
│ │                       [2m│   [0m'run_name': 'native_fire'                      │ │
│ │                       [1m}[0m                                                  │ │
│ │        [3mconfigurable[0m = [1m{[0m                                                  │ │
│ │                       [2m│   [0m'__pregel_call': [1mfunctools.partial[0m[1m([0m[1m<[0m[1mfunction[0m   │ │
│ │                       _acall at [1m0x10c631620[0m>, <weakref at [1m0x10cb476f0[0m;   │ │
│ │                       to 'PregelExecutableTask' at [1m0x10d231130[0m>,         │ │
│ │                       retry_policy=[3mNone[0m, stream=[3mFalse[0m, futures=<weakref  │ │
│ │                       at [1m0x10cb47740[0m; to 'FuturesDict' at [1m0x10cb45950[0m>,  │ │
│ │                       schedule_task=<bound method                        │ │
│ │                       AsyncPregelLoop.aaccept_push of                    │ │
│ │                       <langgraph.pregel._loop.AsyncPregelLoop object at  │ │
│ │                       [1m0x10cac3a10[0m>>, submit=<weakref at [1m0x10cf57d50[0m; to  │ │
│ │                       'AsyncBackgroundExecutor' at [1m0x10cac10d0[0m>,         │ │
│ │                       loop=<_UnixSelectorEventLoop running=[3mTrue[0m          │ │
│ │                       closed=[3mFalse[0m debug=[3mFalse[0m[1m>[0m[1m)[0m                         │ │
│ │                       [1m}[0m                                                  │ │
│ │ [3mmatch_cached_writes[0m = [3mNone[0m                                               │ │
│ │        [3mretry_policy[0m = [3mNone[0m                                               │ │
│ │              [3mstream[0m = [3mFalse[0m                                              │ │
│ │                [3mtask[0m = [1mPregelExecutableTask[0m[1m([0m                              │ │
│ │                       [2m│   [0mname='native_fire',                            │ │
│ │                       [2m│   [0minput=[1m{[0m                                        │ │
│ │                       [2m│   │   [0m'issue_key': 'A',                          │ │
│ │                       [2m│   │   [0m'feature_branch': '',                      │ │
│ │                       [2m│   │   [0m'ralph_branch': '',                        │ │
│ │                       [2m│   │   [0m'work_base_ref': 'trunk',                  │ │
│ │                       [2m│   │   [0m'fire_spec': [3mNone[0m,                         │ │
│ │                       [2m│   │   [0m'acceptance_criteria': [1m[[0m[1m][0m,                 │ │
│ │                       [2m│   │   [0m'criterion_set': [3mNone[0m,                     │ │
│ │                       [2m│   │   [0m'criteria_validation': [3mNone[0m,               │ │
│ │                       [2m│   │   [0m'criteria_regeneration_rounds': [1m0[0m,         │ │
│ │                       [2m│   │   [0m'criteria_infeasible': [3mFalse[0m,              │ │
│ │                       [2m│   │   [0m... +[1m18[0m                                    │ │
│ │                       [2m│   [0m[1m}[0m,                                             │ │
│ │                       [2m│   [0m                                               │ │
│ │                       proc=[1m<[0m[1mlanggraph._internal._runnable.RunnableSeq[0m    │ │
│ │                       object at [1m0x10cac3f80[0m>,                            │ │
│ │                       [2m│   [0mwrites=[1mdeque[0m[1m([0m[1m[[0m                                 │ │
│ │                       [2m│   │   [0m[1m([0m                                          │ │
│ │                       [2m│   │   │   [0m'__error__',                           │ │
│ │                       [2m│   │   │   [0m[1mNativeWriteRefusalError[0m[1m([0m'Native        │ │
│ │                       execution requires the precommit amendment owner'[1m)[0m │ │
│ │                       [2m│   │   [0m[1m)[0m                                          │ │
│ │                       [2m│   [0m[1m][0m[1m)[0m,                                            │ │
│ │                       [2m│   [0mconfig=[1m{[0m                                       │ │
│ │                       [2m│   │   [0m'metadata': [1m{[0m                              │ │
│ │                       [2m│   │   │   [0m'scope_lane_request':                  │ │
│ │                       '{"base":"{\\"inputs\\":[],\\"base_branch\\":\\"t… │ │
│ │                       [2m│   │   │   [0m'scope_lane_run_identity':             │ │
│ │                       '{"kind":"fire","name":"A","started_at":"2026-09-… │ │
│ │                       [2m│   │   │   [0m'prompt': 'Exact native subject A      │ │
│ │                       with spaces\n',                                    │ │
│ │                       [2m│   │   │   [0m'repo_path': '/tmp/fake-cache',        │ │
│ │                       [2m│   │   │   [0m'repo_url':                            │ │
│ │                       'file:///scope-repository.git',                    │ │
│ │                       [2m│   │   │   [0m'permission_mode':                     │ │
│ │                       <PermissionMode.UNATTENDED: 'unattended'>,         │ │
│ │                       [2m│   │   │   [0m'thread_id':                           │ │
│ │                       '39afac4252584b729ff249968d18c44f-scope-559aead08… │ │
│ │                       [2m│   │   │   [0m'langgraph_step': [1m1[0m,                   │ │
│ │                       [2m│   │   │   [0m'langgraph_node': 'native_fire',       │ │
│ │                       [2m│   │   │   [0m'langgraph_triggers': [1m([0m                │ │
│ │                       [2m│   │   │   │   [0m'branch:to:native_fire',           │ │
│ │                       [2m│   │   │   [0m[1m)[0m,                                     │ │
│ │                       [2m│   │   │   [0m... +[1m3[0m                                 │ │
│ │                       [2m│   │   [0m[1m}[0m,                                         │ │
│ │                       [2m│   │   [0m'configurable': [1m{[0m                          │ │
│ │                       [2m│   │   │   [0m'prompt': 'Exact native subject A      │ │
│ │                       with spaces\n',                                    │ │
│ │                       [2m│   │   │   [0m'repo_path': '/tmp/fake-cache',        │ │
│ │                       [2m│   │   │   [0m'repo_url':                            │ │
│ │                       'file:///scope-repository.git',                    │ │
│ │                       [2m│   │   │   [0m'cache_key':                           │ │
│ │                       '39afac4252584b729ff249968d18c44f-scope-559aead08… │ │
│ │                       [2m│   │   │   [0m'run_identity': [1m{[0m                      │ │
│ │                       [2m│   │   │   │   [0m'kind': <RunKind.FIRE: 'fire'>,    │ │
│ │                       [2m│   │   │   │   [0m'name': 'A',                       │ │
│ │                       [2m│   │   │   │   [0m'started_at':                      │ │
│ │                       [1mdatetime.datetime[0m[1m([0m[1m2026[0m, [1m9[0m, [1m12[0m, [1m16[0m, [1m1[0m, [1m18[0m, [1m993216[0m,  │ │
│ │                       tzinfo=datetime.timezone.utc[1m)[0m                      │ │
│ │                       [2m│   │   │   [0m[1m}[0m,                                     │ │
│ │                       [2m│   │   │   [0m'workspace_path': [3mNone[0m,                │ │
│ │                       [2m│   │   │   [0m'base_spec': [1m{[0m                         │ │
│ │                       [2m│   │   │   │   [0m'inputs': [1m([0m[1m)[0m,                      │ │
│ │                       [2m│   │   │   │   [0m'base_branch': 'trunk',            │ │
│ │                       [2m│   │   │   │   [0m'base_role': [3mNone[0m                  │ │
│ │                       [2m│   │   │   [0m[1m}[0m,                                     │ │
│ │                       [2m│   │   │   [0m'permission_mode':                     │ │
│ │                       <PermissionMode.UNATTENDED: 'unattended'>,         │ │
│ │                       [2m│   │   │   [0m'allowed_tools': [1m[[0m                     │ │
│ │                       [2m│   │   │   │   [0m'Read',                            │ │
│ │                       [2m│   │   │   │   [0m'Glob',                            │ │
│ │                       [2m│   │   │   │   [0m'Grep',                            │ │
│ │                       [2m│   │   │   │   [0m'Bash',                            │ │
│ │                       [2m│   │   │   │   [0m'Edit',                            │ │
│ │                       [2m│   │   │   │   [0m'Write'                            │ │
│ │                       [2m│   │   │   [0m[1m][0m,                                     │ │
│ │                       [2m│   │   │   [0m'thread_id':                           │ │
│ │                       '39afac4252584b729ff249968d18c44f-scope-559aead08… │ │
│ │                       [2m│   │   │   [0m... +[1m10[0m                                │ │
│ │                       [2m│   │   [0m[1m}[0m,                                         │ │
│ │                       [2m│   │   [0m'callbacks':                               │ │
│ │                       <langchain_core.callbacks.manager.AsyncCallbackMa… │ │
│ │                       object at [1m0x10cac1910[0m>,                            │ │
│ │                       [2m│   │   [0m'run_name': 'native_fire'                  │ │
│ │                       [2m│   [0m[1m}[0m,                                             │ │
│ │                       [2m│   [0mtriggers=[1m([0m'branch:to:native_fire',[1m)[0m,           │ │
│ │                       [2m│   [0mretry_policy=[1m([0m[1m)[0m,                               │ │
│ │                       [2m│   [0mcache_key=[3mNone[0m,                                │ │
│ │                       [2m│   [0mid='f4b8cf22-1d6d-c023-abb5-48d9fa35349d',     │ │
│ │                       [2m│   [0mpath=[1m([0m'__pregel_pull', 'native_fire'[1m)[0m,         │ │
│ │                       [2m│   [0mwriters=[1m[[0m                                      │ │
│ │                       [2m│   │   [0m                                           │ │
│ │                       ChannelWrite<...,...,branch:to:deliver>[1m([0mtags=[3mNone[0m, │ │
│ │                       recurse=[3mTrue[0m, explode_args=[3mFalse[0m,                  │ │
│ │                       func_accepts=[1m{[0m'config': [1m([0m'N/A', <class             │ │
│ │                       'inspect._empty'>[1m)[0m[1m}[0m,                               │ │
│ │                       writes=[1m([0m[1mChannelWriteTupleEntry[0m[1m([0mmapper=<function    │ │
│ │                       CompiledStateGraph.attach_node.<locals>._get_upda… │ │
│ │                       at [1m0x10d1b8360[0m>, value=<object object at           │ │
│ │                       [1m0x10ae6a7c0[0m>, static=[3mNone[0m[1m)[0m,                        │ │
│ │                       [1mChannelWriteTupleEntry[0m[1m([0mmapper=<function            │ │
│ │                       _control_branch at [1m0x10c6419e0[0m>, value=<object     │ │
│ │                       object at [1m0x10ae6a7c0[0m>, static=[1m[[0m[1m][0m[1m)[0m,                │ │
│ │                       [1mChannelWriteEntry[0m[1m([0mchannel='branch:to:deliver',     │ │
│ │                       value=[3mNone[0m, skip_none=[3mFalse[0m, mapper=[3mNone[0m[1m)[0m[1m)[0m[1m)[0m        │ │
│ │                       [2m│   [0m[1m][0m,                                             │ │
│ │                       [2m│   [0msubgraphs=[1m[[0m                                    │ │
│ │                       [2m│   │   [0m<langgraph.graph.state.CompiledStateGraph  │ │
│ │                       object at [1m0x10cb22120[0m[1m>[0m                             │ │
│ │                       [2m│   [0m[1m][0m                                              │ │
│ │                       [1m)[0m                                                  │ │
│ ╰──────────────────────────────────────────────────────────────────────────╯ │
│                                                                              │
│ [2m/private/tmp/kodezart-v03-recovery-semantic-amendment/.venv/lib/python3.12/s[0m │
│ [2mite-packages/langgraph/_internal/[0m[1m_runnable.py[0m:705 in ainvoke                 │
│                                                                              │
│   [2m702 [0m[2m│   │   │   │   │   │   │   [0mrun = None                                 │
│   [2m703 [0m[2m│   │   │   │   │   │   [0m[2m# run in context[0m                               │
│   [2m704 [0m[2m│   │   │   │   │   │   [0mwith set_config_context(config, run) as contex │
│ ❱ 705 [2m│   │   │   │   │   │   │   [0minput = await asyncio.create_task(         │
│   [2m706 [0m[2m│   │   │   │   │   │   │   │   [0mstep.ainvoke(input, config, **kwargs), │
│   [2m707 [0m[2m│   │   │   │   │   │   │   [0m)                                          │
│   [2m708 [0m[2m│   │   │   │   │   [0melse:                                              │
│                                                                              │
│ ╭───────────────────────────────── locals ─────────────────────────────────╮ │
│ │ [3mcallback_manager[0m = [1m<[0m[1mlangchain_core.callbacks.manager.AsyncCallbackManag…[0m │ │
│ │                    object at [1m0x10cac1910[0m[1m>[0m                                │ │
│ │           [3mconfig[0m = [1m{[0m                                                     │ │
│ │                    [2m│   [0m'metadata': [1m{[0m                                     │ │
│ │                    [2m│   │   [0m'scope_lane_request':                         │ │
│ │                    '{"base":"{\\"inputs\\":[],\\"base_branch\\":\\"trun… │ │
│ │                    [2m│   │   [0m'scope_lane_run_identity':                    │ │
│ │                    '{"kind":"fire","name":"A","started_at":"2026-09-12T… │ │
│ │                    [2m│   │   [0m'prompt': 'Exact native subject A  with       │ │
│ │                    spaces\n',                                            │ │
│ │                    [2m│   │   [0m'repo_path': '/tmp/fake-cache',               │ │
│ │                    [2m│   │   [0m'repo_url': 'file:///scope-repository.git',   │ │
│ │                    [2m│   │   [0m'permission_mode':                            │ │
│ │                    [1m<[0m[1mPermissionMode.UNATTENDED:[0m 'unattended'>,            │ │
│ │                    [2m│   │   [0m'thread_id':                                  │ │
│ │                    '39afac4252584b729ff249968d18c44f-scope-559aead08264… │ │
│ │                    [2m│   │   [0m'langgraph_step': [1m1[0m,                          │ │
│ │                    [2m│   │   [0m'langgraph_node': 'native_fire',              │ │
│ │                    [2m│   │   [0m'langgraph_triggers': [1m([0m                       │ │
│ │                    [2m│   │   │   [0m'branch:to:native_fire',                  │ │
│ │                    [2m│   │   [0m[1m)[0m,                                            │ │
│ │                    [2m│   │   [0m... +[1m3[0m                                        │ │
│ │                    [2m│   [0m[1m}[0m,                                                │ │
│ │                    [2m│   [0m'configurable': [1m{[0m                                 │ │
│ │                    [2m│   │   [0m'prompt': 'Exact native subject A  with       │ │
│ │                    spaces\n',                                            │ │
│ │                    [2m│   │   [0m'repo_path': '/tmp/fake-cache',               │ │
│ │                    [2m│   │   [0m'repo_url': 'file:///scope-repository.git',   │ │
│ │                    [2m│   │   [0m'cache_key':                                  │ │
│ │                    '39afac4252584b729ff249968d18c44f-scope-559aead08264… │ │
│ │                    [2m│   │   [0m'run_identity': [1m{[0m                             │ │
│ │                    [2m│   │   │   [0m'kind': <RunKind.FIRE: 'fire'>,           │ │
│ │                    [2m│   │   │   [0m'name': 'A',                              │ │
│ │                    [2m│   │   │   [0m'started_at': [1mdatetime.datetime[0m[1m([0m[1m2026[0m, [1m9[0m,  │ │
│ │                    [1m12[0m, [1m16[0m, [1m1[0m, [1m18[0m, [1m993216[0m, tzinfo=datetime.timezone.utc[1m)[0m  │ │
│ │                    [2m│   │   [0m[1m}[0m,                                            │ │
│ │                    [2m│   │   [0m'workspace_path': [3mNone[0m,                       │ │
│ │                    [2m│   │   [0m'base_spec': [1m{[0m                                │ │
│ │                    [2m│   │   │   [0m'inputs': [1m([0m[1m)[0m,                             │ │
│ │                    [2m│   │   │   [0m'base_branch': 'trunk',                   │ │
│ │                    [2m│   │   │   [0m'base_role': [3mNone[0m                         │ │
│ │                    [2m│   │   [0m[1m}[0m,                                            │ │
│ │                    [2m│   │   [0m'permission_mode':                            │ │
│ │                    <PermissionMode.UNATTENDED: 'unattended'>,            │ │
│ │                    [2m│   │   [0m'allowed_tools': [1m[[0m                            │ │
│ │                    [2m│   │   │   [0m'Read',                                   │ │
│ │                    [2m│   │   │   [0m'Glob',                                   │ │
│ │                    [2m│   │   │   [0m'Grep',                                   │ │
│ │                    [2m│   │   │   [0m'Bash',                                   │ │
│ │                    [2m│   │   │   [0m'Edit',                                   │ │
│ │                    [2m│   │   │   [0m'Write'                                   │ │
│ │                    [2m│   │   [0m[1m][0m,                                            │ │
│ │                    [2m│   │   [0m'thread_id':                                  │ │
│ │                    '39afac4252584b729ff249968d18c44f-scope-559aead08264… │ │
│ │                    [2m│   │   [0m... +[1m11[0m                                       │ │
│ │                    [2m│   [0m[1m}[0m,                                                │ │
│ │                    [2m│   [0m'callbacks':                                      │ │
│ │                    <langchain_core.callbacks.manager.AsyncCallbackManag… │ │
│ │                    object at [1m0x10cac1640[0m[1m>[0m                                │ │
│ │                    [1m}[0m                                                     │ │
│ │          [3mcontext[0m = [1m<[0m[1m_contextvars.Context[0m object at [1m0x10ceb26c0[0m[1m>[0m          │ │
│ │                [3mi[0m = [1m0[0m                                                     │ │
│ │            [3minput[0m = [1m{[0m                                                     │ │
│ │                    [2m│   [0m'issue_key': 'A',                                 │ │
│ │                    [2m│   [0m'feature_branch': '',                             │ │
│ │                    [2m│   [0m'ralph_branch': '',                               │ │
│ │                    [2m│   [0m'work_base_ref': 'trunk',                         │ │
│ │                    [2m│   [0m'fire_spec': [3mNone[0m,                                │ │
│ │                    [2m│   [0m'acceptance_criteria': [1m[[0m[1m][0m,                        │ │
│ │                    [2m│   [0m'criterion_set': [3mNone[0m,                            │ │
│ │                    [2m│   [0m'criteria_validation': [3mNone[0m,                      │ │
│ │                    [2m│   [0m'criteria_regeneration_rounds': [1m0[0m,                │ │
│ │                    [2m│   [0m'criteria_infeasible': [3mFalse[0m,                     │ │
│ │                    [2m│   [0m... +[1m18[0m                                           │ │
│ │                    [1m}[0m                                                     │ │
│ │           [3mkwargs[0m = [1m{[0m[1m}[0m                                                    │ │
│ │              [3mrun[0m = [3mNone[0m                                                  │ │
│ │      [3mrun_manager[0m = [1m<[0m[1mlangchain_core.callbacks.manager.AsyncCallbackManag…[0m │ │
│ │                    object at [1m0x10cac1820[0m[1m>[0m                                │ │
│ │             [3mself[0m = [1m<[0m[1mlanggraph._internal._runnable.RunnableSeq[0m object at  │ │
│ │                    [1m0x10cac3f80[0m[1m>[0m                                          │ │
│ │             [3mstep[0m = [1m<[0m[1mlanggraph.graph.state.CompiledStateGraph[0m object at   │ │
│ │                    [1m0x10cb22120[0m[1m>[0m                                          │ │
│ ╰──────────────────────────────────────────────────────────────────────────╯ │
│                                                                              │
│ [2m/private/tmp/kodezart-v03-recovery-semantic-amendment/.venv/lib/python3.12/s[0m │
│ [2mite-packages/langgraph/pregel/[0m[1mmain.py[0m:3184 in ainvoke                        │
│                                                                              │
│   [2m3181 [0m[2m│   │   [0mchunks: list[dict[str, Any] | Any] = []                       │
│   [2m3182 [0m[2m│   │   [0minterrupts: list[Interrupt] = []                              │
│   [2m3183 [0m[2m│   │   [0m                                                              │
│ ❱ 3184 [2m│   │   [0masync for chunk in [1;4mself[0m[1;4m.astream([0m                              │
│   [2m3185 [0m[2m│   │   │   [0m[1;4minput[0m[1;4m,[0m                                                    │
│   [2m3186 [0m[2m│   │   │   [0m[1;4mconfig,[0m                                                   │
│   [2m3187 [0m[2m│   │   │   [0m[1;4mcontext=context,[0m                                          │
│                                                                              │
│ ╭───────────────────────────────── locals ─────────────────────────────────╮ │
│ │            [3mchunk[0m = [1m([0m                                                     │ │
│ │                    [2m│   [0m'values',                                         │ │
│ │                    [2m│   [0m[1m{[0m                                                 │ │
│ │                    [2m│   │   [0m'issue_key': 'A',                             │ │
│ │                    [2m│   │   [0m'feature_branch':                             │ │
│ │                    'kodezart/test-branch-0a345772',                      │ │
│ │                    [2m│   │   [0m'ralph_branch':                               │ │
│ │                    'kodezart/test-branch-0a345772-ralph-5183f3a1',       │ │
│ │                    [2m│   │   [0m'work_base_ref': 'trunk',                     │ │
│ │                    [2m│   │   [0m'fire_spec': [1mTrackerSpec[0m[1m([0m                     │ │
│ │                    [2m│   │   │   [0msubject='A',                              │ │
│ │                    [2m│   │   │   [0mbody='Exact native subject A  with        │ │
│ │                    spaces\n',                                            │ │
│ │                    [2m│   │   │   [0mcriteria=[1m([0m'A/check',[1m)[0m,                    │ │
│ │                    [2m│   │   │   [0m                                          │ │
│ │                    read_at_version='2026-01-01T00:00:00+00:00'           │ │
│ │                    [2m│   │   [0m[1m)[0m,                                            │ │
│ │                    [2m│   │   [0m'acceptance_criteria': [1m[[0m[1m][0m,                    │ │
│ │                    [2m│   │   [0m'criterion_set': [1mTrackerCriterionSet[0m[1m([0m         │ │
│ │                    [2m│   │   │   [0mcriteria=[1m[[0m                                │ │
│ │                    [2m│   │   │   │   [0m[1mTrackerCriterion[0m[1m([0m                     │ │
│ │                    [2m│   │   │   │   │   [0mid='A/check',                     │ │
│ │                    [2m│   │   │   │   │   [0mtext='A live Check  bytes'        │ │
│ │                    [2m│   │   │   │   [0m[1m)[0m                                     │ │
│ │                    [2m│   │   │   [0m[1m][0m                                         │ │
│ │                    [2m│   │   [0m[1m)[0m,                                            │ │
│ │                    [2m│   │   [0m'criteria_validation': [3mNone[0m,                  │ │
│ │                    [2m│   │   [0m'criteria_regeneration_rounds': [1m0[0m,            │ │
│ │                    [2m│   │   [0m'criteria_infeasible': [3mFalse[0m,                 │ │
│ │                    [2m│   │   [0m... +[1m17[0m                                       │ │
│ │                    [2m│   [0m[1m}[0m                                                 │ │
│ │                    [1m)[0m                                                     │ │
│ │           [3mchunks[0m = [1m[[0m[1m][0m                                                    │ │
│ │           [3mconfig[0m = [1m{[0m                                                     │ │
│ │                    [2m│   [0m'metadata': [1m{[0m                                     │ │
│ │                    [2m│   │   [0m'scope_lane_request':                         │ │
│ │                    '{"base":"{\\"inputs\\":[],\\"base_branch\\":\\"trun… │ │
│ │                    [2m│   │   [0m'scope_lane_run_identity':                    │ │
│ │                    '{"kind":"fire","name":"A","started_at":"2026-09-12T… │ │
│ │                    [2m│   │   [0m'prompt': 'Exact native subject A  with       │ │
│ │                    spaces\n',                                            │ │
│ │                    [2m│   │   [0m'repo_path': '/tmp/fake-cache',               │ │
│ │                    [2m│   │   [0m'repo_url': 'file:///scope-repository.git',   │ │
│ │                    [2m│   │   [0m'permission_mode':                            │ │
│ │                    [1m<[0m[1mPermissionMode.UNATTENDED:[0m 'unattended'>,            │ │
│ │                    [2m│   │   [0m'thread_id':                                  │ │
│ │                    '39afac4252584b729ff249968d18c44f-scope-559aead08264… │ │
│ │                    [2m│   │   [0m'langgraph_step': [1m1[0m,                          │ │
│ │                    [2m│   │   [0m'langgraph_node': 'native_fire',              │ │
│ │                    [2m│   │   [0m'langgraph_triggers': [1m([0m                       │ │
│ │                    [2m│   │   │   [0m'branch:to:native_fire',                  │ │
│ │                    [2m│   │   [0m[1m)[0m,                                            │ │
│ │                    [2m│   │   [0m... +[1m3[0m                                        │ │
│ │                    [2m│   [0m[1m}[0m,                                                │ │
│ │                    [2m│   [0m'configurable': [1m{[0m                                 │ │
│ │                    [2m│   │   [0m'prompt': 'Exact native subject A  with       │ │
│ │                    spaces\n',                                            │ │
│ │                    [2m│   │   [0m'repo_path': '/tmp/fake-cache',               │ │
│ │                    [2m│   │   [0m'repo_url': 'file:///scope-repository.git',   │ │
│ │                    [2m│   │   [0m'cache_key':                                  │ │
│ │                    '39afac4252584b729ff249968d18c44f-scope-559aead08264… │ │
│ │                    [2m│   │   [0m'run_identity': [1m{[0m                             │ │
│ │                    [2m│   │   │   [0m'kind': <RunKind.FIRE: 'fire'>,           │ │
│ │                    [2m│   │   │   [0m'name': 'A',                              │ │
│ │                    [2m│   │   │   [0m'started_at': [1mdatetime.datetime[0m[1m([0m[1m2026[0m, [1m9[0m,  │ │
│ │                    [1m12[0m, [1m16[0m, [1m1[0m, [1m18[0m, [1m993216[0m, tzinfo=datetime.timezone.utc[1m)[0m  │ │
│ │                    [2m│   │   [0m[1m}[0m,                                            │ │
│ │                    [2m│   │   [0m'workspace_path': [3mNone[0m,                       │ │
│ │                    [2m│   │   [0m'base_spec': [1m{[0m                                │ │
│ │                    [2m│   │   │   [0m'inputs': [1m([0m[1m)[0m,                             │ │
│ │                    [2m│   │   │   [0m'base_branch': 'trunk',                   │ │
│ │                    [2m│   │   │   [0m'base_role': [3mNone[0m                         │ │
│ │                    [2m│   │   [0m[1m}[0m,                                            │ │
│ │                    [2m│   │   [0m'permission_mode':                            │ │
│ │                    <PermissionMode.UNATTENDED: 'unattended'>,            │ │
│ │                    [2m│   │   [0m'allowed_tools': [1m[[0m                            │ │
│ │                    [2m│   │   │   [0m'Read',                                   │ │
│ │                    [2m│   │   │   [0m'Glob',                                   │ │
│ │                    [2m│   │   │   [0m'Grep',                                   │ │
│ │                    [2m│   │   │   [0m'Bash',                                   │ │
│ │                    [2m│   │   │   [0m'Edit',                                   │ │
│ │                    [2m│   │   │   [0m'Write'                                   │ │
│ │                    [2m│   │   [0m[1m][0m,                                            │ │
│ │                    [2m│   │   [0m'thread_id':                                  │ │
│ │                    '39afac4252584b729ff249968d18c44f-scope-559aead08264… │ │
│ │                    [2m│   │   [0m... +[1m11[0m                                       │ │
│ │                    [2m│   [0m[1m}[0m,                                                │ │
│ │                    [2m│   [0m'callbacks':                                      │ │
│ │                    <langchain_core.callbacks.manager.AsyncCallbackManag… │ │
│ │                    object at [1m0x10cac1640[0m[1m>[0m                                │ │
│ │                    [1m}[0m                                                     │ │
│ │          [3mcontext[0m = [3mNone[0m                                                  │ │
│ │       [3mdurability[0m = [3mNone[0m                                                  │ │
│ │            [3minput[0m = [1m{[0m                                                     │ │
│ │                    [2m│   [0m'issue_key': 'A',                                 │ │
│ │                    [2m│   [0m'feature_branch': '',                             │ │
│ │                    [2m│   [0m'ralph_branch': '',                               │ │
│ │                    [2m│   [0m'work_base_ref': 'trunk',                         │ │
│ │                    [2m│   [0m'fire_spec': [3mNone[0m,                                │ │
│ │                    [2m│   [0m'acceptance_criteria': [1m[[0m[1m][0m,                        │ │
│ │                    [2m│   [0m'criterion_set': [3mNone[0m,                            │ │
│ │                    [2m│   [0m'criteria_validation': [3mNone[0m,                      │ │
│ │                    [2m│   [0m'criteria_regeneration_rounds': [1m0[0m,                │ │
│ │                    [2m│   [0m'criteria_infeasible': [3mFalse[0m,                     │ │
│ │                    [2m│   [0m... +[1m18[0m                                           │ │
│ │                    [1m}[0m                                                     │ │
│ │  [3minterrupt_after[0m = [3mNone[0m                                                  │ │
│ │ [3minterrupt_before[0m = [3mNone[0m                                                  │ │
│ │       [3minterrupts[0m = [1m[[0m[1m][0m                                                    │ │
│ │             [3mints[0m = [3mNone[0m                                                  │ │
│ │           [3mkwargs[0m = [1m{[0m[1m}[0m                                                    │ │
│ │           [3mlatest[0m = [1m{[0m                                                     │ │
│ │                    [2m│   [0m'issue_key': 'A',                                 │ │
│ │                    [2m│   [0m'feature_branch':                                 │ │
│ │                    'kodezart/test-branch-0a345772',                      │ │
│ │                    [2m│   [0m'ralph_branch':                                   │ │
│ │                    'kodezart/test-branch-0a345772-ralph-5183f3a1',       │ │
│ │                    [2m│   [0m'work_base_ref': 'trunk',                         │ │
│ │                    [2m│   [0m'fire_spec': [1mTrackerSpec[0m[1m([0m                         │ │
│ │                    [2m│   │   [0msubject='A',                                  │ │
│ │                    [2m│   │   [0mbody='Exact native subject A  with spaces\n', │ │
│ │                    [2m│   │   [0mcriteria=[1m([0m'A/check',[1m)[0m,                        │ │
│ │                    [2m│   │   [0mread_at_version='2026-01-01T00:00:00+00:00'   │ │
│ │                    [2m│   [0m[1m)[0m,                                                │ │
│ │                    [2m│   [0m'acceptance_criteria': [1m[[0m[1m][0m,                        │ │
│ │                    [2m│   [0m'criterion_set': [1mTrackerCriterionSet[0m[1m([0m             │ │
│ │                    [2m│   │   [0mcriteria=[1m[[0m                                    │ │
│ │                    [2m│   │   │   [0m[1mTrackerCriterion[0m[1m([0m                         │ │
│ │                    [2m│   │   │   │   [0mid='A/check',                         │ │
│ │                    [2m│   │   │   │   [0mtext='A live Check  bytes'            │ │
│ │                    [2m│   │   │   [0m[1m)[0m                                         │ │
│ │                    [2m│   │   [0m[1m][0m                                             │ │
│ │                    [2m│   [0m[1m)[0m,                                                │ │
│ │                    [2m│   [0m'criteria_validation': [3mNone[0m,                      │ │
│ │                    [2m│   [0m'criteria_regeneration_rounds': [1m0[0m,                │ │
│ │                    [2m│   [0m'criteria_infeasible': [3mFalse[0m,                     │ │
│ │                    [2m│   [0m... +[1m17[0m                                           │ │
│ │                    [1m}[0m                                                     │ │
│ │             [3mmode[0m = 'values'                                              │ │
│ │      [3moutput_keys[0m = [1m[[0m                                                     │ │
│ │                    [2m│   [0m'issue_key',                                      │ │
│ │                    [2m│   [0m'feature_branch',                                 │ │
│ │                    [2m│   [0m'ralph_branch',                                   │ │
│ │                    [2m│   [0m'work_base_ref',                                  │ │
│ │                    [2m│   [0m'fire_spec',                                      │ │
│ │                    [2m│   [0m'acceptance_criteria',                            │ │
│ │                    [2m│   [0m'criterion_set',                                  │ │
│ │                    [2m│   [0m'criteria_validation',                            │ │
│ │                    [2m│   [0m'criteria_regeneration_rounds',                   │ │
│ │                    [2m│   [0m'criteria_infeasible',                            │ │
│ │                    [2m│   [0m... +[1m17[0m                                           │ │
│ │                    [1m][0m                                                     │ │
│ │          [3mpayload[0m = [1m{[0m                                                     │ │
│ │                    [2m│   [0m'issue_key': 'A',                                 │ │
│ │                    [2m│   [0m'feature_branch':                                 │ │
│ │                    'kodezart/test-branch-0a345772',                      │ │
│ │                    [2m│   [0m'ralph_branch':                                   │ │
│ │                    'kodezart/test-branch-0a345772-ralph-5183f3a1',       │ │
│ │                    [2m│   [0m'work_base_ref': 'trunk',                         │ │
│ │                    [2m│   [0m'fire_spec': [1mTrackerSpec[0m[1m([0m                         │ │
│ │                    [2m│   │   [0msubject='A',                                  │ │
│ │                    [2m│   │   [0mbody='Exact native subject A  with spaces\n', │ │
│ │                    [2m│   │   [0mcriteria=[1m([0m'A/check',[1m)[0m,                        │ │
│ │                    [2m│   │   [0mread_at_version='2026-01-01T00:00:00+00:00'   │ │
│ │                    [2m│   [0m[1m)[0m,                                                │ │
│ │                    [2m│   [0m'acceptance_criteria': [1m[[0m[1m][0m,                        │ │
│ │                    [2m│   [0m'criterion_set': [1mTrackerCriterionSet[0m[1m([0m             │ │
│ │                    [2m│   │   [0mcriteria=[1m[[0m                                    │ │
│ │                    [2m│   │   │   [0m[1mTrackerCriterion[0m[1m([0m                         │ │
│ │                    [2m│   │   │   │   [0mid='A/check',                         │ │
│ │                    [2m│   │   │   │   [0mtext='A live Check  bytes'            │ │
│ │                    [2m│   │   │   [0m[1m)[0m                                         │ │
│ │                    [2m│   │   [0m[1m][0m                                             │ │
│ │                    [2m│   [0m[1m)[0m,                                                │ │
│ │                    [2m│   [0m'criteria_validation': [3mNone[0m,                      │ │
│ │                    [2m│   [0m'criteria_regeneration_rounds': [1m0[0m,                │ │
│ │                    [2m│   [0m'criteria_infeasible': [3mFalse[0m,                     │ │
│ │                    [2m│   [0m... +[1m17[0m                                           │ │
│ │                    [1m}[0m                                                     │ │
│ │       [3mprint_mode[0m = [1m([0m[1m)[0m                                                    │ │
│ │             [3mself[0m = [1m<[0m[1mlanggraph.graph.state.CompiledStateGraph[0m object at   │ │
│ │                    [1m0x10cb22120[0m[1m>[0m                                          │ │
│ │      [3mstream_mode[0m = 'values'                                              │ │
│ ╰──────────────────────────────────────────────────────────────────────────╯ │
│                                                                              │
│ [2m/private/tmp/kodezart-v03-recovery-semantic-amendment/.venv/lib/python3.12/s[0m │
│ [2mite-packages/langgraph/pregel/[0m[1mmain.py[0m:2997 in astream                        │
│                                                                              │
│   [2m2994 [0m[2m│   │   │   │   │   [0mwhile loop.tick():                                │
│   [2m2995 [0m[2m│   │   │   │   │   │   [0mfor task in await loop.amatch_cached_writes() │
│   [2m2996 [0m[2m│   │   │   │   │   │   │   [0mloop.output_writes(task.id, task.writes,  │
│ ❱ 2997 [2m│   │   │   │   │   │   [0masync for _ in runner.atick(                  │
│   [2m2998 [0m[2m│   │   │   │   │   │   │   [0m[t for t in loop.tasks.values() if not t. │
│   [2m2999 [0m[2m│   │   │   │   │   │   │   [0mtimeout=self.step_timeout,                │
│   [2m3000 [0m[2m│   │   │   │   │   │   │   [0mget_waiter=get_waiter,                    │
│                                                                              │
│ ╭───────────────────────────────── locals ─────────────────────────────────╮ │
│ │                 [3m_[0m = [3mNone[0m                                                 │ │
│ │   [3m_cleanup_waiter[0m = [3mNone[0m                                                 │ │
│ │           [3maioloop[0m = [1m<[0m[1m_UnixSelectorEventLoop[0m running=[3mTrue[0m closed=[3mFalse[0m    │ │
│ │                     debug=[3mFalse[0m[1m>[0m                                         │ │
│ │             [3mcache[0m = [3mNone[0m                                                 │ │
│ │  [3mcallback_manager[0m = [1m<[0m[1mlangchain_core.callbacks.manager.AsyncCallbackMana…[0m │ │
│ │                     object at [1m0x10cac1be0[0m[1m>[0m                               │ │
│ │ [3mcheckpoint_during[0m = [3mNone[0m                                                 │ │
│ │      [3mcheckpointer[0m = [1m<[0m[1mlanggraph.checkpoint.memory.InMemorySaver[0m object at │ │
│ │                     [1m0x10ca98920[0m[1m>[0m                                         │ │
│ │            [3mconfig[0m = [1m{[0m                                                    │ │
│ │                     [2m│   [0m'tags': [1m[[0m[1m][0m,                                      │ │
│ │                     [2m│   [0m'metadata': [1m{[0m                                    │ │
│ │                     [2m│   │   [0m'scope_lane_request':                        │ │
│ │                     '{"base":"{\\"inputs\\":[],\\"base_branch\\":\\"tru… │ │
│ │                     [2m│   │   [0m'scope_lane_run_identity':                   │ │
│ │                     '{"kind":"fire","name":"A","started_at":"2026-09-12… │ │
│ │                     [2m│   │   [0m'prompt': 'Exact native subject A  with      │ │
│ │                     spaces\n',                                           │ │
│ │                     [2m│   │   [0m'repo_path': '/tmp/fake-cache',              │ │
│ │                     [2m│   │   [0m'repo_url': 'file:///scope-repository.git',  │ │
│ │                     [2m│   │   [0m'permission_mode':                           │ │
│ │                     [1m<[0m[1mPermissionMode.UNATTENDED:[0m 'unattended'>,           │ │
│ │                     [2m│   │   [0m'thread_id':                                 │ │
│ │                     '39afac4252584b729ff249968d18c44f-scope-559aead0826… │ │
│ │                     [2m│   │   [0m'langgraph_step': [1m1[0m,                         │ │
│ │                     [2m│   │   [0m'langgraph_node': 'native_fire',             │ │
│ │                     [2m│   │   [0m'langgraph_triggers': [1m([0m                      │ │
│ │                     [2m│   │   │   [0m'branch:to:native_fire',                 │ │
│ │                     [2m│   │   [0m[1m)[0m,                                           │ │
│ │                     [2m│   │   [0m... +[1m3[0m                                       │ │
│ │                     [2m│   [0m[1m}[0m,                                               │ │
│ │                     [2m│   [0m'callbacks':                                     │ │
│ │                     <langchain_core.callbacks.manager.AsyncCallbackMana… │ │
│ │                     object at [1m0x10cac1640[0m>,                              │ │
│ │                     [2m│   [0m'recursion_limit': [1m10000[0m,                        │ │
│ │                     [2m│   [0m'configurable': [1m{[0m                                │ │
│ │                     [2m│   │   [0m'prompt': 'Exact native subject A  with      │ │
│ │                     spaces\n',                                           │ │
│ │                     [2m│   │   [0m'repo_path': '/tmp/fake-cache',              │ │
│ │                     [2m│   │   [0m'repo_url': 'file:///scope-repository.git',  │ │
│ │                     [2m│   │   [0m'cache_key':                                 │ │
│ │                     '39afac4252584b729ff249968d18c44f-scope-559aead0826… │ │
│ │                     [2m│   │   [0m'run_identity': [1m{[0m                            │ │
│ │                     [2m│   │   │   [0m'kind': <RunKind.FIRE: 'fire'>,          │ │
│ │                     [2m│   │   │   [0m'name': 'A',                             │ │
│ │                     [2m│   │   │   [0m'started_at': [1mdatetime.datetime[0m[1m([0m[1m2026[0m, [1m9[0m, │ │
│ │                     [1m12[0m, [1m16[0m, [1m1[0m, [1m18[0m, [1m993216[0m, tzinfo=datetime.timezone.utc[1m)[0m │ │
│ │                     [2m│   │   [0m[1m}[0m,                                           │ │
│ │                     [2m│   │   [0m'workspace_path': [3mNone[0m,                      │ │
│ │                     [2m│   │   [0m'base_spec': [1m{[0m                               │ │
│ │                     [2m│   │   │   [0m'inputs': [1m([0m[1m)[0m,                            │ │
│ │                     [2m│   │   │   [0m'base_branch': 'trunk',                  │ │
│ │                     [2m│   │   │   [0m'base_role': [3mNone[0m                        │ │
│ │                     [2m│   │   [0m[1m}[0m,                                           │ │
│ │                     [2m│   │   [0m'permission_mode':                           │ │
│ │                     <PermissionMode.UNATTENDED: 'unattended'[1m>[0m,           │ │
│ │                     [2m│   │   [0m'allowed_tools': [1m[[0m                           │ │
│ │                     [2m│   │   │   [0m'Read',                                  │ │
│ │                     [2m│   │   │   [0m'Glob',                                  │ │
│ │                     [2m│   │   │   [0m'Grep',                                  │ │
│ │                     [2m│   │   │   [0m'Bash',                                  │ │
│ │                     [2m│   │   │   [0m'Edit',                                  │ │
│ │                     [2m│   │   │   [0m'Write'                                  │ │
│ │                     [2m│   │   [0m[1m][0m,                                           │ │
│ │                     [2m│   │   [0m'thread_id':                                 │ │
│ │                     '39afac4252584b729ff249968d18c44f-scope-559aead0826… │ │
│ │                     [2m│   │   [0m... +[1m11[0m                                      │ │
│ │                     [2m│   [0m[1m}[0m                                                │ │
│ │                     [1m}[0m                                                    │ │
│ │           [3mcontext[0m = [3mNone[0m                                                 │ │
│ │             [3mdebug[0m = [3mNone[0m                                                 │ │
│ │         [3mdo_stream[0m = [3mFalse[0m                                                │ │
│ │        [3mdurability[0m = [3mNone[0m                                                 │ │
│ │       [3mdurability_[0m = 'async'                                              │ │
│ │        [3mget_waiter[0m = [3mNone[0m                                                 │ │
│ │             [3minput[0m = [1m{[0m                                                    │ │
│ │                     [2m│   [0m'issue_key': 'A',                                │ │
│ │                     [2m│   [0m'feature_branch': '',                            │ │
│ │                     [2m│   [0m'ralph_branch': '',                              │ │
│ │                     [2m│   [0m'work_base_ref': 'trunk',                        │ │
│ │                     [2m│   [0m'fire_spec': [3mNone[0m,                               │ │
│ │                     [2m│   [0m'acceptance_criteria': [1m[[0m[1m][0m,                       │ │
│ │                     [2m│   [0m'criterion_set': [3mNone[0m,                           │ │
│ │                     [2m│   [0m'criteria_validation': [3mNone[0m,                     │ │
│ │                     [2m│   [0m'criteria_regeneration_rounds': [1m0[0m,               │ │
│ │                     [2m│   [0m'criteria_infeasible': [3mFalse[0m,                    │ │
│ │                     [2m│   [0m... +[1m18[0m                                          │ │
│ │                     [1m}[0m                                                    │ │
│ │   [3minterrupt_after[0m = [3mNone[0m                                                 │ │
│ │  [3minterrupt_after_[0m = [1m[[0m[1m][0m                                                   │ │
│ │  [3minterrupt_before[0m = [3mNone[0m                                                 │ │
│ │ [3minterrupt_before_[0m = [1m[[0m[1m][0m                                                   │ │
│ │            [3mkwargs[0m = [1m{[0m[1m}[0m                                                   │ │
│ │              [3mloop[0m = [1m<[0m[1mlanggraph.pregel._loop.AsyncPregelLoop[0m object at    │ │
│ │                     [1m0x10cac1b50[0m[1m>[0m                                         │ │
│ │                 [3mo[0m = [1m([0m                                                    │ │
│ │                     [2m│   [0m'values',                                        │ │
│ │                     [2m│   [0m[1m{[0m                                                │ │
│ │                     [2m│   │   [0m'issue_key': 'A',                            │ │
│ │                     [2m│   │   [0m'feature_branch':                            │ │
│ │                     'kodezart/test-branch-0a345772',                     │ │
│ │                     [2m│   │   [0m'ralph_branch':                              │ │
│ │                     'kodezart/test-branch-0a345772-ralph-5183f3a1',      │ │
│ │                     [2m│   │   [0m'work_base_ref': 'trunk',                    │ │
│ │                     [2m│   │   [0m'fire_spec': [1mTrackerSpec[0m[1m([0m                    │ │
│ │                     [2m│   │   │   [0msubject='A',                             │ │
│ │                     [2m│   │   │   [0mbody='Exact native subject A  with       │ │
│ │                     spaces\n',                                           │ │
│ │                     [2m│   │   │   [0mcriteria=[1m([0m'A/check',[1m)[0m,                   │ │
│ │                     [2m│   │   │   [0m                                         │ │
│ │                     read_at_version='2026-01-01T00:00:00+00:00'          │ │
│ │                     [2m│   │   [0m[1m)[0m,                                           │ │
│ │                     [2m│   │   [0m'acceptance_criteria': [1m[[0m[1m][0m,                   │ │
│ │                     [2m│   │   [0m'criterion_set': [1mTrackerCriterionSet[0m[1m([0m        │ │
│ │                     [2m│   │   │   [0mcriteria=[1m[[0m                               │ │
│ │                     [2m│   │   │   │   [0m[1mTrackerCriterion[0m[1m([0m                    │ │
│ │                     [2m│   │   │   │   │   [0mid='A/check',                    │ │
│ │                     [2m│   │   │   │   │   [0mtext='A live Check  bytes'       │ │
│ │                     [2m│   │   │   │   [0m[1m)[0m                                    │ │
│ │                     [2m│   │   │   [0m[1m][0m                                        │ │
│ │                     [2m│   │   [0m[1m)[0m,                                           │ │
│ │                     [2m│   │   [0m'criteria_validation': [3mNone[0m,                 │ │
│ │                     [2m│   │   [0m'criteria_regeneration_rounds': [1m0[0m,           │ │
│ │                     [2m│   │   [0m'criteria_infeasible': [3mFalse[0m,                │ │
│ │                     [2m│   │   [0m... +[1m17[0m                                      │ │
│ │                     [2m│   [0m[1m}[0m                                                │ │
│ │                     [1m)[0m                                                    │ │
│ │       [3moutput_keys[0m = [1m[[0m                                                    │ │
│ │                     [2m│   [0m'issue_key',                                     │ │
│ │                     [2m│   [0m'feature_branch',                                │ │
│ │                     [2m│   [0m'ralph_branch',                                  │ │
│ │                     [2m│   [0m'work_base_ref',                                 │ │
│ │                     [2m│   [0m'fire_spec',                                     │ │
│ │                     [2m│   [0m'acceptance_criteria',                           │ │
│ │                     [2m│   [0m'criterion_set',                                 │ │
│ │                     [2m│   [0m'criteria_validation',                           │ │
│ │                     [2m│   [0m'criteria_regeneration_rounds',                  │ │
│ │                     [2m│   [0m'criteria_infeasible',                           │ │
│ │                     [2m│   [0m... +[1m17[0m                                          │ │
│ │                     [1m][0m                                                    │ │
│ │    [3mparent_runtime[0m = [1mRuntime[0m[1m([0m                                             │ │
│ │                     [2m│   [0mcontext=[3mNone[0m,                                    │ │
│ │                     [2m│   [0mstore=[3mNone[0m,                                      │ │
│ │                     [2m│   [0mstream_writer=[1m<[0m[1mfunction[0m                          │ │
│ │                     Pregel.astream.<locals>.stream_writer at             │ │
│ │                     [1m0x10d1b96c0[0m[1m>[0m,                                        │ │
│ │                     [2m│   [0mprevious=[3mNone[0m                                    │ │
│ │                     [1m)[0m                                                    │ │
│ │        [3mprint_mode[0m = [1m([0m[1m)[0m                                                   │ │
│ │       [3mrun_manager[0m = [1m<[0m[1mlangchain_core.callbacks.manager.AsyncCallbackMana…[0m │ │
│ │                     object at [1m0x10cac1c40[0m[1m>[0m                               │ │
│ │            [3mrunner[0m = [1m<[0m[1mlanggraph.pregel._runner.PregelRunner[0m object at     │ │
│ │                     [1m0x10cac1f10[0m[1m>[0m                                         │ │
│ │           [3mruntime[0m = [1mRuntime[0m[1m([0m                                             │ │
│ │                     [2m│   [0mcontext=[3mNone[0m,                                    │ │
│ │                     [2m│   [0mstore=[3mNone[0m,                                      │ │
│ │                     [2m│   [0mstream_writer=[1m<[0m[1mfunction[0m                          │ │
│ │                     Pregel.astream.<locals>.stream_writer at             │ │
│ │                     [1m0x10d1b96c0[0m[1m>[0m,                                        │ │
│ │                     [2m│   [0mprevious=[3mNone[0m                                    │ │
│ │                     [1m)[0m                                                    │ │
│ │              [3mself[0m = [1m<[0m[1mlanggraph.graph.state.CompiledStateGraph[0m object at  │ │
│ │                     [1m0x10cb22120[0m[1m>[0m                                         │ │
│ │             [3mstore[0m = [3mNone[0m                                                 │ │
│ │            [3mstream[0m = [1m<[0m[1mAsyncQueue[0m at [1m0x10cac1760[0m maxsize=[1m0[0m tasks=[1m7[0m[1m>[0m        │ │
│ │       [3mstream_mode[0m = [1m[[0m'updates', 'values'[1m][0m                                │ │
│ │      [3mstream_modes[0m = [1m{[0m'values', 'updates'[1m}[0m                                │ │
│ │        [3mstream_put[0m = [1mfunctools.partial[0m[1m([0m[1m<[0m[1mbound[0m method                      │ │
│ │                     BaseEventLoop.call_soon_threadsafe of                │ │
│ │                     <_UnixSelectorEventLoop running=[3mTrue[0m closed=[3mFalse[0m    │ │
│ │                     debug=[3mFalse[0m>>, <bound method Queue.put_nowait of     │ │
│ │                     <AsyncQueue at [1m0x10cac1760[0m maxsize=[1m0[0m tasks=[1m7[0m>[1m>[0m[1m)[0m      │ │
│ │         [3msubgraphs[0m = [3mFalse[0m                                                │ │
│ ╰──────────────────────────────────────────────────────────────────────────╯ │
│                                                                              │
│ [2m/private/tmp/kodezart-v03-recovery-semantic-amendment/.venv/lib/python3.12/s[0m │
│ [2mite-packages/langgraph/pregel/[0m[1m_runner.py[0m:304 in atick                        │
│                                                                              │
│   [2m301 [0m[2m│   │   [0melif len(tasks) == 1 and get_waiter is None and timeout is Non │
│   [2m302 [0m[2m│   │   │   [0mt = tasks[0]                                               │
│   [2m303 [0m[2m│   │   │   [0mtry:                                                       │
│ ❱ 304 [2m│   │   │   │   [0mawait arun_with_retry(                                 │
│   [2m305 [0m[2m│   │   │   │   │   [0mt,                                                 │
│   [2m306 [0m[2m│   │   │   │   │   [0mretry_policy,                                      │
│   [2m307 [0m[2m│   │   │   │   │   [0mstream=self.use_astream,                           │
│                                                                              │
│ ╭───────────────────────────────── locals ─────────────────────────────────╮ │
│ │       [3mfutures[0m = [1m{[0m[1m}[0m                                                       │ │
│ │    [3mget_waiter[0m = [3mNone[0m                                                     │ │
│ │          [3mloop[0m = [1m<[0m[1m_UnixSelectorEventLoop[0m running=[3mTrue[0m closed=[3mFalse[0m        │ │
│ │                 debug=[3mFalse[0m[1m>[0m                                             │ │
│ │       [3mreraise[0m = [3mTrue[0m                                                     │ │
│ │  [3mretry_policy[0m = [3mNone[0m                                                     │ │
│ │ [3mschedule_task[0m = [1m<[0m[1mbound[0m method AsyncPregelLoop.aaccept_push of            │ │
│ │                 <langgraph.pregel._loop.AsyncPregelLoop object at        │ │
│ │                 [1m0x10cac1b50[0m>[1m>[0m                                            │ │
│ │          [3mself[0m = [1m<[0m[1mlanggraph.pregel._runner.PregelRunner[0m object at         │ │
│ │                 [1m0x10cac1f10[0m[1m>[0m                                             │ │
│ │             [3mt[0m = [1mPregelExecutableTask[0m[1m([0m                                    │ │
│ │                 [2m│   [0mname='run_ralph_loop',                               │ │
│ │                 [2m│   [0minput=[1m{[0m                                              │ │
│ │                 [2m│   │   [0m'issue_key': 'A',                                │ │
│ │                 [2m│   │   [0m'feature_branch':                                │ │
│ │                 'kodezart/test-branch-0a345772',                         │ │
│ │                 [2m│   │   [0m'ralph_branch':                                  │ │
│ │                 'kodezart/test-branch-0a345772-ralph-5183f3a1',          │ │
│ │                 [2m│   │   [0m'work_base_ref': 'trunk',                        │ │
│ │                 [2m│   │   [0m'fire_spec': [1mTrackerSpec[0m[1m([0m                        │ │
│ │                 [2m│   │   │   [0msubject='A',                                 │ │
│ │                 [2m│   │   │   [0mbody='Exact native subject A  with           │ │
│ │                 spaces\n',                                               │ │
│ │                 [2m│   │   │   [0mcriteria=[1m([0m'A/check',[1m)[0m,                       │ │
│ │                 [2m│   │   │   [0mread_at_version='2026-01-01T00:00:00+00:00'  │ │
│ │                 [2m│   │   [0m[1m)[0m,                                               │ │
│ │                 [2m│   │   [0m'acceptance_criteria': [1m[[0m[1m][0m,                       │ │
│ │                 [2m│   │   [0m'criterion_set': [1mTrackerCriterionSet[0m[1m([0m            │ │
│ │                 [2m│   │   │   [0mcriteria=[1m[[0m                                   │ │
│ │                 [2m│   │   │   │   [0m[1mTrackerCriterion[0m[1m([0m                        │ │
│ │                 [2m│   │   │   │   │   [0mid='A/check',                        │ │
│ │                 [2m│   │   │   │   │   [0mtext='A live Check  bytes'           │ │
│ │                 [2m│   │   │   │   [0m[1m)[0m                                        │ │
│ │                 [2m│   │   │   [0m[1m][0m                                            │ │
│ │                 [2m│   │   [0m[1m)[0m,                                               │ │
│ │                 [2m│   │   [0m'criteria_validation': [3mNone[0m,                     │ │
│ │                 [2m│   │   [0m'criteria_regeneration_rounds': [1m0[0m,               │ │
│ │                 [2m│   │   [0m'criteria_infeasible': [3mFalse[0m,                    │ │
│ │                 [2m│   │   [0m... +[1m17[0m                                          │ │
│ │                 [2m│   [0m[1m}[0m,                                                   │ │
│ │                 [2m│   [0mproc=[1m<[0m[1mlanggraph._internal._runnable.RunnableSeq[0m      │ │
│ │                 object at [1m0x10cac2000[0m>,                                  │ │
│ │                 [2m│   [0mwrites=[1mdeque[0m[1m([0m[1m[[0m                                       │ │
│ │                 [2m│   │   [0m[1m([0m                                                │ │
│ │                 [2m│   │   │   [0m'__error__',                                 │ │
│ │                 [2m│   │   │   [0m[1mNativeWriteRefusalError[0m[1m([0m'Native execution    │ │
│ │                 requires the precommit amendment owner'[1m)[0m                 │ │
│ │                 [2m│   │   [0m[1m)[0m                                                │ │
│ │                 [2m│   [0m[1m][0m[1m)[0m,                                                  │ │
│ │                 [2m│   [0mconfig=[1m{[0m                                             │ │
│ │                 [2m│   │   [0m'metadata': [1m{[0m                                    │ │
│ │                 [2m│   │   │   [0m'scope_lane_request':                        │ │
│ │                 '{"base":"{\\"inputs\\":[],\\"base_branch\\":\\"trunk\\… │ │
│ │                 [2m│   │   │   [0m'scope_lane_run_identity':                   │ │
│ │                 '{"kind":"fire","name":"A","started_at":"2026-09-12T16:… │ │
│ │                 [2m│   │   │   [0m'prompt': 'Exact native subject A  with      │ │
│ │                 spaces\n',                                               │ │
│ │                 [2m│   │   │   [0m'repo_path': '/tmp/fake-cache',              │ │
│ │                 [2m│   │   │   [0m'repo_url': 'file:///scope-repository.git',  │ │
│ │                 [2m│   │   │   [0m'permission_mode':                           │ │
│ │                 <PermissionMode.UNATTENDED: 'unattended'>,               │ │
│ │                 [2m│   │   │   [0m'thread_id':                                 │ │
│ │                 '39afac4252584b729ff249968d18c44f-scope-559aead08264d57… │ │
│ │                 [2m│   │   │   [0m'langgraph_step': [1m4[0m,                         │ │
│ │                 [2m│   │   │   [0m'langgraph_node': 'run_ralph_loop',          │ │
│ │                 [2m│   │   │   [0m'langgraph_triggers': [1m([0m                      │ │
│ │                 [2m│   │   │   │   [0m'branch:to:run_ralph_loop',              │ │
│ │                 [2m│   │   │   [0m[1m)[0m,                                           │ │
│ │                 [2m│   │   │   [0m... +[1m3[0m                                       │ │
│ │                 [2m│   │   [0m[1m}[0m,                                               │ │
│ │                 [2m│   │   [0m'callbacks':                                     │ │
│ │                 <langchain_core.callbacks.manager.AsyncCallbackManager   │ │
│ │                 object at [1m0x10cac2c00[0m>,                                  │ │
│ │                 [2m│   │   [0m'configurable': [1m{[0m                                │ │
│ │                 [2m│   │   │   [0m'prompt': 'Exact native subject A  with      │ │
│ │                 spaces\n',                                               │ │
│ │                 [2m│   │   │   [0m'repo_path': '/tmp/fake-cache',              │ │
│ │                 [2m│   │   │   [0m'repo_url': 'file:///scope-repository.git',  │ │
│ │                 [2m│   │   │   [0m'cache_key':                                 │ │
│ │                 '39afac4252584b729ff249968d18c44f-scope-559aead08264d57… │ │
│ │                 [2m│   │   │   [0m'run_identity': [1m{[0m                            │ │
│ │                 [2m│   │   │   │   [0m'kind': <RunKind.FIRE: 'fire'>,          │ │
│ │                 [2m│   │   │   │   [0m'name': 'A',                             │ │
│ │                 [2m│   │   │   │   [0m'started_at': [1mdatetime.datetime[0m[1m([0m[1m2026[0m, [1m9[0m, │ │
│ │                 [1m12[0m, [1m16[0m, [1m1[0m, [1m18[0m, [1m993216[0m, tzinfo=datetime.timezone.utc[1m)[0m     │ │
│ │                 [2m│   │   │   [0m[1m}[0m,                                           │ │
│ │                 [2m│   │   │   [0m'workspace_path': [3mNone[0m,                      │ │
│ │                 [2m│   │   │   [0m'base_spec': [1m{[0m                               │ │
│ │                 [2m│   │   │   │   [0m'inputs': [1m([0m[1m)[0m,                            │ │
│ │                 [2m│   │   │   │   [0m'base_branch': 'trunk',                  │ │
│ │                 [2m│   │   │   │   [0m'base_role': [3mNone[0m                        │ │
│ │                 [2m│   │   │   [0m[1m}[0m,                                           │ │
│ │                 [2m│   │   │   [0m'permission_mode':                           │ │
│ │                 <PermissionMode.UNATTENDED: 'unattended'>,               │ │
│ │                 [2m│   │   │   [0m'allowed_tools': [1m[[0m                           │ │
│ │                 [2m│   │   │   │   [0m'Read',                                  │ │
│ │                 [2m│   │   │   │   [0m'Glob',                                  │ │
│ │                 [2m│   │   │   │   [0m'Grep',                                  │ │
│ │                 [2m│   │   │   │   [0m'Bash',                                  │ │
│ │                 [2m│   │   │   │   [0m'Edit',                                  │ │
│ │                 [2m│   │   │   │   [0m'Write'                                  │ │
│ │                 [2m│   │   │   [0m[1m][0m,                                           │ │
│ │                 [2m│   │   │   [0m'thread_id':                                 │ │
│ │                 '39afac4252584b729ff249968d18c44f-scope-559aead08264d57… │ │
│ │                 [2m│   │   │   [0m... +[1m11[0m                                      │ │
│ │                 [2m│   │   [0m[1m}[0m,                                               │ │
│ │                 [2m│   │   [0m'run_name': 'run_ralph_loop'                     │ │
│ │                 [2m│   [0m[1m}[0m,                                                   │ │
│ │                 [2m│   [0mtriggers=[1m([0m'branch:to:run_ralph_loop',[1m)[0m,              │ │
│ │                 [2m│   [0mretry_policy=[1m([0m                                       │ │
│ │                 [2m│   │   [0m[1mRetryPolicy[0m[1m([0m                                     │ │
│ │                 [2m│   │   │   [0minitial_interval=[1m0[0m[1m.1[0m,                        │ │
│ │                 [2m│   │   │   [0mbackoff_factor=[1m2[0m[1m.0[0m,                          │ │
│ │                 [2m│   │   │   [0mmax_interval=[1m128[0m[1m.0[0m,                          │ │
│ │                 [2m│   │   │   [0mmax_attempts=[1m1[0m,                              │ │
│ │                 [2m│   │   │   [0mjitter=[3mTrue[0m,                                 │ │
│ │                 [2m│   │   │   [0mretry_on=<function should_retry at           │ │
│ │                 [1m0x10c680d60[0m>                                             │ │
│ │                 [2m│   │   [0m[1m)[0m,                                               │ │
│ │                 [2m│   [0m[1m)[0m,                                                   │ │
│ │                 [2m│   [0mcache_key=[3mNone[0m,                                      │ │
│ │                 [2m│   [0mid='8795cb0d-112b-f391-66c7-107b3934a355',           │ │
│ │                 [2m│   [0mpath=[1m([0m'__pregel_pull', 'run_ralph_loop'[1m)[0m,            │ │
│ │                 [2m│   [0mwriters=[1m[[0m                                            │ │
│ │                 [2m│   │   [0m                                                 │ │
│ │                 ChannelWrite<...,...,branch:to:merge_to_feature>[1m([0mtags=[3mN…[0m │ │
│ │                 recurse=[3mTrue[0m, explode_args=[3mFalse[0m,                        │ │
│ │                 func_accepts=[1m{[0m'config': [1m([0m'N/A', <class                   │ │
│ │                 'inspect._empty'>[1m)[0m[1m}[0m,                                     │ │
│ │                 writes=[1m([0m[1mChannelWriteTupleEntry[0m[1m([0mmapper=<function          │ │
│ │                 CompiledStateGraph.attach_node.<locals>._get_updates at  │ │
│ │                 [1m0x10caff600[0m>, value=<object object at [1m0x10ae6a7c0[0m>,      │ │
│ │                 static=[3mNone[0m[1m)[0m, [1mChannelWriteTupleEntry[0m[1m([0mmapper=<function    │ │
│ │                 _control_branch at [1m0x10c6419e0[0m>, value=<object object at │ │
│ │                 [1m0x10ae6a7c0[0m[1m>[0m, static=[1m[[0m[1m][0m[1m)[0m,                                │ │
│ │                 [1mChannelWriteEntry[0m[1m([0mchannel='branch:to:merge_to_feature',  │ │
│ │                 value=[3mNone[0m, skip_none=[3mFalse[0m, mapper=[3mNone[0m[1m)[0m[1m)[0m[1m)[0m              │ │
│ │                 [2m│   [0m[1m][0m,                                                   │ │
│ │                 [2m│   [0msubgraphs=[1m[[0m[1m][0m                                         │ │
│ │                 [1m)[0m                                                        │ │
│ │         [3mtasks[0m = [1m([0m                                                        │ │
│ │                 [2m│   [0m[1mPregelExecutableTask[0m[1m([0m                                │ │
│ │                 [2m│   │   [0mname='run_ralph_loop',                           │ │
│ │                 [2m│   │   [0minput=[1m{[0m                                          │ │
│ │                 [2m│   │   │   [0m'issue_key': 'A',                            │ │
│ │                 [2m│   │   │   [0m'feature_branch':                            │ │
│ │                 'kodezart/test-branch-0a345772',                         │ │
│ │                 [2m│   │   │   [0m'ralph_branch':                              │ │
│ │                 'kodezart/test-branch-0a345772-ralph-5183f3a1',          │ │
│ │                 [2m│   │   │   [0m'work_base_ref': 'trunk',                    │ │
│ │                 [2m│   │   │   [0m'fire_spec': [1mTrackerSpec[0m[1m([0m                    │ │
│ │                 [2m│   │   │   │   [0msubject='A',                             │ │
│ │                 [2m│   │   │   │   [0mbody='Exact native subject A  with       │ │
│ │                 spaces\n',                                               │ │
│ │                 [2m│   │   │   │   [0mcriteria=[1m([0m'A/check',[1m)[0m,                   │ │
│ │                 [2m│   │   │   │   [0m                                         │ │
│ │                 read_at_version='2026-01-01T00:00:00+00:00'              │ │
│ │                 [2m│   │   │   [0m[1m)[0m,                                           │ │
│ │                 [2m│   │   │   [0m'acceptance_criteria': [1m[[0m[1m][0m,                   │ │
│ │                 [2m│   │   │   [0m'criterion_set': [1mTrackerCriterionSet[0m[1m([0m        │ │
│ │                 [2m│   │   │   │   [0mcriteria=[1m[[0m                               │ │
│ │                 [2m│   │   │   │   │   [0m[1mTrackerCriterion[0m[1m([0m                    │ │
│ │                 [2m│   │   │   │   │   │   [0mid='A/check',                    │ │
│ │                 [2m│   │   │   │   │   │   [0mtext='A live Check  bytes'       │ │
│ │                 [2m│   │   │   │   │   [0m[1m)[0m                                    │ │
│ │                 [2m│   │   │   │   [0m[1m][0m                                        │ │
│ │                 [2m│   │   │   [0m[1m)[0m,                                           │ │
│ │                 [2m│   │   │   [0m'criteria_validation': [3mNone[0m,                 │ │
│ │                 [2m│   │   │   [0m'criteria_regeneration_rounds': [1m0[0m,           │ │
│ │                 [2m│   │   │   [0m'criteria_infeasible': [3mFalse[0m,                │ │
│ │                 [2m│   │   │   [0m... +[1m17[0m                                      │ │
│ │                 [2m│   │   [0m[1m}[0m,                                               │ │
│ │                 [2m│   │   [0mproc=[1m<[0m[1mlanggraph._internal._runnable.RunnableSeq[0m  │ │
│ │                 object at [1m0x10cac2000[0m>,                                  │ │
│ │                 [2m│   │   [0mwrites=[1mdeque[0m[1m([0m[1m[[0m                                   │ │
│ │                 [2m│   │   │   [0m[1m([0m                                            │ │
│ │                 [2m│   │   │   │   [0m'__error__',                             │ │
│ │                 [2m│   │   │   │   [0m[1mNativeWriteRefusalError[0m[1m([0m'Native          │ │
│ │                 execution requires the precommit amendment owner'[1m)[0m       │ │
│ │                 [2m│   │   │   [0m[1m)[0m                                            │ │
│ │                 [2m│   │   [0m[1m][0m[1m)[0m,                                              │ │
│ │                 [2m│   │   [0mconfig=[1m{[0m                                         │ │
│ │                 [2m│   │   │   [0m'metadata': [1m{[0m                                │ │
│ │                 [2m│   │   │   │   [0m'scope_lane_request':                    │ │
│ │                 '{"base":"{\\"inputs\\":[],\\"base_branch\\":\\"trunk\\… │ │
│ │                 [2m│   │   │   │   [0m'scope_lane_run_identity':               │ │
│ │                 '{"kind":"fire","name":"A","started_at":"2026-09-12T16:… │ │
│ │                 [2m│   │   │   │   [0m'prompt': 'Exact native subject A  with  │ │
│ │                 spaces\n',                                               │ │
│ │                 [2m│   │   │   │   [0m'repo_path': '/tmp/fake-cache',          │ │
│ │                 [2m│   │   │   │   [0m'repo_url':                              │ │
│ │                 'file:///scope-repository.git',                          │ │
│ │                 [2m│   │   │   │   [0m'permission_mode':                       │ │
│ │                 <PermissionMode.UNATTENDED: 'unattended'>,               │ │
│ │                 [2m│   │   │   │   [0m'thread_id':                             │ │
│ │                 '39afac4252584b729ff249968d18c44f-scope-559aead08264d57… │ │
│ │                 [2m│   │   │   │   [0m'langgraph_step': [1m4[0m,                     │ │
│ │                 [2m│   │   │   │   [0m'langgraph_node': 'run_ralph_loop',      │ │
│ │                 [2m│   │   │   │   [0m'langgraph_triggers': [1m([0m                  │ │
│ │                 [2m│   │   │   │   │   [0m'branch:to:run_ralph_loop',          │ │
│ │                 [2m│   │   │   │   [0m[1m)[0m,                                       │ │
│ │                 [2m│   │   │   │   [0m... +[1m3[0m                                   │ │
│ │                 [2m│   │   │   [0m[1m}[0m,                                           │ │
│ │                 [2m│   │   │   [0m'callbacks':                                 │ │
│ │                 <langchain_core.callbacks.manager.AsyncCallbackManager   │ │
│ │                 object at [1m0x10cac2c00[0m>,                                  │ │
│ │                 [2m│   │   │   [0m'configurable': [1m{[0m                            │ │
│ │                 [2m│   │   │   │   [0m'prompt': 'Exact native subject A  with  │ │
│ │                 spaces\n',                                               │ │
│ │                 [2m│   │   │   │   [0m'repo_path': '/tmp/fake-cache',          │ │
│ │                 [2m│   │   │   │   [0m'repo_url':                              │ │
│ │                 'file:///scope-repository.git',                          │ │
│ │                 [2m│   │   │   │   [0m'cache_key':                             │ │
│ │                 '39afac4252584b729ff249968d18c44f-scope-559aead08264d57… │ │
│ │                 [2m│   │   │   │   [0m'run_identity': [1m{[0m                        │ │
│ │                 [2m│   │   │   │   │   [0m'kind': <RunKind.FIRE: 'fire'>,      │ │
│ │                 [2m│   │   │   │   │   [0m'name': 'A',                         │ │
│ │                 [2m│   │   │   │   │   [0m'started_at':                        │ │
│ │                 [1mdatetime.datetime[0m[1m([0m[1m2026[0m, [1m9[0m, [1m12[0m, [1m16[0m, [1m1[0m, [1m18[0m, [1m993216[0m,        │ │
│ │                 tzinfo=datetime.timezone.utc[1m)[0m                            │ │
│ │                 [2m│   │   │   │   [0m[1m}[0m,                                       │ │
│ │                 [2m│   │   │   │   [0m'workspace_path': [3mNone[0m,                  │ │
│ │                 [2m│   │   │   │   [0m'base_spec': [1m{[0m                           │ │
│ │                 [2m│   │   │   │   │   [0m'inputs': [1m([0m[1m)[0m,                        │ │
│ │                 [2m│   │   │   │   │   [0m'base_branch': 'trunk',              │ │
│ │                 [2m│   │   │   │   │   [0m'base_role': [3mNone[0m                    │ │
│ │                 [2m│   │   │   │   [0m[1m}[0m,                                       │ │
│ │                 [2m│   │   │   │   [0m'permission_mode':                       │ │
│ │                 <PermissionMode.UNATTENDED: 'unattended'>,               │ │
│ │                 [2m│   │   │   │   [0m'allowed_tools': [1m[[0m                       │ │
│ │                 [2m│   │   │   │   │   [0m'Read',                              │ │
│ │                 [2m│   │   │   │   │   [0m'Glob',                              │ │
│ │                 [2m│   │   │   │   │   [0m'Grep',                              │ │
│ │                 [2m│   │   │   │   │   [0m'Bash',                              │ │
│ │                 [2m│   │   │   │   │   [0m'Edit',                              │ │
│ │                 [2m│   │   │   │   │   [0m'Write'                              │ │
│ │                 [2m│   │   │   │   [0m[1m][0m,                                       │ │
│ │                 [2m│   │   │   │   [0m'thread_id':                             │ │
│ │                 '39afac4252584b729ff249968d18c44f-scope-559aead08264d57… │ │
│ │                 [2m│   │   │   │   [0m... +[1m11[0m                                  │ │
│ │                 [2m│   │   │   [0m[1m}[0m,                                           │ │
│ │                 [2m│   │   │   [0m'run_name': 'run_ralph_loop'                 │ │
│ │                 [2m│   │   [0m[1m}[0m,                                               │ │
│ │                 [2m│   │   [0mtriggers=[1m([0m'branch:to:run_ralph_loop',[1m)[0m,          │ │
│ │                 [2m│   │   [0mretry_policy=[1m([0m                                   │ │
│ │                 [2m│   │   │   [0m[1mRetryPolicy[0m[1m([0m                                 │ │
│ │                 [2m│   │   │   │   [0minitial_interval=[1m0[0m[1m.1[0m,                    │ │
│ │                 [2m│   │   │   │   [0mbackoff_factor=[1m2[0m[1m.0[0m,                      │ │
│ │                 [2m│   │   │   │   [0mmax_interval=[1m128[0m[1m.0[0m,                      │ │
│ │                 [2m│   │   │   │   [0mmax_attempts=[1m1[0m,                          │ │
│ │                 [2m│   │   │   │   [0mjitter=[3mTrue[0m,                             │ │
│ │                 [2m│   │   │   │   [0mretry_on=<function should_retry at       │ │
│ │                 [1m0x10c680d60[0m>                                             │ │
│ │                 [2m│   │   │   [0m[1m)[0m,                                           │ │
│ │                 [2m│   │   [0m[1m)[0m,                                               │ │
│ │                 [2m│   │   [0mcache_key=[3mNone[0m,                                  │ │
│ │                 [2m│   │   [0mid='8795cb0d-112b-f391-66c7-107b3934a355',       │ │
│ │                 [2m│   │   [0mpath=[1m([0m'__pregel_pull', 'run_ralph_loop'[1m)[0m,        │ │
│ │                 [2m│   │   [0mwriters=[1m[[0m                                        │ │
│ │                 [2m│   │   │   [0m                                             │ │
│ │                 ChannelWrite<...,...,branch:to:merge_to_feature>[1m([0mtags=[3mN…[0m │ │
│ │                 recurse=[3mTrue[0m, explode_args=[3mFalse[0m,                        │ │
│ │                 func_accepts=[1m{[0m'config': [1m([0m'N/A', <class                   │ │
│ │                 'inspect._empty'>[1m)[0m[1m}[0m,                                     │ │
│ │                 writes=[1m([0m[1mChannelWriteTupleEntry[0m[1m([0mmapper=<function          │ │
│ │                 CompiledStateGraph.attach_node.<locals>._get_updates at  │ │
│ │                 [1m0x10caff600[0m>, value=<object object at [1m0x10ae6a7c0[0m>,      │ │
│ │                 static=[3mNone[0m[1m)[0m, [1mChannelWriteTupleEntry[0m[1m([0mmapper=<function    │ │
│ │                 _control_branch at [1m0x10c6419e0[0m>, value=<object object at │ │
│ │                 [1m0x10ae6a7c0[0m[1m>[0m, static=[1m[[0m[1m][0m[1m)[0m,                                │ │
│ │                 [1mChannelWriteEntry[0m[1m([0mchannel='branch:to:merge_to_feature',  │ │
│ │                 value=[3mNone[0m, skip_none=[3mFalse[0m, mapper=[3mNone[0m[1m)[0m[1m)[0m[1m)[0m              │ │
│ │                 [2m│   │   [0m[1m][0m,                                               │ │
│ │                 [2m│   │   [0msubgraphs=[1m[[0m[1m][0m                                     │ │
│ │                 [2m│   [0m[1m)[0m,                                                   │ │
│ │                 [1m)[0m                                                        │ │
│ │            [3mtb[0m = [1m<[0m[1mtraceback[0m object at [1m0x10d1d8fc0[0m[1m>[0m                        │ │
│ │       [3mtimeout[0m = [3mNone[0m                                                     │ │
│ ╰──────────────────────────────────────────────────────────────────────────╯ │
│                                                                              │
│ [2m/private/tmp/kodezart-v03-recovery-semantic-amendment/.venv/lib/python3.12/s[0m │
│ [2mite-packages/langgraph/pregel/[0m[1m_retry.py[0m:163 in arun_with_retry               │
│                                                                              │
│   [2m160 [0m[2m│   │   │   │   [0m[2m# if successful, end[0m                                   │
│   [2m161 [0m[2m│   │   │   │   [0mbreak                                                  │
│   [2m162 [0m[2m│   │   │   [0melse:                                                      │
│ ❱ 163 [2m│   │   │   │   [0mreturn await task.proc.ainvoke(task.input, config)     │
│   [2m164 [0m[2m│   │   [0mexcept ParentCommand as exc:                                   │
│   [2m165 [0m[2m│   │   │   [0mns: str = config[CONF][CONFIG_KEY_CHECKPOINT_NS]           │
│   [2m166 [0m[2m│   │   │   [0mcmd = exc.args[0]                                          │
│                                                                              │
│ ╭───────────────────────────────── locals ─────────────────────────────────╮ │
│ │            [3mattempts[0m = [1m0[0m                                                  │ │
│ │              [3mconfig[0m = [1m{[0m                                                  │ │
│ │                       [2m│   [0m'metadata': [1m{[0m                                  │ │
│ │                       [2m│   │   [0m'scope_lane_request':                      │ │
│ │                       '{"base":"{\\"inputs\\":[],\\"base_branch\\":\\"t… │ │
│ │                       [2m│   │   [0m'scope_lane_run_identity':                 │ │
│ │                       '{"kind":"fire","name":"A","started_at":"2026-09-… │ │
│ │                       [2m│   │   [0m'prompt': 'Exact native subject A  with    │ │
│ │                       spaces\n',                                         │ │
│ │                       [2m│   │   [0m'repo_path': '/tmp/fake-cache',            │ │
│ │                       [2m│   │   [0m'repo_url':                                │ │
│ │                       'file:///scope-repository.git',                    │ │
│ │                       [2m│   │   [0m'permission_mode':                         │ │
│ │                       [1m<[0m[1mPermissionMode.UNATTENDED:[0m 'unattended'>,         │ │
│ │                       [2m│   │   [0m'thread_id':                               │ │
│ │                       '39afac4252584b729ff249968d18c44f-scope-559aead08… │ │
│ │                       [2m│   │   [0m'langgraph_step': [1m4[0m,                       │ │
│ │                       [2m│   │   [0m'langgraph_node': 'run_ralph_loop',        │ │
│ │                       [2m│   │   [0m'langgraph_triggers': [1m([0m                    │ │
│ │                       [2m│   │   │   [0m'branch:to:run_ralph_loop',            │ │
│ │                       [2m│   │   [0m[1m)[0m,                                         │ │
│ │                       [2m│   │   [0m... +[1m3[0m                                     │ │
│ │                       [2m│   [0m[1m}[0m,                                             │ │
│ │                       [2m│   [0m'callbacks':                                   │ │
│ │                       <langchain_core.callbacks.manager.AsyncCallbackMa… │ │
│ │                       object at [1m0x10cac2c00[0m>,                            │ │
│ │                       [2m│   [0m'configurable': [1m{[0m                              │ │
│ │                       [2m│   │   [0m'prompt': 'Exact native subject A  with    │ │
│ │                       spaces\n',                                         │ │
│ │                       [2m│   │   [0m'repo_path': '/tmp/fake-cache',            │ │
│ │                       [2m│   │   [0m'repo_url':                                │ │
│ │                       'file:///scope-repository.git',                    │ │
│ │                       [2m│   │   [0m'cache_key':                               │ │
│ │                       '39afac4252584b729ff249968d18c44f-scope-559aead08… │ │
│ │                       [2m│   │   [0m'run_identity': [1m{[0m                          │ │
│ │                       [2m│   │   │   [0m'kind': <RunKind.FIRE: 'fire'>,        │ │
│ │                       [2m│   │   │   [0m'name': 'A',                           │ │
│ │                       [2m│   │   │   [0m'started_at': [1mdatetime.datetime[0m[1m([0m[1m2026[0m,  │ │
│ │                       [1m9[0m, [1m12[0m, [1m16[0m, [1m1[0m, [1m18[0m, [1m993216[0m,                          │ │
│ │                       tzinfo=datetime.timezone.utc[1m)[0m                      │ │
│ │                       [2m│   │   [0m[1m}[0m,                                         │ │
│ │                       [2m│   │   [0m'workspace_path': [3mNone[0m,                    │ │
│ │                       [2m│   │   [0m'base_spec': [1m{[0m                             │ │
│ │                       [2m│   │   │   [0m'inputs': [1m([0m[1m)[0m,                          │ │
│ │                       [2m│   │   │   [0m'base_branch': 'trunk',                │ │
│ │                       [2m│   │   │   [0m'base_role': [3mNone[0m                      │ │
│ │                       [2m│   │   [0m[1m}[0m,                                         │ │
│ │                       [2m│   │   [0m'permission_mode':                         │ │
│ │                       <PermissionMode.UNATTENDED: 'unattended'[1m>[0m,         │ │
│ │                       [2m│   │   [0m'allowed_tools': [1m[[0m                         │ │
│ │                       [2m│   │   │   [0m'Read',                                │ │
│ │                       [2m│   │   │   [0m'Glob',                                │ │
│ │                       [2m│   │   │   [0m'Grep',                                │ │
│ │                       [2m│   │   │   [0m'Bash',                                │ │
│ │                       [2m│   │   │   [0m'Edit',                                │ │
│ │                       [2m│   │   │   [0m'Write'                                │ │
│ │                       [2m│   │   [0m[1m][0m,                                         │ │
│ │                       [2m│   │   [0m'thread_id':                               │ │
│ │                       '39afac4252584b729ff249968d18c44f-scope-559aead08… │ │
│ │                       [2m│   │   [0m... +[1m11[0m                                    │ │
│ │                       [2m│   [0m[1m}[0m,                                             │ │
│ │                       [2m│   [0m'run_name': 'run_ralph_loop'                   │ │
│ │                       [1m}[0m                                                  │ │
│ │        [3mconfigurable[0m = [1m{[0m                                                  │ │
│ │                       [2m│   [0m'__pregel_call': [1mfunctools.partial[0m[1m([0m[1m<[0m[1mfunction[0m   │ │
│ │                       _acall at [1m0x10c631620[0m>, <weakref at [1m0x10cadb3d0[0m;   │ │
│ │                       to 'PregelExecutableTask' at [1m0x10d231370[0m>,         │ │
│ │                       stream=[3mFalse[0m, retry_policy=[3mNone[0m, futures=<weakref  │ │
│ │                       at [1m0x10cadb8d0[0m; to 'FuturesDict' at [1m0x10cadb480[0m>,  │ │
│ │                       schedule_task=<bound method                        │ │
│ │                       AsyncPregelLoop.aaccept_push of                    │ │
│ │                       <langgraph.pregel._loop.AsyncPregelLoop object at  │ │
│ │                       [1m0x10cac1b50[0m>>, submit=<weakref at [1m0x10cf577d0[0m; to  │ │
│ │                       'AsyncBackgroundExecutor' at [1m0x10cac1e50[0m>,         │ │
│ │                       loop=<_UnixSelectorEventLoop running=[3mTrue[0m          │ │
│ │                       closed=[3mFalse[0m debug=[3mFalse[0m[1m>[0m[1m)[0m                         │ │
│ │                       [1m}[0m                                                  │ │
│ │ [3mmatch_cached_writes[0m = [3mNone[0m                                               │ │
│ │     [3mmatching_policy[0m = [3mNone[0m                                               │ │
│ │              [3mpolicy[0m = [1mRetryPolicy[0m[1m([0m                                       │ │
│ │                       [2m│   [0minitial_interval=[1m0[0m[1m.1[0m,                          │ │
│ │                       [2m│   [0mbackoff_factor=[1m2[0m[1m.0[0m,                            │ │
│ │                       [2m│   [0mmax_interval=[1m128[0m[1m.0[0m,                            │ │
│ │                       [2m│   [0mmax_attempts=[1m1[0m,                                │ │
│ │                       [2m│   [0mjitter=[3mTrue[0m,                                   │ │
│ │                       [2m│   [0mretry_on=[1m<[0m[1mfunction[0m should_retry at             │ │
│ │                       [1m0x10c680d60[0m[1m>[0m                                       │ │
│ │                       [1m)[0m                                                  │ │
│ │        [3mretry_policy[0m = [1m([0m                                                  │ │
│ │                       [2m│   [0m[1mRetryPolicy[0m[1m([0m                                   │ │
│ │                       [2m│   │   [0minitial_interval=[1m0[0m[1m.1[0m,                      │ │
│ │                       [2m│   │   [0mbackoff_factor=[1m2[0m[1m.0[0m,                        │ │
│ │                       [2m│   │   [0mmax_interval=[1m128[0m[1m.0[0m,                        │ │
│ │                       [2m│   │   [0mmax_attempts=[1m1[0m,                            │ │
│ │                       [2m│   │   [0mjitter=[3mTrue[0m,                               │ │
│ │                       [2m│   │   [0mretry_on=[1m<[0m[1mfunction[0m should_retry at         │ │
│ │                       [1m0x10c680d60[0m[1m>[0m                                       │ │
│ │                       [2m│   [0m[1m)[0m,                                             │ │
│ │                       [1m)[0m                                                  │ │
│ │              [3mstream[0m = [3mFalse[0m                                              │ │
│ │                [3mtask[0m = [1mPregelExecutableTask[0m[1m([0m                              │ │
│ │                       [2m│   [0mname='run_ralph_loop',                         │ │
│ │                       [2m│   [0minput=[1m{[0m                                        │ │
│ │                       [2m│   │   [0m'issue_key': 'A',                          │ │
│ │                       [2m│   │   [0m'feature_branch':                          │ │
│ │                       'kodezart/test-branch-0a345772',                   │ │
│ │                       [2m│   │   [0m'ralph_branch':                            │ │
│ │                       'kodezart/test-branch-0a345772-ralph-5183f3a1',    │ │
│ │                       [2m│   │   [0m'work_base_ref': 'trunk',                  │ │
│ │                       [2m│   │   [0m'fire_spec': [1mTrackerSpec[0m[1m([0m                  │ │
│ │                       [2m│   │   │   [0msubject='A',                           │ │
│ │                       [2m│   │   │   [0mbody='Exact native subject A  with     │ │
│ │                       spaces\n',                                         │ │
│ │                       [2m│   │   │   [0mcriteria=[1m([0m'A/check',[1m)[0m,                 │ │
│ │                       [2m│   │   │   [0m                                       │ │
│ │                       read_at_version='2026-01-01T00:00:00+00:00'        │ │
│ │                       [2m│   │   [0m[1m)[0m,                                         │ │
│ │                       [2m│   │   [0m'acceptance_criteria': [1m[[0m[1m][0m,                 │ │
│ │                       [2m│   │   [0m'criterion_set': [1mTrackerCriterionSet[0m[1m([0m      │ │
│ │                       [2m│   │   │   [0mcriteria=[1m[[0m                             │ │
│ │                       [2m│   │   │   │   [0m[1mTrackerCriterion[0m[1m([0m                  │ │
│ │                       [2m│   │   │   │   │   [0mid='A/check',                  │ │
│ │                       [2m│   │   │   │   │   [0mtext='A live Check  bytes'     │ │
│ │                       [2m│   │   │   │   [0m[1m)[0m                                  │ │
│ │                       [2m│   │   │   [0m[1m][0m                                      │ │
│ │                       [2m│   │   [0m[1m)[0m,                                         │ │
│ │                       [2m│   │   [0m'criteria_validation': [3mNone[0m,               │ │
│ │                       [2m│   │   [0m'criteria_regeneration_rounds': [1m0[0m,         │ │
│ │                       [2m│   │   [0m'criteria_infeasible': [3mFalse[0m,              │ │
│ │                       [2m│   │   [0m... +[1m17[0m                                    │ │
│ │                       [2m│   [0m[1m}[0m,                                             │ │
│ │                       [2m│   [0m                                               │ │
│ │                       proc=[1m<[0m[1mlanggraph._internal._runnable.RunnableSeq[0m    │ │
│ │                       object at [1m0x10cac2000[0m>,                            │ │
│ │                       [2m│   [0mwrites=[1mdeque[0m[1m([0m[1m[[0m                                 │ │
│ │                       [2m│   │   [0m[1m([0m                                          │ │
│ │                       [2m│   │   │   [0m'__error__',                           │ │
│ │                       [2m│   │   │   [0m[1mNativeWriteRefusalError[0m[1m([0m'Native        │ │
│ │                       execution requires the precommit amendment owner'[1m)[0m │ │
│ │                       [2m│   │   [0m[1m)[0m                                          │ │
│ │                       [2m│   [0m[1m][0m[1m)[0m,                                            │ │
│ │                       [2m│   [0mconfig=[1m{[0m                                       │ │
│ │                       [2m│   │   [0m'metadata': [1m{[0m                              │ │
│ │                       [2m│   │   │   [0m'scope_lane_request':                  │ │
│ │                       '{"base":"{\\"inputs\\":[],\\"base_branch\\":\\"t… │ │
│ │                       [2m│   │   │   [0m'scope_lane_run_identity':             │ │
│ │                       '{"kind":"fire","name":"A","started_at":"2026-09-… │ │
│ │                       [2m│   │   │   [0m'prompt': 'Exact native subject A      │ │
│ │                       with spaces\n',                                    │ │
│ │                       [2m│   │   │   [0m'repo_path': '/tmp/fake-cache',        │ │
│ │                       [2m│   │   │   [0m'repo_url':                            │ │
│ │                       'file:///scope-repository.git',                    │ │
│ │                       [2m│   │   │   [0m'permission_mode':                     │ │
│ │                       <PermissionMode.UNATTENDED: 'unattended'>,         │ │
│ │                       [2m│   │   │   [0m'thread_id':                           │ │
│ │                       '39afac4252584b729ff249968d18c44f-scope-559aead08… │ │
│ │                       [2m│   │   │   [0m'langgraph_step': [1m4[0m,                   │ │
│ │                       [2m│   │   │   [0m'langgraph_node': 'run_ralph_loop',    │ │
│ │                       [2m│   │   │   [0m'langgraph_triggers': [1m([0m                │ │
│ │                       [2m│   │   │   │   [0m'branch:to:run_ralph_loop',        │ │
│ │                       [2m│   │   │   [0m[1m)[0m,                                     │ │
│ │                       [2m│   │   │   [0m... +[1m3[0m                                 │ │
│ │                       [2m│   │   [0m[1m}[0m,                                         │ │
│ │                       [2m│   │   [0m'callbacks':                               │ │
│ │                       <langchain_core.callbacks.manager.AsyncCallbackMa… │ │
│ │                       object at [1m0x10cac2c00[0m>,                            │ │
│ │                       [2m│   │   [0m'configurable': [1m{[0m                          │ │
│ │                       [2m│   │   │   [0m'prompt': 'Exact native subject A      │ │
│ │                       with spaces\n',                                    │ │
│ │                       [2m│   │   │   [0m'repo_path': '/tmp/fake-cache',        │ │
│ │                       [2m│   │   │   [0m'repo_url':                            │ │
│ │                       'file:///scope-repository.git',                    │ │
│ │                       [2m│   │   │   [0m'cache_key':                           │ │
│ │                       '39afac4252584b729ff249968d18c44f-scope-559aead08… │ │
│ │                       [2m│   │   │   [0m'run_identity': [1m{[0m                      │ │
│ │                       [2m│   │   │   │   [0m'kind': <RunKind.FIRE: 'fire'>,    │ │
│ │                       [2m│   │   │   │   [0m'name': 'A',                       │ │
│ │                       [2m│   │   │   │   [0m'started_at':                      │ │
│ │                       [1mdatetime.datetime[0m[1m([0m[1m2026[0m, [1m9[0m, [1m12[0m, [1m16[0m, [1m1[0m, [1m18[0m, [1m993216[0m,  │ │
│ │                       tzinfo=datetime.timezone.utc[1m)[0m                      │ │
│ │                       [2m│   │   │   [0m[1m}[0m,                                     │ │
│ │                       [2m│   │   │   [0m'workspace_path': [3mNone[0m,                │ │
│ │                       [2m│   │   │   [0m'base_spec': [1m{[0m                         │ │
│ │                       [2m│   │   │   │   [0m'inputs': [1m([0m[1m)[0m,                      │ │
│ │                       [2m│   │   │   │   [0m'base_branch': 'trunk',            │ │
│ │                       [2m│   │   │   │   [0m'base_role': [3mNone[0m                  │ │
│ │                       [2m│   │   │   [0m[1m}[0m,                                     │ │
│ │                       [2m│   │   │   [0m'permission_mode':                     │ │
│ │                       <PermissionMode.UNATTENDED: 'unattended'>,         │ │
│ │                       [2m│   │   │   [0m'allowed_tools': [1m[[0m                     │ │
│ │                       [2m│   │   │   │   [0m'Read',                            │ │
│ │                       [2m│   │   │   │   [0m'Glob',                            │ │
│ │                       [2m│   │   │   │   [0m'Grep',                            │ │
│ │                       [2m│   │   │   │   [0m'Bash',                            │ │
│ │                       [2m│   │   │   │   [0m'Edit',                            │ │
│ │                       [2m│   │   │   │   [0m'Write'                            │ │
│ │                       [2m│   │   │   [0m[1m][0m,                                     │ │
│ │                       [2m│   │   │   [0m'thread_id':                           │ │
│ │                       '39afac4252584b729ff249968d18c44f-scope-559aead08… │ │
│ │                       [2m│   │   │   [0m... +[1m11[0m                                │ │
│ │                       [2m│   │   [0m[1m}[0m,                                         │ │
│ │                       [2m│   │   [0m'run_name': 'run_ralph_loop'               │ │
│ │                       [2m│   [0m[1m}[0m,                                             │ │
│ │                       [2m│   [0mtriggers=[1m([0m'branch:to:run_ralph_loop',[1m)[0m,        │ │
│ │                       [2m│   [0mretry_policy=[1m([0m                                 │ │
│ │                       [2m│   │   [0m[1mRetryPolicy[0m[1m([0m                               │ │
│ │                       [2m│   │   │   [0minitial_interval=[1m0[0m[1m.1[0m,                  │ │
│ │                       [2m│   │   │   [0mbackoff_factor=[1m2[0m[1m.0[0m,                    │ │
│ │                       [2m│   │   │   [0mmax_interval=[1m128[0m[1m.0[0m,                    │ │
│ │                       [2m│   │   │   [0mmax_attempts=[1m1[0m,                        │ │
│ │                       [2m│   │   │   [0mjitter=[3mTrue[0m,                           │ │
│ │                       [2m│   │   │   [0mretry_on=<function should_retry at     │ │
│ │                       [1m0x10c680d60[0m>                                       │ │
│ │                       [2m│   │   [0m[1m)[0m,                                         │ │
│ │                       [2m│   [0m[1m)[0m,                                             │ │
│ │                       [2m│   [0mcache_key=[3mNone[0m,                                │ │
│ │                       [2m│   [0mid='8795cb0d-112b-f391-66c7-107b3934a355',     │ │
│ │                       [2m│   [0mpath=[1m([0m'__pregel_pull', 'run_ralph_loop'[1m)[0m,      │ │
│ │                       [2m│   [0mwriters=[1m[[0m                                      │ │
│ │                       [2m│   │   [0m                                           │ │
│ │                       ChannelWrite<...,...,branch:to:merge_to_feature>[1m([0m… │ │
│ │                       recurse=[3mTrue[0m, explode_args=[3mFalse[0m,                  │ │
│ │                       func_accepts=[1m{[0m'config': [1m([0m'N/A', <class             │ │
│ │                       'inspect._empty'>[1m)[0m[1m}[0m,                               │ │
│ │                       writes=[1m([0m[1mChannelWriteTupleEntry[0m[1m([0mmapper=<function    │ │
│ │                       CompiledStateGraph.attach_node.<locals>._get_upda… │ │
│ │                       at [1m0x10caff600[0m>, value=<object object at           │ │
│ │                       [1m0x10ae6a7c0[0m>, static=[3mNone[0m[1m)[0m,                        │ │
│ │                       [1mChannelWriteTupleEntry[0m[1m([0mmapper=<function            │ │
│ │                       _control_branch at [1m0x10c6419e0[0m>, value=<object     │ │
│ │                       object at [1m0x10ae6a7c0[0m[1m>[0m, static=[1m[[0m[1m][0m[1m)[0m,                │ │
│ │                       [1mChannelWriteEntry[0m[1m([0mchannel='branch:to:merge_to_fea… │ │
│ │                       value=[3mNone[0m, skip_none=[3mFalse[0m, mapper=[3mNone[0m[1m)[0m[1m)[0m[1m)[0m        │ │
│ │                       [2m│   [0m[1m][0m,                                             │ │
│ │                       [2m│   [0msubgraphs=[1m[[0m[1m][0m                                   │ │
│ │                       [1m)[0m                                                  │ │
│ ╰──────────────────────────────────────────────────────────────────────────╯ │
│                                                                              │
│ [2m/private/tmp/kodezart-v03-recovery-semantic-amendment/.venv/lib/python3.12/s[0m │
│ [2mite-packages/langgraph/_internal/[0m[1m_runnable.py[0m:705 in ainvoke                 │
│                                                                              │
│   [2m702 [0m[2m│   │   │   │   │   │   │   [0mrun = None                                 │
│   [2m703 [0m[2m│   │   │   │   │   │   [0m[2m# run in context[0m                               │
│   [2m704 [0m[2m│   │   │   │   │   │   [0mwith set_config_context(config, run) as contex │
│ ❱ 705 [2m│   │   │   │   │   │   │   [0minput = await asyncio.create_task(         │
│   [2m706 [0m[2m│   │   │   │   │   │   │   │   [0mstep.ainvoke(input, config, **kwargs), │
│   [2m707 [0m[2m│   │   │   │   │   │   │   [0m)                                          │
│   [2m708 [0m[2m│   │   │   │   │   [0melse:                                              │
│                                                                              │
│ ╭───────────────────────────────── locals ─────────────────────────────────╮ │
│ │ [3mcallback_manager[0m = [1m<[0m[1mlangchain_core.callbacks.manager.AsyncCallbackManag…[0m │ │
│ │                    object at [1m0x10cac2c00[0m[1m>[0m                                │ │
│ │           [3mconfig[0m = [1m{[0m                                                     │ │
│ │                    [2m│   [0m'metadata': [1m{[0m                                     │ │
│ │                    [2m│   │   [0m'scope_lane_request':                         │ │
│ │                    '{"base":"{\\"inputs\\":[],\\"base_branch\\":\\"trun… │ │
│ │                    [2m│   │   [0m'scope_lane_run_identity':                    │ │
│ │                    '{"kind":"fire","name":"A","started_at":"2026-09-12T… │ │
│ │                    [2m│   │   [0m'prompt': 'Exact native subject A  with       │ │
│ │                    spaces\n',                                            │ │
│ │                    [2m│   │   [0m'repo_path': '/tmp/fake-cache',               │ │
│ │                    [2m│   │   [0m'repo_url': 'file:///scope-repository.git',   │ │
│ │                    [2m│   │   [0m'permission_mode':                            │ │
│ │                    [1m<[0m[1mPermissionMode.UNATTENDED:[0m 'unattended'>,            │ │
│ │                    [2m│   │   [0m'thread_id':                                  │ │
│ │                    '39afac4252584b729ff249968d18c44f-scope-559aead08264… │ │
│ │                    [2m│   │   [0m'langgraph_step': [1m4[0m,                          │ │
│ │                    [2m│   │   [0m'langgraph_node': 'run_ralph_loop',           │ │
│ │                    [2m│   │   [0m'langgraph_triggers': [1m([0m                       │ │
│ │                    [2m│   │   │   [0m'branch:to:run_ralph_loop',               │ │
│ │                    [2m│   │   [0m[1m)[0m,                                            │ │
│ │                    [2m│   │   [0m... +[1m3[0m                                        │ │
│ │                    [2m│   [0m[1m}[0m,                                                │ │
│ │                    [2m│   [0m'callbacks':                                      │ │
│ │                    <langchain_core.callbacks.manager.AsyncCallbackManag… │ │
│ │                    object at [1m0x10cac2210[0m>,                               │ │
│ │                    [2m│   [0m'configurable': [1m{[0m                                 │ │
│ │                    [2m│   │   [0m'prompt': 'Exact native subject A  with       │ │
│ │                    spaces\n',                                            │ │
│ │                    [2m│   │   [0m'repo_path': '/tmp/fake-cache',               │ │
│ │                    [2m│   │   [0m'repo_url': 'file:///scope-repository.git',   │ │
│ │                    [2m│   │   [0m'cache_key':                                  │ │
│ │                    '39afac4252584b729ff249968d18c44f-scope-559aead08264… │ │
│ │                    [2m│   │   [0m'run_identity': [1m{[0m                             │ │
│ │                    [2m│   │   │   [0m'kind': <RunKind.FIRE: 'fire'>,           │ │
│ │                    [2m│   │   │   [0m'name': 'A',                              │ │
│ │                    [2m│   │   │   [0m'started_at': [1mdatetime.datetime[0m[1m([0m[1m2026[0m, [1m9[0m,  │ │
│ │                    [1m12[0m, [1m16[0m, [1m1[0m, [1m18[0m, [1m993216[0m, tzinfo=datetime.timezone.utc[1m)[0m  │ │
│ │                    [2m│   │   [0m[1m}[0m,                                            │ │
│ │                    [2m│   │   [0m'workspace_path': [3mNone[0m,                       │ │
│ │                    [2m│   │   [0m'base_spec': [1m{[0m                                │ │
│ │                    [2m│   │   │   [0m'inputs': [1m([0m[1m)[0m,                             │ │
│ │                    [2m│   │   │   [0m'base_branch': 'trunk',                   │ │
│ │                    [2m│   │   │   [0m'base_role': [3mNone[0m                         │ │
│ │                    [2m│   │   [0m[1m}[0m,                                            │ │
│ │                    [2m│   │   [0m'permission_mode':                            │ │
│ │                    <PermissionMode.UNATTENDED: 'unattended'[1m>[0m,            │ │
│ │                    [2m│   │   [0m'allowed_tools': [1m[[0m                            │ │
│ │                    [2m│   │   │   [0m'Read',                                   │ │
│ │                    [2m│   │   │   [0m'Glob',                                   │ │
│ │                    [2m│   │   │   [0m'Grep',                                   │ │
│ │                    [2m│   │   │   [0m'Bash',                                   │ │
│ │                    [2m│   │   │   [0m'Edit',                                   │ │
│ │                    [2m│   │   │   [0m'Write'                                   │ │
│ │                    [2m│   │   [0m[1m][0m,                                            │ │
│ │                    [2m│   │   [0m'thread_id':                                  │ │
│ │                    '39afac4252584b729ff249968d18c44f-scope-559aead08264… │ │
│ │                    [2m│   │   [0m... +[1m11[0m                                       │ │
│ │                    [2m│   [0m[1m}[0m                                                 │ │
│ │                    [1m}[0m                                                     │ │
│ │          [3mcontext[0m = [1m<[0m[1m_contextvars.Context[0m object at [1m0x10d186a40[0m[1m>[0m          │ │
│ │                [3mi[0m = [1m0[0m                                                     │ │
│ │            [3minput[0m = [1m{[0m                                                     │ │
│ │                    [2m│   [0m'issue_key': 'A',                                 │ │
│ │                    [2m│   [0m'feature_branch':                                 │ │
│ │                    'kodezart/test-branch-0a345772',                      │ │
│ │                    [2m│   [0m'ralph_branch':                                   │ │
│ │                    'kodezart/test-branch-0a345772-ralph-5183f3a1',       │ │
│ │                    [2m│   [0m'work_base_ref': 'trunk',                         │ │
│ │                    [2m│   [0m'fire_spec': [1mTrackerSpec[0m[1m([0m                         │ │
│ │                    [2m│   │   [0msubject='A',                                  │ │
│ │                    [2m│   │   [0mbody='Exact native subject A  with spaces\n', │ │
│ │                    [2m│   │   [0mcriteria=[1m([0m'A/check',[1m)[0m,                        │ │
│ │                    [2m│   │   [0mread_at_version='2026-01-01T00:00:00+00:00'   │ │
│ │                    [2m│   [0m[1m)[0m,                                                │ │
│ │                    [2m│   [0m'acceptance_criteria': [1m[[0m[1m][0m,                        │ │
│ │                    [2m│   [0m'criterion_set': [1mTrackerCriterionSet[0m[1m([0m             │ │
│ │                    [2m│   │   [0mcriteria=[1m[[0m                                    │ │
│ │                    [2m│   │   │   [0m[1mTrackerCriterion[0m[1m([0m                         │ │
│ │                    [2m│   │   │   │   [0mid='A/check',                         │ │
│ │                    [2m│   │   │   │   [0mtext='A live Check  bytes'            │ │
│ │                    [2m│   │   │   [0m[1m)[0m                                         │ │
│ │                    [2m│   │   [0m[1m][0m                                             │ │
│ │                    [2m│   [0m[1m)[0m,                                                │ │
│ │                    [2m│   [0m'criteria_validation': [3mNone[0m,                      │ │
│ │                    [2m│   [0m'criteria_regeneration_rounds': [1m0[0m,                │ │
│ │                    [2m│   [0m'criteria_infeasible': [3mFalse[0m,                     │ │
│ │                    [2m│   [0m... +[1m17[0m                                           │ │
│ │                    [1m}[0m                                                     │ │
│ │           [3mkwargs[0m = [1m{[0m[1m}[0m                                                    │ │
│ │              [3mrun[0m = [3mNone[0m                                                  │ │
│ │      [3mrun_manager[0m = [1m<[0m[1mlangchain_core.callbacks.manager.AsyncCallbackManag…[0m │ │
│ │                    object at [1m0x10cac1f40[0m[1m>[0m                                │ │
│ │             [3mself[0m = [1m<[0m[1mlanggraph._internal._runnable.RunnableSeq[0m object at  │ │
│ │                    [1m0x10cac2000[0m[1m>[0m                                          │ │
│ │             [3mstep[0m = [1mrun_ralph_loop[0m[1m([0mtags=[3mNone[0m, recurse=[3mTrue[0m,               │ │
│ │                    explode_args=[3mFalse[0m, func_accepts=[1m{[0m'config': [1m([0m'N/A',   │ │
│ │                    [1m<[0m[1mclass[0m 'inspect._empty'[1m>[0m[1m)[0m[1m}[0m[1m)[0m                           │ │
│ ╰──────────────────────────────────────────────────────────────────────────╯ │
│                                                                              │
│ [2m/private/tmp/kodezart-v03-recovery-semantic-amendment/.venv/lib/python3.12/s[0m │
│ [2mite-packages/langgraph/_internal/[0m[1m_runnable.py[0m:473 in ainvoke                 │
│                                                                              │
│   [2m470 [0m[2m│   │   │   [0melse:                                                      │
│   [2m471 [0m[2m│   │   │   │   [0mawait run_manager.on_chain_end(ret)                    │
│   [2m472 [0m[2m│   │   [0melse:                                                          │
│ ❱ 473 [2m│   │   │   [0mret = [1;4mawait[0m[1;4m [0m[1;4mself[0m[1;4m.afunc(*args, **kwargs)[0m                    │
│   [2m474 [0m[2m│   │   [0mif self.recurse and isinstance(ret, Runnable):                 │
│   [2m475 [0m[2m│   │   │   [0mreturn await ret.ainvoke(input, config)                    │
│   [2m476 [0m[2m│   │   [0mreturn ret                                                     │
│                                                                              │
│ ╭───────────────────────────────── locals ─────────────────────────────────╮ │
│ │        [3margs[0m = [1m([0m                                                          │ │
│ │               [2m│   [0m[1m{[0m                                                      │ │
│ │               [2m│   │   [0m'issue_key': 'A',                                  │ │
│ │               [2m│   │   [0m'feature_branch': 'kodezart/test-branch-0a345772', │ │
│ │               [2m│   │   [0m'ralph_branch':                                    │ │
│ │               'kodezart/test-branch-0a345772-ralph-5183f3a1',            │ │
│ │               [2m│   │   [0m'work_base_ref': 'trunk',                          │ │
│ │               [2m│   │   [0m'fire_spec': [1mTrackerSpec[0m[1m([0m                          │ │
│ │               [2m│   │   │   [0msubject='A',                                   │ │
│ │               [2m│   │   │   [0mbody='Exact native subject A  with spaces\n',  │ │
│ │               [2m│   │   │   [0mcriteria=[1m([0m'A/check',[1m)[0m,                         │ │
│ │               [2m│   │   │   [0mread_at_version='2026-01-01T00:00:00+00:00'    │ │
│ │               [2m│   │   [0m[1m)[0m,                                                 │ │
│ │               [2m│   │   [0m'acceptance_criteria': [1m[[0m[1m][0m,                         │ │
│ │               [2m│   │   [0m'criterion_set': [1mTrackerCriterionSet[0m[1m([0m              │ │
│ │               [2m│   │   │   [0mcriteria=[1m[[0m                                     │ │
│ │               [2m│   │   │   │   [0m[1mTrackerCriterion[0m[1m([0m                          │ │
│ │               [2m│   │   │   │   │   [0mid='A/check',                          │ │
│ │               [2m│   │   │   │   │   [0mtext='A live Check  bytes'             │ │
│ │               [2m│   │   │   │   [0m[1m)[0m                                          │ │
│ │               [2m│   │   │   [0m[1m][0m                                              │ │
│ │               [2m│   │   [0m[1m)[0m,                                                 │ │
│ │               [2m│   │   [0m'criteria_validation': [3mNone[0m,                       │ │
│ │               [2m│   │   [0m'criteria_regeneration_rounds': [1m0[0m,                 │ │
│ │               [2m│   │   [0m'criteria_infeasible': [3mFalse[0m,                      │ │
│ │               [2m│   │   [0m... +[1m17[0m                                            │ │
│ │               [2m│   [0m[1m}[0m,                                                     │ │
│ │               [1m)[0m                                                          │ │
│ │      [3mconfig[0m = [1m{[0m                                                          │ │
│ │               [2m│   [0m'metadata': [1m{[0m                                          │ │
│ │               [2m│   │   [0m'scope_lane_request':                              │ │
│ │               '{"base":"{\\"inputs\\":[],\\"base_branch\\":\\"trunk\\",… │ │
│ │               [2m│   │   [0m'scope_lane_run_identity':                         │ │
│ │               '{"kind":"fire","name":"A","started_at":"2026-09-12T16:01… │ │
│ │               [2m│   │   [0m'prompt': 'Exact native subject A  with spaces\n', │ │
│ │               [2m│   │   [0m'repo_path': '/tmp/fake-cache',                    │ │
│ │               [2m│   │   [0m'repo_url': 'file:///scope-repository.git',        │ │
│ │               [2m│   │   [0m'permission_mode': [1m<[0m[1mPermissionMode.UNATTENDED:[0m     │ │
│ │               'unattended'>,                                             │ │
│ │               [2m│   │   [0m'thread_id':                                       │ │
│ │               '39afac4252584b729ff249968d18c44f-scope-559aead08264d5795… │ │
│ │               [2m│   │   [0m'langgraph_step': [1m4[0m,                               │ │
│ │               [2m│   │   [0m'langgraph_node': 'run_ralph_loop',                │ │
│ │               [2m│   │   [0m'langgraph_triggers': [1m([0m                            │ │
│ │               [2m│   │   │   [0m'branch:to:run_ralph_loop',                    │ │
│ │               [2m│   │   [0m[1m)[0m,                                                 │ │
│ │               [2m│   │   [0m... +[1m3[0m                                             │ │
│ │               [2m│   [0m[1m}[0m,                                                     │ │
│ │               [2m│   [0m'callbacks':                                           │ │
│ │               <langchain_core.callbacks.manager.AsyncCallbackManager     │ │
│ │               object at [1m0x10cac2210[0m>,                                    │ │
│ │               [2m│   [0m'configurable': [1m{[0m                                      │ │
│ │               [2m│   │   [0m'prompt': 'Exact native subject A  with spaces\n', │ │
│ │               [2m│   │   [0m'repo_path': '/tmp/fake-cache',                    │ │
│ │               [2m│   │   [0m'repo_url': 'file:///scope-repository.git',        │ │
│ │               [2m│   │   [0m'cache_key':                                       │ │
│ │               '39afac4252584b729ff249968d18c44f-scope-559aead08264d5795… │ │
│ │               [2m│   │   [0m'run_identity': [1m{[0m                                  │ │
│ │               [2m│   │   │   [0m'kind': <RunKind.FIRE: 'fire'>,                │ │
│ │               [2m│   │   │   [0m'name': 'A',                                   │ │
│ │               [2m│   │   │   [0m'started_at': [1mdatetime.datetime[0m[1m([0m[1m2026[0m, [1m9[0m, [1m12[0m,   │ │
│ │               [1m16[0m, [1m1[0m, [1m18[0m, [1m993216[0m, tzinfo=datetime.timezone.utc[1m)[0m           │ │
│ │               [2m│   │   [0m[1m}[0m,                                                 │ │
│ │               [2m│   │   [0m'workspace_path': [3mNone[0m,                            │ │
│ │               [2m│   │   [0m'base_spec': [1m{[0m                                     │ │
│ │               [2m│   │   │   [0m'inputs': [1m([0m[1m)[0m,                                  │ │
│ │               [2m│   │   │   [0m'base_branch': 'trunk',                        │ │
│ │               [2m│   │   │   [0m'base_role': [3mNone[0m                              │ │
│ │               [2m│   │   [0m[1m}[0m,                                                 │ │
│ │               [2m│   │   [0m'permission_mode': <PermissionMode.UNATTENDED:     │ │
│ │               'unattended'[1m>[0m,                                             │ │
│ │               [2m│   │   [0m'allowed_tools': [1m[[0m                                 │ │
│ │               [2m│   │   │   [0m'Read',                                        │ │
│ │               [2m│   │   │   [0m'Glob',                                        │ │
│ │               [2m│   │   │   [0m'Grep',                                        │ │
│ │               [2m│   │   │   [0m'Bash',                                        │ │
│ │               [2m│   │   │   [0m'Edit',                                        │ │
│ │               [2m│   │   │   [0m'Write'                                        │ │
│ │               [2m│   │   [0m[1m][0m,                                                 │ │
│ │               [2m│   │   [0m'thread_id':                                       │ │
│ │               '39afac4252584b729ff249968d18c44f-scope-559aead08264d5795… │ │
│ │               [2m│   │   [0m... +[1m11[0m                                            │ │
│ │               [2m│   [0m[1m}[0m                                                      │ │
│ │               [1m}[0m                                                          │ │
│ │       [3minput[0m = [1m{[0m                                                          │ │
│ │               [2m│   [0m'issue_key': 'A',                                      │ │
│ │               [2m│   [0m'feature_branch': 'kodezart/test-branch-0a345772',     │ │
│ │               [2m│   [0m'ralph_branch':                                        │ │
│ │               'kodezart/test-branch-0a345772-ralph-5183f3a1',            │ │
│ │               [2m│   [0m'work_base_ref': 'trunk',                              │ │
│ │               [2m│   [0m'fire_spec': [1mTrackerSpec[0m[1m([0m                              │ │
│ │               [2m│   │   [0msubject='A',                                       │ │
│ │               [2m│   │   [0mbody='Exact native subject A  with spaces\n',      │ │
│ │               [2m│   │   [0mcriteria=[1m([0m'A/check',[1m)[0m,                             │ │
│ │               [2m│   │   [0mread_at_version='2026-01-01T00:00:00+00:00'        │ │
│ │               [2m│   [0m[1m)[0m,                                                     │ │
│ │               [2m│   [0m'acceptance_criteria': [1m[[0m[1m][0m,                             │ │
│ │               [2m│   [0m'criterion_set': [1mTrackerCriterionSet[0m[1m([0m                  │ │
│ │               [2m│   │   [0mcriteria=[1m[[0m                                         │ │
│ │               [2m│   │   │   [0m[1mTrackerCriterion[0m[1m([0m                              │ │
│ │               [2m│   │   │   │   [0mid='A/check',                              │ │
│ │               [2m│   │   │   │   [0mtext='A live Check  bytes'                 │ │
│ │               [2m│   │   │   [0m[1m)[0m                                              │ │
│ │               [2m│   │   [0m[1m][0m                                                  │ │
│ │               [2m│   [0m[1m)[0m,                                                     │ │
│ │               [2m│   [0m'criteria_validation': [3mNone[0m,                           │ │
│ │               [2m│   [0m'criteria_regeneration_rounds': [1m0[0m,                     │ │
│ │               [2m│   [0m'criteria_infeasible': [3mFalse[0m,                          │ │
│ │               [2m│   [0m... +[1m17[0m                                                │ │
│ │               [1m}[0m                                                          │ │
│ │          [3mkw[0m = 'config'                                                   │ │
│ │    [3mkw_value[0m = [1m{[0m                                                          │ │
│ │               [2m│   [0m'metadata': [1m{[0m                                          │ │
│ │               [2m│   │   [0m'scope_lane_request':                              │ │
│ │               '{"base":"{\\"inputs\\":[],\\"base_branch\\":\\"trunk\\",… │ │
│ │               [2m│   │   [0m'scope_lane_run_identity':                         │ │
│ │               '{"kind":"fire","name":"A","started_at":"2026-09-12T16:01… │ │
│ │               [2m│   │   [0m'prompt': 'Exact native subject A  with spaces\n', │ │
│ │               [2m│   │   [0m'repo_path': '/tmp/fake-cache',                    │ │
│ │               [2m│   │   [0m'repo_url': 'file:///scope-repository.git',        │ │
│ │               [2m│   │   [0m'permission_mode': [1m<[0m[1mPermissionMode.UNATTENDED:[0m     │ │
│ │               'unattended'>,                                             │ │
│ │               [2m│   │   [0m'thread_id':                                       │ │
│ │               '39afac4252584b729ff249968d18c44f-scope-559aead08264d5795… │ │
│ │               [2m│   │   [0m'langgraph_step': [1m4[0m,                               │ │
│ │               [2m│   │   [0m'langgraph_node': 'run_ralph_loop',                │ │
│ │               [2m│   │   [0m'langgraph_triggers': [1m([0m                            │ │
│ │               [2m│   │   │   [0m'branch:to:run_ralph_loop',                    │ │
│ │               [2m│   │   [0m[1m)[0m,                                                 │ │
│ │               [2m│   │   [0m... +[1m3[0m                                             │ │
│ │               [2m│   [0m[1m}[0m,                                                     │ │
│ │               [2m│   [0m'callbacks':                                           │ │
│ │               <langchain_core.callbacks.manager.AsyncCallbackManager     │ │
│ │               object at [1m0x10cac2210[0m>,                                    │ │
│ │               [2m│   [0m'configurable': [1m{[0m                                      │ │
│ │               [2m│   │   [0m'prompt': 'Exact native subject A  with spaces\n', │ │
│ │               [2m│   │   [0m'repo_path': '/tmp/fake-cache',                    │ │
│ │               [2m│   │   [0m'repo_url': 'file:///scope-repository.git',        │ │
│ │               [2m│   │   [0m'cache_key':                                       │ │
│ │               '39afac4252584b729ff249968d18c44f-scope-559aead08264d5795… │ │
│ │               [2m│   │   [0m'run_identity': [1m{[0m                                  │ │
│ │               [2m│   │   │   [0m'kind': <RunKind.FIRE: 'fire'>,                │ │
│ │               [2m│   │   │   [0m'name': 'A',                                   │ │
│ │               [2m│   │   │   [0m'started_at': [1mdatetime.datetime[0m[1m([0m[1m2026[0m, [1m9[0m, [1m12[0m,   │ │
│ │               [1m16[0m, [1m1[0m, [1m18[0m, [1m993216[0m, tzinfo=datetime.timezone.utc[1m)[0m           │ │
│ │               [2m│   │   [0m[1m}[0m,                                                 │ │
│ │               [2m│   │   [0m'workspace_path': [3mNone[0m,                            │ │
│ │               [2m│   │   [0m'base_spec': [1m{[0m                                     │ │
│ │               [2m│   │   │   [0m'inputs': [1m([0m[1m)[0m,                                  │ │
│ │               [2m│   │   │   [0m'base_branch': 'trunk',                        │ │
│ │               [2m│   │   │   [0m'base_role': [3mNone[0m                              │ │
│ │               [2m│   │   [0m[1m}[0m,                                                 │ │
│ │               [2m│   │   [0m'permission_mode': <PermissionMode.UNATTENDED:     │ │
│ │               'unattended'[1m>[0m,                                             │ │
│ │               [2m│   │   [0m'allowed_tools': [1m[[0m                                 │ │
│ │               [2m│   │   │   [0m'Read',                                        │ │
│ │               [2m│   │   │   [0m'Glob',                                        │ │
│ │               [2m│   │   │   [0m'Grep',                                        │ │
│ │               [2m│   │   │   [0m'Bash',                                        │ │
│ │               [2m│   │   │   [0m'Edit',                                        │ │
│ │               [2m│   │   │   [0m'Write'                                        │ │
│ │               [2m│   │   [0m[1m][0m,                                                 │ │
│ │               [2m│   │   [0m'thread_id':                                       │ │
│ │               '39afac4252584b729ff249968d18c44f-scope-559aead08264d5795… │ │
│ │               [2m│   │   [0m... +[1m11[0m                                            │ │
│ │               [2m│   [0m[1m}[0m                                                      │ │
│ │               [1m}[0m                                                          │ │
│ │      [3mkwargs[0m = [1m{[0m                                                          │ │
│ │               [2m│   [0m'config': [1m{[0m                                            │ │
│ │               [2m│   │   [0m'metadata': [1m{[0m                                      │ │
│ │               [2m│   │   │   [0m'scope_lane_request':                          │ │
│ │               '{"base":"{\\"inputs\\":[],\\"base_branch\\":\\"trunk\\",… │ │
│ │               [2m│   │   │   [0m'scope_lane_run_identity':                     │ │
│ │               '{"kind":"fire","name":"A","started_at":"2026-09-12T16:01… │ │
│ │               [2m│   │   │   [0m'prompt': 'Exact native subject A  with        │ │
│ │               spaces\n',                                                 │ │
│ │               [2m│   │   │   [0m'repo_path': '/tmp/fake-cache',                │ │
│ │               [2m│   │   │   [0m'repo_url': 'file:///scope-repository.git',    │ │
│ │               [2m│   │   │   [0m'permission_mode': [1m<[0m[1mPermissionMode.UNATTENDED:[0m │ │
│ │               'unattended'>,                                             │ │
│ │               [2m│   │   │   [0m'thread_id':                                   │ │
│ │               '39afac4252584b729ff249968d18c44f-scope-559aead08264d5795… │ │
│ │               [2m│   │   │   [0m'langgraph_step': [1m4[0m,                           │ │
│ │               [2m│   │   │   [0m'langgraph_node': 'run_ralph_loop',            │ │
│ │               [2m│   │   │   [0m'langgraph_triggers': [1m([0m                        │ │
│ │               [2m│   │   │   │   [0m'branch:to:run_ralph_loop',                │ │
│ │               [2m│   │   │   [0m[1m)[0m,                                             │ │
│ │               [2m│   │   │   [0m... +[1m3[0m                                         │ │
│ │               [2m│   │   [0m[1m}[0m,                                                 │ │
│ │               [2m│   │   [0m'callbacks':                                       │ │
│ │               <langchain_core.callbacks.manager.AsyncCallbackManager     │ │
│ │               object at [1m0x10cac2210[0m>,                                    │ │
│ │               [2m│   │   [0m'configurable': [1m{[0m                                  │ │
│ │               [2m│   │   │   [0m'prompt': 'Exact native subject A  with        │ │
│ │               spaces\n',                                                 │ │
│ │               [2m│   │   │   [0m'repo_path': '/tmp/fake-cache',                │ │
│ │               [2m│   │   │   [0m'repo_url': 'file:///scope-repository.git',    │ │
│ │               [2m│   │   │   [0m'cache_key':                                   │ │
│ │               '39afac4252584b729ff249968d18c44f-scope-559aead08264d5795… │ │
│ │               [2m│   │   │   [0m'run_identity': [1m{[0m                              │ │
│ │               [2m│   │   │   │   [0m'kind': <RunKind.FIRE: 'fire'>,            │ │
│ │               [2m│   │   │   │   [0m'name': 'A',                               │ │
│ │               [2m│   │   │   │   [0m'started_at': [1mdatetime.datetime[0m[1m([0m[1m2026[0m, [1m9[0m,   │ │
│ │               [1m12[0m, [1m16[0m, [1m1[0m, [1m18[0m, [1m993216[0m, tzinfo=datetime.timezone.utc[1m)[0m       │ │
│ │               [2m│   │   │   [0m[1m}[0m,                                             │ │
│ │               [2m│   │   │   [0m'workspace_path': [3mNone[0m,                        │ │
│ │               [2m│   │   │   [0m'base_spec': [1m{[0m                                 │ │
│ │               [2m│   │   │   │   [0m'inputs': [1m([0m[1m)[0m,                              │ │
│ │               [2m│   │   │   │   [0m'base_branch': 'trunk',                    │ │
│ │               [2m│   │   │   │   [0m'base_role': [3mNone[0m                          │ │
│ │               [2m│   │   │   [0m[1m}[0m,                                             │ │
│ │               [2m│   │   │   [0m'permission_mode': <PermissionMode.UNATTENDED: │ │
│ │               'unattended'[1m>[0m,                                             │ │
│ │               [2m│   │   │   [0m'allowed_tools': [1m[[0m                             │ │
│ │               [2m│   │   │   │   [0m'Read',                                    │ │
│ │               [2m│   │   │   │   [0m'Glob',                                    │ │
│ │               [2m│   │   │   │   [0m'Grep',                                    │ │
│ │               [2m│   │   │   │   [0m'Bash',                                    │ │
│ │               [2m│   │   │   │   [0m'Edit',                                    │ │
│ │               [2m│   │   │   │   [0m'Write'                                    │ │
│ │               [2m│   │   │   [0m[1m][0m,                                             │ │
│ │               [2m│   │   │   [0m'thread_id':                                   │ │
│ │               '39afac4252584b729ff249968d18c44f-scope-559aead08264d5795… │ │
│ │               [2m│   │   │   [0m... +[1m11[0m                                        │ │
│ │               [2m│   │   [0m[1m}[0m                                                  │ │
│ │               [2m│   [0m[1m}[0m                                                      │ │
│ │               [1m}[0m                                                          │ │
│ │     [3mruntime[0m = [1mRuntime[0m[1m([0m                                                   │ │
│ │               [2m│   [0mcontext=[3mNone[0m,                                          │ │
│ │               [2m│   [0mstore=[3mNone[0m,                                            │ │
│ │               [2m│   [0mstream_writer=[1m<[0m[1mfunction[0m                                │ │
│ │               Pregel.astream.<locals>.stream_writer at [1m0x10d1b96c0[0m[1m>[0m,     │ │
│ │               [2m│   [0mprevious=[3mNone[0m                                          │ │
│ │               [1m)[0m                                                          │ │
│ │ [3mruntime_key[0m = 'N/A'                                                      │ │
│ │        [3mself[0m = [1mrun_ralph_loop[0m[1m([0mtags=[3mNone[0m, recurse=[3mTrue[0m,                    │ │
│ │               explode_args=[3mFalse[0m, func_accepts=[1m{[0m'config': [1m([0m'N/A', [1m<[0m[1mclass[0m │ │
│ │               'inspect._empty'[1m>[0m[1m)[0m[1m}[0m[1m)[0m                                       │ │
│ ╰──────────────────────────────────────────────────────────────────────────╯ │
│                                                                              │
│ [2m/private/tmp/kodezart-v03-recovery-semantic-amendment/src/kodezart/core/[0m[1mretr[0m │
│ [1my.py[0m:109 in guarded                                                          │
│                                                                              │
│   [2m106 [0m[2m│   │   [0m[1m@functools[0m.wraps(node)                                         │
│   [2m107 [0m[2m│   │   [0masync def guarded(state: _StateT, config: RunnableConfig) -> _ │
│   [2m108 [0m[2m│   │   │   [0mtry:                                                       │
│ ❱ 109 [2m│   │   │   │   [0mreturn await node(state, config)                       │
│   [2m110 [0m[2m│   │   │   [0mexcept Exception as exc:                                   │
│   [2m111 [0m[2m│   │   │   │   [0mif not getattr(exc, _FLOOR_PAID, False):               │
│   [2m112 [0m[2m│   │   │   │   │   [0mfloor = resolve(exc)                               │
│                                                                              │
│ ╭───────────────────────────────── locals ─────────────────────────────────╮ │
│ │ [3mconfig[0m = [1m{[0m                                                               │ │
│ │          [2m│   [0m'metadata': [1m{[0m                                               │ │
│ │          [2m│   │   [0m'scope_lane_request':                                   │ │
│ │          '{"base":"{\\"inputs\\":[],\\"base_branch\\":\\"trunk\\",\\"ba… │ │
│ │          [2m│   │   [0m'scope_lane_run_identity':                              │ │
│ │          '{"kind":"fire","name":"A","started_at":"2026-09-12T16:01:18.9… │ │
│ │          [2m│   │   [0m'prompt': 'Exact native subject A  with spaces\n',      │ │
│ │          [2m│   │   [0m'repo_path': '/tmp/fake-cache',                         │ │
│ │          [2m│   │   [0m'repo_url': 'file:///scope-repository.git',             │ │
│ │          [2m│   │   [0m'permission_mode': [1m<[0m[1mPermissionMode.UNATTENDED:[0m          │ │
│ │          'unattended'>,                                                  │ │
│ │          [2m│   │   [0m'thread_id':                                            │ │
│ │          '39afac4252584b729ff249968d18c44f-scope-559aead08264d5795d3909… │ │
│ │          [2m│   │   [0m'langgraph_step': [1m4[0m,                                    │ │
│ │          [2m│   │   [0m'langgraph_node': 'run_ralph_loop',                     │ │
│ │          [2m│   │   [0m'langgraph_triggers': [1m([0m'branch:to:run_ralph_loop',[1m)[0m,    │ │
│ │          [2m│   │   [0m... +[1m3[0m                                                  │ │
│ │          [2m│   [0m[1m}[0m,                                                          │ │
│ │          [2m│   [0m'callbacks':                                                │ │
│ │          <langchain_core.callbacks.manager.AsyncCallbackManager object   │ │
│ │          at [1m0x10cac2210[0m>,                                                │ │
│ │          [2m│   [0m'configurable': [1m{[0m                                           │ │
│ │          [2m│   │   [0m'prompt': 'Exact native subject A  with spaces\n',      │ │
│ │          [2m│   │   [0m'repo_path': '/tmp/fake-cache',                         │ │
│ │          [2m│   │   [0m'repo_url': 'file:///scope-repository.git',             │ │
│ │          [2m│   │   [0m'cache_key':                                            │ │
│ │          '39afac4252584b729ff249968d18c44f-scope-559aead08264d5795d3909… │ │
│ │          [2m│   │   [0m'run_identity': [1m{[0m                                       │ │
│ │          [2m│   │   │   [0m'kind': <RunKind.FIRE: 'fire'>,                     │ │
│ │          [2m│   │   │   [0m'name': 'A',                                        │ │
│ │          [2m│   │   │   [0m'started_at': [1mdatetime.datetime[0m[1m([0m[1m2026[0m, [1m9[0m, [1m12[0m, [1m16[0m, [1m1[0m, │ │
│ │          [1m18[0m, [1m993216[0m, tzinfo=datetime.timezone.utc[1m)[0m                       │ │
│ │          [2m│   │   [0m[1m}[0m,                                                      │ │
│ │          [2m│   │   [0m'workspace_path': [3mNone[0m,                                 │ │
│ │          [2m│   │   [0m'base_spec': [1m{[0m                                          │ │
│ │          [2m│   │   │   [0m'inputs': [1m([0m[1m)[0m,                                       │ │
│ │          [2m│   │   │   [0m'base_branch': 'trunk',                             │ │
│ │          [2m│   │   │   [0m'base_role': [3mNone[0m                                   │ │
│ │          [2m│   │   [0m[1m}[0m,                                                      │ │
│ │          [2m│   │   [0m'permission_mode': <PermissionMode.UNATTENDED:          │ │
│ │          'unattended'[1m>[0m,                                                  │ │
│ │          [2m│   │   [0m'allowed_tools': [1m[[0m                                      │ │
│ │          [2m│   │   │   [0m'Read',                                             │ │
│ │          [2m│   │   │   [0m'Glob',                                             │ │
│ │          [2m│   │   │   [0m'Grep',                                             │ │
│ │          [2m│   │   │   [0m'Bash',                                             │ │
│ │          [2m│   │   │   [0m'Edit',                                             │ │
│ │          [2m│   │   │   [0m'Write'                                             │ │
│ │          [2m│   │   [0m[1m][0m,                                                      │ │
│ │          [2m│   │   [0m'thread_id':                                            │ │
│ │          '39afac4252584b729ff249968d18c44f-scope-559aead08264d5795d3909… │ │
│ │          [2m│   │   [0m... +[1m11[0m                                                 │ │
│ │          [2m│   [0m[1m}[0m                                                           │ │
│ │          [1m}[0m                                                               │ │
│ │  [3mfloor[0m = [3mNone[0m                                                            │ │
│ │   [3mnode[0m = [1m<[0m[1mbound[0m method FireImplementation.run_ralph_loop of              │ │
│ │          <kodezart.chains.fire_implementation.FireImplementation object  │ │
│ │          at [1m0x10cb39f70[0m>[1m>[0m                                                │ │
│ │  [3mstate[0m = [1m{[0m                                                               │ │
│ │          [2m│   [0m'issue_key': 'A',                                           │ │
│ │          [2m│   [0m'feature_branch': 'kodezart/test-branch-0a345772',          │ │
│ │          [2m│   [0m'ralph_branch':                                             │ │
│ │          'kodezart/test-branch-0a345772-ralph-5183f3a1',                 │ │
│ │          [2m│   [0m'work_base_ref': 'trunk',                                   │ │
│ │          [2m│   [0m'fire_spec': [1mTrackerSpec[0m[1m([0m                                   │ │
│ │          [2m│   │   [0msubject='A',                                            │ │
│ │          [2m│   │   [0mbody='Exact native subject A  with spaces\n',           │ │
│ │          [2m│   │   [0mcriteria=[1m([0m'A/check',[1m)[0m,                                  │ │
│ │          [2m│   │   [0mread_at_version='2026-01-01T00:00:00+00:00'             │ │
│ │          [2m│   [0m[1m)[0m,                                                          │ │
│ │          [2m│   [0m'acceptance_criteria': [1m[[0m[1m][0m,                                  │ │
│ │          [2m│   [0m'criterion_set': [1mTrackerCriterionSet[0m[1m([0m                       │ │
│ │          [2m│   │   [0mcriteria=[1m[[0m                                              │ │
│ │          [2m│   │   │   [0m[1mTrackerCriterion[0m[1m([0m                                   │ │
│ │          [2m│   │   │   │   [0mid='A/check',                                   │ │
│ │          [2m│   │   │   │   [0mtext='A live Check  bytes'                      │ │
│ │          [2m│   │   │   [0m[1m)[0m                                                   │ │
│ │          [2m│   │   [0m[1m][0m                                                       │ │
│ │          [2m│   [0m[1m)[0m,                                                          │ │
│ │          [2m│   [0m'criteria_validation': [3mNone[0m,                                │ │
│ │          [2m│   [0m'criteria_regeneration_rounds': [1m0[0m,                          │ │
│ │          [2m│   [0m'criteria_infeasible': [3mFalse[0m,                               │ │
│ │          [2m│   [0m... +[1m17[0m                                                     │ │
│ │          [1m}[0m                                                               │ │
│ ╰──────────────────────────────────────────────────────────────────────────╯ │
│                                                                              │
│ [2m/private/tmp/kodezart-v03-recovery-semantic-amendment/src/kodezart/chains/[0m[1mfi[0m │
│ [1mre_implementation.py[0m:156 in run_ralph_loop                                   │
│                                                                              │
│   [2m153 [0m[2m│   │   │   [0mPromptKey.IMPLEMENTATION,                                  │
│   [2m154 [0m[2m│   │   [0m).render({"task_md": task_md})                                 │
│   [2m155 [0m[2m│   │   [0m                                                               │
│ ❱ 156 [2m│   │   [0mlast_iteration_event = [1;4mawait[0m[1;4m [0m[1;4mself[0m[1;4m.run_quality_gate([0m            │
│   [2m157 [0m[2m│   │   │   [0m[1;4mprompt=implementation_prompt,[0m                              │
│   [2m158 [0m[2m│   │   │   [0m[1;4mrepo_path=ctx.repo_path,[0m                                   │
│   [2m159 [0m[2m│   │   │   [0m[1;4mrepo_url=ctx.repo_url,[0m                                     │
│                                                                              │
│ ╭───────────────────────────────── locals ─────────────────────────────────╮ │
│ │                [3mconfig[0m = [1m{[0m                                                │ │
│ │                         [2m│   [0m'metadata': [1m{[0m                                │ │
│ │                         [2m│   │   [0m'scope_lane_request':                    │ │
│ │                         '{"base":"{\\"inputs\\":[],\\"base_branch\\":\\… │ │
│ │                         [2m│   │   [0m'scope_lane_run_identity':               │ │
│ │                         '{"kind":"fire","name":"A","started_at":"2026-0… │ │
│ │                         [2m│   │   [0m'prompt': 'Exact native subject A  with  │ │
│ │                         spaces\n',                                       │ │
│ │                         [2m│   │   [0m'repo_path': '/tmp/fake-cache',          │ │
│ │                         [2m│   │   [0m'repo_url':                              │ │
│ │                         'file:///scope-repository.git',                  │ │
│ │                         [2m│   │   [0m'permission_mode':                       │ │
│ │                         [1m<[0m[1mPermissionMode.UNATTENDED:[0m 'unattended'>,       │ │
│ │                         [2m│   │   [0m'thread_id':                             │ │
│ │                         '39afac4252584b729ff249968d18c44f-scope-559aead… │ │
│ │                         [2m│   │   [0m'langgraph_step': [1m4[0m,                     │ │
│ │                         [2m│   │   [0m'langgraph_node': 'run_ralph_loop',      │ │
│ │                         [2m│   │   [0m'langgraph_triggers': [1m([0m                  │ │
│ │                         [2m│   │   │   [0m'branch:to:run_ralph_loop',          │ │
│ │                         [2m│   │   [0m[1m)[0m,                                       │ │
│ │                         [2m│   │   [0m... +[1m3[0m                                   │ │
│ │                         [2m│   [0m[1m}[0m,                                           │ │
│ │                         [2m│   [0m'callbacks':                                 │ │
│ │                         <langchain_core.callbacks.manager.AsyncCallback… │ │
│ │                         object at [1m0x10cac2210[0m>,                          │ │
│ │                         [2m│   [0m'configurable': [1m{[0m                            │ │
│ │                         [2m│   │   [0m'prompt': 'Exact native subject A  with  │ │
│ │                         spaces\n',                                       │ │
│ │                         [2m│   │   [0m'repo_path': '/tmp/fake-cache',          │ │
│ │                         [2m│   │   [0m'repo_url':                              │ │
│ │                         'file:///scope-repository.git',                  │ │
│ │                         [2m│   │   [0m'cache_key':                             │ │
│ │                         '39afac4252584b729ff249968d18c44f-scope-559aead… │ │
│ │                         [2m│   │   [0m'run_identity': [1m{[0m                        │ │
│ │                         [2m│   │   │   [0m'kind': <RunKind.FIRE: 'fire'>,      │ │
│ │                         [2m│   │   │   [0m'name': 'A',                         │ │
│ │                         [2m│   │   │   [0m'started_at':                        │ │
│ │                         [1mdatetime.datetime[0m[1m([0m[1m2026[0m, [1m9[0m, [1m12[0m, [1m16[0m, [1m1[0m, [1m18[0m,        │ │
│ │                         [1m993216[0m, tzinfo=datetime.timezone.utc[1m)[0m            │ │
│ │                         [2m│   │   [0m[1m}[0m,                                       │ │
│ │                         [2m│   │   [0m'workspace_path': [3mNone[0m,                  │ │
│ │                         [2m│   │   [0m'base_spec': [1m{[0m                           │ │
│ │                         [2m│   │   │   [0m'inputs': [1m([0m[1m)[0m,                        │ │
│ │                         [2m│   │   │   [0m'base_branch': 'trunk',              │ │
│ │                         [2m│   │   │   [0m'base_role': [3mNone[0m                    │ │
│ │                         [2m│   │   [0m[1m}[0m,                                       │ │
│ │                         [2m│   │   [0m'permission_mode':                       │ │
│ │                         <PermissionMode.UNATTENDED: 'unattended'[1m>[0m,       │ │
│ │                         [2m│   │   [0m'allowed_tools': [1m[[0m                       │ │
│ │                         [2m│   │   │   [0m'Read',                              │ │
│ │                         [2m│   │   │   [0m'Glob',                              │ │
│ │                         [2m│   │   │   [0m'Grep',                              │ │
│ │                         [2m│   │   │   [0m'Bash',                              │ │
│ │                         [2m│   │   │   [0m'Edit',                              │ │
│ │                         [2m│   │   │   [0m'Write'                              │ │
│ │                         [2m│   │   [0m[1m][0m,                                       │ │
│ │                         [2m│   │   [0m'thread_id':                             │ │
│ │                         '39afac4252584b729ff249968d18c44f-scope-559aead… │ │
│ │                         [2m│   │   [0m... +[1m11[0m                                  │ │
│ │                         [2m│   [0m[1m}[0m                                            │ │
│ │                         [1m}[0m                                                │ │
│ │              [3mcriteria[0m = [1m[[0m                                                │ │
│ │                         [2m│   [0m[1mTrackerCriterion[0m[1m([0m                            │ │
│ │                         [2m│   │   [0mid='A/check',                            │ │
│ │                         [2m│   │   [0mtext='A live Check  bytes'               │ │
│ │                         [2m│   [0m[1m)[0m                                            │ │
│ │                         [1m][0m                                                │ │
│ │         [3mcriterion_set[0m = [1mTrackerCriterionSet[0m[1m([0m                             │ │
│ │                         [2m│   [0mcriteria=[1m[[0m                                   │ │
│ │                         [2m│   │   [0m[1mTrackerCriterion[0m[1m([0m                        │ │
│ │                         [2m│   │   │   [0mid='A/check',                        │ │
│ │                         [2m│   │   │   [0mtext='A live Check  bytes'           │ │
│ │                         [2m│   │   [0m[1m)[0m                                        │ │
│ │                         [2m│   [0m[1m][0m                                            │ │
│ │                         [1m)[0m                                                │ │
│ │                   [3mctx[0m = [1mExecutionContext[0m[1m([0m                                │ │
│ │                         [2m│   [0mprompt='Exact native subject A  with         │ │
│ │                         spaces\n',                                       │ │
│ │                         [2m│   [0mrepo_path='/tmp/fake-cache',                 │ │
│ │                         [2m│   [0mrepo_url='file:///scope-repository.git',     │ │
│ │                         [2m│   [0m                                             │ │
│ │                         cache_key='39afac4252584b729ff249968d18c44f-sco… │ │
│ │                         [2m│   [0mrun_identity=[1mRunIdentity[0m[1m([0m                    │ │
│ │                         [2m│   │   [0mkind=[1m<[0m[1mRunKind.FIRE:[0m 'fire'>,             │ │
│ │                         [2m│   │   [0mname='A',                                │ │
│ │                         [2m│   │   [0mstarted_at=[1mdatetime[0m[1m.datetime[0m[1m([0m[1m2026[0m, [1m9[0m,    │ │
│ │                         [1m12[0m, [1m16[0m, [1m1[0m, [1m18[0m, [1m993216[0m,                           │ │
│ │                         tzinfo=datetime.timezone.utc[1m)[0m                    │ │
│ │                         [2m│   [0m[1m)[0m,                                           │ │
│ │                         [2m│   [0mworkspace_path=[3mNone[0m,                         │ │
│ │                         [2m│   [0mbase_spec=[1mBaseSpec[0m[1m([0m                          │ │
│ │                         [2m│   │   [0minputs=[1m([0m[1m)[0m,                               │ │
│ │                         [2m│   │   [0mbase_branch='trunk',                     │ │
│ │                         [2m│   │   [0mbase_role=[3mNone[0m                           │ │
│ │                         [2m│   [0m[1m)[0m,                                           │ │
│ │                         [2m│   [0mpermission_mode=<PermissionMode.UNATTENDED:  │ │
│ │                         'unattended'[1m>[0m,                                   │ │
│ │                         [2m│   [0mallowed_tools=[1m[[0m                              │ │
│ │                         [2m│   │   [0m'Read',                                  │ │
│ │                         [2m│   │   [0m'Glob',                                  │ │
│ │                         [2m│   │   [0m'Grep',                                  │ │
│ │                         [2m│   │   [0m'Bash',                                  │ │
│ │                         [2m│   │   [0m'Edit',                                  │ │
│ │                         [2m│   │   [0m'Write'                                  │ │
│ │                         [2m│   [0m[1m][0m                                            │ │
│ │                         [1m)[0m                                                │ │
│ │ [3mimplementation_prompt[0m = '── SKILLS AVAILABLE FOR THIS ROLE ──\nLoad each │ │
│ │                         skill below when its subject matt'+[1m101[0m           │ │
│ │           [3mremediation[0m = [3mNone[0m                                             │ │
│ │                  [3mself[0m = [1m<[0m[1mkodezart.chains.fire_implementation.FireImplem…[0m │ │
│ │                         object at [1m0x10cb39f70[0m[1m>[0m                           │ │
│ │                  [3mspec[0m = [1mTrackerSpec[0m[1m([0m                                     │ │
│ │                         [2m│   [0msubject='A',                                 │ │
│ │                         [2m│   [0mbody='Exact native subject A  with           │ │
│ │                         spaces\n',                                       │ │
│ │                         [2m│   [0mcriteria=[1m([0m'A/check',[1m)[0m,                       │ │
│ │                         [2m│   [0mread_at_version='2026-01-01T00:00:00+00:00'  │ │
│ │                         [1m)[0m                                                │ │
│ │                 [3mstate[0m = [1m{[0m                                                │ │
│ │                         [2m│   [0m'issue_key': 'A',                            │ │
│ │                         [2m│   [0m'feature_branch':                            │ │
│ │                         'kodezart/test-branch-0a345772',                 │ │
│ │                         [2m│   [0m'ralph_branch':                              │ │
│ │                         'kodezart/test-branch-0a345772-ralph-5183f3a1',  │ │
│ │                         [2m│   [0m'work_base_ref': 'trunk',                    │ │
│ │                         [2m│   [0m'fire_spec': [1mTrackerSpec[0m[1m([0m                    │ │
│ │                         [2m│   │   [0msubject='A',                             │ │
│ │                         [2m│   │   [0mbody='Exact native subject A  with       │ │
│ │                         spaces\n',                                       │ │
│ │                         [2m│   │   [0mcriteria=[1m([0m'A/check',[1m)[0m,                   │ │
│ │                         [2m│   │   [0m                                         │ │
│ │                         read_at_version='2026-01-01T00:00:00+00:00'      │ │
│ │                         [2m│   [0m[1m)[0m,                                           │ │
│ │                         [2m│   [0m'acceptance_criteria': [1m[[0m[1m][0m,                   │ │
│ │                         [2m│   [0m'criterion_set': [1mTrackerCriterionSet[0m[1m([0m        │ │
│ │                         [2m│   │   [0mcriteria=[1m[[0m                               │ │
│ │                         [2m│   │   │   [0m[1mTrackerCriterion[0m[1m([0m                    │ │
│ │                         [2m│   │   │   │   [0mid='A/check',                    │ │
│ │                         [2m│   │   │   │   [0mtext='A live Check  bytes'       │ │
│ │                         [2m│   │   │   [0m[1m)[0m                                    │ │
│ │                         [2m│   │   [0m[1m][0m                                        │ │
│ │                         [2m│   [0m[1m)[0m,                                           │ │
│ │                         [2m│   [0m'criteria_validation': [3mNone[0m,                 │ │
│ │                         [2m│   [0m'criteria_regeneration_rounds': [1m0[0m,           │ │
│ │                         [2m│   [0m'criteria_infeasible': [3mFalse[0m,                │ │
│ │                         [2m│   [0m... +[1m17[0m                                      │ │
│ │                         [1m}[0m                                                │ │
│ │               [3mtask_md[0m = 'Exact native subject A  with spaces\n'          │ │
│ ╰──────────────────────────────────────────────────────────────────────────╯ │
│                                                                              │
│ [2m/private/tmp/kodezart-v03-recovery-semantic-amendment/src/kodezart/chains/[0m[1mfi[0m │
│ [1mre_implementation.py[0m:99 in run_quality_gate                                  │
│                                                                              │
│   [2m 96 [0m[2m│   │   [0m"""Delegate to the quality gate for iterative execution."""    │
│   [2m 97 [0m[2m│   │   [0mwriter = get_stream_writer()                                   │
│   [2m 98 [0m[2m│   │   [0mlast_iteration_event: WorkflowIterationEvent | None = None     │
│ ❱  99 [2m│   │   [0masync for event in [1;4mself[0m[1;4m._quality_gate.run([0m                     │
│   [2m100 [0m[2m│   │   │   [0m[1;4mprompt=prompt,[0m                                             │
│   [2m101 [0m[2m│   │   │   [0m[1;4mrepo_path=repo_path,[0m                                       │
│   [2m102 [0m[2m│   │   │   [0m[1;4mrepo_url=repo_url,[0m                                         │
│                                                                              │
│ ╭───────────────────────────────── locals ─────────────────────────────────╮ │
│ │  [3macceptance_criteria[0m = [1m[[0m                                                 │ │
│ │                        [2m│   [0m[1mTrackerCriterion[0m[1m([0m                             │ │
│ │                        [2m│   │   [0mid='A/check',                             │ │
│ │                        [2m│   │   [0mtext='A live Check  bytes'                │ │
│ │                        [2m│   [0m[1m)[0m                                             │ │
│ │                        [1m][0m                                                 │ │
│ │        [3mallowed_tools[0m = [1m[[0m'Read', 'Glob', 'Grep', 'Bash', 'Edit', 'Write'[1m][0m │ │
│ │            [3mbase_spec[0m = [1mBaseSpec[0m[1m([0m                                         │ │
│ │                        [2m│   [0minputs=[1m([0m[1m)[0m,                                    │ │
│ │                        [2m│   [0mbase_branch='trunk',                          │ │
│ │                        [2m│   [0mbase_role=[3mNone[0m                                │ │
│ │                        [1m)[0m                                                 │ │
│ │            [3mcache_key[0m = '39afac4252584b729ff249968d18c44f-scope-559aead0… │ │
│ │       [3mfeature_branch[0m = 'kodezart/test-branch-0a345772'                   │ │
│ │ [3mlast_iteration_event[0m = [3mNone[0m                                              │ │
│ │      [3mpermission_mode[0m = [1m<[0m[1mPermissionMode.UNATTENDED:[0m 'unattended'[1m>[0m         │ │
│ │               [3mprompt[0m = '── SKILLS AVAILABLE FOR THIS ROLE ──\nLoad each  │ │
│ │                        skill below when its subject matt'+[1m101[0m            │ │
│ │         [3mralph_branch[0m = 'kodezart/test-branch-0a345772-ralph-5183f3a1'    │ │
│ │            [3mrepo_path[0m = '/tmp/fake-cache'                                 │ │
│ │             [3mrepo_url[0m = 'file:///scope-repository.git'                    │ │
│ │      [3mrepo_visibility[0m = [1m<[0m[1mRepoVisibility.UNKNOWN:[0m 'unknown'[1m>[0m               │ │
│ │         [3mrun_identity[0m = [1mRunIdentity[0m[1m([0m                                      │ │
│ │                        [2m│   [0mkind=[1m<[0m[1mRunKind.FIRE:[0m 'fire'[1m>[0m,                  │ │
│ │                        [2m│   [0mname='A',                                     │ │
│ │                        [2m│   [0mstarted_at=[1mdatetime[0m[1m.datetime[0m[1m([0m[1m2026[0m, [1m9[0m, [1m12[0m, [1m16[0m, │ │
│ │                        [1m1[0m, [1m18[0m, [1m993216[0m, tzinfo=datetime.timezone.utc[1m)[0m      │ │
│ │                        [1m)[0m                                                 │ │
│ │                 [3mself[0m = [1m<[0m[1mkodezart.chains.fire_implementation.FireImpleme…[0m │ │
│ │                        object at [1m0x10cb39f70[0m[1m>[0m                            │ │
│ │         [3mtracker_spec[0m = [1mTrackerSpec[0m[1m([0m                                      │ │
│ │                        [2m│   [0msubject='A',                                  │ │
│ │                        [2m│   [0mbody='Exact native subject A  with spaces\n', │ │
│ │                        [2m│   [0mcriteria=[1m([0m'A/check',[1m)[0m,                        │ │
│ │                        [2m│   [0mread_at_version='2026-01-01T00:00:00+00:00'   │ │
│ │                        [1m)[0m                                                 │ │
│ │        [3mwork_base_ref[0m = 'trunk'                                           │ │
│ ╰──────────────────────────────────────────────────────────────────────────╯ │
│                                                                              │
│ [2m/private/tmp/kodezart-v03-recovery-semantic-amendment/src/kodezart/chains/[0m[1mra[0m │
│ [1mlph_loop.py[0m:184 in run                                                       │
│                                                                              │
│   [2m181 [0m[2m│   │   [0m[2m#    generation, ralph loop has no multi-turn session continui[0m │
│   [2m182 [0m[2m│   │   [0m[2m#    across iterations (each iteration is a fresh conversation[0m │
│   [2m183 [0m[2m│   │   [0m[2m# See ralph_workflow.py TODO for the resume signal plumbing.[0m   │
│ ❱ 184 [2m│   │   [0masync for event in [1;4mself[0m[1;4m._compiled.astream([0m                     │
│   [2m185 [0m[2m│   │   │   [0m[1;4minitial_state,[0m                                             │
│   [2m186 [0m[2m│   │   │   [0m[1;4mconfig=config,[0m                                             │
│   [2m187 [0m[2m│   │   │   [0m[1;4mstream_mode=[0m[1;4m"[0m[1;4mcustom[0m[1;4m"[0m[1;4m,[0m                                      │
│                                                                              │
│ ╭───────────────────────────────── locals ─────────────────────────────────╮ │
│ │ [3macceptance_criteria[0m = [1m[[0m                                                  │ │
│ │                       [2m│   [0m[1mTrackerCriterion[0m[1m([0m                              │ │
│ │                       [2m│   │   [0mid='A/check',                              │ │
│ │                       [2m│   │   [0mtext='A live Check  bytes'                 │ │
│ │                       [2m│   [0m[1m)[0m                                              │ │
│ │                       [1m][0m                                                  │ │
│ │       [3mallowed_tools[0m = [1m[[0m'Read', 'Glob', 'Grep', 'Bash', 'Edit', 'Write'[1m][0m  │ │
│ │           [3mbase_spec[0m = [1mBaseSpec[0m[1m([0m                                          │ │
│ │                       [2m│   [0minputs=[1m([0m[1m)[0m,                                     │ │
│ │                       [2m│   [0mbase_branch='trunk',                           │ │
│ │                       [2m│   [0mbase_role=[3mNone[0m                                 │ │
│ │                       [1m)[0m                                                  │ │
│ │           [3mcache_key[0m = '39afac4252584b729ff249968d18c44f-scope-559aead08… │ │
│ │              [3mconfig[0m = [1m{[0m                                                  │ │
│ │                       [2m│   [0m'configurable': [1m{[0m                              │ │
│ │                       [2m│   │   [0m'prompt': '── SKILLS AVAILABLE FOR THIS    │ │
│ │                       ROLE ──\nLoad each skill below when its subject    │ │
│ │                       matt'+[1m101[0m,                                         │ │
│ │                       [2m│   │   [0m'repo_path': '/tmp/fake-cache',            │ │
│ │                       [2m│   │   [0m'repo_url':                                │ │
│ │                       'file:///scope-repository.git',                    │ │
│ │                       [2m│   │   [0m'cache_key':                               │ │
│ │                       '39afac4252584b729ff249968d18c44f-scope-559aead08… │ │
│ │                       [2m│   │   [0m'run_identity': [1m{[0m                          │ │
│ │                       [2m│   │   │   [0m'kind': [1m<[0m[1mRunKind.FIRE:[0m 'fire'>,        │ │
│ │                       [2m│   │   │   [0m'name': 'A',                           │ │
│ │                       [2m│   │   │   [0m'started_at': [1mdatetime.datetime[0m[1m([0m[1m2026[0m,  │ │
│ │                       [1m9[0m, [1m12[0m, [1m16[0m, [1m1[0m, [1m18[0m, [1m993216[0m,                          │ │
│ │                       tzinfo=datetime.timezone.utc[1m)[0m                      │ │
│ │                       [2m│   │   [0m[1m}[0m,                                         │ │
│ │                       [2m│   │   [0m'workspace_path': [3mNone[0m,                    │ │
│ │                       [2m│   │   [0m'base_spec': [1m{[0m                             │ │
│ │                       [2m│   │   │   [0m'inputs': [1m([0m[1m)[0m,                          │ │
│ │                       [2m│   │   │   [0m'base_branch': 'trunk',                │ │
│ │                       [2m│   │   │   [0m'base_role': [3mNone[0m                      │ │
│ │                       [2m│   │   [0m[1m}[0m,                                         │ │
│ │                       [2m│   │   [0m'permission_mode':                         │ │
│ │                       <PermissionMode.UNATTENDED: 'unattended'[1m>[0m,         │ │
│ │                       [2m│   │   [0m'allowed_tools': [1m[[0m                         │ │
│ │                       [2m│   │   │   [0m'Read',                                │ │
│ │                       [2m│   │   │   [0m'Glob',                                │ │
│ │                       [2m│   │   │   [0m'Grep',                                │ │
│ │                       [2m│   │   │   [0m'Bash',                                │ │
│ │                       [2m│   │   │   [0m'Edit',                                │ │
│ │                       [2m│   │   │   [0m'Write'                                │ │
│ │                       [2m│   │   [0m[1m][0m,                                         │ │
│ │                       [2m│   │   [0m'feature_branch':                          │ │
│ │                       'kodezart/test-branch-0a345772',                   │ │
│ │                       [2m│   │   [0m... +[1m6[0m                                     │ │
│ │                       [2m│   [0m[1m}[0m                                              │ │
│ │                       [1m}[0m                                                  │ │
│ │        [3mconfigurable[0m = [1m{[0m                                                  │ │
│ │                       [2m│   [0m'prompt': '── SKILLS AVAILABLE FOR THIS ROLE   │ │
│ │                       ──\nLoad each skill below when its subject         │ │
│ │                       matt'+[1m101[0m,                                         │ │
│ │                       [2m│   [0m'repo_path': '/tmp/fake-cache',                │ │
│ │                       [2m│   [0m'repo_url': 'file:///scope-repository.git',    │ │
│ │                       [2m│   [0m'cache_key':                                   │ │
│ │                       '39afac4252584b729ff249968d18c44f-scope-559aead08… │ │
│ │                       [2m│   [0m'run_identity': [1m{[0m                              │ │
│ │                       [2m│   │   [0m'kind': [1m<[0m[1mRunKind.FIRE:[0m 'fire'>,            │ │
│ │                       [2m│   │   [0m'name': 'A',                               │ │
│ │                       [2m│   │   [0m'started_at': [1mdatetime.datetime[0m[1m([0m[1m2026[0m, [1m9[0m,   │ │
│ │                       [1m12[0m, [1m16[0m, [1m1[0m, [1m18[0m, [1m993216[0m,                             │ │
│ │                       tzinfo=datetime.timezone.utc[1m)[0m                      │ │
│ │                       [2m│   [0m[1m}[0m,                                             │ │
│ │                       [2m│   [0m'workspace_path': [3mNone[0m,                        │ │
│ │                       [2m│   [0m'base_spec': [1m{[0m                                 │ │
│ │                       [2m│   │   [0m'inputs': [1m([0m[1m)[0m,                              │ │
│ │                       [2m│   │   [0m'base_branch': 'trunk',                    │ │
│ │                       [2m│   │   [0m'base_role': [3mNone[0m                          │ │
│ │                       [2m│   [0m[1m}[0m,                                             │ │
│ │                       [2m│   [0m'permission_mode': <PermissionMode.UNATTENDED: │ │
│ │                       'unattended'[1m>[0m,                                     │ │
│ │                       [2m│   [0m'allowed_tools': [1m[[0m                             │ │
│ │                       [2m│   │   [0m'Read',                                    │ │
│ │                       [2m│   │   [0m'Glob',                                    │ │
│ │                       [2m│   │   [0m'Grep',                                    │ │
│ │                       [2m│   │   [0m'Bash',                                    │ │
│ │                       [2m│   │   [0m'Edit',                                    │ │
│ │                       [2m│   │   [0m'Write'                                    │ │
│ │                       [2m│   [0m[1m][0m,                                             │ │
│ │                       [2m│   [0m'feature_branch':                              │ │
│ │                       'kodezart/test-branch-0a345772',                   │ │
│ │                       [2m│   [0m... +[1m6[0m                                         │ │
│ │                       [1m}[0m                                                  │ │
│ │                 [3mctx[0m = [1mRalphLoopContext[0m[1m([0m                                  │ │
│ │                       [2m│   [0mprompt='── SKILLS AVAILABLE FOR THIS ROLE      │ │
│ │                       ──\nLoad each skill below when its subject         │ │
│ │                       matt'+[1m101[0m,                                         │ │
│ │                       [2m│   [0mrepo_path='/tmp/fake-cache',                   │ │
│ │                       [2m│   [0mrepo_url='file:///scope-repository.git',       │ │
│ │                       [2m│   [0m                                               │ │
│ │                       cache_key='39afac4252584b729ff249968d18c44f-scope… │ │
│ │                       [2m│   [0mrun_identity=[1mRunIdentity[0m[1m([0m                      │ │
│ │                       [2m│   │   [0mkind=[1m<[0m[1mRunKind.FIRE:[0m 'fire'>,               │ │
│ │                       [2m│   │   [0mname='A',                                  │ │
│ │                       [2m│   │   [0mstarted_at=[1mdatetime[0m[1m.datetime[0m[1m([0m[1m2026[0m, [1m9[0m, [1m12[0m,  │ │
│ │                       [1m16[0m, [1m1[0m, [1m18[0m, [1m993216[0m, tzinfo=datetime.timezone.utc[1m)[0m   │ │
│ │                       [2m│   [0m[1m)[0m,                                             │ │
│ │                       [2m│   [0mworkspace_path=[3mNone[0m,                           │ │
│ │                       [2m│   [0mbase_spec=[1mBaseSpec[0m[1m([0m                            │ │
│ │                       [2m│   │   [0minputs=[1m([0m[1m)[0m,                                 │ │
│ │                       [2m│   │   [0mbase_branch='trunk',                       │ │
│ │                       [2m│   │   [0mbase_role=[3mNone[0m                             │ │
│ │                       [2m│   [0m[1m)[0m,                                             │ │
│ │                       [2m│   [0mpermission_mode=<PermissionMode.UNATTENDED:    │ │
│ │                       'unattended'>,                                     │ │
│ │                       [2m│   [0mallowed_tools=[1m[[0m                                │ │
│ │                       [2m│   │   [0m'Read',                                    │ │
│ │                       [2m│   │   [0m'Glob',                                    │ │
│ │                       [2m│   │   [0m'Grep',                                    │ │
│ │                       [2m│   │   [0m'Bash',                                    │ │
│ │                       [2m│   │   [0m'Edit',                                    │ │
│ │                       [2m│   │   [0m'Write'                                    │ │
│ │                       [2m│   [0m[1m][0m,                                             │ │
│ │                       [2m│   [0m                                               │ │
│ │                       feature_branch='kodezart/test-branch-0a345772',    │ │
│ │                       [2m│   [0m                                               │ │
│ │                       ralph_branch='kodezart/test-branch-0a345772-ralph… │ │
│ │                       [2m│   [0mwork_base_ref='trunk',                         │ │
│ │                       [2m│   [0macceptance_criteria=[1m[[0m                          │ │
│ │                       [2m│   │   [0m[1mTrackerCriterion[0m[1m([0m                          │ │
│ │                       [2m│   │   │   [0mid='A/check',                          │ │
│ │                       [2m│   │   │   [0mtext='A live Check  bytes'             │ │
│ │                       [2m│   │   [0m[1m)[0m                                          │ │
│ │                       [2m│   [0m[1m][0m,                                             │ │
│ │                       [2m│   [0mtracker_spec=[1mTrackerSpec[0m[1m([0m                      │ │
│ │                       [2m│   │   [0msubject='A',                               │ │
│ │                       [2m│   │   [0mbody='Exact native subject A  with         │ │
│ │                       spaces\n',                                         │ │
│ │                       [2m│   │   [0mcriteria=[1m([0m'A/check',[1m)[0m,                     │ │
│ │                       [2m│   │   [0m                                           │ │
│ │                       read_at_version='2026-01-01T00:00:00+00:00'        │ │
│ │                       [2m│   [0m[1m)[0m,                                             │ │
│ │                       [2m│   [0mrepo_visibility=<RepoVisibility.UNKNOWN:       │ │
│ │                       'unknown'[1m>[0m                                         │ │
│ │                       [1m)[0m                                                  │ │
│ │      [3mfeature_branch[0m = 'kodezart/test-branch-0a345772'                    │ │
│ │       [3minitial_state[0m = [1m{[0m                                                  │ │
│ │                       [2m│   [0m'iteration': [1m0[0m,                                │ │
│ │                       [2m│   [0m'verdict': [1m<[0m[1mAcceptVerdict.rejected:[0m            │ │
│ │                       'rejected'[1m>[0m,                                       │ │
│ │                       [2m│   [0m'pending_failures': [1m[[0m[1m][0m,                        │ │
│ │                       [2m│   [0m'iteration_records': [1m[[0m[1m][0m                        │ │
│ │                       [1m}[0m                                                  │ │
│ │     [3mpermission_mode[0m = [1m<[0m[1mPermissionMode.UNATTENDED:[0m 'unattended'[1m>[0m          │ │
│ │              [3mprompt[0m = '── SKILLS AVAILABLE FOR THIS ROLE ──\nLoad each   │ │
│ │                       skill below when its subject matt'+[1m101[0m             │ │
│ │        [3mralph_branch[0m = 'kodezart/test-branch-0a345772-ralph-5183f3a1'     │ │
│ │           [3mrepo_path[0m = '/tmp/fake-cache'                                  │ │
│ │            [3mrepo_url[0m = 'file:///scope-repository.git'                     │ │
│ │     [3mrepo_visibility[0m = [1m<[0m[1mRepoVisibility.UNKNOWN:[0m 'unknown'[1m>[0m                │ │
│ │        [3mrun_identity[0m = [1mRunIdentity[0m[1m([0m                                       │ │
│ │                       [2m│   [0mkind=[1m<[0m[1mRunKind.FIRE:[0m 'fire'[1m>[0m,                   │ │
│ │                       [2m│   [0mname='A',                                      │ │
│ │                       [2m│   [0mstarted_at=[1mdatetime[0m[1m.datetime[0m[1m([0m[1m2026[0m, [1m9[0m, [1m12[0m, [1m16[0m,  │ │
│ │                       [1m1[0m, [1m18[0m, [1m993216[0m, tzinfo=datetime.timezone.utc[1m)[0m       │ │
│ │                       [1m)[0m                                                  │ │
│ │                [3mself[0m = [1m<[0m[1mkodezart.chains.ralph_loop.RalphLoop[0m object at    │ │
│ │                       [1m0x10cae9d90[0m[1m>[0m                                       │ │
│ │        [3mtracker_spec[0m = [1mTrackerSpec[0m[1m([0m                                       │ │
│ │                       [2m│   [0msubject='A',                                   │ │
│ │                       [2m│   [0mbody='Exact native subject A  with spaces\n',  │ │
│ │                       [2m│   [0mcriteria=[1m([0m'A/check',[1m)[0m,                         │ │
│ │                       [2m│   [0mread_at_version='2026-01-01T00:00:00+00:00'    │ │
│ │                       [1m)[0m                                                  │ │
│ │       [3mwork_base_ref[0m = 'trunk'                                            │ │
│ ╰──────────────────────────────────────────────────────────────────────────╯ │
│                                                                              │
│ [2m/private/tmp/kodezart-v03-recovery-semantic-amendment/.venv/lib/python3.12/s[0m │
│ [2mite-packages/langgraph/pregel/[0m[1mmain.py[0m:2997 in astream                        │
│                                                                              │
│   [2m2994 [0m[2m│   │   │   │   │   [0mwhile loop.tick():                                │
│   [2m2995 [0m[2m│   │   │   │   │   │   [0mfor task in await loop.amatch_cached_writes() │
│   [2m2996 [0m[2m│   │   │   │   │   │   │   [0mloop.output_writes(task.id, task.writes,  │
│ ❱ 2997 [2m│   │   │   │   │   │   [0masync for _ in runner.atick(                  │
│   [2m2998 [0m[2m│   │   │   │   │   │   │   [0m[t for t in loop.tasks.values() if not t. │
│   [2m2999 [0m[2m│   │   │   │   │   │   │   [0mtimeout=self.step_timeout,                │
│   [2m3000 [0m[2m│   │   │   │   │   │   │   [0mget_waiter=get_waiter,                    │
│                                                                              │
│ ╭───────────────────────────────── locals ─────────────────────────────────╮ │
│ │                 [3m_[0m = [3mNone[0m                                                 │ │
│ │           [3maioloop[0m = [1m<[0m[1m_UnixSelectorEventLoop[0m running=[3mTrue[0m closed=[3mFalse[0m    │ │
│ │                     debug=[3mFalse[0m[1m>[0m                                         │ │
│ │             [3mcache[0m = [3mNone[0m                                                 │ │
│ │  [3mcallback_manager[0m = [1m<[0m[1mlangchain_core.callbacks.manager.AsyncCallbackMana…[0m │ │
│ │                     object at [1m0x10cac22d0[0m[1m>[0m                               │ │
│ │ [3mcheckpoint_during[0m = [3mNone[0m                                                 │ │
│ │      [3mcheckpointer[0m = [1m<[0m[1mlanggraph.checkpoint.memory.InMemorySaver[0m object at │ │
│ │                     [1m0x10ca98920[0m[1m>[0m                                         │ │
│ │            [3mconfig[0m = [1m{[0m                                                    │ │
│ │                     [2m│   [0m'tags': [1m[[0m[1m][0m,                                      │ │
│ │                     [2m│   [0m'metadata': [1m{[0m                                    │ │
│ │                     [2m│   │   [0m'scope_lane_request':                        │ │
│ │                     '{"base":"{\\"inputs\\":[],\\"base_branch\\":\\"tru… │ │
│ │                     [2m│   │   [0m'scope_lane_run_identity':                   │ │
│ │                     '{"kind":"fire","name":"A","started_at":"2026-09-12… │ │
│ │                     [2m│   │   [0m'prompt': 'Exact native subject A  with      │ │
│ │                     spaces\n',                                           │ │
│ │                     [2m│   │   [0m'repo_path': '/tmp/fake-cache',              │ │
│ │                     [2m│   │   [0m'repo_url': 'file:///scope-repository.git',  │ │
│ │                     [2m│   │   [0m'permission_mode':                           │ │
│ │                     [1m<[0m[1mPermissionMode.UNATTENDED:[0m 'unattended'>,           │ │
│ │                     [2m│   │   [0m'thread_id':                                 │ │
│ │                     '39afac4252584b729ff249968d18c44f-scope-559aead0826… │ │
│ │                     [2m│   │   [0m'langgraph_step': [1m4[0m,                         │ │
│ │                     [2m│   │   [0m'langgraph_node': 'run_ralph_loop',          │ │
│ │                     [2m│   │   [0m'langgraph_triggers': [1m([0m                      │ │
│ │                     [2m│   │   │   [0m'branch:to:run_ralph_loop',              │ │
│ │                     [2m│   │   [0m[1m)[0m,                                           │ │
│ │                     [2m│   │   [0m... +[1m7[0m                                       │ │
│ │                     [2m│   [0m[1m}[0m,                                               │ │
│ │                     [2m│   [0m'callbacks':                                     │ │
│ │                     <langchain_core.callbacks.manager.AsyncCallbackMana… │ │
│ │                     object at [1m0x10cac2960[0m>,                              │ │
│ │                     [2m│   [0m'recursion_limit': [1m10000[0m,                        │ │
│ │                     [2m│   [0m'configurable': [1m{[0m                                │ │
│ │                     [2m│   │   [0m'prompt': '── SKILLS AVAILABLE FOR THIS ROLE │ │
│ │                     ──\nLoad each skill below when its subject           │ │
│ │                     matt'+[1m101[0m,                                           │ │
│ │                     [2m│   │   [0m'repo_path': '/tmp/fake-cache',              │ │
│ │                     [2m│   │   [0m'repo_url': 'file:///scope-repository.git',  │ │
│ │                     [2m│   │   [0m'cache_key':                                 │ │
│ │                     '39afac4252584b729ff249968d18c44f-scope-559aead0826… │ │
│ │                     [2m│   │   [0m'run_identity': [1m{[0m                            │ │
│ │                     [2m│   │   │   [0m'kind': <RunKind.FIRE: 'fire'>,          │ │
│ │                     [2m│   │   │   [0m'name': 'A',                             │ │
│ │                     [2m│   │   │   [0m'started_at': [1mdatetime.datetime[0m[1m([0m[1m2026[0m, [1m9[0m, │ │
│ │                     [1m12[0m, [1m16[0m, [1m1[0m, [1m18[0m, [1m993216[0m, tzinfo=datetime.timezone.utc[1m)[0m │ │
│ │                     [2m│   │   [0m[1m}[0m,                                           │ │
│ │                     [2m│   │   [0m'workspace_path': [3mNone[0m,                      │ │
│ │                     [2m│   │   [0m'base_spec': [1m{[0m                               │ │
│ │                     [2m│   │   │   [0m'inputs': [1m([0m[1m)[0m,                            │ │
│ │                     [2m│   │   │   [0m'base_branch': 'trunk',                  │ │
│ │                     [2m│   │   │   [0m'base_role': [3mNone[0m                        │ │
│ │                     [2m│   │   [0m[1m}[0m,                                           │ │
│ │                     [2m│   │   [0m'permission_mode':                           │ │
│ │                     <PermissionMode.UNATTENDED: 'unattended'[1m>[0m,           │ │
│ │                     [2m│   │   [0m'allowed_tools': [1m[[0m                           │ │
│ │                     [2m│   │   │   [0m'Read',                                  │ │
│ │                     [2m│   │   │   [0m'Glob',                                  │ │
│ │                     [2m│   │   │   [0m'Grep',                                  │ │
│ │                     [2m│   │   │   [0m'Bash',                                  │ │
│ │                     [2m│   │   │   [0m'Edit',                                  │ │
│ │                     [2m│   │   │   [0m'Write'                                  │ │
│ │                     [2m│   │   [0m[1m][0m,                                           │ │
│ │                     [2m│   │   [0m'feature_branch':                            │ │
│ │                     'kodezart/test-branch-0a345772',                     │ │
│ │                     [2m│   │   [0m... +[1m7[0m                                       │ │
│ │                     [2m│   [0m[1m}[0m                                                │ │
│ │                     [1m}[0m                                                    │ │
│ │           [3mcontext[0m = [3mNone[0m                                                 │ │
│ │             [3mdebug[0m = [3mNone[0m                                                 │ │
│ │         [3mdo_stream[0m = [3mFalse[0m                                                │ │
│ │        [3mdurability[0m = [3mNone[0m                                                 │ │
│ │       [3mdurability_[0m = 'async'                                              │ │
│ │             [3minput[0m = [1m{[0m                                                    │ │
│ │                     [2m│   [0m'iteration': [1m0[0m,                                  │ │
│ │                     [2m│   [0m'verdict': [1m<[0m[1mAcceptVerdict.rejected:[0m 'rejected'[1m>[0m, │ │
│ │                     [2m│   [0m'pending_failures': [1m[[0m[1m][0m,                          │ │
│ │                     [2m│   [0m'iteration_records': [1m[[0m[1m][0m                          │ │
│ │                     [1m}[0m                                                    │ │
│ │   [3minterrupt_after[0m = [3mNone[0m                                                 │ │
│ │  [3minterrupt_after_[0m = [1m[[0m[1m][0m                                                   │ │
│ │  [3minterrupt_before[0m = [3mNone[0m                                                 │ │
│ │ [3minterrupt_before_[0m = [1m[[0m[1m][0m                                                   │ │
│ │            [3mkwargs[0m = [1m{[0m[1m}[0m                                                   │ │
│ │              [3mloop[0m = [1m<[0m[1mlanggraph.pregel._loop.AsyncPregelLoop[0m object at    │ │
│ │                     [1m0x10cac2480[0m[1m>[0m                                         │ │
│ │       [3moutput_keys[0m = [1m[[0m                                                    │ │
│ │                     [2m│   [0m'iteration',                                     │ │
│ │                     [2m│   [0m'verdict',                                       │ │
│ │                     [2m│   [0m'pending_failures',                              │ │
│ │                     [2m│   [0m'iteration_records',                             │ │
│ │                     [2m│   [0m'iteration_commit_sha',                          │ │
│ │                     [2m│   [0m'amendment_reports',                             │ │
│ │                     [2m│   [0m'amendment_blocked'                              │ │
│ │                     [1m][0m                                                    │ │
│ │    [3mparent_runtime[0m = [1mRuntime[0m[1m([0m                                             │ │
│ │                     [2m│   [0mcontext=[3mNone[0m,                                    │ │
│ │                     [2m│   [0mstore=[3mNone[0m,                                      │ │
│ │                     [2m│   [0mstream_writer=[1m<[0m[1mfunction[0m _no_op_stream_writer at  │ │
│ │                     [1m0x10c5f5f80[0m[1m>[0m,                                        │ │
│ │                     [2m│   [0mprevious=[3mNone[0m                                    │ │
│ │                     [1m)[0m                                                    │ │
│ │        [3mprint_mode[0m = [1m([0m[1m)[0m                                                   │ │
│ │       [3mrun_manager[0m = [1m<[0m[1mlangchain_core.callbacks.manager.AsyncCallbackMana…[0m │ │
│ │                     object at [1m0x10cac2e70[0m[1m>[0m                               │ │
│ │            [3mrunner[0m = [1m<[0m[1mlanggraph.pregel._runner.PregelRunner[0m object at     │ │
│ │                     [1m0x10cac2d20[0m[1m>[0m                                         │ │
│ │           [3mruntime[0m = [1mRuntime[0m[1m([0m                                             │ │
│ │                     [2m│   [0mcontext=[3mNone[0m,                                    │ │
│ │                     [2m│   [0mstore=[3mNone[0m,                                      │ │
│ │                     [2m│   [0mstream_writer=[1m<[0m[1mfunction[0m                          │ │
│ │                     Pregel.astream.<locals>.stream_writer at             │ │
│ │                     [1m0x10d1baf20[0m[1m>[0m,                                        │ │
│ │                     [2m│   [0mprevious=[3mNone[0m                                    │ │
│ │                     [1m)[0m                                                    │ │
│ │              [3mself[0m = [1m<[0m[1mlanggraph.graph.state.CompiledStateGraph[0m object at  │ │
│ │                     [1m0x10caead80[0m[1m>[0m                                         │ │
│ │             [3mstore[0m = [3mNone[0m                                                 │ │
│ │            [3mstream[0m = [1m<[0m[1mAsyncQueue[0m at [1m0x10cac2870[0m maxsize=[1m0[0m[1m>[0m                │ │
│ │       [3mstream_mode[0m = 'custom'                                             │ │
│ │      [3mstream_modes[0m = [1m{[0m'custom'[1m}[0m                                           │ │
│ │        [3mstream_put[0m = [1mfunctools.partial[0m[1m([0m[1m<[0m[1mbound[0m method                      │ │
│ │                     BaseEventLoop.call_soon_threadsafe of                │ │
│ │                     <_UnixSelectorEventLoop running=[3mTrue[0m closed=[3mFalse[0m    │ │
│ │                     debug=[3mFalse[0m>>, <bound method Queue.put_nowait of     │ │
│ │                     <AsyncQueue at [1m0x10cac2870[0m maxsize=[1m0[0m>[1m>[0m[1m)[0m              │ │
│ │         [3msubgraphs[0m = [3mFalse[0m                                                │ │
│ │            [3mwaiter[0m = [3mNone[0m                                                 │ │
│ ╰──────────────────────────────────────────────────────────────────────────╯ │
│                                                                              │
│ [2m/private/tmp/kodezart-v03-recovery-semantic-amendment/.venv/lib/python3.12/s[0m │
│ [2mite-packages/langgraph/pregel/[0m[1m_runner.py[0m:410 in atick                        │
│                                                                              │
│   [2m407 [0m[2m│   │   │   [0mfut.cancel()                                               │
│   [2m408 [0m[2m│   │   [0m[2m# panic on failure or timeout[0m                                  │
│   [2m409 [0m[2m│   │   [0mtry:                                                           │
│ ❱ 410 [2m│   │   │   [0m_panic_or_proceed(                                         │
│   [2m411 [0m[2m│   │   │   │   [0mfutures.done.union(f for f, t in futures.items() if t  │
│   [2m412 [0m[2m│   │   │   │   [0mtimeout_exc_cls=asyncio.TimeoutError,                  │
│   [2m413 [0m[2m│   │   │   │   [0mpanic=reraise,                                         │
│                                                                              │
│ ╭───────────────────────────────── locals ─────────────────────────────────╮ │
│ │          [3mdone[0m = [1m{[0m                                                        │ │
│ │                 [2m│   [0m[1m<[0m[1mTask[0m finished name='execute'                        │ │
│ │                 coro=<[1marun_with_retry[0m[1m([0m[1m)[0m done, defined at                 │ │
│ │                 /private/tmp/kodezart-v03-recovery-semantic-amendment/.… │ │
│ │                 exception=[1mNativeWriteRefusalError[0m[1m([0m'Native execution      │ │
│ │                 requires the precommit amendment owner'[1m)[0m[1m>[0m                │ │
│ │                 [1m}[0m                                                        │ │
│ │      [3mend_time[0m = [3mNone[0m                                                     │ │
│ │           [3mfut[0m = [1m<[0m[1mTask[0m cancelled name='Task-40' coro=<[1mAsyncQueue.wait[0m[1m([0m[1m)[0m   │ │
│ │                 done, defined at                                         │ │
│ │                 /private/tmp/kodezart-v03-recovery-semantic-amendment/.… │ │
│ │       [3mfutures[0m = [1m{[0m                                                        │ │
│ │                 [2m│   [0m[1m<[0m[1mTask[0m cancelled name='Task-40'                       │ │
│ │                 coro=<[1mAsyncQueue.wait[0m[1m([0m[1m)[0m done, defined at                 │ │
│ │                 /private/tmp/kodezart-v03-recovery-semantic-amendment/.… │ │
│ │                 [3mNone[0m                                                     │ │
│ │                 [1m}[0m                                                        │ │
│ │      [3minflight[0m = [1m{[0m                                                        │ │
│ │                 [2m│   [0m[1m<[0m[1mTask[0m cancelled name='Task-40'                       │ │
│ │                 coro=<[1mAsyncQueue.wait[0m[1m([0m[1m)[0m done, defined at                 │ │
│ │                 /private/tmp/kodezart-v03-recovery-semantic-amendment/.… │ │
│ │                 [1m}[0m                                                        │ │
│ │          [3mloop[0m = [1m<[0m[1m_UnixSelectorEventLoop[0m running=[3mTrue[0m closed=[3mFalse[0m        │ │
│ │                 debug=[3mFalse[0m[1m>[0m                                             │ │
│ │       [3mreraise[0m = [3mTrue[0m                                                     │ │
│ │  [3mretry_policy[0m = [3mNone[0m                                                     │ │
│ │ [3mschedule_task[0m = [1m<[0m[1mbound[0m method AsyncPregelLoop.aaccept_push of            │ │
│ │                 <langgraph.pregel._loop.AsyncPregelLoop object at        │ │
│ │                 [1m0x10cac2480[0m>[1m>[0m                                            │ │
│ │          [3mself[0m = [1m<[0m[1mlanggraph.pregel._runner.PregelRunner[0m object at         │ │
│ │                 [1m0x10cac2d20[0m[1m>[0m                                             │ │
│ │             [3mt[0m = [1mPregelExecutableTask[0m[1m([0m                                    │ │
│ │                 [2m│   [0mname='execute',                                      │ │
│ │                 [2m│   [0minput=[1m{[0m                                              │ │
│ │                 [2m│   │   [0m'iteration': [1m0[0m,                                  │ │
│ │                 [2m│   │   [0m'verdict': [1m<[0m[1mAcceptVerdict.rejected:[0m 'rejected'>, │ │
│ │                 [2m│   │   [0m'pending_failures': [1m[[0m[1m][0m,                          │ │
│ │                 [2m│   │   [0m'iteration_records': [1m[[0m[1m][0m                          │ │
│ │                 [2m│   [0m[1m}[0m,                                                   │ │
│ │                 [2m│   [0mproc=<langgraph._internal._runnable.RunnableSeq      │ │
│ │                 object at [1m0x10ca991c0[0m>,                                  │ │
│ │                 [2m│   [0mwrites=[1mdeque[0m[1m([0m[1m[[0m                                       │ │
│ │                 [2m│   │   [0m[1m([0m                                                │ │
│ │                 [2m│   │   │   [0m'__error__',                                 │ │
│ │                 [2m│   │   │   [0m[1mNativeWriteRefusalError[0m[1m([0m'Native execution    │ │
│ │                 requires the precommit amendment owner'[1m)[0m                 │ │
│ │                 [2m│   │   [0m[1m)[0m                                                │ │
│ │                 [2m│   [0m[1m][0m[1m)[0m,                                                  │ │
│ │                 [2m│   [0mconfig=[1m{[0m                                             │ │
│ │                 [2m│   │   [0m'metadata': [1m{[0m                                    │ │
│ │                 [2m│   │   │   [0m'scope_lane_request':                        │ │
│ │                 '{"base":"{\\"inputs\\":[],\\"base_branch\\":\\"trunk\\… │ │
│ │                 [2m│   │   │   [0m'scope_lane_run_identity':                   │ │
│ │                 '{"kind":"fire","name":"A","started_at":"2026-09-12T16:… │ │
│ │                 [2m│   │   │   [0m'prompt': 'Exact native subject A  with      │ │
│ │                 spaces\n',                                               │ │
│ │                 [2m│   │   │   [0m'repo_path': '/tmp/fake-cache',              │ │
│ │                 [2m│   │   │   [0m'repo_url': 'file:///scope-repository.git',  │ │
│ │                 [2m│   │   │   [0m'permission_mode':                           │ │
│ │                 <PermissionMode.UNATTENDED: 'unattended'>,               │ │
│ │                 [2m│   │   │   [0m'thread_id':                                 │ │
│ │                 '39afac4252584b729ff249968d18c44f-scope-559aead08264d57… │ │
│ │                 [2m│   │   │   [0m'langgraph_step': [1m1[0m,                         │ │
│ │                 [2m│   │   │   [0m'langgraph_node': 'execute',                 │ │
│ │                 [2m│   │   │   [0m'langgraph_triggers': [1m([0m                      │ │
│ │                 [2m│   │   │   │   [0m'branch:to:execute',                     │ │
│ │                 [2m│   │   │   [0m[1m)[0m,                                           │ │
│ │                 [2m│   │   │   [0m... +[1m7[0m                                       │ │
│ │                 [2m│   │   [0m[1m}[0m,                                               │ │
│ │                 [2m│   │   [0m'callbacks':                                     │ │
│ │                 <langchain_core.callbacks.manager.AsyncCallbackManager   │ │
│ │                 object at [1m0x10ca982c0[0m>,                                  │ │
│ │                 [2m│   │   [0m'configurable': [1m{[0m                                │ │
│ │                 [2m│   │   │   [0m'prompt': '── SKILLS AVAILABLE FOR THIS ROLE │ │
│ │                 ──\nLoad each skill below when its subject matt'+[1m101[0m,    │ │
│ │                 [2m│   │   │   [0m'repo_path': '/tmp/fake-cache',              │ │
│ │                 [2m│   │   │   [0m'repo_url': 'file:///scope-repository.git',  │ │
│ │                 [2m│   │   │   [0m'cache_key':                                 │ │
│ │                 '39afac4252584b729ff249968d18c44f-scope-559aead08264d57… │ │
│ │                 [2m│   │   │   [0m'run_identity': [1m{[0m                            │ │
│ │                 [2m│   │   │   │   [0m'kind': <RunKind.FIRE: 'fire'>,          │ │
│ │                 [2m│   │   │   │   [0m'name': 'A',                             │ │
│ │                 [2m│   │   │   │   [0m'started_at': [1mdatetime.datetime[0m[1m([0m[1m2026[0m, [1m9[0m, │ │
│ │                 [1m12[0m, [1m16[0m, [1m1[0m, [1m18[0m, [1m993216[0m, tzinfo=datetime.timezone.utc[1m)[0m     │ │
│ │                 [2m│   │   │   [0m[1m}[0m,                                           │ │
│ │                 [2m│   │   │   [0m'workspace_path': [3mNone[0m,                      │ │
│ │                 [2m│   │   │   [0m'base_spec': [1m{[0m                               │ │
│ │                 [2m│   │   │   │   [0m'inputs': [1m([0m[1m)[0m,                            │ │
│ │                 [2m│   │   │   │   [0m'base_branch': 'trunk',                  │ │
│ │                 [2m│   │   │   │   [0m'base_role': [3mNone[0m                        │ │
│ │                 [2m│   │   │   [0m[1m}[0m,                                           │ │
│ │                 [2m│   │   │   [0m'permission_mode':                           │ │
│ │                 <PermissionMode.UNATTENDED: 'unattended'>,               │ │
│ │                 [2m│   │   │   [0m'allowed_tools': [1m[[0m                           │ │
│ │                 [2m│   │   │   │   [0m'Read',                                  │ │
│ │                 [2m│   │   │   │   [0m'Glob',                                  │ │
│ │                 [2m│   │   │   │   [0m'Grep',                                  │ │
│ │                 [2m│   │   │   │   [0m'Bash',                                  │ │
│ │                 [2m│   │   │   │   [0m'Edit',                                  │ │
│ │                 [2m│   │   │   │   [0m'Write'                                  │ │
│ │                 [2m│   │   │   [0m[1m][0m,                                           │ │
│ │                 [2m│   │   │   [0m'feature_branch':                            │ │
│ │                 'kodezart/test-branch-0a345772',                         │ │
│ │                 [2m│   │   │   [0m... +[1m15[0m                                      │ │
│ │                 [2m│   │   [0m[1m}[0m,                                               │ │
│ │                 [2m│   │   [0m'run_name': 'execute'                            │ │
│ │                 [2m│   [0m[1m}[0m,                                                   │ │
│ │                 [2m│   [0mtriggers=[1m([0m'branch:to:execute',[1m)[0m,                     │ │
│ │                 [2m│   [0mretry_policy=[1m([0m                                       │ │
│ │                 [2m│   │   [0m[1mRetryPolicy[0m[1m([0m                                     │ │
│ │                 [2m│   │   │   [0minitial_interval=[1m0[0m[1m.1[0m,                        │ │
│ │                 [2m│   │   │   [0mbackoff_factor=[1m2[0m[1m.0[0m,                          │ │
│ │                 [2m│   │   │   [0mmax_interval=[1m128[0m[1m.0[0m,                          │ │
│ │                 [2m│   │   │   [0mmax_attempts=[1m1[0m,                              │ │
│ │                 [2m│   │   │   [0mjitter=[3mTrue[0m,                                 │ │
│ │                 [2m│   │   │   [0mretry_on=<function should_retry at           │ │
│ │                 [1m0x10c680d60[0m>                                             │ │
│ │                 [2m│   │   [0m[1m)[0m,                                               │ │
│ │                 [2m│   [0m[1m)[0m,                                                   │ │
│ │                 [2m│   [0mcache_key=[3mNone[0m,                                      │ │
│ │                 [2m│   [0mid='2932a2cb-efb5-bfba-75f6-917731bb21fb',           │ │
│ │                 [2m│   [0mpath=[1m([0m'__pregel_pull', 'execute'[1m)[0m,                   │ │
│ │                 [2m│   [0mwriters=[1m[[0m                                            │ │
│ │                 [2m│   │   [0m                                                 │ │
│ │                 ChannelWrite<...,...,branch:to:evaluate>[1m([0mtags=[3mNone[0m,      │ │
│ │                 recurse=[3mTrue[0m, explode_args=[3mFalse[0m,                        │ │
│ │                 func_accepts=[1m{[0m'config': [1m([0m'N/A', <class                   │ │
│ │                 'inspect._empty'>[1m)[0m[1m}[0m,                                     │ │
│ │                 writes=[1m([0m[1mChannelWriteTupleEntry[0m[1m([0mmapper=<function          │ │
│ │                 CompiledStateGraph.attach_node.<locals>._get_updates at  │ │
│ │                 [1m0x10cac53a0[0m>, value=<object object at [1m0x10ae6a7c0[0m>,      │ │
│ │                 static=[3mNone[0m[1m)[0m, [1mChannelWriteTupleEntry[0m[1m([0mmapper=<function    │ │
│ │                 _control_branch at [1m0x10c6419e0[0m>, value=<object object at │ │
│ │                 [1m0x10ae6a7c0[0m[1m>[0m, static=[1m[[0m[1m][0m[1m)[0m,                                │ │
│ │                 [1mChannelWriteEntry[0m[1m([0mchannel='branch:to:evaluate',          │ │
│ │                 value=[3mNone[0m, skip_none=[3mFalse[0m, mapper=[3mNone[0m[1m)[0m[1m)[0m[1m)[0m              │ │
│ │                 [2m│   [0m[1m][0m,                                                   │ │
│ │                 [2m│   [0msubgraphs=[1m[[0m[1m][0m                                         │ │
│ │                 [1m)[0m                                                        │ │
│ │         [3mtasks[0m = [1m([0m                                                        │ │
│ │                 [2m│   [0m[1mPregelExecutableTask[0m[1m([0m                                │ │
│ │                 [2m│   │   [0mname='execute',                                  │ │
│ │                 [2m│   │   [0minput=[1m{[0m                                          │ │
│ │                 [2m│   │   │   [0m'iteration': [1m0[0m,                              │ │
│ │                 [2m│   │   │   [0m'verdict': [1m<[0m[1mAcceptVerdict.rejected:[0m          │ │
│ │                 'rejected'>,                                             │ │
│ │                 [2m│   │   │   [0m'pending_failures': [1m[[0m[1m][0m,                      │ │
│ │                 [2m│   │   │   [0m'iteration_records': [1m[[0m[1m][0m                      │ │
│ │                 [2m│   │   [0m[1m}[0m,                                               │ │
│ │                 [2m│   │   [0mproc=<langgraph._internal._runnable.RunnableSeq  │ │
│ │                 object at [1m0x10ca991c0[0m>,                                  │ │
│ │                 [2m│   │   [0mwrites=[1mdeque[0m[1m([0m[1m[[0m                                   │ │
│ │                 [2m│   │   │   [0m[1m([0m                                            │ │
│ │                 [2m│   │   │   │   [0m'__error__',                             │ │
│ │                 [2m│   │   │   │   [0m[1mNativeWriteRefusalError[0m[1m([0m'Native          │ │
│ │                 execution requires the precommit amendment owner'[1m)[0m       │ │
│ │                 [2m│   │   │   [0m[1m)[0m                                            │ │
│ │                 [2m│   │   [0m[1m][0m[1m)[0m,                                              │ │
│ │                 [2m│   │   [0mconfig=[1m{[0m                                         │ │
│ │                 [2m│   │   │   [0m'metadata': [1m{[0m                                │ │
│ │                 [2m│   │   │   │   [0m'scope_lane_request':                    │ │
│ │                 '{"base":"{\\"inputs\\":[],\\"base_branch\\":\\"trunk\\… │ │
│ │                 [2m│   │   │   │   [0m'scope_lane_run_identity':               │ │
│ │                 '{"kind":"fire","name":"A","started_at":"2026-09-12T16:… │ │
│ │                 [2m│   │   │   │   [0m'prompt': 'Exact native subject A  with  │ │
│ │                 spaces\n',                                               │ │
│ │                 [2m│   │   │   │   [0m'repo_path': '/tmp/fake-cache',          │ │
│ │                 [2m│   │   │   │   [0m'repo_url':                              │ │
│ │                 'file:///scope-repository.git',                          │ │
│ │                 [2m│   │   │   │   [0m'permission_mode':                       │ │
│ │                 <PermissionMode.UNATTENDED: 'unattended'>,               │ │
│ │                 [2m│   │   │   │   [0m'thread_id':                             │ │
│ │                 '39afac4252584b729ff249968d18c44f-scope-559aead08264d57… │ │
│ │                 [2m│   │   │   │   [0m'langgraph_step': [1m1[0m,                     │ │
│ │                 [2m│   │   │   │   [0m'langgraph_node': 'execute',             │ │
│ │                 [2m│   │   │   │   [0m'langgraph_triggers': [1m([0m                  │ │
│ │                 [2m│   │   │   │   │   [0m'branch:to:execute',                 │ │
│ │                 [2m│   │   │   │   [0m[1m)[0m,                                       │ │
│ │                 [2m│   │   │   │   [0m... +[1m7[0m                                   │ │
│ │                 [2m│   │   │   [0m[1m}[0m,                                           │ │
│ │                 [2m│   │   │   [0m'callbacks':                                 │ │
│ │                 <langchain_core.callbacks.manager.AsyncCallbackManager   │ │
│ │                 object at [1m0x10ca982c0[0m>,                                  │ │
│ │                 [2m│   │   │   [0m'configurable': [1m{[0m                            │ │
│ │                 [2m│   │   │   │   [0m'prompt': '── SKILLS AVAILABLE FOR THIS  │ │
│ │                 ROLE ──\nLoad each skill below when its subject          │ │
│ │                 matt'+[1m101[0m,                                               │ │
│ │                 [2m│   │   │   │   [0m'repo_path': '/tmp/fake-cache',          │ │
│ │                 [2m│   │   │   │   [0m'repo_url':                              │ │
│ │                 'file:///scope-repository.git',                          │ │
│ │                 [2m│   │   │   │   [0m'cache_key':                             │ │
│ │                 '39afac4252584b729ff249968d18c44f-scope-559aead08264d57… │ │
│ │                 [2m│   │   │   │   [0m'run_identity': [1m{[0m                        │ │
│ │                 [2m│   │   │   │   │   [0m'kind': <RunKind.FIRE: 'fire'>,      │ │
│ │                 [2m│   │   │   │   │   [0m'name': 'A',                         │ │
│ │                 [2m│   │   │   │   │   [0m'started_at':                        │ │
│ │                 [1mdatetime.datetime[0m[1m([0m[1m2026[0m, [1m9[0m, [1m12[0m, [1m16[0m, [1m1[0m, [1m18[0m, [1m993216[0m,        │ │
│ │                 tzinfo=datetime.timezone.utc[1m)[0m                            │ │
│ │                 [2m│   │   │   │   [0m[1m}[0m,                                       │ │
│ │                 [2m│   │   │   │   [0m'workspace_path': [3mNone[0m,                  │ │
│ │                 [2m│   │   │   │   [0m'base_spec': [1m{[0m                           │ │
│ │                 [2m│   │   │   │   │   [0m'inputs': [1m([0m[1m)[0m,                        │ │
│ │                 [2m│   │   │   │   │   [0m'base_branch': 'trunk',              │ │
│ │                 [2m│   │   │   │   │   [0m'base_role': [3mNone[0m                    │ │
│ │                 [2m│   │   │   │   [0m[1m}[0m,                                       │ │
│ │                 [2m│   │   │   │   [0m'permission_mode':                       │ │
│ │                 <PermissionMode.UNATTENDED: 'unattended'>,               │ │
│ │                 [2m│   │   │   │   [0m'allowed_tools': [1m[[0m                       │ │
│ │                 [2m│   │   │   │   │   [0m'Read',                              │ │
│ │                 [2m│   │   │   │   │   [0m'Glob',                              │ │
│ │                 [2m│   │   │   │   │   [0m'Grep',                              │ │
│ │                 [2m│   │   │   │   │   [0m'Bash',                              │ │
│ │                 [2m│   │   │   │   │   [0m'Edit',                              │ │
│ │                 [2m│   │   │   │   │   [0m'Write'                              │ │
│ │                 [2m│   │   │   │   [0m[1m][0m,                                       │ │
│ │                 [2m│   │   │   │   [0m'feature_branch':                        │ │
│ │                 'kodezart/test-branch-0a345772',                         │ │
│ │                 [2m│   │   │   │   [0m... +[1m15[0m                                  │ │
│ │                 [2m│   │   │   [0m[1m}[0m,                                           │ │
│ │                 [2m│   │   │   [0m'run_name': 'execute'                        │ │
│ │                 [2m│   │   [0m[1m}[0m,                                               │ │
│ │                 [2m│   │   [0mtriggers=[1m([0m'branch:to:execute',[1m)[0m,                 │ │
│ │                 [2m│   │   [0mretry_policy=[1m([0m                                   │ │
│ │                 [2m│   │   │   [0m[1mRetryPolicy[0m[1m([0m                                 │ │
│ │                 [2m│   │   │   │   [0minitial_interval=[1m0[0m[1m.1[0m,                    │ │
│ │                 [2m│   │   │   │   [0mbackoff_factor=[1m2[0m[1m.0[0m,                      │ │
│ │                 [2m│   │   │   │   [0mmax_interval=[1m128[0m[1m.0[0m,                      │ │
│ │                 [2m│   │   │   │   [0mmax_attempts=[1m1[0m,                          │ │
│ │                 [2m│   │   │   │   [0mjitter=[3mTrue[0m,                             │ │
│ │                 [2m│   │   │   │   [0mretry_on=<function should_retry at       │ │
│ │                 [1m0x10c680d60[0m>                                             │ │
│ │                 [2m│   │   │   [0m[1m)[0m,                                           │ │
│ │                 [2m│   │   [0m[1m)[0m,                                               │ │
│ │                 [2m│   │   [0mcache_key=[3mNone[0m,                                  │ │
│ │                 [2m│   │   [0mid='2932a2cb-efb5-bfba-75f6-917731bb21fb',       │ │
│ │                 [2m│   │   [0mpath=[1m([0m'__pregel_pull', 'execute'[1m)[0m,               │ │
│ │                 [2m│   │   [0mwriters=[1m[[0m                                        │ │
│ │                 [2m│   │   │   [0m                                             │ │
│ │                 ChannelWrite<...,...,branch:to:evaluate>[1m([0mtags=[3mNone[0m,      │ │
│ │                 recurse=[3mTrue[0m, explode_args=[3mFalse[0m,                        │ │
│ │                 func_accepts=[1m{[0m'config': [1m([0m'N/A', <class                   │ │
│ │                 'inspect._empty'>[1m)[0m[1m}[0m,                                     │ │
│ │                 writes=[1m([0m[1mChannelWriteTupleEntry[0m[1m([0mmapper=<function          │ │
│ │                 CompiledStateGraph.attach_node.<locals>._get_updates at  │ │
│ │                 [1m0x10cac53a0[0m>, value=<object object at [1m0x10ae6a7c0[0m>,      │ │
│ │                 static=[3mNone[0m[1m)[0m, [1mChannelWriteTupleEntry[0m[1m([0mmapper=<function    │ │
│ │                 _control_branch at [1m0x10c6419e0[0m>, value=<object object at │ │
│ │                 [1m0x10ae6a7c0[0m[1m>[0m, static=[1m[[0m[1m][0m[1m)[0m,                                │ │
│ │                 [1mChannelWriteEntry[0m[1m([0mchannel='branch:to:evaluate',          │ │
│ │                 value=[3mNone[0m, skip_none=[3mFalse[0m, mapper=[3mNone[0m[1m)[0m[1m)[0m[1m)[0m              │ │
│ │                 [2m│   │   [0m[1m][0m,                                               │ │
│ │                 [2m│   │   [0msubgraphs=[1m[[0m[1m][0m                                     │ │
│ │                 [2m│   [0m[1m)[0m,                                                   │ │
│ │                 [1m)[0m                                                        │ │
│ │            [3mtb[0m = [1m<[0m[1mtraceback[0m object at [1m0x10d18c240[0m[1m>[0m                        │ │
│ │       [3mtimeout[0m = [3mNone[0m                                                     │ │
│ ╰──────────────────────────────────────────────────────────────────────────╯ │
│                                                                              │
│ [2m/private/tmp/kodezart-v03-recovery-semantic-amendment/.venv/lib/python3.12/s[0m │
│ [2mite-packages/langgraph/pregel/[0m[1m_runner.py[0m:520 in _panic_or_proceed            │
│                                                                              │
│   [2m517 [0m[2m│   │   │   │   │   [0m[2m# collect interrupts[0m                               │
│   [2m518 [0m[2m│   │   │   │   │   [0minterrupts.append(exc)                             │
│   [2m519 [0m[2m│   │   │   │   [0melif fut not in SKIP_RERAISE_SET:                      │
│ ❱ 520 [2m│   │   │   │   │   [0m[1;4mraise[0m[1;4m exc[0m                                          │
│   [2m521 [0m[2m│   [0m[2m# raise combined interrupts[0m                                        │
│   [2m522 [0m[2m│   [0mif interrupts:                                                     │
│   [2m523 [0m[2m│   │   [0mraise GraphInterrupt(tuple(i for exc in interrupts for i in ex │
│                                                                              │
│ ╭───────────────────────────────── locals ─────────────────────────────────╮ │
│ │       [3mdone[0m = [1mset[0m[1m([0m[1m)[0m                                                       │ │
│ │        [3mexc[0m = [1mNativeWriteRefusalError[0m[1m([0m'Native execution requires the      │ │
│ │              precommit amendment owner'[1m)[0m                                 │ │
│ │        [3mfut[0m = [1m<[0m[1mTask[0m finished name='execute' coro=<[1marun_with_retry[0m[1m([0m[1m)[0m done, │ │
│ │              defined at                                                  │ │
│ │              /private/tmp/kodezart-v03-recovery-semantic-amendment/.ven… │ │
│ │              exception=[1mNativeWriteRefusalError[0m[1m([0m'Native execution         │ │
│ │              requires the precommit amendment owner'[1m)[0m[1m>[0m                   │ │
│ │       [3mfuts[0m = [1m{[0m                                                           │ │
│ │              [2m│   [0m[1m<[0m[1mTask[0m finished name='execute' coro=<[1marun_with_retry[0m[1m([0m[1m)[0m   │ │
│ │              done, defined at                                            │ │
│ │              /private/tmp/kodezart-v03-recovery-semantic-amendment/.ven… │ │
│ │              exception=[1mNativeWriteRefusalError[0m[1m([0m'Native execution         │ │
│ │              requires the precommit amendment owner'[1m)[0m[1m>[0m                   │ │
│ │              [1m}[0m                                                           │ │
│ │   [3minflight[0m = [1mset[0m[1m([0m[1m)[0m                                                       │ │
│ │ [3minterrupts[0m = [1m[[0m[1m][0m                                                          │ │
│ │      [3mpanic[0m = [3mTrue[0m                                                        │ │
│ ╰──────────────────────────────────────────────────────────────────────────╯ │
│                                                                              │
│ [2m/private/tmp/kodezart-v03-recovery-semantic-amendment/.venv/lib/python3.12/s[0m │
│ [2mite-packages/langgraph/pregel/[0m[1m_retry.py[0m:163 in arun_with_retry               │
│                                                                              │
│   [2m160 [0m[2m│   │   │   │   [0m[2m# if successful, end[0m                                   │
│   [2m161 [0m[2m│   │   │   │   [0mbreak                                                  │
│   [2m162 [0m[2m│   │   │   [0melse:                                                      │
│ ❱ 163 [2m│   │   │   │   [0mreturn await task.proc.ainvoke(task.input, config)     │
│   [2m164 [0m[2m│   │   [0mexcept ParentCommand as exc:                                   │
│   [2m165 [0m[2m│   │   │   [0mns: str = config[CONF][CONFIG_KEY_CHECKPOINT_NS]           │
│   [2m166 [0m[2m│   │   │   [0mcmd = exc.args[0]                                          │
│                                                                              │
│ ╭───────────────────────────────── locals ─────────────────────────────────╮ │
│ │            [3mattempts[0m = [1m0[0m                                                  │ │
│ │              [3mconfig[0m = [1m{[0m                                                  │ │
│ │                       [2m│   [0m'metadata': [1m{[0m                                  │ │
│ │                       [2m│   │   [0m'scope_lane_request':                      │ │
│ │                       '{"base":"{\\"inputs\\":[],\\"base_branch\\":\\"t… │ │
│ │                       [2m│   │   [0m'scope_lane_run_identity':                 │ │
│ │                       '{"kind":"fire","name":"A","started_at":"2026-09-… │ │
│ │                       [2m│   │   [0m'prompt': 'Exact native subject A  with    │ │
│ │                       spaces\n',                                         │ │
│ │                       [2m│   │   [0m'repo_path': '/tmp/fake-cache',            │ │
│ │                       [2m│   │   [0m'repo_url':                                │ │
│ │                       'file:///scope-repository.git',                    │ │
│ │                       [2m│   │   [0m'permission_mode':                         │ │
│ │                       [1m<[0m[1mPermissionMode.UNATTENDED:[0m 'unattended'>,         │ │
│ │                       [2m│   │   [0m'thread_id':                               │ │
│ │                       '39afac4252584b729ff249968d18c44f-scope-559aead08… │ │
│ │                       [2m│   │   [0m'langgraph_step': [1m1[0m,                       │ │
│ │                       [2m│   │   [0m'langgraph_node': 'execute',               │ │
│ │                       [2m│   │   [0m'langgraph_triggers': [1m([0m                    │ │
│ │                       [2m│   │   │   [0m'branch:to:execute',                   │ │
│ │                       [2m│   │   [0m[1m)[0m,                                         │ │
│ │                       [2m│   │   [0m... +[1m7[0m                                     │ │
│ │                       [2m│   [0m[1m}[0m,                                             │ │
│ │                       [2m│   [0m'callbacks':                                   │ │
│ │                       <langchain_core.callbacks.manager.AsyncCallbackMa… │ │
│ │                       object at [1m0x10ca982c0[0m>,                            │ │
│ │                       [2m│   [0m'configurable': [1m{[0m                              │ │
│ │                       [2m│   │   [0m'prompt': '── SKILLS AVAILABLE FOR THIS    │ │
│ │                       ROLE ──\nLoad each skill below when its subject    │ │
│ │                       matt'+[1m101[0m,                                         │ │
│ │                       [2m│   │   [0m'repo_path': '/tmp/fake-cache',            │ │
│ │                       [2m│   │   [0m'repo_url':                                │ │
│ │                       'file:///scope-repository.git',                    │ │
│ │                       [2m│   │   [0m'cache_key':                               │ │
│ │                       '39afac4252584b729ff249968d18c44f-scope-559aead08… │ │
│ │                       [2m│   │   [0m'run_identity': [1m{[0m                          │ │
│ │                       [2m│   │   │   [0m'kind': <RunKind.FIRE: 'fire'>,        │ │
│ │                       [2m│   │   │   [0m'name': 'A',                           │ │
│ │                       [2m│   │   │   [0m'started_at': [1mdatetime.datetime[0m[1m([0m[1m2026[0m,  │ │
│ │                       [1m9[0m, [1m12[0m, [1m16[0m, [1m1[0m, [1m18[0m, [1m993216[0m,                          │ │
│ │                       tzinfo=datetime.timezone.utc[1m)[0m                      │ │
│ │                       [2m│   │   [0m[1m}[0m,                                         │ │
│ │                       [2m│   │   [0m'workspace_path': [3mNone[0m,                    │ │
│ │                       [2m│   │   [0m'base_spec': [1m{[0m                             │ │
│ │                       [2m│   │   │   [0m'inputs': [1m([0m[1m)[0m,                          │ │
│ │                       [2m│   │   │   [0m'base_branch': 'trunk',                │ │
│ │                       [2m│   │   │   [0m'base_role': [3mNone[0m                      │ │
│ │                       [2m│   │   [0m[1m}[0m,                                         │ │
│ │                       [2m│   │   [0m'permission_mode':                         │ │
│ │                       <PermissionMode.UNATTENDED: 'unattended'[1m>[0m,         │ │
│ │                       [2m│   │   [0m'allowed_tools': [1m[[0m                         │ │
│ │                       [2m│   │   │   [0m'Read',                                │ │
│ │                       [2m│   │   │   [0m'Glob',                                │ │
│ │                       [2m│   │   │   [0m'Grep',                                │ │
│ │                       [2m│   │   │   [0m'Bash',                                │ │
│ │                       [2m│   │   │   [0m'Edit',                                │ │
│ │                       [2m│   │   │   [0m'Write'                                │ │
│ │                       [2m│   │   [0m[1m][0m,                                         │ │
│ │                       [2m│   │   [0m'feature_branch':                          │ │
│ │                       'kodezart/test-branch-0a345772',                   │ │
│ │                       [2m│   │   [0m... +[1m16[0m                                    │ │
│ │                       [2m│   [0m[1m}[0m,                                             │ │
│ │                       [2m│   [0m'run_name': 'execute'                          │ │
│ │                       [1m}[0m                                                  │ │
│ │        [3mconfigurable[0m = [1m{[0m                                                  │ │
│ │                       [2m│   [0m'__pregel_call': [1mfunctools.partial[0m[1m([0m[1m<[0m[1mfunction[0m   │ │
│ │                       _acall at [1m0x10c631620[0m>, <weakref at [1m0x10d192660[0m;   │ │
│ │                       to 'PregelExecutableTask' at [1m0x10d231520[0m>,         │ │
│ │                       retry_policy=[3mNone[0m, stream=[3mFalse[0m, futures=<weakref  │ │
│ │                       at [1m0x10d1927f0[0m; to 'FuturesDict' at [1m0x10d191f90[0m>,  │ │
│ │                       schedule_task=<bound method                        │ │
│ │                       AsyncPregelLoop.aaccept_push of                    │ │
│ │                       <langgraph.pregel._loop.AsyncPregelLoop object at  │ │
│ │                       [1m0x10cac2480[0m>>, submit=<weakref at [1m0x10cf56550[0m; to  │ │
│ │                       'AsyncBackgroundExecutor' at [1m0x10cac2d50[0m>,         │ │
│ │                       loop=<_UnixSelectorEventLoop running=[3mTrue[0m          │ │
│ │                       closed=[3mFalse[0m debug=[3mFalse[0m[1m>[0m[1m)[0m                         │ │
│ │                       [1m}[0m                                                  │ │
│ │ [3mmatch_cached_writes[0m = [3mNone[0m                                               │ │
│ │     [3mmatching_policy[0m = [3mNone[0m                                               │ │
│ │              [3mpolicy[0m = [1mRetryPolicy[0m[1m([0m                                       │ │
│ │                       [2m│   [0minitial_interval=[1m0[0m[1m.1[0m,                          │ │
│ │                       [2m│   [0mbackoff_factor=[1m2[0m[1m.0[0m,                            │ │
│ │                       [2m│   [0mmax_interval=[1m128[0m[1m.0[0m,                            │ │
│ │                       [2m│   [0mmax_attempts=[1m1[0m,                                │ │
│ │                       [2m│   [0mjitter=[3mTrue[0m,                                   │ │
│ │                       [2m│   [0mretry_on=[1m<[0m[1mfunction[0m should_retry at             │ │
│ │                       [1m0x10c680d60[0m[1m>[0m                                       │ │
│ │                       [1m)[0m                                                  │ │
│ │        [3mretry_policy[0m = [1m([0m                                                  │ │
│ │                       [2m│   [0m[1mRetryPolicy[0m[1m([0m                                   │ │
│ │                       [2m│   │   [0minitial_interval=[1m0[0m[1m.1[0m,                      │ │
│ │                       [2m│   │   [0mbackoff_factor=[1m2[0m[1m.0[0m,                        │ │
│ │                       [2m│   │   [0mmax_interval=[1m128[0m[1m.0[0m,                        │ │
│ │                       [2m│   │   [0mmax_attempts=[1m1[0m,                            │ │
│ │                       [2m│   │   [0mjitter=[3mTrue[0m,                               │ │
│ │                       [2m│   │   [0mretry_on=[1m<[0m[1mfunction[0m should_retry at         │ │
│ │                       [1m0x10c680d60[0m[1m>[0m                                       │ │
│ │                       [2m│   [0m[1m)[0m,                                             │ │
│ │                       [1m)[0m                                                  │ │
│ │              [3mstream[0m = [3mFalse[0m                                              │ │
│ │                [3mtask[0m = [1mPregelExecutableTask[0m[1m([0m                              │ │
│ │                       [2m│   [0mname='execute',                                │ │
│ │                       [2m│   [0minput=[1m{[0m                                        │ │
│ │                       [2m│   │   [0m'iteration': [1m0[0m,                            │ │
│ │                       [2m│   │   [0m'verdict': [1m<[0m[1mAcceptVerdict.rejected:[0m        │ │
│ │                       'rejected'>,                                       │ │
│ │                       [2m│   │   [0m'pending_failures': [1m[[0m[1m][0m,                    │ │
│ │                       [2m│   │   [0m'iteration_records': [1m[[0m[1m][0m                    │ │
│ │                       [2m│   [0m[1m}[0m,                                             │ │
│ │                       [2m│   [0m                                               │ │
│ │                       proc=<langgraph._internal._runnable.RunnableSeq    │ │
│ │                       object at [1m0x10ca991c0[0m>,                            │ │
│ │                       [2m│   [0mwrites=[1mdeque[0m[1m([0m[1m[[0m                                 │ │
│ │                       [2m│   │   [0m[1m([0m                                          │ │
│ │                       [2m│   │   │   [0m'__error__',                           │ │
│ │                       [2m│   │   │   [0m[1mNativeWriteRefusalError[0m[1m([0m'Native        │ │
│ │                       execution requires the precommit amendment owner'[1m)[0m │ │
│ │                       [2m│   │   [0m[1m)[0m                                          │ │
│ │                       [2m│   [0m[1m][0m[1m)[0m,                                            │ │
│ │                       [2m│   [0mconfig=[1m{[0m                                       │ │
│ │                       [2m│   │   [0m'metadata': [1m{[0m                              │ │
│ │                       [2m│   │   │   [0m'scope_lane_request':                  │ │
│ │                       '{"base":"{\\"inputs\\":[],\\"base_branch\\":\\"t… │ │
│ │                       [2m│   │   │   [0m'scope_lane_run_identity':             │ │
│ │                       '{"kind":"fire","name":"A","started_at":"2026-09-… │ │
│ │                       [2m│   │   │   [0m'prompt': 'Exact native subject A      │ │
│ │                       with spaces\n',                                    │ │
│ │                       [2m│   │   │   [0m'repo_path': '/tmp/fake-cache',        │ │
│ │                       [2m│   │   │   [0m'repo_url':                            │ │
│ │                       'file:///scope-repository.git',                    │ │
│ │                       [2m│   │   │   [0m'permission_mode':                     │ │
│ │                       <PermissionMode.UNATTENDED: 'unattended'>,         │ │
│ │                       [2m│   │   │   [0m'thread_id':                           │ │
│ │                       '39afac4252584b729ff249968d18c44f-scope-559aead08… │ │
│ │                       [2m│   │   │   [0m'langgraph_step': [1m1[0m,                   │ │
│ │                       [2m│   │   │   [0m'langgraph_node': 'execute',           │ │
│ │                       [2m│   │   │   [0m'langgraph_triggers': [1m([0m                │ │
│ │                       [2m│   │   │   │   [0m'branch:to:execute',               │ │
│ │                       [2m│   │   │   [0m[1m)[0m,                                     │ │
│ │                       [2m│   │   │   [0m... +[1m7[0m                                 │ │
│ │                       [2m│   │   [0m[1m}[0m,                                         │ │
│ │                       [2m│   │   [0m'callbacks':                               │ │
│ │                       <langchain_core.callbacks.manager.AsyncCallbackMa… │ │
│ │                       object at [1m0x10ca982c0[0m>,                            │ │
│ │                       [2m│   │   [0m'configurable': [1m{[0m                          │ │
│ │                       [2m│   │   │   [0m'prompt': '── SKILLS AVAILABLE FOR     │ │
│ │                       THIS ROLE ──\nLoad each skill below when its       │ │
│ │                       subject matt'+[1m101[0m,                                 │ │
│ │                       [2m│   │   │   [0m'repo_path': '/tmp/fake-cache',        │ │
│ │                       [2m│   │   │   [0m'repo_url':                            │ │
│ │                       'file:///scope-repository.git',                    │ │
│ │                       [2m│   │   │   [0m'cache_key':                           │ │
│ │                       '39afac4252584b729ff249968d18c44f-scope-559aead08… │ │
│ │                       [2m│   │   │   [0m'run_identity': [1m{[0m                      │ │
│ │                       [2m│   │   │   │   [0m'kind': <RunKind.FIRE: 'fire'>,    │ │
│ │                       [2m│   │   │   │   [0m'name': 'A',                       │ │
│ │                       [2m│   │   │   │   [0m'started_at':                      │ │
│ │                       [1mdatetime.datetime[0m[1m([0m[1m2026[0m, [1m9[0m, [1m12[0m, [1m16[0m, [1m1[0m, [1m18[0m, [1m993216[0m,  │ │
│ │                       tzinfo=datetime.timezone.utc[1m)[0m                      │ │
│ │                       [2m│   │   │   [0m[1m}[0m,                                     │ │
│ │                       [2m│   │   │   [0m'workspace_path': [3mNone[0m,                │ │
│ │                       [2m│   │   │   [0m'base_spec': [1m{[0m                         │ │
│ │                       [2m│   │   │   │   [0m'inputs': [1m([0m[1m)[0m,                      │ │
│ │                       [2m│   │   │   │   [0m'base_branch': 'trunk',            │ │
│ │                       [2m│   │   │   │   [0m'base_role': [3mNone[0m                  │ │
│ │                       [2m│   │   │   [0m[1m}[0m,                                     │ │
│ │                       [2m│   │   │   [0m'permission_mode':                     │ │
│ │                       <PermissionMode.UNATTENDED: 'unattended'>,         │ │
│ │                       [2m│   │   │   [0m'allowed_tools': [1m[[0m                     │ │
│ │                       [2m│   │   │   │   [0m'Read',                            │ │
│ │                       [2m│   │   │   │   [0m'Glob',                            │ │
│ │                       [2m│   │   │   │   [0m'Grep',                            │ │
│ │                       [2m│   │   │   │   [0m'Bash',                            │ │
│ │                       [2m│   │   │   │   [0m'Edit',                            │ │
│ │                       [2m│   │   │   │   [0m'Write'                            │ │
│ │                       [2m│   │   │   [0m[1m][0m,                                     │ │
│ │                       [2m│   │   │   [0m'feature_branch':                      │ │
│ │                       'kodezart/test-branch-0a345772',                   │ │
│ │                       [2m│   │   │   [0m... +[1m15[0m                                │ │
│ │                       [2m│   │   [0m[1m}[0m,                                         │ │
│ │                       [2m│   │   [0m'run_name': 'execute'                      │ │
│ │                       [2m│   [0m[1m}[0m,                                             │ │
│ │                       [2m│   [0mtriggers=[1m([0m'branch:to:execute',[1m)[0m,               │ │
│ │                       [2m│   [0mretry_policy=[1m([0m                                 │ │
│ │                       [2m│   │   [0m[1mRetryPolicy[0m[1m([0m                               │ │
│ │                       [2m│   │   │   [0minitial_interval=[1m0[0m[1m.1[0m,                  │ │
│ │                       [2m│   │   │   [0mbackoff_factor=[1m2[0m[1m.0[0m,                    │ │
│ │                       [2m│   │   │   [0mmax_interval=[1m128[0m[1m.0[0m,                    │ │
│ │                       [2m│   │   │   [0mmax_attempts=[1m1[0m,                        │ │
│ │                       [2m│   │   │   [0mjitter=[3mTrue[0m,                           │ │
│ │                       [2m│   │   │   [0mretry_on=<function should_retry at     │ │
│ │                       [1m0x10c680d60[0m>                                       │ │
│ │                       [2m│   │   [0m[1m)[0m,                                         │ │
│ │                       [2m│   [0m[1m)[0m,                                             │ │
│ │                       [2m│   [0mcache_key=[3mNone[0m,                                │ │
│ │                       [2m│   [0mid='2932a2cb-efb5-bfba-75f6-917731bb21fb',     │ │
│ │                       [2m│   [0mpath=[1m([0m'__pregel_pull', 'execute'[1m)[0m,             │ │
│ │                       [2m│   [0mwriters=[1m[[0m                                      │ │
│ │                       [2m│   │   [0m                                           │ │
│ │                       ChannelWrite<...,...,branch:to:evaluate>[1m([0mtags=[3mNon…[0m │ │
│ │                       recurse=[3mTrue[0m, explode_args=[3mFalse[0m,                  │ │
│ │                       func_accepts=[1m{[0m'config': [1m([0m'N/A', <class             │ │
│ │                       'inspect._empty'>[1m)[0m[1m}[0m,                               │ │
│ │                       writes=[1m([0m[1mChannelWriteTupleEntry[0m[1m([0mmapper=<function    │ │
│ │                       CompiledStateGraph.attach_node.<locals>._get_upda… │ │
│ │                       at [1m0x10cac53a0[0m>, value=<object object at           │ │
│ │                       [1m0x10ae6a7c0[0m>, static=[3mNone[0m[1m)[0m,                        │ │
│ │                       [1mChannelWriteTupleEntry[0m[1m([0mmapper=<function            │ │
│ │                       _control_branch at [1m0x10c6419e0[0m>, value=<object     │ │
│ │                       object at [1m0x10ae6a7c0[0m[1m>[0m, static=[1m[[0m[1m][0m[1m)[0m,                │ │
│ │                       [1mChannelWriteEntry[0m[1m([0mchannel='branch:to:evaluate',    │ │
│ │                       value=[3mNone[0m, skip_none=[3mFalse[0m, mapper=[3mNone[0m[1m)[0m[1m)[0m[1m)[0m        │ │
│ │                       [2m│   [0m[1m][0m,                                             │ │
│ │                       [2m│   [0msubgraphs=[1m[[0m[1m][0m                                   │ │
│ │                       [1m)[0m                                                  │ │
│ ╰──────────────────────────────────────────────────────────────────────────╯ │
│                                                                              │
│ [2m/private/tmp/kodezart-v03-recovery-semantic-amendment/.venv/lib/python3.12/s[0m │
│ [2mite-packages/langgraph/_internal/[0m[1m_runnable.py[0m:705 in ainvoke                 │
│                                                                              │
│   [2m702 [0m[2m│   │   │   │   │   │   │   [0mrun = None                                 │
│   [2m703 [0m[2m│   │   │   │   │   │   [0m[2m# run in context[0m                               │
│   [2m704 [0m[2m│   │   │   │   │   │   [0mwith set_config_context(config, run) as contex │
│ ❱ 705 [2m│   │   │   │   │   │   │   [0minput = await asyncio.create_task(         │
│   [2m706 [0m[2m│   │   │   │   │   │   │   │   [0mstep.ainvoke(input, config, **kwargs), │
│   [2m707 [0m[2m│   │   │   │   │   │   │   [0m)                                          │
│   [2m708 [0m[2m│   │   │   │   │   [0melse:                                              │
│                                                                              │
│ ╭───────────────────────────────── locals ─────────────────────────────────╮ │
│ │ [3mcallback_manager[0m = [1m<[0m[1mlangchain_core.callbacks.manager.AsyncCallbackManag…[0m │ │
│ │                    object at [1m0x10ca982c0[0m[1m>[0m                                │ │
│ │           [3mconfig[0m = [1m{[0m                                                     │ │
│ │                    [2m│   [0m'metadata': [1m{[0m                                     │ │
│ │                    [2m│   │   [0m'scope_lane_request':                         │ │
│ │                    '{"base":"{\\"inputs\\":[],\\"base_branch\\":\\"trun… │ │
│ │                    [2m│   │   [0m'scope_lane_run_identity':                    │ │
│ │                    '{"kind":"fire","name":"A","started_at":"2026-09-12T… │ │
│ │                    [2m│   │   [0m'prompt': 'Exact native subject A  with       │ │
│ │                    spaces\n',                                            │ │
│ │                    [2m│   │   [0m'repo_path': '/tmp/fake-cache',               │ │
│ │                    [2m│   │   [0m'repo_url': 'file:///scope-repository.git',   │ │
│ │                    [2m│   │   [0m'permission_mode':                            │ │
│ │                    [1m<[0m[1mPermissionMode.UNATTENDED:[0m 'unattended'>,            │ │
│ │                    [2m│   │   [0m'thread_id':                                  │ │
│ │                    '39afac4252584b729ff249968d18c44f-scope-559aead08264… │ │
│ │                    [2m│   │   [0m'langgraph_step': [1m1[0m,                          │ │
│ │                    [2m│   │   [0m'langgraph_node': 'execute',                  │ │
│ │                    [2m│   │   [0m'langgraph_triggers': [1m([0m                       │ │
│ │                    [2m│   │   │   [0m'branch:to:execute',                      │ │
│ │                    [2m│   │   [0m[1m)[0m,                                            │ │
│ │                    [2m│   │   [0m... +[1m7[0m                                        │ │
│ │                    [2m│   [0m[1m}[0m,                                                │ │
│ │                    [2m│   [0m'callbacks':                                      │ │
│ │                    <langchain_core.callbacks.manager.AsyncCallbackManag… │ │
│ │                    object at [1m0x10ca98260[0m>,                               │ │
│ │                    [2m│   [0m'configurable': [1m{[0m                                 │ │
│ │                    [2m│   │   [0m'prompt': '── SKILLS AVAILABLE FOR THIS ROLE  │ │
│ │                    ──\nLoad each skill below when its subject matt'+[1m101[0m, │ │
│ │                    [2m│   │   [0m'repo_path': '/tmp/fake-cache',               │ │
│ │                    [2m│   │   [0m'repo_url': 'file:///scope-repository.git',   │ │
│ │                    [2m│   │   [0m'cache_key':                                  │ │
│ │                    '39afac4252584b729ff249968d18c44f-scope-559aead08264… │ │
│ │                    [2m│   │   [0m'run_identity': [1m{[0m                             │ │
│ │                    [2m│   │   │   [0m'kind': <RunKind.FIRE: 'fire'>,           │ │
│ │                    [2m│   │   │   [0m'name': 'A',                              │ │
│ │                    [2m│   │   │   [0m'started_at': [1mdatetime.datetime[0m[1m([0m[1m2026[0m, [1m9[0m,  │ │
│ │                    [1m12[0m, [1m16[0m, [1m1[0m, [1m18[0m, [1m993216[0m, tzinfo=datetime.timezone.utc[1m)[0m  │ │
│ │                    [2m│   │   [0m[1m}[0m,                                            │ │
│ │                    [2m│   │   [0m'workspace_path': [3mNone[0m,                       │ │
│ │                    [2m│   │   [0m'base_spec': [1m{[0m                                │ │
│ │                    [2m│   │   │   [0m'inputs': [1m([0m[1m)[0m,                             │ │
│ │                    [2m│   │   │   [0m'base_branch': 'trunk',                   │ │
│ │                    [2m│   │   │   [0m'base_role': [3mNone[0m                         │ │
│ │                    [2m│   │   [0m[1m}[0m,                                            │ │
│ │                    [2m│   │   [0m'permission_mode':                            │ │
│ │                    <PermissionMode.UNATTENDED: 'unattended'[1m>[0m,            │ │
│ │                    [2m│   │   [0m'allowed_tools': [1m[[0m                            │ │
│ │                    [2m│   │   │   [0m'Read',                                   │ │
│ │                    [2m│   │   │   [0m'Glob',                                   │ │
│ │                    [2m│   │   │   [0m'Grep',                                   │ │
│ │                    [2m│   │   │   [0m'Bash',                                   │ │
│ │                    [2m│   │   │   [0m'Edit',                                   │ │
│ │                    [2m│   │   │   [0m'Write'                                   │ │
│ │                    [2m│   │   [0m[1m][0m,                                            │ │
│ │                    [2m│   │   [0m'feature_branch':                             │ │
│ │                    'kodezart/test-branch-0a345772',                      │ │
│ │                    [2m│   │   [0m... +[1m16[0m                                       │ │
│ │                    [2m│   [0m[1m}[0m                                                 │ │
│ │                    [1m}[0m                                                     │ │
│ │          [3mcontext[0m = [1m<[0m[1m_contextvars.Context[0m object at [1m0x10d1955c0[0m[1m>[0m          │ │
│ │                [3mi[0m = [1m0[0m                                                     │ │
│ │            [3minput[0m = [1m{[0m                                                     │ │
│ │                    [2m│   [0m'iteration': [1m0[0m,                                   │ │
│ │                    [2m│   [0m'verdict': [1m<[0m[1mAcceptVerdict.rejected:[0m 'rejected'[1m>[0m,  │ │
│ │                    [2m│   [0m'pending_failures': [1m[[0m[1m][0m,                           │ │
│ │                    [2m│   [0m'iteration_records': [1m[[0m[1m][0m                           │ │
│ │                    [1m}[0m                                                     │ │
│ │           [3mkwargs[0m = [1m{[0m[1m}[0m                                                    │ │
│ │              [3mrun[0m = [3mNone[0m                                                  │ │
│ │      [3mrun_manager[0m = [1m<[0m[1mlangchain_core.callbacks.manager.AsyncCallbackManag…[0m │ │
│ │                    object at [1m0x10ca98560[0m[1m>[0m                                │ │
│ │             [3mself[0m = [1m<[0m[1mlanggraph._internal._runnable.RunnableSeq[0m object at  │ │
│ │                    [1m0x10ca991c0[0m[1m>[0m                                          │ │
│ │             [3mstep[0m = [1mexecute[0m[1m([0mtags=[3mNone[0m, recurse=[3mTrue[0m, explode_args=[3mFalse[0m,  │ │
│ │                    func_accepts=[1m{[0m'config': [1m([0m'N/A', [1m<[0m[1mclass[0m                │ │
│ │                    'inspect._empty'[1m>[0m[1m)[0m[1m}[0m[1m)[0m                                  │ │
│ ╰──────────────────────────────────────────────────────────────────────────╯ │
│                                                                              │
│ [2m/private/tmp/kodezart-v03-recovery-semantic-amendment/.venv/lib/python3.12/s[0m │
│ [2mite-packages/langgraph/_internal/[0m[1m_runnable.py[0m:473 in ainvoke                 │
│                                                                              │
│   [2m470 [0m[2m│   │   │   [0melse:                                                      │
│   [2m471 [0m[2m│   │   │   │   [0mawait run_manager.on_chain_end(ret)                    │
│   [2m472 [0m[2m│   │   [0melse:                                                          │
│ ❱ 473 [2m│   │   │   [0mret = [1;4mawait[0m[1;4m [0m[1;4mself[0m[1;4m.afunc(*args, **kwargs)[0m                    │
│   [2m474 [0m[2m│   │   [0mif self.recurse and isinstance(ret, Runnable):                 │
│   [2m475 [0m[2m│   │   │   [0mreturn await ret.ainvoke(input, config)                    │
│   [2m476 [0m[2m│   │   [0mreturn ret                                                     │
│                                                                              │
│ ╭───────────────────────────────── locals ─────────────────────────────────╮ │
│ │        [3margs[0m = [1m([0m                                                          │ │
│ │               [2m│   [0m[1m{[0m                                                      │ │
│ │               [2m│   │   [0m'iteration': [1m0[0m,                                    │ │
│ │               [2m│   │   [0m'verdict': [1m<[0m[1mAcceptVerdict.rejected:[0m 'rejected'[1m>[0m,   │ │
│ │               [2m│   │   [0m'pending_failures': [1m[[0m[1m][0m,                            │ │
│ │               [2m│   │   [0m'iteration_records': [1m[[0m[1m][0m                            │ │
│ │               [2m│   [0m[1m}[0m,                                                     │ │
│ │               [1m)[0m                                                          │ │
│ │      [3mconfig[0m = [1m{[0m                                                          │ │
│ │               [2m│   [0m'metadata': [1m{[0m                                          │ │
│ │               [2m│   │   [0m'scope_lane_request':                              │ │
│ │               '{"base":"{\\"inputs\\":[],\\"base_branch\\":\\"trunk\\",… │ │
│ │               [2m│   │   [0m'scope_lane_run_identity':                         │ │
│ │               '{"kind":"fire","name":"A","started_at":"2026-09-12T16:01… │ │
│ │               [2m│   │   [0m'prompt': 'Exact native subject A  with spaces\n', │ │
│ │               [2m│   │   [0m'repo_path': '/tmp/fake-cache',                    │ │
│ │               [2m│   │   [0m'repo_url': 'file:///scope-repository.git',        │ │
│ │               [2m│   │   [0m'permission_mode': [1m<[0m[1mPermissionMode.UNATTENDED:[0m     │ │
│ │               'unattended'>,                                             │ │
│ │               [2m│   │   [0m'thread_id':                                       │ │
│ │               '39afac4252584b729ff249968d18c44f-scope-559aead08264d5795… │ │
│ │               [2m│   │   [0m'langgraph_step': [1m1[0m,                               │ │
│ │               [2m│   │   [0m'langgraph_node': 'execute',                       │ │
│ │               [2m│   │   [0m'langgraph_triggers': [1m([0m'branch:to:execute',[1m)[0m,      │ │
│ │               [2m│   │   [0m... +[1m7[0m                                             │ │
│ │               [2m│   [0m[1m}[0m,                                                     │ │
│ │               [2m│   [0m'callbacks':                                           │ │
│ │               <langchain_core.callbacks.manager.AsyncCallbackManager     │ │
│ │               object at [1m0x10ca98260[0m>,                                    │ │
│ │               [2m│   [0m'configurable': [1m{[0m                                      │ │
│ │               [2m│   │   [0m'prompt': '── SKILLS AVAILABLE FOR THIS ROLE       │ │
│ │               ──\nLoad each skill below when its subject matt'+[1m101[0m,      │ │
│ │               [2m│   │   [0m'repo_path': '/tmp/fake-cache',                    │ │
│ │               [2m│   │   [0m'repo_url': 'file:///scope-repository.git',        │ │
│ │               [2m│   │   [0m'cache_key':                                       │ │
│ │               '39afac4252584b729ff249968d18c44f-scope-559aead08264d5795… │ │
│ │               [2m│   │   [0m'run_identity': [1m{[0m                                  │ │
│ │               [2m│   │   │   [0m'kind': <RunKind.FIRE: 'fire'>,                │ │
│ │               [2m│   │   │   [0m'name': 'A',                                   │ │
│ │               [2m│   │   │   [0m'started_at': [1mdatetime.datetime[0m[1m([0m[1m2026[0m, [1m9[0m, [1m12[0m,   │ │
│ │               [1m16[0m, [1m1[0m, [1m18[0m, [1m993216[0m, tzinfo=datetime.timezone.utc[1m)[0m           │ │
│ │               [2m│   │   [0m[1m}[0m,                                                 │ │
│ │               [2m│   │   [0m'workspace_path': [3mNone[0m,                            │ │
│ │               [2m│   │   [0m'base_spec': [1m{[0m                                     │ │
│ │               [2m│   │   │   [0m'inputs': [1m([0m[1m)[0m,                                  │ │
│ │               [2m│   │   │   [0m'base_branch': 'trunk',                        │ │
│ │               [2m│   │   │   [0m'base_role': [3mNone[0m                              │ │
│ │               [2m│   │   [0m[1m}[0m,                                                 │ │
│ │               [2m│   │   [0m'permission_mode': <PermissionMode.UNATTENDED:     │ │
│ │               'unattended'[1m>[0m,                                             │ │
│ │               [2m│   │   [0m'allowed_tools': [1m[[0m                                 │ │
│ │               [2m│   │   │   [0m'Read',                                        │ │
│ │               [2m│   │   │   [0m'Glob',                                        │ │
│ │               [2m│   │   │   [0m'Grep',                                        │ │
│ │               [2m│   │   │   [0m'Bash',                                        │ │
│ │               [2m│   │   │   [0m'Edit',                                        │ │
│ │               [2m│   │   │   [0m'Write'                                        │ │
│ │               [2m│   │   [0m[1m][0m,                                                 │ │
│ │               [2m│   │   [0m'feature_branch': 'kodezart/test-branch-0a345772', │ │
│ │               [2m│   │   [0m... +[1m16[0m                                            │ │
│ │               [2m│   [0m[1m}[0m                                                      │ │
│ │               [1m}[0m                                                          │ │
│ │       [3minput[0m = [1m{[0m                                                          │ │
│ │               [2m│   [0m'iteration': [1m0[0m,                                        │ │
│ │               [2m│   [0m'verdict': [1m<[0m[1mAcceptVerdict.rejected:[0m 'rejected'[1m>[0m,       │ │
│ │               [2m│   [0m'pending_failures': [1m[[0m[1m][0m,                                │ │
│ │               [2m│   [0m'iteration_records': [1m[[0m[1m][0m                                │ │
│ │               [1m}[0m                                                          │ │
│ │          [3mkw[0m = 'config'                                                   │ │
│ │    [3mkw_value[0m = [1m{[0m                                                          │ │
│ │               [2m│   [0m'metadata': [1m{[0m                                          │ │
│ │               [2m│   │   [0m'scope_lane_request':                              │ │
│ │               '{"base":"{\\"inputs\\":[],\\"base_branch\\":\\"trunk\\",… │ │
│ │               [2m│   │   [0m'scope_lane_run_identity':                         │ │
│ │               '{"kind":"fire","name":"A","started_at":"2026-09-12T16:01… │ │
│ │               [2m│   │   [0m'prompt': 'Exact native subject A  with spaces\n', │ │
│ │               [2m│   │   [0m'repo_path': '/tmp/fake-cache',                    │ │
│ │               [2m│   │   [0m'repo_url': 'file:///scope-repository.git',        │ │
│ │               [2m│   │   [0m'permission_mode': [1m<[0m[1mPermissionMode.UNATTENDED:[0m     │ │
│ │               'unattended'>,                                             │ │
│ │               [2m│   │   [0m'thread_id':                                       │ │
│ │               '39afac4252584b729ff249968d18c44f-scope-559aead08264d5795… │ │
│ │               [2m│   │   [0m'langgraph_step': [1m1[0m,                               │ │
│ │               [2m│   │   [0m'langgraph_node': 'execute',                       │ │
│ │               [2m│   │   [0m'langgraph_triggers': [1m([0m'branch:to:execute',[1m)[0m,      │ │
│ │               [2m│   │   [0m... +[1m7[0m                                             │ │
│ │               [2m│   [0m[1m}[0m,                                                     │ │
│ │               [2m│   [0m'callbacks':                                           │ │
│ │               <langchain_core.callbacks.manager.AsyncCallbackManager     │ │
│ │               object at [1m0x10ca98260[0m>,                                    │ │
│ │               [2m│   [0m'configurable': [1m{[0m                                      │ │
│ │               [2m│   │   [0m'prompt': '── SKILLS AVAILABLE FOR THIS ROLE       │ │
│ │               ──\nLoad each skill below when its subject matt'+[1m101[0m,      │ │
│ │               [2m│   │   [0m'repo_path': '/tmp/fake-cache',                    │ │
│ │               [2m│   │   [0m'repo_url': 'file:///scope-repository.git',        │ │
│ │               [2m│   │   [0m'cache_key':                                       │ │
│ │               '39afac4252584b729ff249968d18c44f-scope-559aead08264d5795… │ │
│ │               [2m│   │   [0m'run_identity': [1m{[0m                                  │ │
│ │               [2m│   │   │   [0m'kind': <RunKind.FIRE: 'fire'>,                │ │
│ │               [2m│   │   │   [0m'name': 'A',                                   │ │
│ │               [2m│   │   │   [0m'started_at': [1mdatetime.datetime[0m[1m([0m[1m2026[0m, [1m9[0m, [1m12[0m,   │ │
│ │               [1m16[0m, [1m1[0m, [1m18[0m, [1m993216[0m, tzinfo=datetime.timezone.utc[1m)[0m           │ │
│ │               [2m│   │   [0m[1m}[0m,                                                 │ │
│ │               [2m│   │   [0m'workspace_path': [3mNone[0m,                            │ │
│ │               [2m│   │   [0m'base_spec': [1m{[0m                                     │ │
│ │               [2m│   │   │   [0m'inputs': [1m([0m[1m)[0m,                                  │ │
│ │               [2m│   │   │   [0m'base_branch': 'trunk',                        │ │
│ │               [2m│   │   │   [0m'base_role': [3mNone[0m                              │ │
│ │               [2m│   │   [0m[1m}[0m,                                                 │ │
│ │               [2m│   │   [0m'permission_mode': <PermissionMode.UNATTENDED:     │ │
│ │               'unattended'[1m>[0m,                                             │ │
│ │               [2m│   │   [0m'allowed_tools': [1m[[0m                                 │ │
│ │               [2m│   │   │   [0m'Read',                                        │ │
│ │               [2m│   │   │   [0m'Glob',                                        │ │
│ │               [2m│   │   │   [0m'Grep',                                        │ │
│ │               [2m│   │   │   [0m'Bash',                                        │ │
│ │               [2m│   │   │   [0m'Edit',                                        │ │
│ │               [2m│   │   │   [0m'Write'                                        │ │
│ │               [2m│   │   [0m[1m][0m,                                                 │ │
│ │               [2m│   │   [0m'feature_branch': 'kodezart/test-branch-0a345772', │ │
│ │               [2m│   │   [0m... +[1m16[0m                                            │ │
│ │               [2m│   [0m[1m}[0m                                                      │ │
│ │               [1m}[0m                                                          │ │
│ │      [3mkwargs[0m = [1m{[0m                                                          │ │
│ │               [2m│   [0m'config': [1m{[0m                                            │ │
│ │               [2m│   │   [0m'metadata': [1m{[0m                                      │ │
│ │               [2m│   │   │   [0m'scope_lane_request':                          │ │
│ │               '{"base":"{\\"inputs\\":[],\\"base_branch\\":\\"trunk\\",… │ │
│ │               [2m│   │   │   [0m'scope_lane_run_identity':                     │ │
│ │               '{"kind":"fire","name":"A","started_at":"2026-09-12T16:01… │ │
│ │               [2m│   │   │   [0m'prompt': 'Exact native subject A  with        │ │
│ │               spaces\n',                                                 │ │
│ │               [2m│   │   │   [0m'repo_path': '/tmp/fake-cache',                │ │
│ │               [2m│   │   │   [0m'repo_url': 'file:///scope-repository.git',    │ │
│ │               [2m│   │   │   [0m'permission_mode': [1m<[0m[1mPermissionMode.UNATTENDED:[0m │ │
│ │               'unattended'>,                                             │ │
│ │               [2m│   │   │   [0m'thread_id':                                   │ │
│ │               '39afac4252584b729ff249968d18c44f-scope-559aead08264d5795… │ │
│ │               [2m│   │   │   [0m'langgraph_step': [1m1[0m,                           │ │
│ │               [2m│   │   │   [0m'langgraph_node': 'execute',                   │ │
│ │               [2m│   │   │   [0m'langgraph_triggers': [1m([0m'branch:to:execute',[1m)[0m,  │ │
│ │               [2m│   │   │   [0m... +[1m7[0m                                         │ │
│ │               [2m│   │   [0m[1m}[0m,                                                 │ │
│ │               [2m│   │   [0m'callbacks':                                       │ │
│ │               <langchain_core.callbacks.manager.AsyncCallbackManager     │ │
│ │               object at [1m0x10ca98260[0m>,                                    │ │
│ │               [2m│   │   [0m'configurable': [1m{[0m                                  │ │
│ │               [2m│   │   │   [0m'prompt': '── SKILLS AVAILABLE FOR THIS ROLE   │ │
│ │               ──\nLoad each skill below when its subject matt'+[1m101[0m,      │ │
│ │               [2m│   │   │   [0m'repo_path': '/tmp/fake-cache',                │ │
│ │               [2m│   │   │   [0m'repo_url': 'file:///scope-repository.git',    │ │
│ │               [2m│   │   │   [0m'cache_key':                                   │ │
│ │               '39afac4252584b729ff249968d18c44f-scope-559aead08264d5795… │ │
│ │               [2m│   │   │   [0m'run_identity': [1m{[0m                              │ │
│ │               [2m│   │   │   │   [0m'kind': <RunKind.FIRE: 'fire'>,            │ │
│ │               [2m│   │   │   │   [0m'name': 'A',                               │ │
│ │               [2m│   │   │   │   [0m'started_at': [1mdatetime.datetime[0m[1m([0m[1m2026[0m, [1m9[0m,   │ │
│ │               [1m12[0m, [1m16[0m, [1m1[0m, [1m18[0m, [1m993216[0m, tzinfo=datetime.timezone.utc[1m)[0m       │ │
│ │               [2m│   │   │   [0m[1m}[0m,                                             │ │
│ │               [2m│   │   │   [0m'workspace_path': [3mNone[0m,                        │ │
│ │               [2m│   │   │   [0m'base_spec': [1m{[0m                                 │ │
│ │               [2m│   │   │   │   [0m'inputs': [1m([0m[1m)[0m,                              │ │
│ │               [2m│   │   │   │   [0m'base_branch': 'trunk',                    │ │
│ │               [2m│   │   │   │   [0m'base_role': [3mNone[0m                          │ │
│ │               [2m│   │   │   [0m[1m}[0m,                                             │ │
│ │               [2m│   │   │   [0m'permission_mode': <PermissionMode.UNATTENDED: │ │
│ │               'unattended'[1m>[0m,                                             │ │
│ │               [2m│   │   │   [0m'allowed_tools': [1m[[0m                             │ │
│ │               [2m│   │   │   │   [0m'Read',                                    │ │
│ │               [2m│   │   │   │   [0m'Glob',                                    │ │
│ │               [2m│   │   │   │   [0m'Grep',                                    │ │
│ │               [2m│   │   │   │   [0m'Bash',                                    │ │
│ │               [2m│   │   │   │   [0m'Edit',                                    │ │
│ │               [2m│   │   │   │   [0m'Write'                                    │ │
│ │               [2m│   │   │   [0m[1m][0m,                                             │ │
│ │               [2m│   │   │   [0m'feature_branch':                              │ │
│ │               'kodezart/test-branch-0a345772',                           │ │
│ │               [2m│   │   │   [0m... +[1m16[0m                                        │ │
│ │               [2m│   │   [0m[1m}[0m                                                  │ │
│ │               [2m│   [0m[1m}[0m                                                      │ │
│ │               [1m}[0m                                                          │ │
│ │     [3mruntime[0m = [1mRuntime[0m[1m([0m                                                   │ │
│ │               [2m│   [0mcontext=[3mNone[0m,                                          │ │
│ │               [2m│   [0mstore=[3mNone[0m,                                            │ │
│ │               [2m│   [0mstream_writer=[1m<[0m[1mfunction[0m                                │ │
│ │               Pregel.astream.<locals>.stream_writer at [1m0x10d1baf20[0m[1m>[0m,     │ │
│ │               [2m│   [0mprevious=[3mNone[0m                                          │ │
│ │               [1m)[0m                                                          │ │
│ │ [3mruntime_key[0m = 'N/A'                                                      │ │
│ │        [3mself[0m = [1mexecute[0m[1m([0mtags=[3mNone[0m, recurse=[3mTrue[0m, explode_args=[3mFalse[0m,       │ │
│ │               func_accepts=[1m{[0m'config': [1m([0m'N/A', [1m<[0m[1mclass[0m                     │ │
│ │               'inspect._empty'[1m>[0m[1m)[0m[1m}[0m[1m)[0m                                       │ │
│ ╰──────────────────────────────────────────────────────────────────────────╯ │
│                                                                              │
│ [2m/private/tmp/kodezart-v03-recovery-semantic-amendment/src/kodezart/core/[0m[1mretr[0m │
│ [1my.py[0m:109 in guarded                                                          │
│                                                                              │
│   [2m106 [0m[2m│   │   [0m[1m@functools[0m.wraps(node)                                         │
│   [2m107 [0m[2m│   │   [0masync def guarded(state: _StateT, config: RunnableConfig) -> _ │
│   [2m108 [0m[2m│   │   │   [0mtry:                                                       │
│ ❱ 109 [2m│   │   │   │   [0mreturn await node(state, config)                       │
│   [2m110 [0m[2m│   │   │   [0mexcept Exception as exc:                                   │
│   [2m111 [0m[2m│   │   │   │   [0mif not getattr(exc, _FLOOR_PAID, False):               │
│   [2m112 [0m[2m│   │   │   │   │   [0mfloor = resolve(exc)                               │
│                                                                              │
│ ╭───────────────────────────────── locals ─────────────────────────────────╮ │
│ │ [3mconfig[0m = [1m{[0m                                                               │ │
│ │          [2m│   [0m'metadata': [1m{[0m                                               │ │
│ │          [2m│   │   [0m'scope_lane_request':                                   │ │
│ │          '{"base":"{\\"inputs\\":[],\\"base_branch\\":\\"trunk\\",\\"ba… │ │
│ │          [2m│   │   [0m'scope_lane_run_identity':                              │ │
│ │          '{"kind":"fire","name":"A","started_at":"2026-09-12T16:01:18.9… │ │
│ │          [2m│   │   [0m'prompt': 'Exact native subject A  with spaces\n',      │ │
│ │          [2m│   │   [0m'repo_path': '/tmp/fake-cache',                         │ │
│ │          [2m│   │   [0m'repo_url': 'file:///scope-repository.git',             │ │
│ │          [2m│   │   [0m'permission_mode': [1m<[0m[1mPermissionMode.UNATTENDED:[0m          │ │
│ │          'unattended'>,                                                  │ │
│ │          [2m│   │   [0m'thread_id':                                            │ │
│ │          '39afac4252584b729ff249968d18c44f-scope-559aead08264d5795d3909… │ │
│ │          [2m│   │   [0m'langgraph_step': [1m1[0m,                                    │ │
│ │          [2m│   │   [0m'langgraph_node': 'execute',                            │ │
│ │          [2m│   │   [0m'langgraph_triggers': [1m([0m'branch:to:execute',[1m)[0m,           │ │
│ │          [2m│   │   [0m... +[1m7[0m                                                  │ │
│ │          [2m│   [0m[1m}[0m,                                                          │ │
│ │          [2m│   [0m'callbacks':                                                │ │
│ │          <langchain_core.callbacks.manager.AsyncCallbackManager object   │ │
│ │          at [1m0x10ca98260[0m>,                                                │ │
│ │          [2m│   [0m'configurable': [1m{[0m                                           │ │
│ │          [2m│   │   [0m'prompt': '── SKILLS AVAILABLE FOR THIS ROLE ──\nLoad   │ │
│ │          each skill below when its subject matt'+[1m101[0m,                    │ │
│ │          [2m│   │   [0m'repo_path': '/tmp/fake-cache',                         │ │
│ │          [2m│   │   [0m'repo_url': 'file:///scope-repository.git',             │ │
│ │          [2m│   │   [0m'cache_key':                                            │ │
│ │          '39afac4252584b729ff249968d18c44f-scope-559aead08264d5795d3909… │ │
│ │          [2m│   │   [0m'run_identity': [1m{[0m                                       │ │
│ │          [2m│   │   │   [0m'kind': <RunKind.FIRE: 'fire'>,                     │ │
│ │          [2m│   │   │   [0m'name': 'A',                                        │ │
│ │          [2m│   │   │   [0m'started_at': [1mdatetime.datetime[0m[1m([0m[1m2026[0m, [1m9[0m, [1m12[0m, [1m16[0m, [1m1[0m, │ │
│ │          [1m18[0m, [1m993216[0m, tzinfo=datetime.timezone.utc[1m)[0m                       │ │
│ │          [2m│   │   [0m[1m}[0m,                                                      │ │
│ │          [2m│   │   [0m'workspace_path': [3mNone[0m,                                 │ │
│ │          [2m│   │   [0m'base_spec': [1m{[0m                                          │ │
│ │          [2m│   │   │   [0m'inputs': [1m([0m[1m)[0m,                                       │ │
│ │          [2m│   │   │   [0m'base_branch': 'trunk',                             │ │
│ │          [2m│   │   │   [0m'base_role': [3mNone[0m                                   │ │
│ │          [2m│   │   [0m[1m}[0m,                                                      │ │
│ │          [2m│   │   [0m'permission_mode': <PermissionMode.UNATTENDED:          │ │
│ │          'unattended'[1m>[0m,                                                  │ │
│ │          [2m│   │   [0m'allowed_tools': [1m[[0m                                      │ │
│ │          [2m│   │   │   [0m'Read',                                             │ │
│ │          [2m│   │   │   [0m'Glob',                                             │ │
│ │          [2m│   │   │   [0m'Grep',                                             │ │
│ │          [2m│   │   │   [0m'Bash',                                             │ │
│ │          [2m│   │   │   [0m'Edit',                                             │ │
│ │          [2m│   │   │   [0m'Write'                                             │ │
│ │          [2m│   │   [0m[1m][0m,                                                      │ │
│ │          [2m│   │   [0m'feature_branch': 'kodezart/test-branch-0a345772',      │ │
│ │          [2m│   │   [0m... +[1m16[0m                                                 │ │
│ │          [2m│   [0m[1m}[0m                                                           │ │
│ │          [1m}[0m                                                               │ │
│ │  [3mfloor[0m = [3mNone[0m                                                            │ │
│ │   [3mnode[0m = [1m<[0m[1mbound[0m method RalphLoop._execute_node of                        │ │
│ │          <kodezart.chains.ralph_loop.RalphLoop object at [1m0x10cae9d90[0m>[1m>[0m   │ │
│ │  [3mstate[0m = [1m{[0m                                                               │ │
│ │          [2m│   [0m'iteration': [1m0[0m,                                             │ │
│ │          [2m│   [0m'verdict': [1m<[0m[1mAcceptVerdict.rejected:[0m 'rejected'[1m>[0m,            │ │
│ │          [2m│   [0m'pending_failures': [1m[[0m[1m][0m,                                     │ │
│ │          [2m│   [0m'iteration_records': [1m[[0m[1m][0m                                     │ │
│ │          [1m}[0m                                                               │ │
│ ╰──────────────────────────────────────────────────────────────────────────╯ │
│                                                                              │
│ [2m/private/tmp/kodezart-v03-recovery-semantic-amendment/src/kodezart/chains/[0m[1mra[0m │
│ [1mlph_loop.py[0m:254 in _execute_node                                             │
│                                                                              │
│   [2m251 [0m[2m│   │   [0mblocked = False                                                │
│   [2m252 [0m[2m│   │   [0mif ctx.tracker_spec is not None and native_criteria is not Non │
│   [2m253 [0m[2m│   │   │   [0mif self._amendments is None:                               │
│ ❱ 254 [2m│   │   │   │   [0m[1;4mraise[0m[1;4m NativeWriteRefusalError([0m                         │
│   [2m255 [0m[2m│   │   │   │   │   [0m[1;4m"[0m[1;4mNative execution requires the precommit amendment[0m │
│   [2m256 [0m[2m│   │   │   │   [0m[1;4m)[0m                                                      │
│   [2m257 [0m[2m│   │   │   [0mnative_guard = self._amendments.for_writer(                │
│                                                                              │
│ ╭───────────────────────────────── locals ─────────────────────────────────╮ │
│ │         [3mblocked[0m = [3mFalse[0m                                                  │ │
│ │          [3mconfig[0m = [1m{[0m                                                      │ │
│ │                   [2m│   [0m'metadata': [1m{[0m                                      │ │
│ │                   [2m│   │   [0m'scope_lane_request':                          │ │
│ │                   '{"base":"{\\"inputs\\":[],\\"base_branch\\":\\"trunk… │ │
│ │                   [2m│   │   [0m'scope_lane_run_identity':                     │ │
│ │                   '{"kind":"fire","name":"A","started_at":"2026-09-12T1… │ │
│ │                   [2m│   │   [0m'prompt': 'Exact native subject A  with        │ │
│ │                   spaces\n',                                             │ │
│ │                   [2m│   │   [0m'repo_path': '/tmp/fake-cache',                │ │
│ │                   [2m│   │   [0m'repo_url': 'file:///scope-repository.git',    │ │
│ │                   [2m│   │   [0m'permission_mode': [1m<[0m[1mPermissionMode.UNATTENDED:[0m │ │
│ │                   'unattended'>,                                         │ │
│ │                   [2m│   │   [0m'thread_id':                                   │ │
│ │                   '39afac4252584b729ff249968d18c44f-scope-559aead08264d… │ │
│ │                   [2m│   │   [0m'langgraph_step': [1m1[0m,                           │ │
│ │                   [2m│   │   [0m'langgraph_node': 'execute',                   │ │
│ │                   [2m│   │   [0m'langgraph_triggers': [1m([0m'branch:to:execute',[1m)[0m,  │ │
│ │                   [2m│   │   [0m... +[1m7[0m                                         │ │
│ │                   [2m│   [0m[1m}[0m,                                                 │ │
│ │                   [2m│   [0m'callbacks':                                       │ │
│ │                   <langchain_core.callbacks.manager.AsyncCallbackManager │ │
│ │                   object at [1m0x10ca98260[0m>,                                │ │
│ │                   [2m│   [0m'configurable': [1m{[0m                                  │ │
│ │                   [2m│   │   [0m'prompt': '── SKILLS AVAILABLE FOR THIS ROLE   │ │
│ │                   ──\nLoad each skill below when its subject matt'+[1m101[0m,  │ │
│ │                   [2m│   │   [0m'repo_path': '/tmp/fake-cache',                │ │
│ │                   [2m│   │   [0m'repo_url': 'file:///scope-repository.git',    │ │
│ │                   [2m│   │   [0m'cache_key':                                   │ │
│ │                   '39afac4252584b729ff249968d18c44f-scope-559aead08264d… │ │
│ │                   [2m│   │   [0m'run_identity': [1m{[0m                              │ │
│ │                   [2m│   │   │   [0m'kind': <RunKind.FIRE: 'fire'>,            │ │
│ │                   [2m│   │   │   [0m'name': 'A',                               │ │
│ │                   [2m│   │   │   [0m'started_at': [1mdatetime.datetime[0m[1m([0m[1m2026[0m, [1m9[0m,   │ │
│ │                   [1m12[0m, [1m16[0m, [1m1[0m, [1m18[0m, [1m993216[0m, tzinfo=datetime.timezone.utc[1m)[0m   │ │
│ │                   [2m│   │   [0m[1m}[0m,                                             │ │
│ │                   [2m│   │   [0m'workspace_path': [3mNone[0m,                        │ │
│ │                   [2m│   │   [0m'base_spec': [1m{[0m                                 │ │
│ │                   [2m│   │   │   [0m'inputs': [1m([0m[1m)[0m,                              │ │
│ │                   [2m│   │   │   [0m'base_branch': 'trunk',                    │ │
│ │                   [2m│   │   │   [0m'base_role': [3mNone[0m                          │ │
│ │                   [2m│   │   [0m[1m}[0m,                                             │ │
│ │                   [2m│   │   [0m'permission_mode': <PermissionMode.UNATTENDED: │ │
│ │                   'unattended'[1m>[0m,                                         │ │
│ │                   [2m│   │   [0m'allowed_tools': [1m[[0m                             │ │
│ │                   [2m│   │   │   [0m'Read',                                    │ │
│ │                   [2m│   │   │   [0m'Glob',                                    │ │
│ │                   [2m│   │   │   [0m'Grep',                                    │ │
│ │                   [2m│   │   │   [0m'Bash',                                    │ │
│ │                   [2m│   │   │   [0m'Edit',                                    │ │
│ │                   [2m│   │   │   [0m'Write'                                    │ │
│ │                   [2m│   │   [0m[1m][0m,                                             │ │
│ │                   [2m│   │   [0m'feature_branch':                              │ │
│ │                   'kodezart/test-branch-0a345772',                       │ │
│ │                   [2m│   │   [0m... +[1m16[0m                                        │ │
│ │                   [2m│   [0m[1m}[0m                                                  │ │
│ │                   [1m}[0m                                                      │ │
│ │             [3mctx[0m = [1mRalphLoopContext[0m[1m([0m                                      │ │
│ │                   [2m│   [0mprompt='── SKILLS AVAILABLE FOR THIS ROLE ──\nLoad │ │
│ │                   each skill below when its subject matt'+[1m101[0m,           │ │
│ │                   [2m│   [0mrepo_path='/tmp/fake-cache',                       │ │
│ │                   [2m│   [0mrepo_url='file:///scope-repository.git',           │ │
│ │                   [2m│   [0m                                                   │ │
│ │                   cache_key='39afac4252584b729ff249968d18c44f-scope-559… │ │
│ │                   [2m│   [0mrun_identity=[1mRunIdentity[0m[1m([0m                          │ │
│ │                   [2m│   │   [0mkind=[1m<[0m[1mRunKind.FIRE:[0m 'fire'>,                   │ │
│ │                   [2m│   │   [0mname='A',                                      │ │
│ │                   [2m│   │   [0mstarted_at=[1mdatetime[0m[1m.datetime[0m[1m([0m[1m2026[0m, [1m9[0m, [1m12[0m, [1m16[0m,  │ │
│ │                   [1m1[0m, [1m18[0m, [1m993216[0m, tzinfo=datetime.timezone.utc[1m)[0m           │ │
│ │                   [2m│   [0m[1m)[0m,                                                 │ │
│ │                   [2m│   [0mworkspace_path=[3mNone[0m,                               │ │
│ │                   [2m│   [0mbase_spec=[1mBaseSpec[0m[1m([0m                                │ │
│ │                   [2m│   │   [0minputs=[1m([0m[1m)[0m,                                     │ │
│ │                   [2m│   │   [0mbase_branch='trunk',                           │ │
│ │                   [2m│   │   [0mbase_role=[3mNone[0m                                 │ │
│ │                   [2m│   [0m[1m)[0m,                                                 │ │
│ │                   [2m│   [0mpermission_mode=<PermissionMode.UNATTENDED:        │ │
│ │                   'unattended'>,                                         │ │
│ │                   [2m│   [0mallowed_tools=[1m[[0m                                    │ │
│ │                   [2m│   │   [0m'Read',                                        │ │
│ │                   [2m│   │   [0m'Glob',                                        │ │
│ │                   [2m│   │   [0m'Grep',                                        │ │
│ │                   [2m│   │   [0m'Bash',                                        │ │
│ │                   [2m│   │   [0m'Edit',                                        │ │
│ │                   [2m│   │   [0m'Write'                                        │ │
│ │                   [2m│   [0m[1m][0m,                                                 │ │
│ │                   [2m│   [0mfeature_branch='kodezart/test-branch-0a345772',    │ │
│ │                   [2m│   [0m                                                   │ │
│ │                   ralph_branch='kodezart/test-branch-0a345772-ralph-518… │ │
│ │                   [2m│   [0mwork_base_ref='trunk',                             │ │
│ │                   [2m│   [0macceptance_criteria=[1m[[0m                              │ │
│ │                   [2m│   │   [0m[1mTrackerCriterion[0m[1m([0m                              │ │
│ │                   [2m│   │   │   [0mid='A/check',                              │ │
│ │                   [2m│   │   │   [0mtext='A live Check  bytes'                 │ │
│ │                   [2m│   │   [0m[1m)[0m                                              │ │
│ │                   [2m│   [0m[1m][0m,                                                 │ │
│ │                   [2m│   [0mtracker_spec=[1mTrackerSpec[0m[1m([0m                          │ │
│ │                   [2m│   │   [0msubject='A',                                   │ │
│ │                   [2m│   │   [0mbody='Exact native subject A  with spaces\n',  │ │
│ │                   [2m│   │   [0mcriteria=[1m([0m'A/check',[1m)[0m,                         │ │
│ │                   [2m│   │   [0mread_at_version='2026-01-01T00:00:00+00:00'    │ │
│ │                   [2m│   [0m[1m)[0m,                                                 │ │
│ │                   [2m│   [0mrepo_visibility=<RepoVisibility.UNKNOWN:           │ │
│ │                   'unknown'[1m>[0m                                             │ │
│ │                   [1m)[0m                                                      │ │
│ │        [3mis_first[0m = [3mTrue[0m                                                   │ │
│ │       [3miteration[0m = [1m1[0m                                                      │ │
│ │ [3mnative_criteria[0m = [1mTrackerCriterionSet[0m[1m([0m                                   │ │
│ │                   [2m│   [0mcriteria=[1m[[0m                                         │ │
│ │                   [2m│   │   [0m[1mTrackerCriterion[0m[1m([0m                              │ │
│ │                   [2m│   │   │   [0mid='A/check',                              │ │
│ │                   [2m│   │   │   [0mtext='A live Check  bytes'                 │ │
│ │                   [2m│   │   [0m[1m)[0m                                              │ │
│ │                   [2m│   [0m[1m][0m                                                  │ │
│ │                   [1m)[0m                                                      │ │
│ │    [3mnative_guard[0m = [3mNone[0m                                                   │ │
│ │          [3mprompt[0m = '── SKILLS AVAILABLE FOR THIS ROLE ──\nLoad each skill │ │
│ │                   below when its subject matt'+[1m160[0m                       │ │
│ │         [3mreports[0m = [1m[[0m[1m][0m                                                     │ │
│ │            [3mself[0m = [1m<[0m[1mkodezart.chains.ralph_loop.RalphLoop[0m object at        │ │
│ │                   [1m0x10cae9d90[0m[1m>[0m                                           │ │
│ │           [3mstate[0m = [1m{[0m                                                      │ │
│ │                   [2m│   [0m'iteration': [1m0[0m,                                    │ │
│ │                   [2m│   [0m'verdict': [1m<[0m[1mAcceptVerdict.rejected:[0m 'rejected'[1m>[0m,   │ │
│ │                   [2m│   [0m'pending_failures': [1m[[0m[1m][0m,                            │ │
│ │                   [2m│   [0m'iteration_records': [1m[[0m[1m][0m                            │ │
│ │                   [1m}[0m                                                      │ │
│ ╰──────────────────────────────────────────────────────────────────────────╯ │
╰──────────────────────────────────────────────────────────────────────────────╯
[1mNativeWriteRefusalError: [0mNative execution requires the precommit amendment owner
[1m[NOTE] [0mDuring task with name 'execute' and id 
'2932a2cb-efb5-bfba-75f6-917731bb21fb'
[1m[NOTE] [0mDuring task with name 'run_ralph_loop' and id 
'8795cb0d-112b-f391-66c7-107b3934a355'
[1m[NOTE] [0mDuring task with name 'native_fire' and id 
'f4b8cf22-1d6d-c023-abb5-48d9fa35349d'

2026-09-12 18:01:29 [info     ] job_finished                   job_id=39afac4252584b729ff249968d18c44f lane=scope-requests outcome=engine_error
2026-09-12 18:01:29 [info     ] job_queue_stopped              abandoned=0 lanes=2 outcome=shutdown_abandoned
=========================== short test summary info ============================
FAILED tests/integration/test_scope_runtime.py::test_request_queue_constructor_reaches_real_native_graph_without_child_jobs
1 failed in 12.84s
